name,parse,generate,compile,error
modelset/raw-data/repo-ecore-all/data/tue-mdse/ocl-dataset/dataset/repos/sunwuliang/SlicingProject1.0/slices/SlicedUML2InsFSMderivedUnionIsReadOnly.ecore,true,true,true,
modelset/raw-data/repo-ecore-all/data/tue-mdse/ocl-dataset/dataset/repos/sunwuliang/SlicingProject1.0/slices/SlicedUML2InsFSMinheritedMemberIsValid.ecore,true,false,false,"generate: timeout after 120s: /arachne/target/release/arachne generate modelset/raw-data/repo-ecore-all/data/tue-mdse/ocl-dataset/dataset/repos/sunwuliang/SlicingProject1.0/slices/SlicedUML2InsFSMinheritedMemberIsValid.ecore -o /var/folders/24/3kt9vzrj6qzd_r760kn9ybsm0000gn/T/arachne-modelset-wktvka86/generated-00002 -p modelset-00002-2aff51d0 [INFO  arachne] Starting code generation [INFO  arachne_codegen] Validating configuration [INFO  arachne_codegen] Parsing ecore metamodel: ""modelset/raw-data/repo-ecore-all/data/tue-mdse/ocl-dataset/dataset/repos/sunwuliang/SlicingProject1.0/slices/SlicedUML2InsFSMinheritedMemberIsValid.ecore"" [WARN  ecore_rs::parser::raw] XML-level class literal redefinition for `literal` from `1` to `package` [WARN  ecore_rs::parser::raw] XML-level class literal redefinition for `literal` from `2` to `private` [WARN  ecore_rs::parser::raw] XML-level class literal redefinition for `literal` from `3` to `protected` [WARN  ecore_rs::parser::raw] XML-level class literal redefinition for `literal` from `4` to `public` [INFO  arachne_codegen] Generating Rust tokens [INFO  arachne_codegen] Generating classifiers... [INFO  arachne_codegen] Generating reference manager..."
modelset/raw-data/repo-ecore-all/data/tue-mdse/ocl-dataset/dataset/repos/sunwuliang/SlicingProject1.0/slices/SlicedUML2InsFSMnAryAssociationsOwnTheirEnds.ecore,true,true,true,
modelset/raw-data/repo-ecore-all/data/tue-mdse/ocl-dataset/dataset/repos/sunwuliang/SlicingProject1.0/slices/SlicedUML2InsFSMonlyBinaryAssociationCanBeAggregations.ecore,true,true,true,
modelset/raw-data/repo-ecore-all/data/tue-mdse/ocl-dataset/dataset/repos/sunwuliang/SlicingProject1.0/slices/SlicedUML2InsFSMspecializedAssociationsHasSameNumberOfEnds.ecore,true,true,true,
modelset/raw-data/repo-ecore-all/data/tue-mdse/ocl-dataset/dataset/repos/sunwuliang/SlicingProject1.0/slices/SlicedUML2InsHTML.ecore,true,false,false,"generate: timeout after 120s: /arachne/target/release/arachne generate modelset/raw-data/repo-ecore-all/data/tue-mdse/ocl-dataset/dataset/repos/sunwuliang/SlicingProject1.0/slices/SlicedUML2InsHTML.ecore -o /var/folders/24/3kt9vzrj6qzd_r760kn9ybsm0000gn/T/arachne-modelset-wktvka86/generated-00006 -p modelset-00006-0fa01804 [INFO  arachne] Starting code generation [INFO  arachne_codegen] Validating configuration [INFO  arachne_codegen] Parsing ecore metamodel: ""modelset/raw-data/repo-ecore-all/data/tue-mdse/ocl-dataset/dataset/repos/sunwuliang/SlicingProject1.0/slices/SlicedUML2InsHTML.ecore"" [WARN  ecore_rs::parser::raw] XML-level class literal redefinition for `literal` from `1` to `package` [WARN  ecore_rs::parser::raw] XML-level class literal redefinition for `literal` from `2` to `private` [WARN  ecore_rs::parser::raw] XML-level class literal redefinition for `literal` from `3` to `protected` [WARN  ecore_rs::parser::raw] XML-level class literal redefinition for `literal` from `4` to `public` [WARN  ecore_rs::parser::raw] XML-level class literal redefinition for `literal` from `1` to `in` [WARN  ecore_rs::parser::raw] XML-level class literal redefinition for `literal` from `2` to `inout` [WARN  ecore_rs::parser::raw] XML-level class literal redefinition for `literal` from `3` to `out` [WARN  ecore_rs::parser::raw] XML-level class literal redefinition for `literal` from `4` to `return` [WARN  ecore_rs::parser::raw] XML-level class literal redefinition for `literal` from `1` to `composite` [WARN  ecore_rs::parser::raw] XML-level class literal redefinition for `literal` from `2` to `none` [WARN  ecore_rs::parser::raw] XML-level class literal redefinition for `literal` from `3` to `shared` [INFO  arachne_codegen] Generating Rust tokens [INFO  arachne_codegen] Generating classifiers..."
modelset/raw-data/repo-ecore-all/data/tue-mdse/ocl-dataset/dataset/repos/sunwuliang/SlicingProject1.0/slices/SlicedUML2InsHTMLderivedUnionIsDerived.ecore,true,true,true,
modelset/raw-data/repo-ecore-all/data/tue-mdse/ocl-dataset/dataset/repos/sunwuliang/SlicingProject1.0/slices/SlicedUML2InsHTMLmustBeOwnedHasOwner.ecore,true,false,false,"generate: timeout after 120s: /arachne/target/release/arachne generate modelset/raw-data/repo-ecore-all/data/tue-mdse/ocl-dataset/dataset/repos/sunwuliang/SlicingProject1.0/slices/SlicedUML2InsHTMLmustBeOwnedHasOwner.ecore -o /var/folders/24/3kt9vzrj6qzd_r760kn9ybsm0000gn/T/arachne-modelset-wktvka86/generated-00008 -p modelset-00008-6e17e353 [INFO  arachne] Starting code generation [INFO  arachne_codegen] Validating configuration [INFO  arachne_codegen] Parsing ecore metamodel: ""modelset/raw-data/repo-ecore-all/data/tue-mdse/ocl-dataset/dataset/repos/sunwuliang/SlicingProject1.0/slices/SlicedUML2InsHTMLmustBeOwnedHasOwner.ecore"" [INFO  arachne_codegen] Generating Rust tokens [INFO  arachne_codegen] Generating classifiers..."
modelset/raw-data/repo-ecore-all/data/tue-mdse/ocl-dataset/dataset/repos/sunwuliang/SlicingProject1.0/slices/SlicedUML2InsHTMLnAryAssociationsOwnTheirEnds.ecore,true,true,true,
modelset/raw-data/repo-ecore-all/data/tue-mdse/ocl-dataset/dataset/repos/sunwuliang/SlicingProject1.0/slices/SlicedUML2InsHTMLsubsetRequiresDifferentName.ecore,true,false,false,"generate: timeout after 120s: /arachne/target/release/arachne generate modelset/raw-data/repo-ecore-all/data/tue-mdse/ocl-dataset/dataset/repos/sunwuliang/SlicingProject1.0/slices/SlicedUML2InsHTMLsubsetRequiresDifferentName.ecore -o /var/folders/24/3kt9vzrj6qzd_r760kn9ybsm0000gn/T/arachne-modelset-wktvka86/generated-00010 -p modelset-00010-cb1aa13f [INFO  arachne] Starting code generation [INFO  arachne_codegen] Validating configuration [INFO  arachne_codegen] Parsing ecore metamodel: ""modelset/raw-data/repo-ecore-all/data/tue-mdse/ocl-dataset/dataset/repos/sunwuliang/SlicingProject1.0/slices/SlicedUML2InsHTMLsubsetRequiresDifferentName.ecore"" [INFO  arachne_codegen] Generating Rust tokens [INFO  arachne_codegen] Generating classifiers... [INFO  arachne_codegen] Generating reference manager... [INFO  arachne_codegen] Generating package..."
modelset/raw-data/repo-ecore-all/data/tue-mdse/ocl-dataset/dataset/repos/sunwuliang/SlicingProject1.0/slices/SlicedUML2InsMARTEbc1.ecore,true,true,true,
modelset/raw-data/repo-ecore-all/data/tue-mdse/ocl-dataset/dataset/repos/sunwuliang/SlicingProject1.0/slices/SlicedUML2InsMARTEclass1.ecore,true,true,true,
modelset/raw-data/repo-ecore-all/data/tue-mdse/ocl-dataset/dataset/repos/sunwuliang/SlicingProject1.0/slices/SlicedUML2InsMARTEisAbstractDefined.ecore,true,true,true,
modelset/raw-data/repo-ecore-all/data/tue-mdse/ocl-dataset/dataset/repos/sunwuliang/SlicingProject1.0/slices/SlicedUML2InsMATLABinheritedMemberIsValid.ecore,true,false,false,"generate: timeout after 120s: /arachne/target/release/arachne generate modelset/raw-data/repo-ecore-all/data/tue-mdse/ocl-dataset/dataset/repos/sunwuliang/SlicingProject1.0/slices/SlicedUML2InsMATLABinheritedMemberIsValid.ecore -o /var/folders/24/3kt9vzrj6qzd_r760kn9ybsm0000gn/T/arachne-modelset-wktvka86/generated-00014 -p modelset-00014-771f05c4 [INFO  arachne] Starting code generation [INFO  arachne_codegen] Validating configuration [INFO  arachne_codegen] Parsing ecore metamodel: ""modelset/raw-data/repo-ecore-all/data/tue-mdse/ocl-dataset/dataset/repos/sunwuliang/SlicingProject1.0/slices/SlicedUML2InsMATLABinheritedMemberIsValid.ecore"" [WARN  ecore_rs::parser::raw] XML-level class literal redefinition for `literal` from `1` to `package` [WARN  ecore_rs::parser::raw] XML-level class literal redefinition for `literal` from `2` to `private` [WARN  ecore_rs::parser::raw] XML-level class literal redefinition for `literal` from `3` to `protected` [WARN  ecore_rs::parser::raw] XML-level class literal redefinition for `literal` from `4` to `public` [INFO  arachne_codegen] Generating Rust tokens [INFO  arachne_codegen] Generating classifiers... [INFO  arachne_codegen] Generating reference manager..."
modelset/raw-data/repo-ecore-all/data/tue-mdse/ocl-dataset/dataset/repos/sunwuliang/SlicingProject1.0/slices/SlicedUML2InsMATLABownedElementHasVisibility.ecore,true,false,false,"generate: timeout after 120s: /arachne/target/release/arachne generate modelset/raw-data/repo-ecore-all/data/tue-mdse/ocl-dataset/dataset/repos/sunwuliang/SlicingProject1.0/slices/SlicedUML2InsMATLABownedElementHasVisibility.ecore -o /var/folders/24/3kt9vzrj6qzd_r760kn9ybsm0000gn/T/arachne-modelset-wktvka86/generated-00015 -p modelset-00015-89662d42 [INFO  arachne] Starting code generation [INFO  arachne_codegen] Validating configuration [INFO  arachne_codegen] Parsing ecore metamodel: ""modelset/raw-data/repo-ecore-all/data/tue-mdse/ocl-dataset/dataset/repos/sunwuliang/SlicingProject1.0/slices/SlicedUML2InsMATLABownedElementHasVisibility.ecore"" [WARN  ecore_rs::parser::raw] XML-level class literal redefinition for `literal` from `1` to `package` [WARN  ecore_rs::parser::raw] XML-level class literal redefinition for `literal` from `2` to `private` [WARN  ecore_rs::parser::raw] XML-level class literal redefinition for `literal` from `3` to `protected` [WARN  ecore_rs::parser::raw] XML-level class literal redefinition for `literal` from `4` to `public` [INFO  arachne_codegen] Generating Rust tokens [INFO  arachne_codegen] Generating classifiers... [INFO  arachne_codegen] Generating reference manager..."
modelset/raw-data/repo-ecore-all/data/tue-mdse/ocl-dataset/dataset/repos/sunwuliang/SlicingProject2.0/ClassModelSlicing/ecores/FSM.ecore,true,true,true,
modelset/raw-data/repo-ecore-all/data/tue-mdse/ocl-dataset/dataset/repos/sunwuliang/SlicingProject2.0/ClassModelSlicing/metamodel/OCLCST.ecore,false,false,false,"parse: failed to parse modelset/raw-data/repo-ecore-all/data/tue-mdse/ocl-dataset/dataset/repos/sunwuliang/SlicingProject2.0/ClassModelSlicing/metamodel/OCLCST.ecore: unexpected package content line 6, column 3 current parser state: | `<eSubpackages name=""cst"" nsURI=""http://www.eclipse.org/ocl/1.1.0/OCL/CST"" nsPrefix=""ocl.cst"">` | `    <eClassifiers xsi:type=""ecore:EClass"" name=""CSTNode"" abstract=""true"">` parsing failed"
modelset/raw-data/repo-ecore-all/data/tue-mdse/ocl-dataset/dataset/repos/sunwuliang/SlicingProject2.0/ClassModelSlicing/slices/SlicedCoachBusWithEDataTypeMinCoachSize.ecore,true,true,true,
modelset/raw-data/repo-ecore-all/data/tue-mdse/ocl-dataset/dataset/repos/sunwuliang/SlicingProject2.0/ClassModelSlicing/slices/SlicedUML2InsDataSet1derivedUnionIsDerived.ecore,true,true,true,
modelset/raw-data/repo-ecore-all/data/tue-mdse/ocl-dataset/dataset/repos/sunwuliang/SlicingProject2.0/ClassModelSlicing/slices/SlicedUML2InsDataSet1derivedUnionIsReadOnly.ecore,true,true,true,
modelset/raw-data/repo-ecore-all/data/tue-mdse/ocl-dataset/dataset/repos/sunwuliang/SlicingProject2.0/ClassModelSlicing/slices/SlicedUML2InsDataSet1mustBeOwnedHasOwner.ecore,true,false,false,"generate: timeout after 120s: /arachne/target/release/arachne generate modelset/raw-data/repo-ecore-all/data/tue-mdse/ocl-dataset/dataset/repos/sunwuliang/SlicingProject2.0/ClassModelSlicing/slices/SlicedUML2InsDataSet1mustBeOwnedHasOwner.ecore -o /var/folders/24/3kt9vzrj6qzd_r760kn9ybsm0000gn/T/arachne-modelset-wktvka86/generated-00021 -p modelset-00021-7c10bbf8 [INFO  arachne] Starting code generation [INFO  arachne_codegen] Validating configuration [INFO  arachne_codegen] Parsing ecore metamodel: ""modelset/raw-data/repo-ecore-all/data/tue-mdse/ocl-dataset/dataset/repos/sunwuliang/SlicingProject2.0/ClassModelSlicing/slices/SlicedUML2InsDataSet1mustBeOwnedHasOwner.ecore"" [INFO  arachne_codegen] Generating Rust tokens [INFO  arachne_codegen] Generating classifiers..."
modelset/raw-data/repo-ecore-all/data/tue-mdse/ocl-dataset/dataset/repos/sunwuliang/SlicingProject2.0/ClassModelSlicing/slices/SlicedUML2InsDataSet1onlyBinaryAssociationCanBeAggregations.ecore,true,true,true,
modelset/raw-data/repo-ecore-all/data/tue-mdse/ocl-dataset/dataset/repos/sunwuliang/SlicingProject2.0/ClassModelSlicing/slices/SlicedUML2InsDataSet1ownedElementHasVisibility.ecore,true,false,false,"generate: timeout after 120s: /arachne/target/release/arachne generate modelset/raw-data/repo-ecore-all/data/tue-mdse/ocl-dataset/dataset/repos/sunwuliang/SlicingProject2.0/ClassModelSlicing/slices/SlicedUML2InsDataSet1ownedElementHasVisibility.ecore -o /var/folders/24/3kt9vzrj6qzd_r760kn9ybsm0000gn/T/arachne-modelset-wktvka86/generated-00023 -p modelset-00023-e39b7233 [INFO  arachne] Starting code generation [INFO  arachne_codegen] Validating configuration [INFO  arachne_codegen] Parsing ecore metamodel: ""modelset/raw-data/repo-ecore-all/data/tue-mdse/ocl-dataset/dataset/repos/sunwuliang/SlicingProject2.0/ClassModelSlicing/slices/SlicedUML2InsDataSet1ownedElementHasVisibility.ecore"" [WARN  ecore_rs::parser::raw] XML-level class literal redefinition for `literal` from `1` to `package` [WARN  ecore_rs::parser::raw] XML-level class literal redefinition for `literal` from `2` to `private` [WARN  ecore_rs::parser::raw] XML-level class literal redefinition for `literal` from `3` to `protected` [WARN  ecore_rs::parser::raw] XML-level class literal redefinition for `literal` from `4` to `public` [INFO  arachne_codegen] Generating Rust tokens [INFO  arachne_codegen] Generating classifiers... [INFO  arachne_codegen] Generating reference manager..."
modelset/raw-data/repo-ecore-all/data/tue-mdse/ocl-dataset/dataset/repos/sunwuliang/SlicingProject2.0/ClassModelSlicing/slices/SlicedUML2InsDataSet2class1.ecore,true,true,true,
modelset/raw-data/repo-ecore-all/data/tue-mdse/ocl-dataset/dataset/repos/sunwuliang/SlicingProject2.0/ClassModelSlicing/slices/SlicedUML2InsDataSet2derivedUnionIsReadOnly.ecore,true,true,true,
modelset/raw-data/repo-ecore-all/data/tue-mdse/ocl-dataset/dataset/repos/sunwuliang/SlicingProject2.0/ClassModelSlicing/slices/SlicedUML2InsDataSet2isAbstractDefined.ecore,true,true,true,
modelset/raw-data/repo-ecore-all/data/tue-mdse/ocl-dataset/dataset/repos/sunwuliang/SlicingProject2.0/ClassModelSlicing/slices/SlicedUML2InsDataSet2ownedElementHasVisibility.ecore,true,false,false,"generate: timeout after 120s: /arachne/target/release/arachne generate modelset/raw-data/repo-ecore-all/data/tue-mdse/ocl-dataset/dataset/repos/sunwuliang/SlicingProject2.0/ClassModelSlicing/slices/SlicedUML2InsDataSet2ownedElementHasVisibility.ecore -o /var/folders/24/3kt9vzrj6qzd_r760kn9ybsm0000gn/T/arachne-modelset-wktvka86/generated-00027 -p modelset-00027-686b0027 [INFO  arachne] Starting code generation [INFO  arachne_codegen] Validating configuration [INFO  arachne_codegen] Parsing ecore metamodel: ""modelset/raw-data/repo-ecore-all/data/tue-mdse/ocl-dataset/dataset/repos/sunwuliang/SlicingProject2.0/ClassModelSlicing/slices/SlicedUML2InsDataSet2ownedElementHasVisibility.ecore"" [WARN  ecore_rs::parser::raw] XML-level class literal redefinition for `literal` from `1` to `package` [WARN  ecore_rs::parser::raw] XML-level class literal redefinition for `literal` from `2` to `private` [WARN  ecore_rs::parser::raw] XML-level class literal redefinition for `literal` from `3` to `protected` [WARN  ecore_rs::parser::raw] XML-level class literal redefinition for `literal` from `4` to `public` [INFO  arachne_codegen] Generating Rust tokens [INFO  arachne_codegen] Generating classifiers... [INFO  arachne_codegen] Generating reference manager..."
modelset/raw-data/repo-ecore-all/data/tue-mdse/ocl-dataset/dataset/repos/sunwuliang/SlicingProject2.0/ClassModelSlicing/slices/SlicedUML2InsDataSet2specializedAssociationsHasSameNumberOfEnds.ecore,true,true,true,
modelset/raw-data/repo-ecore-all/data/tue-mdse/ocl-dataset/dataset/repos/sunwuliang/SlicingProject2.0/ClassModelSlicing/slices/SlicedUML2InsDataSet3bc1.ecore,true,true,true,
modelset/raw-data/repo-ecore-all/data/tue-mdse/ocl-dataset/dataset/repos/sunwuliang/SlicingProject2.0/ClassModelSlicing/slices/SlicedUML2InsDataSet3derivedUnionIsDerived.ecore,true,true,true,
modelset/raw-data/repo-ecore-all/data/tue-mdse/ocl-dataset/dataset/repos/sunwuliang/SlicingProject2.0/ClassModelSlicing/slices/SlicedUML2InsDataSet3derivedUnionIsReadOnly.ecore,true,true,true,
modelset/raw-data/repo-ecore-all/data/tue-mdse/ocl-dataset/dataset/repos/sunwuliang/SlicingProject2.0/ClassModelSlicing/slices/SlicedUML2InsDataSet3specializedAssociationsHasSameNumberOfEnds.ecore,true,true,true,
modelset/raw-data/repo-ecore-all/data/tue-mdse/ocl-dataset/dataset/repos/sunwuliang/SlicingProject2.0/ClassModelSlicing/slices/SlicedUML2InsER2MOFclass1.ecore,true,true,true,
modelset/raw-data/repo-ecore-all/data/tue-mdse/ocl-dataset/dataset/repos/sunwuliang/SlicingProject2.0/ClassModelSlicing/slices/SlicedUML2InsER2MOFclass2.ecore,true,true,true,
modelset/raw-data/repo-ecore-all/data/tue-mdse/ocl-dataset/dataset/repos/sunwuliang/SlicingProject2.0/ClassModelSlicing/slices/SlicedUML2InsFSMmustBeOwnedHasOwner.ecore,true,false,false,"generate: timeout after 120s: /arachne/target/release/arachne generate modelset/raw-data/repo-ecore-all/data/tue-mdse/ocl-dataset/dataset/repos/sunwuliang/SlicingProject2.0/ClassModelSlicing/slices/SlicedUML2InsFSMmustBeOwnedHasOwner.ecore -o /var/folders/24/3kt9vzrj6qzd_r760kn9ybsm0000gn/T/arachne-modelset-wktvka86/generated-00035 -p modelset-00035-fe2868d3 [INFO  arachne] Starting code generation [INFO  arachne_codegen] Validating configuration [INFO  arachne_codegen] Parsing ecore metamodel: ""modelset/raw-data/repo-ecore-all/data/tue-mdse/ocl-dataset/dataset/repos/sunwuliang/SlicingProject2.0/ClassModelSlicing/slices/SlicedUML2InsFSMmustBeOwnedHasOwner.ecore"" [INFO  arachne_codegen] Generating Rust tokens [INFO  arachne_codegen] Generating classifiers..."
modelset/raw-data/repo-ecore-all/data/tue-mdse/ocl-dataset/dataset/repos/sunwuliang/SlicingProject2.0/ClassModelSlicing/slices/SlicedUML2InsFSMsubsetRequiresDifferentName.ecore,true,false,false,"generate: timeout after 120s: /arachne/target/release/arachne generate modelset/raw-data/repo-ecore-all/data/tue-mdse/ocl-dataset/dataset/repos/sunwuliang/SlicingProject2.0/ClassModelSlicing/slices/SlicedUML2InsFSMsubsetRequiresDifferentName.ecore -o /var/folders/24/3kt9vzrj6qzd_r760kn9ybsm0000gn/T/arachne-modelset-wktvka86/generated-00036 -p modelset-00036-c41fb2f3 [INFO  arachne] Starting code generation [INFO  arachne_codegen] Validating configuration [INFO  arachne_codegen] Parsing ecore metamodel: ""modelset/raw-data/repo-ecore-all/data/tue-mdse/ocl-dataset/dataset/repos/sunwuliang/SlicingProject2.0/ClassModelSlicing/slices/SlicedUML2InsFSMsubsetRequiresDifferentName.ecore"" [INFO  arachne_codegen] Generating Rust tokens [INFO  arachne_codegen] Generating classifiers... [INFO  arachne_codegen] Generating reference manager... [INFO  arachne_codegen] Generating package..."
modelset/raw-data/repo-ecore-all/data/tue-mdse/ocl-dataset/dataset/repos/sunwuliang/SlicingProject2.0/ClassModelSlicing/slices/SlicedUML2InsHTMLclass1.ecore,true,true,true,
modelset/raw-data/repo-ecore-all/data/tue-mdse/ocl-dataset/dataset/repos/sunwuliang/SlicingProject2.0/ClassModelSlicing/slices/SlicedUML2InsHTMLderivedUnionIsReadOnly.ecore,true,true,true,
modelset/raw-data/repo-ecore-all/data/tue-mdse/ocl-dataset/dataset/repos/sunwuliang/SlicingProject2.0/ClassModelSlicing/slices/SlicedUML2InsHTMLisCompositeIsValid.ecore,true,true,true,
modelset/raw-data/repo-ecore-all/data/tue-mdse/ocl-dataset/dataset/repos/sunwuliang/SlicingProject2.0/ClassModelSlicing/slices/SlicedUML2InsLRBACcoa1.ecore,true,true,true,
modelset/raw-data/repo-ecore-all/data/tue-mdse/ocl-dataset/dataset/repos/sunwuliang/SlicingProject2.0/ClassModelSlicing/slices/SlicedUML2InsLRBACcoa2.ecore,true,true,true,
modelset/raw-data/repo-ecore-all/data/tue-mdse/ocl-dataset/dataset/repos/sunwuliang/SlicingProject2.0/ClassModelSlicing/slices/SlicedUML2InsLRBACinheritedMemberIsValid.ecore,true,false,false,"generate: timeout after 120s: /arachne/target/release/arachne generate modelset/raw-data/repo-ecore-all/data/tue-mdse/ocl-dataset/dataset/repos/sunwuliang/SlicingProject2.0/ClassModelSlicing/slices/SlicedUML2InsLRBACinheritedMemberIsValid.ecore -o /var/folders/24/3kt9vzrj6qzd_r760kn9ybsm0000gn/T/arachne-modelset-wktvka86/generated-00042 -p modelset-00042-29d0a88b [INFO  arachne] Starting code generation [INFO  arachne_codegen] Validating configuration [INFO  arachne_codegen] Parsing ecore metamodel: ""modelset/raw-data/repo-ecore-all/data/tue-mdse/ocl-dataset/dataset/repos/sunwuliang/SlicingProject2.0/ClassModelSlicing/slices/SlicedUML2InsLRBACinheritedMemberIsValid.ecore"" [WARN  ecore_rs::parser::raw] XML-level class literal redefinition for `literal` from `1` to `package` [WARN  ecore_rs::parser::raw] XML-level class literal redefinition for `literal` from `2` to `private` [WARN  ecore_rs::parser::raw] XML-level class literal redefinition for `literal` from `3` to `protected` [WARN  ecore_rs::parser::raw] XML-level class literal redefinition for `literal` from `4` to `public` [INFO  arachne_codegen] Generating Rust tokens [INFO  arachne_codegen] Generating classifiers... [INFO  arachne_codegen] Generating reference manager..."
modelset/raw-data/repo-ecore-all/data/tue-mdse/ocl-dataset/dataset/repos/sunwuliang/SlicingProject2.0/ClassModelSlicing/slices/SlicedUML2InsLRBACisUniqueIsValid.ecore,true,true,true,
modelset/raw-data/repo-ecore-all/data/tue-mdse/ocl-dataset/dataset/repos/sunwuliang/SlicingProject2.0/ClassModelSlicing/slices/SlicedUML2InsLRBAConlyBinaryAssociationCanBeAggregations.ecore,true,true,true,
modelset/raw-data/repo-ecore-all/data/tue-mdse/ocl-dataset/dataset/repos/sunwuliang/SlicingProject2.0/ClassModelSlicing/slices/SlicedUML2InsLRBACownedElementHasVisibility.ecore,true,false,false,"generate: timeout after 120s: /arachne/target/release/arachne generate modelset/raw-data/repo-ecore-all/data/tue-mdse/ocl-dataset/dataset/repos/sunwuliang/SlicingProject2.0/ClassModelSlicing/slices/SlicedUML2InsLRBACownedElementHasVisibility.ecore -o /var/folders/24/3kt9vzrj6qzd_r760kn9ybsm0000gn/T/arachne-modelset-wktvka86/generated-00045 -p modelset-00045-eeaae7c7 [INFO  arachne] Starting code generation [INFO  arachne_codegen] Validating configuration [INFO  arachne_codegen] Parsing ecore metamodel: ""modelset/raw-data/repo-ecore-all/data/tue-mdse/ocl-dataset/dataset/repos/sunwuliang/SlicingProject2.0/ClassModelSlicing/slices/SlicedUML2InsLRBACownedElementHasVisibility.ecore"" [WARN  ecore_rs::parser::raw] XML-level class literal redefinition for `literal` from `1` to `package` [WARN  ecore_rs::parser::raw] XML-level class literal redefinition for `literal` from `2` to `private` [WARN  ecore_rs::parser::raw] XML-level class literal redefinition for `literal` from `3` to `protected` [WARN  ecore_rs::parser::raw] XML-level class literal redefinition for `literal` from `4` to `public` [INFO  arachne_codegen] Generating Rust tokens [INFO  arachne_codegen] Generating classifiers... [INFO  arachne_codegen] Generating reference manager..."
modelset/raw-data/repo-ecore-all/data/tue-mdse/ocl-dataset/dataset/repos/sunwuliang/SlicingProject2.0/ClassModelSlicing/slices/SlicedUML2InsLRBACspecializedAssociationsHasSameNumberOfEnds.ecore,true,true,true,
modelset/raw-data/repo-ecore-all/data/tue-mdse/ocl-dataset/dataset/repos/sunwuliang/SlicingProject2.0/ClassModelSlicing/slices/SlicedUML2InsLRBACupperIsValid.ecore,true,true,true,
modelset/raw-data/repo-ecore-all/data/tue-mdse/ocl-dataset/dataset/repos/sunwuliang/SlicingProject2.0/ClassModelSlicing/slices/SlicedUML2InsMARTEderivedUnionIsDerived.ecore,true,true,true,
modelset/raw-data/repo-ecore-all/data/tue-mdse/ocl-dataset/dataset/repos/sunwuliang/SlicingProject2.0/ClassModelSlicing/slices/SlicedUML2InsMARTEinheritedMemberIsValid.ecore,true,false,false,"generate: timeout after 120s: /arachne/target/release/arachne generate modelset/raw-data/repo-ecore-all/data/tue-mdse/ocl-dataset/dataset/repos/sunwuliang/SlicingProject2.0/ClassModelSlicing/slices/SlicedUML2InsMARTEinheritedMemberIsValid.ecore -o /var/folders/24/3kt9vzrj6qzd_r760kn9ybsm0000gn/T/arachne-modelset-wktvka86/generated-00049 -p modelset-00049-6e5fa888 [INFO  arachne] Starting code generation [INFO  arachne_codegen] Validating configuration [INFO  arachne_codegen] Parsing ecore metamodel: ""modelset/raw-data/repo-ecore-all/data/tue-mdse/ocl-dataset/dataset/repos/sunwuliang/SlicingProject2.0/ClassModelSlicing/slices/SlicedUML2InsMARTEinheritedMemberIsValid.ecore"" [WARN  ecore_rs::parser::raw] XML-level class literal redefinition for `literal` from `1` to `package` [WARN  ecore_rs::parser::raw] XML-level class literal redefinition for `literal` from `2` to `private` [WARN  ecore_rs::parser::raw] XML-level class literal redefinition for `literal` from `3` to `protected` [WARN  ecore_rs::parser::raw] XML-level class literal redefinition for `literal` from `4` to `public` [INFO  arachne_codegen] Generating Rust tokens [INFO  arachne_codegen] Generating classifiers... [INFO  arachne_codegen] Generating reference manager..."
modelset/raw-data/repo-ecore-all/data/tue-mdse/ocl-dataset/dataset/repos/sunwuliang/SlicingProject2.0/ClassModelSlicing/slices/SlicedUML2InsMARTEonlyBinaryAssociationCanBeAggregations.ecore,true,true,true,
modelset/raw-data/repo-ecore-all/data/tue-mdse/ocl-dataset/dataset/repos/sunwuliang/SlicingProject2.0/ClassModelSlicing/slices/SlicedUML2InsMARTEownedElementHasVisibility.ecore,true,false,false,"generate: timeout after 120s: /arachne/target/release/arachne generate modelset/raw-data/repo-ecore-all/data/tue-mdse/ocl-dataset/dataset/repos/sunwuliang/SlicingProject2.0/ClassModelSlicing/slices/SlicedUML2InsMARTEownedElementHasVisibility.ecore -o /var/folders/24/3kt9vzrj6qzd_r760kn9ybsm0000gn/T/arachne-modelset-wktvka86/generated-00051 -p modelset-00051-ea734608 [INFO  arachne] Starting code generation [INFO  arachne_codegen] Validating configuration [INFO  arachne_codegen] Parsing ecore metamodel: ""modelset/raw-data/repo-ecore-all/data/tue-mdse/ocl-dataset/dataset/repos/sunwuliang/SlicingProject2.0/ClassModelSlicing/slices/SlicedUML2InsMARTEownedElementHasVisibility.ecore"" [WARN  ecore_rs::parser::raw] XML-level class literal redefinition for `literal` from `1` to `package` [WARN  ecore_rs::parser::raw] XML-level class literal redefinition for `literal` from `2` to `private` [WARN  ecore_rs::parser::raw] XML-level class literal redefinition for `literal` from `3` to `protected` [WARN  ecore_rs::parser::raw] XML-level class literal redefinition for `literal` from `4` to `public` [INFO  arachne_codegen] Generating Rust tokens [INFO  arachne_codegen] Generating classifiers... [INFO  arachne_codegen] Generating reference manager..."
modelset/raw-data/repo-ecore-all/data/tue-mdse/ocl-dataset/dataset/repos/sunwuliang/SlicingProject2.0/ClassModelSlicing/slices/SlicedUML2InsMARTEspecializedAssociationsHasSameNumberOfEnds.ecore,true,true,true,
modelset/raw-data/repo-ecore-all/data/tue-mdse/ocl-dataset/dataset/repos/sunwuliang/SlicingProject2.0/ClassModelSlicing/slices/SlicedUML2InsMATLABclass1.ecore,true,true,true,
modelset/raw-data/repo-ecore-all/data/tue-mdse/ocl-dataset/dataset/repos/sunwuliang/SlicingProject2.0/ClassModelSlicing/slices/SlicedUML2InsMATLABspecializedAssociationsHasSameNumberOfEnds.ecore,true,true,true,
modelset/raw-data/repo-ecore-all/data/tue-mdse/ocl-dataset/dataset/repos/sunwuliang/SlicingProject2.0/ClassModelSlicing/slices/SlicedUML2InsRoyalAndLoyal.ecore,true,false,false,"generate: timeout after 120s: /arachne/target/release/arachne generate modelset/raw-data/repo-ecore-all/data/tue-mdse/ocl-dataset/dataset/repos/sunwuliang/SlicingProject2.0/ClassModelSlicing/slices/SlicedUML2InsRoyalAndLoyal.ecore -o /var/folders/24/3kt9vzrj6qzd_r760kn9ybsm0000gn/T/arachne-modelset-wktvka86/generated-00055 -p modelset-00055-a30cd40e [INFO  arachne] Starting code generation [INFO  arachne_codegen] Validating configuration [INFO  arachne_codegen] Parsing ecore metamodel: ""modelset/raw-data/repo-ecore-all/data/tue-mdse/ocl-dataset/dataset/repos/sunwuliang/SlicingProject2.0/ClassModelSlicing/slices/SlicedUML2InsRoyalAndLoyal.ecore"" [WARN  ecore_rs::parser::raw] XML-level class literal redefinition for `literal` from `1` to `in` [WARN  ecore_rs::parser::raw] XML-level class literal redefinition for `literal` from `2` to `inout` [WARN  ecore_rs::parser::raw] XML-level class literal redefinition for `literal` from `3` to `out` [WARN  ecore_rs::parser::raw] XML-level class literal redefinition for `literal` from `4` to `return` [WARN  ecore_rs::parser::raw] XML-level class literal redefinition for `literal` from `1` to `composite` [WARN  ecore_rs::parser::raw] XML-level class literal redefinition for `literal` from `2` to `none` [WARN  ecore_rs::parser::raw] XML-level class literal redefinition for `literal` from `3` to `shared` [WARN  ecore_rs::parser::raw] XML-level class literal redefinition for `literal` from `1` to `package` [WARN  ecore_rs::parser::raw] XML-level class literal redefinition for `literal` from `2` to `private` [WARN  ecore_rs::parser::raw] XML-level class literal redefinition for `literal` from `3` to `protected` [WARN  ecore_rs::parser::raw] XML-level class literal redefinition for `literal` from `4` to `public` [INFO  arachne_codegen] Generating Rust tokens [INFO  arachne_codegen] Generating classifiers..."
modelset/raw-data/repo-ecore-all/data/tue-mdse/ocl-dataset/dataset/repos/sunwuliang/SlicingProject2.0/ClassModelSlicing/slices/SlicedUML2InsRoyalAndLoyalbc1.ecore,true,true,true,
modelset/raw-data/repo-ecore-all/data/tue-mdse/ocl-dataset/dataset/repos/sunwuliang/SlicingProject2.0/ClassModelSlicing/slices/SlicedUML2InsRoyalAndLoyalclass1.ecore,true,true,true,
modelset/raw-data/repo-ecore-all/data/tue-mdse/ocl-dataset/dataset/repos/sunwuliang/SlicingProject2.0/ClassModelSlicing/slices/SlicedUML2InsRoyalAndLoyalisCompositeIsValid.ecore,true,true,true,
modelset/raw-data/repo-ecore-all/data/tue-mdse/ocl-dataset/dataset/repos/sunwuliang/SlicingProject2.0/ClassModelSlicing/slices/SlicedUML2InsRoyalAndLoyalnAryAssociationsOwnTheirEnds.ecore,true,true,true,
modelset/raw-data/repo-ecore-all/data/tue-mdse/ocl-dataset/dataset/repos/sunwuliang/SlicingProject2.0/ClassModelSlicing/slices/SlicedUML2InsRoyalAndLoyalonlyBinaryAssociationCanBeAggregations.ecore,true,true,true,
modelset/raw-data/repo-ecore-all/data/tue-mdse/ocl-dataset/dataset/repos/sunwuliang/SlicingProject2.0/ClassModelSlicing/slices/SlicedUML2InsUML2.ecore,true,false,false,"generate: timeout after 120s: /arachne/target/release/arachne generate modelset/raw-data/repo-ecore-all/data/tue-mdse/ocl-dataset/dataset/repos/sunwuliang/SlicingProject2.0/ClassModelSlicing/slices/SlicedUML2InsUML2.ecore -o /var/folders/24/3kt9vzrj6qzd_r760kn9ybsm0000gn/T/arachne-modelset-wktvka86/generated-00061 -p modelset-00061-473c36f7 [INFO  arachne] Starting code generation [INFO  arachne_codegen] Validating configuration [INFO  arachne_codegen] Parsing ecore metamodel: ""modelset/raw-data/repo-ecore-all/data/tue-mdse/ocl-dataset/dataset/repos/sunwuliang/SlicingProject2.0/ClassModelSlicing/slices/SlicedUML2InsUML2.ecore"" [WARN  ecore_rs::parser::raw] XML-level class literal redefinition for `literal` from `1` to `in` [WARN  ecore_rs::parser::raw] XML-level class literal redefinition for `literal` from `2` to `inout` [WARN  ecore_rs::parser::raw] XML-level class literal redefinition for `literal` from `3` to `out` [WARN  ecore_rs::parser::raw] XML-level class literal redefinition for `literal` from `4` to `return` [WARN  ecore_rs::parser::raw] XML-level class literal redefinition for `literal` from `1` to `composite` [WARN  ecore_rs::parser::raw] XML-level class literal redefinition for `literal` from `2` to `none` [WARN  ecore_rs::parser::raw] XML-level class literal redefinition for `literal` from `3` to `shared` [WARN  ecore_rs::parser::raw] XML-level class literal redefinition for `literal` from `1` to `package` [WARN  ecore_rs::parser::raw] XML-level class literal redefinition for `literal` from `2` to `private` [WARN  ecore_rs::parser::raw] XML-level class literal redefinition for `literal` from `3` to `protected` [WARN  ecore_rs::parser::raw] XML-level class literal redefinition for `literal` from `4` to `public` [INFO  arachne_codegen] Generating Rust tokens [INFO  arachne_codegen] Generating classifiers..."
modelset/raw-data/repo-ecore-all/data/tue-mdse/ocl-dataset/dataset/repos/sunwuliang/SlicingProject2.0/ClassModelSlicing/slices/SlicedUML2InsUML2bodyConditionOnlyIfIsQuery.ecore,true,true,true,
modelset/raw-data/repo-ecore-all/data/tue-mdse/ocl-dataset/dataset/repos/sunwuliang/SlicingProject2.0/ClassModelSlicing/slices/SlicedUML2InsUML2class1.ecore,true,true,true,
modelset/raw-data/repo-ecore-all/data/tue-mdse/ocl-dataset/dataset/repos/sunwuliang/SlicingProject2.0/ClassModelSlicing/slices/SlicedUML2InsUML2coa1.ecore,true,true,true,
modelset/raw-data/repo-ecore-all/data/tue-mdse/ocl-dataset/dataset/repos/sunwuliang/SlicingProject2.0/ClassModelSlicing/slices/SlicedUML2InsUML2coa3.ecore,true,true,true,
modelset/raw-data/repo-ecore-all/data/tue-mdse/ocl-dataset/dataset/repos/sunwuliang/SlicingProject2.0/ClassModelSlicing/slices/SlicedUML2InsUML2interfaceFeaturesArePublic.ecore,true,false,false,"generate: timeout after 120s: /arachne/target/release/arachne generate modelset/raw-data/repo-ecore-all/data/tue-mdse/ocl-dataset/dataset/repos/sunwuliang/SlicingProject2.0/ClassModelSlicing/slices/SlicedUML2InsUML2interfaceFeaturesArePublic.ecore -o /var/folders/24/3kt9vzrj6qzd_r760kn9ybsm0000gn/T/arachne-modelset-wktvka86/generated-00066 -p modelset-00066-7af76dfa [INFO  arachne] Starting code generation [INFO  arachne_codegen] Validating configuration [INFO  arachne_codegen] Parsing ecore metamodel: ""modelset/raw-data/repo-ecore-all/data/tue-mdse/ocl-dataset/dataset/repos/sunwuliang/SlicingProject2.0/ClassModelSlicing/slices/SlicedUML2InsUML2interfaceFeaturesArePublic.ecore"" [WARN  ecore_rs::parser::raw] XML-level class literal redefinition for `literal` from `1` to `package` [WARN  ecore_rs::parser::raw] XML-level class literal redefinition for `literal` from `2` to `private` [WARN  ecore_rs::parser::raw] XML-level class literal redefinition for `literal` from `3` to `protected` [WARN  ecore_rs::parser::raw] XML-level class literal redefinition for `literal` from `4` to `public` [INFO  arachne_codegen] Generating Rust tokens [INFO  arachne_codegen] Generating classifiers... [INFO  arachne_codegen] Generating reference manager..."
modelset/raw-data/repo-ecore-all/data/tue-mdse/ocl-dataset/dataset/repos/sunwuliang/SlicingProject2.0/ClassModelSlicing/slices/SlicedUML2InsUML2isCompositeIsValid.ecore,true,true,true,
modelset/raw-data/repo-ecore-all/data/tue-mdse/ocl-dataset/dataset/repos/sunwuliang/SlicingProject2.0/ClassModelSlicing/slices/SlicedUML2InsUML2led1.ecore,true,true,true,
modelset/raw-data/repo-ecore-all/data/tue-mdse/ocl-dataset/dataset/repos/sunwuliang/SlicingProject2.0/ClassModelSlicing/slices/SlicedUML2InsUML2led2.ecore,true,true,true,
modelset/raw-data/repo-ecore-all/data/tue-mdse/ocl-dataset/dataset/repos/sunwuliang/SlicingProject2.0/ClassModelSlicing/slices/SlicedUML2InsUML2led3.ecore,true,true,true,
modelset/raw-data/repo-ecore-all/data/tue-mdse/ocl-dataset/dataset/repos/sunwuliang/SlicingProject2.0/ClassModelSlicing/slices/SlicedUML2InsUML2lowerIsValid.ecore,true,true,true,
modelset/raw-data/repo-ecore-all/data/tue-mdse/ocl-dataset/dataset/repos/sunwuliang/SlicingProject2.0/ClassModelSlicing/slices/SlicedUML2InsUML2mustBeOwnedHasOwner.ecore,true,false,false,"generate: timeout after 120s: /arachne/target/release/arachne generate modelset/raw-data/repo-ecore-all/data/tue-mdse/ocl-dataset/dataset/repos/sunwuliang/SlicingProject2.0/ClassModelSlicing/slices/SlicedUML2InsUML2mustBeOwnedHasOwner.ecore -o /var/folders/24/3kt9vzrj6qzd_r760kn9ybsm0000gn/T/arachne-modelset-wktvka86/generated-00072 -p modelset-00072-3fa4b26b [INFO  arachne] Starting code generation [INFO  arachne_codegen] Validating configuration [INFO  arachne_codegen] Parsing ecore metamodel: ""modelset/raw-data/repo-ecore-all/data/tue-mdse/ocl-dataset/dataset/repos/sunwuliang/SlicingProject2.0/ClassModelSlicing/slices/SlicedUML2InsUML2mustBeOwnedHasOwner.ecore"" [INFO  arachne_codegen] Generating Rust tokens [INFO  arachne_codegen] Generating classifiers..."
modelset/raw-data/repo-ecore-all/data/tue-mdse/ocl-dataset/dataset/repos/sunwuliang/SlicingProject2.0/ClassModelSlicing/slices/SlicedUML2InsUML2nAryAssociationsOwnTheirEnds.ecore,true,true,true,
modelset/raw-data/repo-ecore-all/data/tue-mdse/ocl-dataset/dataset/repos/sunwuliang/SlicingProject2.0/ClassModelSlicing/slices/SlicedUML2InsUML2onlyBinaryAssociationCanBeAggregations.ecore,true,true,true,
modelset/raw-data/repo-ecore-all/data/tue-mdse/ocl-dataset/dataset/repos/sunwuliang/SlicingProject2.0/ClassModelSlicing/slices/SlicedUML2InsUML2ownedElementHasVisibility.ecore,true,false,false,"generate: timeout after 120s: /arachne/target/release/arachne generate modelset/raw-data/repo-ecore-all/data/tue-mdse/ocl-dataset/dataset/repos/sunwuliang/SlicingProject2.0/ClassModelSlicing/slices/SlicedUML2InsUML2ownedElementHasVisibility.ecore -o /var/folders/24/3kt9vzrj6qzd_r760kn9ybsm0000gn/T/arachne-modelset-wktvka86/generated-00075 -p modelset-00075-8d8a5a27 [INFO  arachne] Starting code generation [INFO  arachne_codegen] Validating configuration [INFO  arachne_codegen] Parsing ecore metamodel: ""modelset/raw-data/repo-ecore-all/data/tue-mdse/ocl-dataset/dataset/repos/sunwuliang/SlicingProject2.0/ClassModelSlicing/slices/SlicedUML2InsUML2ownedElementHasVisibility.ecore"" [WARN  ecore_rs::parser::raw] XML-level class literal redefinition for `literal` from `1` to `package` [WARN  ecore_rs::parser::raw] XML-level class literal redefinition for `literal` from `2` to `private` [WARN  ecore_rs::parser::raw] XML-level class literal redefinition for `literal` from `3` to `protected` [WARN  ecore_rs::parser::raw] XML-level class literal redefinition for `literal` from `4` to `public` [INFO  arachne_codegen] Generating Rust tokens [INFO  arachne_codegen] Generating classifiers... [INFO  arachne_codegen] Generating reference manager..."
modelset/raw-data/repo-ecore-all/data/tue-mdse/ocl-dataset/dataset/repos/sunwuliang/SlicingProject2.0/ClassModelSlicing/slices/SlicedUML2InsUML2rsa1.ecore,true,false,false,"generate: timeout after 120s: /arachne/target/release/arachne generate modelset/raw-data/repo-ecore-all/data/tue-mdse/ocl-dataset/dataset/repos/sunwuliang/SlicingProject2.0/ClassModelSlicing/slices/SlicedUML2InsUML2rsa1.ecore -o /var/folders/24/3kt9vzrj6qzd_r760kn9ybsm0000gn/T/arachne-modelset-wktvka86/generated-00076 -p modelset-00076-70953b9c [INFO  arachne] Starting code generation [INFO  arachne_codegen] Validating configuration [INFO  arachne_codegen] Parsing ecore metamodel: ""modelset/raw-data/repo-ecore-all/data/tue-mdse/ocl-dataset/dataset/repos/sunwuliang/SlicingProject2.0/ClassModelSlicing/slices/SlicedUML2InsUML2rsa1.ecore"" [INFO  arachne_codegen] Generating Rust tokens [INFO  arachne_codegen] Generating classifiers... [INFO  arachne_codegen] Generating reference manager..."
modelset/raw-data/repo-ecore-all/data/tue-mdse/ocl-dataset/dataset/repos/sunwuliang/SlicingProject2.0/ClassModelSlicing/slices/SlicedUML2InsUML2tia1.ecore,true,true,true,
modelset/raw-data/repo-ecore-all/data/tue-mdse/ocl-dataset/dataset/repos/sunwuliang/SlicingProject2.0/ClassModelSlicing/slices/SlicedUML2InsUML2upperIsValid.ecore,true,true,true,
modelset/raw-data/repo-ecore-all/data/tue-mdse/ocl-dataset/dataset/repos/sunwuliang/SlicingProject2.0/ClassModelSlicing/slices/SlicedUML2WithIDInsER2MOFbc1.ecore,true,true,true,
modelset/raw-data/repo-ecore-all/data/tue-mdse/ocl-dataset/dataset/repos/sunwuliang/SlicingProject2.0/ClassModelSlicing/slices/SlicedUML2WithIDInsER2MOFisAbstractDefined.ecore,true,true,true,
modelset/raw-data/repo-ecore-all/data/tue-mdse/ocl-dataset/dataset/repos/sunwuliang/SlicingProject2.0/ClassModelSlicing/slices/SlicedUML2WithIDInsER2MOFmustBeOwnedHasOwner.ecore,true,false,false,"generate: timeout after 120s: /arachne/target/release/arachne generate modelset/raw-data/repo-ecore-all/data/tue-mdse/ocl-dataset/dataset/repos/sunwuliang/SlicingProject2.0/ClassModelSlicing/slices/SlicedUML2WithIDInsER2MOFmustBeOwnedHasOwner.ecore -o /var/folders/24/3kt9vzrj6qzd_r760kn9ybsm0000gn/T/arachne-modelset-wktvka86/generated-00081 -p modelset-00081-5daea1ce [INFO  arachne] Starting code generation [INFO  arachne_codegen] Validating configuration [INFO  arachne_codegen] Parsing ecore metamodel: ""modelset/raw-data/repo-ecore-all/data/tue-mdse/ocl-dataset/dataset/repos/sunwuliang/SlicingProject2.0/ClassModelSlicing/slices/SlicedUML2WithIDInsER2MOFmustBeOwnedHasOwner.ecore"" [INFO  arachne_codegen] Generating Rust tokens [INFO  arachne_codegen] Generating classifiers..."
modelset/raw-data/repo-ecore-all/data/tue-mdse/ocl-dataset/dataset/repos/sunwuliang/SlicingProject2.0/ClassModelSlicing/slices/SlicedUML2WithIDInsER2MOFspecializedAssociationsHasSameNumberOfEnds.ecore,true,true,true,
modelset/raw-data/repo-ecore-all/data/tue-mdse/ocl-dataset/dataset/repos/sunwuliang/SlicingProject2.0/ClassModelSlicing/slices/SlicedUML2WithIDInsER2MOFsubsetRequiresDifferentName.ecore,true,false,false,"generate: timeout after 120s: /arachne/target/release/arachne generate modelset/raw-data/repo-ecore-all/data/tue-mdse/ocl-dataset/dataset/repos/sunwuliang/SlicingProject2.0/ClassModelSlicing/slices/SlicedUML2WithIDInsER2MOFsubsetRequiresDifferentName.ecore -o /var/folders/24/3kt9vzrj6qzd_r760kn9ybsm0000gn/T/arachne-modelset-wktvka86/generated-00083 -p modelset-00083-3fd83712 [INFO  arachne] Starting code generation [INFO  arachne_codegen] Validating configuration [INFO  arachne_codegen] Parsing ecore metamodel: ""modelset/raw-data/repo-ecore-all/data/tue-mdse/ocl-dataset/dataset/repos/sunwuliang/SlicingProject2.0/ClassModelSlicing/slices/SlicedUML2WithIDInsER2MOFsubsetRequiresDifferentName.ecore"" [INFO  arachne_codegen] Generating Rust tokens [INFO  arachne_codegen] Generating classifiers..."
modelset/raw-data/repo-ecore-all/data/tue-mdse/ocl-dataset/dataset/repos/sunwuliang/SlicingProject2.0/ClassModelSlicing/slices/SlicedUML2WithIDInsFSMbc1.ecore,true,true,true,
modelset/raw-data/repo-ecore-all/data/tue-mdse/ocl-dataset/dataset/repos/sunwuliang/SlicingProject2.0/ClassModelSlicing/slices/SlicedUML2WithIDInsFSMownedElementHasVisibility.ecore,true,false,false,"generate: timeout after 120s: /arachne/target/release/arachne generate modelset/raw-data/repo-ecore-all/data/tue-mdse/ocl-dataset/dataset/repos/sunwuliang/SlicingProject2.0/ClassModelSlicing/slices/SlicedUML2WithIDInsFSMownedElementHasVisibility.ecore -o /var/folders/24/3kt9vzrj6qzd_r760kn9ybsm0000gn/T/arachne-modelset-wktvka86/generated-00085 -p modelset-00085-9287b779 [INFO  arachne] Starting code generation [INFO  arachne_codegen] Validating configuration [INFO  arachne_codegen] Parsing ecore metamodel: ""modelset/raw-data/repo-ecore-all/data/tue-mdse/ocl-dataset/dataset/repos/sunwuliang/SlicingProject2.0/ClassModelSlicing/slices/SlicedUML2WithIDInsFSMownedElementHasVisibility.ecore"" [WARN  ecore_rs::parser::raw] XML-level class literal redefinition for `literal` from `1` to `package` [WARN  ecore_rs::parser::raw] XML-level class literal redefinition for `literal` from `2` to `private` [WARN  ecore_rs::parser::raw] XML-level class literal redefinition for `literal` from `3` to `protected` [WARN  ecore_rs::parser::raw] XML-level class literal redefinition for `literal` from `4` to `public` [INFO  arachne_codegen] Generating Rust tokens [INFO  arachne_codegen] Generating classifiers..."
modelset/raw-data/repo-ecore-all/data/tue-mdse/ocl-dataset/dataset/repos/sunwuliang/SlicingProject2.0/ClassModelSlicing/slices/SlicedUML2WithIDInsHTMLbc1.ecore,true,true,true,
modelset/raw-data/repo-ecore-all/data/tue-mdse/ocl-dataset/dataset/repos/sunwuliang/SlicingProject2.0/ClassModelSlicing/slices/SlicedUML2WithIDInsHTMLisAbstractDefined.ecore,true,true,true,
modelset/raw-data/repo-ecore-all/data/tue-mdse/ocl-dataset/dataset/repos/sunwuliang/SlicingProject2.0/ClassModelSlicing/slices/SlicedUML2WithIDInsHTMLmustBeOwnedHasOwner.ecore,true,false,false,"generate: timeout after 120s: /arachne/target/release/arachne generate modelset/raw-data/repo-ecore-all/data/tue-mdse/ocl-dataset/dataset/repos/sunwuliang/SlicingProject2.0/ClassModelSlicing/slices/SlicedUML2WithIDInsHTMLmustBeOwnedHasOwner.ecore -o /var/folders/24/3kt9vzrj6qzd_r760kn9ybsm0000gn/T/arachne-modelset-wktvka86/generated-00088 -p modelset-00088-ffb61150 [INFO  arachne] Starting code generation [INFO  arachne_codegen] Validating configuration [INFO  arachne_codegen] Parsing ecore metamodel: ""modelset/raw-data/repo-ecore-all/data/tue-mdse/ocl-dataset/dataset/repos/sunwuliang/SlicingProject2.0/ClassModelSlicing/slices/SlicedUML2WithIDInsHTMLmustBeOwnedHasOwner.ecore"" [INFO  arachne_codegen] Generating Rust tokens [INFO  arachne_codegen] Generating classifiers..."
modelset/raw-data/repo-ecore-all/data/tue-mdse/ocl-dataset/dataset/repos/sunwuliang/SlicingProject2.0/ClassModelSlicing/slices/SlicedUML2WithIDInsHTMLonlyBinaryAssociationCanBeAggregations.ecore,true,true,true,
modelset/raw-data/repo-ecore-all/data/tue-mdse/ocl-dataset/dataset/repos/sunwuliang/SlicingProject2.0/ClassModelSlicing/slices/SlicedUML2WithIDInsHTMLspecializedAssociationsHasSameNumberOfEnds.ecore,true,true,true,
modelset/raw-data/repo-ecore-all/data/tue-mdse/ocl-dataset/dataset/repos/sunwuliang/SlicingProject2.0/ClassModelSlicing/slices/SlicedUML2WithIDInsMATLABbc1.ecore,true,true,true,
modelset/raw-data/repo-ecore-all/data/tue-mdse/ocl-dataset/dataset/repos/sunwuliang/SlicingProject2.0/ClassModelSlicing/slices/SlicedUML2WithIDInsMATLABisAbstractDefined.ecore,true,true,true,
modelset/raw-data/repo-ecore-all/data/tue-mdse/ocl-dataset/dataset/repos/sunwuliang/SlicingProject2.0/ClassModelSlicing/slices/SlicedUML2WithIDInsMATLABmustBeOwnedHasOwner.ecore,true,false,false,"generate: timeout after 120s: /arachne/target/release/arachne generate modelset/raw-data/repo-ecore-all/data/tue-mdse/ocl-dataset/dataset/repos/sunwuliang/SlicingProject2.0/ClassModelSlicing/slices/SlicedUML2WithIDInsMATLABmustBeOwnedHasOwner.ecore -o /var/folders/24/3kt9vzrj6qzd_r760kn9ybsm0000gn/T/arachne-modelset-wktvka86/generated-00093 -p modelset-00093-49bf29bf [INFO  arachne] Starting code generation [INFO  arachne_codegen] Validating configuration [INFO  arachne_codegen] Parsing ecore metamodel: ""modelset/raw-data/repo-ecore-all/data/tue-mdse/ocl-dataset/dataset/repos/sunwuliang/SlicingProject2.0/ClassModelSlicing/slices/SlicedUML2WithIDInsMATLABmustBeOwnedHasOwner.ecore"" [INFO  arachne_codegen] Generating Rust tokens [INFO  arachne_codegen] Generating classifiers..."
modelset/raw-data/repo-ecore-all/data/tue-mdse/ocl-dataset/dataset/repos/sunwuliang/SlicingProject2.0/ClassModelSlicing/slices/SlicedUML2WithIDInsMATLABonlyBinaryAssociationCanBeAggregations.ecore,true,true,true,
modelset/raw-data/repo-ecore-all/data/tue-mdse/ocl-dataset/dataset/repos/sunwuliang/SlicingProject2.0/ClassModelSlicing/slices/SlicedUML2WithIDInsMATLABownedElementHasVisibility.ecore,true,false,false,"generate: timeout after 120s: /arachne/target/release/arachne generate modelset/raw-data/repo-ecore-all/data/tue-mdse/ocl-dataset/dataset/repos/sunwuliang/SlicingProject2.0/ClassModelSlicing/slices/SlicedUML2WithIDInsMATLABownedElementHasVisibility.ecore -o /var/folders/24/3kt9vzrj6qzd_r760kn9ybsm0000gn/T/arachne-modelset-wktvka86/generated-00095 -p modelset-00095-28601602 [INFO  arachne] Starting code generation [INFO  arachne_codegen] Validating configuration [INFO  arachne_codegen] Parsing ecore metamodel: ""modelset/raw-data/repo-ecore-all/data/tue-mdse/ocl-dataset/dataset/repos/sunwuliang/SlicingProject2.0/ClassModelSlicing/slices/SlicedUML2WithIDInsMATLABownedElementHasVisibility.ecore"" [WARN  ecore_rs::parser::raw] XML-level class literal redefinition for `literal` from `1` to `package` [WARN  ecore_rs::parser::raw] XML-level class literal redefinition for `literal` from `2` to `private` [WARN  ecore_rs::parser::raw] XML-level class literal redefinition for `literal` from `3` to `protected` [WARN  ecore_rs::parser::raw] XML-level class literal redefinition for `literal` from `4` to `public` [INFO  arachne_codegen] Generating Rust tokens [INFO  arachne_codegen] Generating classifiers..."
modelset/raw-data/repo-ecore-all/data/tue-mdse/ocl-dataset/dataset/repos/sunwuliang/SlicingProject2.0/ClassModelSlicing/slices/SlicedUML2WithIDInsMATLABspecializedAssociationsHasSameNumberOfEnds.ecore,true,true,true,
modelset/raw-data/repo-ecore-all/data/tue-mdse/ocl-dataset/dataset/repos/sunwuliang/SlicingProject3.0/ClassModelSlicing/ecores/Java.ecore,true,false,false,"generate: timeout after 120s: /arachne/target/release/arachne generate modelset/raw-data/repo-ecore-all/data/tue-mdse/ocl-dataset/dataset/repos/sunwuliang/SlicingProject3.0/ClassModelSlicing/ecores/Java.ecore -o /var/folders/24/3kt9vzrj6qzd_r760kn9ybsm0000gn/T/arachne-modelset-wktvka86/generated-00097 -p modelset-00097-6ec1b048 [INFO  arachne] Starting code generation [INFO  arachne_codegen] Validating configuration [INFO  arachne_codegen] Parsing ecore metamodel: ""modelset/raw-data/repo-ecore-all/data/tue-mdse/ocl-dataset/dataset/repos/sunwuliang/SlicingProject3.0/ClassModelSlicing/ecores/Java.ecore"" [WARN  ecore_rs::parser::raw] Structural feature `body` sets `ordered` while `upperBound=1`; this has no effect [WARN  ecore_rs::parser::raw] `eOpposite` attributes are currently not supported, ignoring [WARN  ecore_rs::parser::raw] `eOpposite` attributes are currently not supported, ignoring [WARN  ecore_rs::parser::raw] `eOpposite` attributes are currently not supported, ignoring [WARN  ecore_rs::parser::raw] Structural feature `method` sets `ordered` while `upperBound=1`; this has no effect [WARN  ecore_rs::parser::raw] `eOpposite` attributes are currently not supported, ignoring [WARN  ecore_rs::parser::raw] `eOpposite` attributes are currently not supported, ignoring [WARN  ecore_rs::parser::raw] Structural feature `package` sets `ordered` while `upperBound=1`; this has no effect [WARN  ecore_rs::parser::raw] `eOpposite` attributes are currently not supported, ignoring [WARN  ecore_rs::parser::raw] Structural feature `qualifier` sets `ordered` while `upperBound=1`; this has no effect [WARN  ecore_rs::parser::raw] Structural feature `type` sets `ordered` while `upperBound=1`; this has no effect [WARN  ecore_rs::parser::raw] `eOpposite` attributes are currently not supported, ignoring [WARN  ecore_rs::parser::raw] Structural feature `type` sets `ordered` while `upperBound=1`; this has no effect [WARN  ecore_rs::parser::raw] Structural feature `originalFilePath` sets `ordered` while `upperBound=1`; this has no effect [WARN  ecore_rs::parser::raw] Structural feature `originalFilePath` sets `unique` while `upperBound=1`; this has no effect [WARN  ecore_rs::parser::raw] Structural feature `manifest` sets `ordered` while `upperBound=1`; this has no effect [WARN  ecore_rs::parser::raw] Structural feature `message` sets `ordered` while `upperBound=1`; this has no effect [WARN  ecore_rs::parser::raw] Structural feature `expression` sets `ordered` while `upperBound=1`; this has no effect [WARN  ecore_rs::parser::raw] Structural feature `originalCompilationUnit` sets `ordered` while `upperBound=1`; this has no effect [WARN  ecore_rs::parser::raw] Structural feature `originalClassFile` sets `ordered` while `upperBound=1`; this has no effect [WARN  ecore_rs::parser::raw] Structural feature `member` sets `ordered` while `upperBound=1`; this has no effect [WARN  ecore_rs::parser::raw] `eOpposite` attributes are currently not supported, ignoring [WARN  ecore_rs::parser::raw] Structural feature `value` sets `ordered` while `upperBound=1`; this has no effect [WARN  ecore_rs::parser::raw] Structural feature `default` sets `ordered` while `upperBound=1`; this has no effect [WARN  ecore_rs::parser::raw] Structural feature `type` sets `ordered` while `upperBound=1`; this has no effect [WARN  ecore_rs::parser::raw] `eOpposite` attributes are currently not supported, ignoring [WARN  ecore_rs::parser::raw] `eOpposite` attributes are currently not supported, ignoring [WARN  ecore_rs::parser::raw] Structural feature `classInstanceCreation` sets `ordered` while `upperBound=1`; this has no effect [WARN  ecore_rs::parser::raw] `eOpposite` attributes are currently not supported, ignoring [WARN  ecore_rs::parser::raw] Structural feature `array` sets `ordered` while `upperBound=1`; this has no effect [WARN  ecore_rs::parser::raw] Structural feature `index` sets `ordered` while `upperBound=1`; this has no effect [WARN  ecore_rs::parser::raw] Structural feature `initializer` sets `ordered` while `upperBound=1`; this has no effect [WARN  ecore_rs::parser::raw] Structural feature `type` sets `ordered` while `upperBound=1`; this has no effect [WARN  ecore_rs::parser::raw] Structural feature `array` sets `ordered` while `upperBound=1`; this has no effect [WAR [output truncated after 4000 chars]"
modelset/raw-data/repo-ecore-all/data/tue-mdse/ocl-dataset/dataset/repos/sunwuliang/SlicingProject3.0/ClassModelSlicing/ecores/Projects.ecore,true,true,true,
modelset/raw-data/repo-ecore-all/data/tue-mdse/ocl-dataset/dataset/repos/sunwuliang/SlicingProject3.0/ClassModelSlicing/ecores/RoyalAndLoyal.ecore,true,true,true,
modelset/raw-data/repo-ecore-all/data/tue-mdse/ocl-dataset/dataset/repos/svn2github/projetseg/aoUrnToRamWorkspace/aoUrnToRam/metamodel/RAM.ecore,false,false,false,"parse: failed to parse modelset/raw-data/repo-ecore-all/data/tue-mdse/ocl-dataset/dataset/repos/svn2github/projetseg/aoUrnToRamWorkspace/aoUrnToRam/metamodel/RAM.ecore: unsupported `eType` path `ecore:EClass http://www.eclipse.org/emf/2002/Ecore#//EObject` failed to parse structural features failed to parse class `ContainerMap` line 486, column 150 current parser state: | `` | `    <eStructuralFeatures xsi:type=""ecore:EReference"" name=""value"" lowerBound=""1"" upperBound=""-1""` parsing failed"
modelset/raw-data/repo-ecore-all/data/tue-mdse/ocl-dataset/dataset/repos/svn2github/projetseg/jAoUrnToRam/metamodel/ram/RAM.ecore,false,false,false,"parse: failed to parse modelset/raw-data/repo-ecore-all/data/tue-mdse/ocl-dataset/dataset/repos/svn2github/projetseg/jAoUrnToRam/metamodel/ram/RAM.ecore: unsupported `eType` path `ecore:EClass http://www.eclipse.org/emf/2002/Ecore#//EObject` failed to parse structural features failed to parse class `ContainerMap` line 483, column 150 current parser state: | `` | `    <eStructuralFeatures xsi:type=""ecore:EReference"" name=""value"" lowerBound=""1"" upperBound=""-1""` parsing failed"
modelset/raw-data/repo-ecore-all/data/tue-mdse/ocl-dataset/dataset/repos/t-ho/textbe/model_gv/trunk/org.be.textbe.gv.model/metamodel/gv.ecore,true,true,true,
modelset/raw-data/repo-ecore-all/data/tue-mdse/ocl-dataset/dataset/repos/thibmeu/enseeiht/2IMA/GenieLogicielEtDesSystemes/BE/livrables/SimplePDL.ecore,true,true,true,
modelset/raw-data/repo-ecore-all/data/tue-mdse/ocl-dataset/dataset/repos/totem-mde/totem/totem.trm.reduce/transformation/metamodel/ColouredPetriNet.ecore,true,true,true,
modelset/raw-data/repo-ecore-all/data/tue-mdse/ocl-dataset/dataset/repos/utwente-fmt/COMET/Metamodels/uppaal_0.5.0.ecore,false,false,false,"parse: failed to parse modelset/raw-data/repo-ecore-all/data/tue-mdse/ocl-dataset/dataset/repos/utwente-fmt/COMET/Metamodels/uppaal_0.5.0.ecore: unexpected package content line 92, column 3 current parser state: | `<eSubpackages name=""core"" nsURI=""http://www.uni-paderborn.de/uppaal/core/0.4.0""` | `      nsPrefix=""core"">` parsing failed"
modelset/raw-data/repo-ecore-all/data/tue-mdse/ocl-dataset/dataset/repos/uwecl/MDSD-Praktikum/eclipse/ComponentBasedSystem/model/componentBasedSystem.ecore,false,false,false,"parse: failed to parse modelset/raw-data/repo-ecore-all/data/tue-mdse/ocl-dataset/dataset/repos/uwecl/MDSD-Praktikum/eclipse/ComponentBasedSystem/model/componentBasedSystem.ecore: expected tag `<details` failed to parse class annotation failed to parse class `ComponentBasedSystem` line 15, column 7 current parser state: | `<eAnnotations source=""http://www.eclipse.org/emf/2002/GenModel"">` | `        <details key=""documentation"" value=""Ensures, that the corresponding assembly contexts of the assembly connector are either allocated in the same container,&#xA;or their containers are linked.""/>` parsing failed"
modelset/raw-data/repo-ecore-all/data/tue-mdse/ocl-dataset/dataset/repos/varborx/org.eclipse.gmf.varbox.database/model/database.ecore,true,true,true,
modelset/raw-data/repo-ecore-all/data/tue-mdse/ocl-dataset/dataset/repos/veriatl/Compiler.Asm2boogie/fr.emn.atlanmod.ASM2Boogie.compiler/bin/metamodels/B.ecore,true,true,true,
modelset/raw-data/repo-ecore-all/data/tue-mdse/ocl-dataset/dataset/repos/veriatl/Compiler.Asm2boogie/fr.emn.atlanmod.ASM2Boogie.compiler/src/metamodels/graph.ecore,true,true,true,
modelset/raw-data/repo-ecore-all/data/tue-mdse/ocl-dataset/dataset/repos/veriatl/Compiler.Emftvm2Boogie/fr.emn.atlanmod.verigt.compiler/src/temp/simpleocl_base.ecore,true,false,false,"generate: timeout after 120s: /arachne/target/release/arachne generate modelset/raw-data/repo-ecore-all/data/tue-mdse/ocl-dataset/dataset/repos/veriatl/Compiler.Emftvm2Boogie/fr.emn.atlanmod.verigt.compiler/src/temp/simpleocl_base.ecore -o /var/folders/24/3kt9vzrj6qzd_r760kn9ybsm0000gn/T/arachne-modelset-wktvka86/generated-00110 -p modelset-00110-ddf16389 [INFO  arachne] Starting code generation [INFO  arachne_codegen] Validating configuration [INFO  arachne_codegen] Parsing ecore metamodel: ""modelset/raw-data/repo-ecore-all/data/tue-mdse/ocl-dataset/dataset/repos/veriatl/Compiler.Emftvm2Boogie/fr.emn.atlanmod.verigt.compiler/src/temp/simpleocl_base.ecore"" [WARN  ecore_rs::parser::raw] `eOpposite` attributes are currently not supported, ignoring [WARN  ecore_rs::parser::raw] `eOpposite` attributes are currently not supported, ignoring [WARN  ecore_rs::parser::raw] `eOpposite` attributes are currently not supported, ignoring [WARN  ecore_rs::parser::raw] `eOpposite` attributes are currently not supported, ignoring [WARN  ecore_rs::parser::raw] Structural feature `type` sets `ordered` while `upperBound=1`; this has no effect [WARN  ecore_rs::parser::raw] `eOpposite` attributes are currently not supported, ignoring [WARN  ecore_rs::parser::raw] Structural feature `ifExp3` sets `ordered` while `upperBound=1`; this has no effect [WARN  ecore_rs::parser::raw] `eOpposite` attributes are currently not supported, ignoring [WARN  ecore_rs::parser::raw] Structural feature `appliedProperty` sets `ordered` while `upperBound=1`; this has no effect [WARN  ecore_rs::parser::raw] `eOpposite` attributes are currently not supported, ignoring [WARN  ecore_rs::parser::raw] Structural feature `collection` sets `ordered` while `upperBound=1`; this has no effect [WARN  ecore_rs::parser::raw] `eOpposite` attributes are currently not supported, ignoring [WARN  ecore_rs::parser::raw] Structural feature `letExp` sets `ordered` while `upperBound=1`; this has no effect [WARN  ecore_rs::parser::raw] `eOpposite` attributes are currently not supported, ignoring [WARN  ecore_rs::parser::raw] Structural feature `loopExp` sets `ordered` while `upperBound=1`; this has no effect [WARN  ecore_rs::parser::raw] `eOpposite` attributes are currently not supported, ignoring [WARN  ecore_rs::parser::raw] Structural feature `parentOperation` sets `ordered` while `upperBound=1`; this has no effect [WARN  ecore_rs::parser::raw] `eOpposite` attributes are currently not supported, ignoring [WARN  ecore_rs::parser::raw] Structural feature `initializedVariable` sets `ordered` while `upperBound=1`; this has no effect [WARN  ecore_rs::parser::raw] `eOpposite` attributes are currently not supported, ignoring [WARN  ecore_rs::parser::raw] Structural feature `ifExp2` sets `ordered` while `upperBound=1`; this has no effect [WARN  ecore_rs::parser::raw] `eOpposite` attributes are currently not supported, ignoring [WARN  ecore_rs::parser::raw] Structural feature `owningOperation` sets `ordered` while `upperBound=1`; this has no effect [WARN  ecore_rs::parser::raw] `eOpposite` attributes are currently not supported, ignoring [WARN  ecore_rs::parser::raw] Structural feature `ifExp1` sets `ordered` while `upperBound=1`; this has no effect [WARN  ecore_rs::parser::raw] `eOpposite` attributes are currently not supported, ignoring [WARN  ecore_rs::parser::raw] Structural feature `owningAttribute` sets `ordered` while `upperBound=1`; this has no effect [WARN  ecore_rs::parser::raw] `eOpposite` attributes are currently not supported, ignoring [WARN  ecore_rs::parser::raw] Structural feature `appliedOperator` sets `ordered` while `upperBound=1`; this has no effect [WARN  ecore_rs::parser::raw] `eOpposite` attributes are currently not supported, ignoring [WARN  ecore_rs::parser::raw] Structural feature `referredVariable` sets `ordered` while `upperBound=1`; this has no effect [WARN  ecore_rs::parser::raw] `eOpposite` attributes are currently not supported, ignoring [WARN  ecore_rs::parser::raw] Structural feature `stringSymbol` sets `ordered` while `upperBound=1`; this has no effect [WARN  ecore_rs::parser::raw] Structural feature `stringSymbol` sets `unique` while `upperBound=1`; this has no effect [WARN  ecore_rs::parser::raw] Structural feature `booleanSymbol` sets `ordered` while `upperBound=1`; this has no effect [output truncated after 4000 chars]"
modelset/raw-data/repo-ecore-all/data/tue-mdse/ocl-dataset/dataset/repos/veriatl/Compiler.VeriATL/veriatl.compiler.cs.nuim.ie/ER2REL_EXP/Source/SRCMM/ER.ecore,true,true,true,
modelset/raw-data/repo-ecore-all/data/tue-mdse/ocl-dataset/dataset/repos/veriatl/VeriATL/fr.emn.atlanmod.veriatl.casestudy.base/BIB2DOC/BibTeX.ecore,false,false,false,"parse: failed to parse modelset/raw-data/repo-ecore-all/data/tue-mdse/ocl-dataset/dataset/repos/veriatl/VeriATL/fr.emn.atlanmod.veriatl.casestudy.base/BIB2DOC/BibTeX.ecore: unexpected content at package level line 2, column 1 current parser state: | `<xmi:XMI xmi:version=""2.0"" xmlns:xmi=""http://www.omg.org/XMI"" xmlns:xsi=""http://www.w3.org/2001/XMLSchema-instance""` | `    xmlns:ecore=""http://www.eclipse.org/emf/2002/Ecore"">` parsing failed"
modelset/raw-data/repo-ecore-all/data/tue-mdse/ocl-dataset/dataset/repos/veriatl/VeriATL.CaseStudies/_HSM2FSM/Source/metamodel/FSM.ecore,true,true,true,
modelset/raw-data/repo-ecore-all/data/tue-mdse/ocl-dataset/dataset/repos/veriatl/VeriATL.CaseStudies/_HSM2FSM/Source/metamodel/HSM.ecore,true,true,true,
modelset/raw-data/repo-ecore-all/data/tue-mdse/ocl-dataset/dataset/repos/veriatl/veriatl_next/model/BIB2DOC/DocBook.ecore,true,true,true,
modelset/raw-data/repo-ecore-all/data/tue-mdse/ocl-dataset/dataset/repos/veriatl/veriatl_next/model2/Family2Person/Families.ecore,true,true,true,
modelset/raw-data/repo-ecore-all/data/tue-mdse/ocl-dataset/dataset/repos/veriatl/veriatl_next/model2/Family2Person/Persons.ecore,true,true,true,
modelset/raw-data/repo-ecore-all/data/tue-mdse/ocl-dataset/dataset/repos/viatra/EMF-IncQuery-Examples/school/school/model/school.ecore,true,true,true,
modelset/raw-data/repo-ecore-all/data/tue-mdse/ocl-dataset/dataset/repos/voblivion/ENSEEIHT/2A/GenieLogicielEtSystemes/BE/src/vdrouinv/livrables/SimplePDL.ecore,true,true,true,
modelset/raw-data/repo-ecore-all/data/tue-mdse/ocl-dataset/dataset/repos/voblivion/ENSEEIHT/2A/GenieLogicielEtSystemes/TP5/TP5/SimplePDL.ecore,true,true,true,
modelset/raw-data/repo-ecore-all/data/tue-mdse/ocl-dataset/dataset/repos/voblivion/ENSEEIHT/2A/GenieLogicielEtSystemes/TP6/SimplePDL.ecore,true,true,true,
modelset/raw-data/repo-ecore-all/data/tue-mdse/ocl-dataset/dataset/repos/zouhairireda/xtext-ocl-xtend-poc/org.poc.idm.acceleo.test/model/education.ecore,false,false,false,"parse: failed to parse modelset/raw-data/repo-ecore-all/data/tue-mdse/ocl-dataset/dataset/repos/zouhairireda/xtext-ocl-xtend-poc/org.poc.idm.acceleo.test/model/education.ecore: unknown builtit class URL `http://www.eclipse.org/emf/2002/Ecore#//EDate` failed to parse structural features failed to parse class `Student` line 12, column 146 current parser state: | `` | `  </eClassifiers>` parsing failed"
modelset/raw-data/repo-ecore-all/data/tue-mdse/ocl-dataset/dataset-mtl/repos/Danita25/Tesina/Tutorial/model/Tutorial.ecore,false,false,false,"parse: failed to parse modelset/raw-data/repo-ecore-all/data/tue-mdse/ocl-dataset/dataset-mtl/repos/Danita25/Tesina/Tutorial/model/Tutorial.ecore: unknown builtit class URL `http://www.eclipse.org/emf/2002/Ecore#//EBigInteger` failed to parse structural features failed to parse class `Book` line 44, column 86 current parser state: | `` | `    <eStructuralFeatures xsi:type=""ecore:EReference"" name=""library"" eType=""#//Library""` parsing failed"
modelset/raw-data/repo-ecore-all/data/tue-mdse/ocl-dataset/dataset-mtl/repos/DevBoost/EMFText-Zoo/BreedingStation/Prolog/org.emftext.language.prolog/metamodel/prolog.ecore,true,true,true,
modelset/raw-data/repo-ecore-all/data/tue-mdse/ocl-dataset/dataset-mtl/repos/DevBoost/EMFText-Zoo/Inhabitants/B/org.emftext.language.b/metamodel/B.ecore,false,false,false,"parse: failed to parse modelset/raw-data/repo-ecore-all/data/tue-mdse/ocl-dataset/dataset-mtl/repos/DevBoost/EMFText-Zoo/Inhabitants/B/org.emftext.language.b/metamodel/B.ecore: unknown builtit class URL `http://www.eclipse.org/emf/2002/Ecore#//EIntegerObject` failed to parse structural features failed to parse class `VariableList` line 40, column 146 current parser state: | `` | `    <eStructuralFeatures xsi:type=""ecore:EReference"" name=""variables"" upperBound=""-1""` parsing failed"
modelset/raw-data/repo-ecore-all/data/tue-mdse/ocl-dataset/dataset-mtl/repos/DevBoost/EMFText-Zoo/Inhabitants/BibTeX/org.emftext.language.bibtex/metamodel/bibtex.ecore,true,true,true,
modelset/raw-data/repo-ecore-all/data/tue-mdse/ocl-dataset/dataset-mtl/repos/DevBoost/EMFText-Zoo/Inhabitants/DOT/org.emftext.language.dot/metamodel/dot.ecore,true,true,true,
modelset/raw-data/repo-ecore-all/data/tue-mdse/ocl-dataset/dataset-mtl/repos/DevBoost/EMFText-Zoo/Inhabitants/Feature/org.emftext.language.feature/metamodel/feature.ecore,true,true,true,
modelset/raw-data/repo-ecore-all/data/tue-mdse/ocl-dataset/dataset-mtl/repos/DevBoost/EMFText-Zoo/Inhabitants/Forms/org.emftext.language.forms/metamodel/forms.ecore,true,true,true,
modelset/raw-data/repo-ecore-all/data/tue-mdse/ocl-dataset/dataset-mtl/repos/DevBoost/EMFText-Zoo/Inhabitants/SQL/org.emftext.language.sql/metamodel/sql.ecore,false,false,false,"parse: failed to parse modelset/raw-data/repo-ecore-all/data/tue-mdse/ocl-dataset/dataset-mtl/repos/DevBoost/EMFText-Zoo/Inhabitants/SQL/org.emftext.language.sql/metamodel/sql.ecore: unexpected package content line 6, column 3 current parser state: | `<eSubpackages name=""sqlDataTypes"" nsURI=""http://www.emftext.org/language/sql/dataTypes""` | `      nsPrefix=""sqlDataTypes"">` parsing failed"
modelset/raw-data/repo-ecore-all/data/tue-mdse/ocl-dataset/dataset-mtl/repos/GRA-UML/tool/plugins/org.ijis.gra.annotation/src/main/resources/model/types.ecore,true,true,true,
modelset/raw-data/repo-ecore-all/data/tue-mdse/ocl-dataset/dataset-mtl/repos/Gabitchov/org.eclipse.papyrus/sandbox/Alf/org.eclipse.papyrus.alf/src-gen/org/eclipse/papyrus/alf/Alf.ecore,false,false,false,"parse: failed to parse modelset/raw-data/repo-ecore-all/data/tue-mdse/ocl-dataset/dataset-mtl/repos/Gabitchov/org.eclipse.papyrus/sandbox/Alf/org.eclipse.papyrus.alf/src-gen/org/eclipse/papyrus/alf/Alf.ecore: unsupported `eType` path `ecore:EClass http://www.eclipse.org/emf/2002/Ecore#//EObject` failed to parse structural features failed to parse class `SequenceOperationOrReductionOrExpansion` line 675, column 29 current parser state: | `` | `    <eStructuralFeatures xsi:type=""ecore:EReference"" name=""tuple"" eType=""#//Tuple""` parsing failed"
modelset/raw-data/repo-ecore-all/data/tue-mdse/ocl-dataset/dataset-mtl/repos/IngServioPantoja/UAndesSirius/uniandes.mdd.example.create-xtext/uniandes.mdd.example.create-xtext/model/petrinet.ecore,true,true,true,
modelset/raw-data/repo-ecore-all/data/tue-mdse/ocl-dataset/dataset-mtl/repos/Jamzeroth/WorkspacesMG/Juno/EMF.example.StateMachine/model/StateMachine.ecore,true,true,true,
modelset/raw-data/repo-ecore-all/data/tue-mdse/ocl-dataset/dataset-mtl/repos/Jamzeroth/WorkspacesMG/Mars/EMFStateMachineG/model/StateMachine.ecore,true,true,true,
modelset/raw-data/repo-ecore-all/data/tue-mdse/ocl-dataset/dataset-mtl/repos/Jamzeroth/WorkspacesMG/Mars/GMFStateMachine/StateMachine.ecore,true,true,true,
modelset/raw-data/repo-ecore-all/data/tue-mdse/ocl-dataset/dataset-mtl/repos/Jamzeroth/WorkspacesMG/runtime-EclipseApplication/Customization/Dsls_MODIFICATE/StateMachine.ecore,true,true,true,
modelset/raw-data/repo-ecore-all/data/tue-mdse/ocl-dataset/dataset-mtl/repos/Jamzeroth/WorkspacesMG/runtime-EclipseApplication/Customization/ORIGINAL(PLEASE DO NOT CHANGE)/StateMachine.ecore,true,true,true,
modelset/raw-data/repo-ecore-all/data/tue-mdse/ocl-dataset/dataset-mtl/repos/LangleyStudios/eclipse-avro/test/org.eclipse.emf.examples.library/model/extlibrary.ecore,false,false,false,"parse: failed to parse modelset/raw-data/repo-ecore-all/data/tue-mdse/ocl-dataset/dataset-mtl/repos/LangleyStudios/eclipse-avro/test/org.eclipse.emf.examples.library/model/extlibrary.ecore: expected tag `>` failed to parse structural feature annotation failed to parse structural features failed to parse class `Library` line 26, column 65 current parser state: | `/>` | `    </eStructuralFeatures>` parsing failed"
modelset/raw-data/repo-ecore-all/data/tue-mdse/ocl-dataset/dataset-mtl/repos/LeCedric/myRepository/com.tad.school/model/School.ecore,true,true,true,
modelset/raw-data/repo-ecore-all/data/tue-mdse/ocl-dataset/dataset-mtl/repos/MDEGroup/EMFMigrate/emftext-based/emig-dsl/emftext-ocl/it.univaq.coevolution.emfmigrate.EmigOcl/metamodel/EmigOcl.ecore,true,false,false,"generate: timeout after 120s: /arachne/target/release/arachne generate modelset/raw-data/repo-ecore-all/data/tue-mdse/ocl-dataset/dataset-mtl/repos/MDEGroup/EMFMigrate/emftext-based/emig-dsl/emftext-ocl/it.univaq.coevolution.emfmigrate.EmigOcl/metamodel/EmigOcl.ecore -o /var/folders/24/3kt9vzrj6qzd_r760kn9ybsm0000gn/T/arachne-modelset-wktvka86/generated-00141 -p modelset-00141-7370b4b9 [INFO  arachne] Starting code generation [INFO  arachne_codegen] Validating configuration [INFO  arachne_codegen] Parsing ecore metamodel: ""modelset/raw-data/repo-ecore-all/data/tue-mdse/ocl-dataset/dataset-mtl/repos/MDEGroup/EMFMigrate/emftext-based/emig-dsl/emftext-ocl/it.univaq.coevolution.emfmigrate.EmigOcl/metamodel/EmigOcl.ecore"" [WARN  ecore_rs::parser::raw] Structural feature `type` sets `ordered` while `upperBound=1`; this has no effect [WARN  ecore_rs::parser::raw] `eOpposite` attributes are currently not supported, ignoring [WARN  ecore_rs::parser::raw] Structural feature `ifExp3` sets `ordered` while `upperBound=1`; this has no effect [WARN  ecore_rs::parser::raw] `eOpposite` attributes are currently not supported, ignoring [WARN  ecore_rs::parser::raw] Structural feature `appliedProperty` sets `ordered` while `upperBound=1`; this has no effect [WARN  ecore_rs::parser::raw] `eOpposite` attributes are currently not supported, ignoring [WARN  ecore_rs::parser::raw] Structural feature `collection` sets `ordered` while `upperBound=1`; this has no effect [WARN  ecore_rs::parser::raw] `eOpposite` attributes are currently not supported, ignoring [WARN  ecore_rs::parser::raw] Structural feature `letExp` sets `ordered` while `upperBound=1`; this has no effect [WARN  ecore_rs::parser::raw] `eOpposite` attributes are currently not supported, ignoring [WARN  ecore_rs::parser::raw] Structural feature `loopExp` sets `ordered` while `upperBound=1`; this has no effect [WARN  ecore_rs::parser::raw] `eOpposite` attributes are currently not supported, ignoring [WARN  ecore_rs::parser::raw] Structural feature `parentOperation` sets `ordered` while `upperBound=1`; this has no effect [WARN  ecore_rs::parser::raw] `eOpposite` attributes are currently not supported, ignoring [WARN  ecore_rs::parser::raw] Structural feature `initializedVariable` sets `ordered` while `upperBound=1`; this has no effect [WARN  ecore_rs::parser::raw] `eOpposite` attributes are currently not supported, ignoring [WARN  ecore_rs::parser::raw] Structural feature `ifExp2` sets `ordered` while `upperBound=1`; this has no effect [WARN  ecore_rs::parser::raw] `eOpposite` attributes are currently not supported, ignoring [WARN  ecore_rs::parser::raw] Structural feature `owningOperation` sets `ordered` while `upperBound=1`; this has no effect [WARN  ecore_rs::parser::raw] `eOpposite` attributes are currently not supported, ignoring [WARN  ecore_rs::parser::raw] Structural feature `ifExp1` sets `ordered` while `upperBound=1`; this has no effect [WARN  ecore_rs::parser::raw] `eOpposite` attributes are currently not supported, ignoring [WARN  ecore_rs::parser::raw] Structural feature `owningAttribute` sets `ordered` while `upperBound=1`; this has no effect [WARN  ecore_rs::parser::raw] `eOpposite` attributes are currently not supported, ignoring [WARN  ecore_rs::parser::raw] Structural feature `referredVariable` sets `ordered` while `upperBound=1`; this has no effect [WARN  ecore_rs::parser::raw] `eOpposite` attributes are currently not supported, ignoring [WARN  ecore_rs::parser::raw] Structural feature `stringSymbol` sets `ordered` while `upperBound=1`; this has no effect [WARN  ecore_rs::parser::raw] Structural feature `stringSymbol` sets `unique` while `upperBound=1`; this has no effect [WARN  ecore_rs::parser::raw] Structural feature `booleanSymbol` sets `ordered` while `upperBound=1`; this has no effect [WARN  ecore_rs::parser::raw] Structural feature `booleanSymbol` sets `unique` while `upperBound=1`; this has no effect [WARN  ecore_rs::parser::raw] Structural feature `realSymbol` sets `ordered` while `upperBound=1`; this has no effect [WARN  ecore_rs::parser::raw] Structural feature `realSymbol` sets `unique` while `upperBound=1`; this has no effect [WARN  ecore_rs::parser::raw] Structural feature `integerSymbol` sets `ordered` while `upperBound=1`; this has no effect [WARN  ecore_rs::parser::raw] Structural feature `integerSymbol` sets [output truncated after 4000 chars]"
modelset/raw-data/repo-ecore-all/data/tue-mdse/ocl-dataset/dataset-mtl/repos/MDEGroup/EMFMigrate/emftext-based/emig-dsl/ocl/it.univaq.coevolution.emfmigrate/src-gen/it/univaq/coevolution/emfmigrate/Emig.ecore,false,false,false,"parse: failed to parse modelset/raw-data/repo-ecore-all/data/tue-mdse/ocl-dataset/dataset-mtl/repos/MDEGroup/EMFMigrate/emftext-based/emig-dsl/ocl/it.univaq.coevolution.emfmigrate/src-gen/it/univaq/coevolution/emfmigrate/Emig.ecore: unsupported `eType` path `ecore:EClass http://www.eclipse.org/emf/2002/Ecore#//EPackage` failed to parse structural features failed to parse class `MigrationProgram` line 25, column 111 current parser state: | `` | `    <eStructuralFeatures xsi:type=""ecore:EAttribute"" name=""delta"" eType=""ecore:EDataType http://www.eclipse.org/emf/2002/Ecore#//EString""/>` parsing failed"
modelset/raw-data/repo-ecore-all/data/tue-mdse/ocl-dataset/dataset-mtl/repos/MDEGroup/EMFMigrate/emftext-based/emig2epsilon-test/metamodel/simpleocl.ecore,true,false,false,"generate: timeout after 120s: /arachne/target/release/arachne generate modelset/raw-data/repo-ecore-all/data/tue-mdse/ocl-dataset/dataset-mtl/repos/MDEGroup/EMFMigrate/emftext-based/emig2epsilon-test/metamodel/simpleocl.ecore -o /var/folders/24/3kt9vzrj6qzd_r760kn9ybsm0000gn/T/arachne-modelset-wktvka86/generated-00143 -p modelset-00143-3ccc1e58 [INFO  arachne] Starting code generation [INFO  arachne_codegen] Validating configuration [INFO  arachne_codegen] Parsing ecore metamodel: ""modelset/raw-data/repo-ecore-all/data/tue-mdse/ocl-dataset/dataset-mtl/repos/MDEGroup/EMFMigrate/emftext-based/emig2epsilon-test/metamodel/simpleocl.ecore"" [WARN  ecore_rs::parser::raw] `eOpposite` attributes are currently not supported, ignoring [WARN  ecore_rs::parser::raw] `eOpposite` attributes are currently not supported, ignoring [WARN  ecore_rs::parser::raw] `eOpposite` attributes are currently not supported, ignoring [WARN  ecore_rs::parser::raw] `eOpposite` attributes are currently not supported, ignoring [WARN  ecore_rs::parser::raw] Structural feature `type` sets `ordered` while `upperBound=1`; this has no effect [WARN  ecore_rs::parser::raw] `eOpposite` attributes are currently not supported, ignoring [WARN  ecore_rs::parser::raw] Structural feature `ifExp3` sets `ordered` while `upperBound=1`; this has no effect [WARN  ecore_rs::parser::raw] `eOpposite` attributes are currently not supported, ignoring [WARN  ecore_rs::parser::raw] Structural feature `appliedProperty` sets `ordered` while `upperBound=1`; this has no effect [WARN  ecore_rs::parser::raw] `eOpposite` attributes are currently not supported, ignoring [WARN  ecore_rs::parser::raw] Structural feature `letExp` sets `ordered` while `upperBound=1`; this has no effect [WARN  ecore_rs::parser::raw] `eOpposite` attributes are currently not supported, ignoring [WARN  ecore_rs::parser::raw] Structural feature `loopExp` sets `ordered` while `upperBound=1`; this has no effect [WARN  ecore_rs::parser::raw] `eOpposite` attributes are currently not supported, ignoring [WARN  ecore_rs::parser::raw] Structural feature `parentOperation` sets `ordered` while `upperBound=1`; this has no effect [WARN  ecore_rs::parser::raw] `eOpposite` attributes are currently not supported, ignoring [WARN  ecore_rs::parser::raw] Structural feature `initializedVariable` sets `ordered` while `upperBound=1`; this has no effect [WARN  ecore_rs::parser::raw] `eOpposite` attributes are currently not supported, ignoring [WARN  ecore_rs::parser::raw] Structural feature `ifExp2` sets `ordered` while `upperBound=1`; this has no effect [WARN  ecore_rs::parser::raw] `eOpposite` attributes are currently not supported, ignoring [WARN  ecore_rs::parser::raw] Structural feature `owningOperation` sets `ordered` while `upperBound=1`; this has no effect [WARN  ecore_rs::parser::raw] `eOpposite` attributes are currently not supported, ignoring [WARN  ecore_rs::parser::raw] Structural feature `ifExp1` sets `ordered` while `upperBound=1`; this has no effect [WARN  ecore_rs::parser::raw] `eOpposite` attributes are currently not supported, ignoring [WARN  ecore_rs::parser::raw] Structural feature `owningAttribute` sets `ordered` while `upperBound=1`; this has no effect [WARN  ecore_rs::parser::raw] `eOpposite` attributes are currently not supported, ignoring [WARN  ecore_rs::parser::raw] Structural feature `appliedOperator` sets `ordered` while `upperBound=1`; this has no effect [WARN  ecore_rs::parser::raw] `eOpposite` attributes are currently not supported, ignoring [WARN  ecore_rs::parser::raw] Structural feature `referredVariable` sets `ordered` while `upperBound=1`; this has no effect [WARN  ecore_rs::parser::raw] `eOpposite` attributes are currently not supported, ignoring [WARN  ecore_rs::parser::raw] Structural feature `stringSymbol` sets `ordered` while `upperBound=1`; this has no effect [WARN  ecore_rs::parser::raw] Structural feature `stringSymbol` sets `unique` while `upperBound=1`; this has no effect [WARN  ecore_rs::parser::raw] Structural feature `booleanSymbol` sets `ordered` while `upperBound=1`; this has no effect [WARN  ecore_rs::parser::raw] Structural feature `booleanSymbol` sets `unique` while `upperBound=1`; this has no effect [WARN  ecore_rs::parser::raw] Structural feature `realSymbol` sets `ordered` while `upperBound=1`; [output truncated after 4000 chars]"
modelset/raw-data/repo-ecore-all/data/tue-mdse/ocl-dataset/dataset-mtl/repos/MDEGroup/EMFMigrate/emftext-based/emig2epsilon-test/useCase/ant/Ecore.ecore,false,false,false,"parse: failed to parse modelset/raw-data/repo-ecore-all/data/tue-mdse/ocl-dataset/dataset-mtl/repos/MDEGroup/EMFMigrate/emftext-based/emig2epsilon-test/useCase/ant/Ecore.ecore: Missing attribute `eType` in structural feature `instanceClass` failed to parse structural features failed to parse class `EClassifier` line 110, column 57 current parser state: | `` | `      <eGenericType eClassifier=""#//EJavaClass"">` parsing failed"
modelset/raw-data/repo-ecore-all/data/tue-mdse/ocl-dataset/dataset-mtl/repos/MDEGroup/EMFMigrate/xtext-based/it.univaq.coevolution.emfmigrate.tests/test-data/PetriNetMM0.ecore,true,true,true,
modelset/raw-data/repo-ecore-all/data/tue-mdse/ocl-dataset/dataset-mtl/repos/MDEGroup/EMFMigrate/xtext-based/utils/EcoreDiff2EDelta/it.univaq.coevolution.emfmigrate.utils.ECoreDiff2EDelta/metamodel/evoPetrinet.ecore,false,false,false,"parse: failed to parse modelset/raw-data/repo-ecore-all/data/tue-mdse/ocl-dataset/dataset-mtl/repos/MDEGroup/EMFMigrate/xtext-based/utils/EcoreDiff2EDelta/it.univaq.coevolution.emfmigrate.utils.ECoreDiff2EDelta/metamodel/evoPetrinet.ecore: unexpected content at package level line 2, column 1 current parser state: | `<xmi:XMI xmi:version=""2.0""` | `    xmlns:xmi=""http://www.omg.org/XMI"" xmlns:xsi=""http://www.w3.org/2001/XMLSchema-instance""` parsing failed"
modelset/raw-data/repo-ecore-all/data/tue-mdse/ocl-dataset/dataset-mtl/repos/Maluen/acceleo-coevolution/it.univaq.disim.mde.acceleo-bnr-coevolution/models/Webapp.ecore,true,true,true,
modelset/raw-data/repo-ecore-all/data/tue-mdse/ocl-dataset/dataset-mtl/repos/ModelEngineeringBooks/MDSEBook/Chapter_7_GCS/mdse.book.swml/model/sWML.ecore,true,true,true,
modelset/raw-data/repo-ecore-all/data/tue-mdse/ocl-dataset/dataset-mtl/repos/ModelEngineeringBooks/MDSEBook/Chapter_8_inplace/mdse.book.transformation.m2m.inplace/MM/sWML.ecore,true,true,true,
modelset/raw-data/repo-ecore-all/data/tue-mdse/ocl-dataset/dataset-mtl/repos/ObeoNetwork/InformationSystem/models/database/plugins/org.obeonetwork.dsl.database/model/database.ecore,false,false,false,"parse: failed to parse modelset/raw-data/repo-ecore-all/data/tue-mdse/ocl-dataset/dataset-mtl/repos/ObeoNetwork/InformationSystem/models/database/plugins/org.obeonetwork.dsl.database/model/database.ecore: unsupported `eType` path `ecore:EClass ../../org.obeonetwork.dsl.typeslibrary/model/typeslibrary.ecore#//UserDefinedTypesLibrary` failed to parse structural features failed to parse class `DataBase` line 15, column 29 current parser state: | `` | `  </eClassifiers>` parsing failed"
modelset/raw-data/repo-ecore-all/data/tue-mdse/ocl-dataset/dataset-mtl/repos/ObeoNetwork/SPEM-Designer/org.obeonetwork.dsl.spem.extension.activity.design/description/My.ecore,false,false,false,"parse: failed to parse modelset/raw-data/repo-ecore-all/data/tue-mdse/ocl-dataset/dataset-mtl/repos/ObeoNetwork/SPEM-Designer/org.obeonetwork.dsl.spem.extension.activity.design/description/My.ecore: unsupported `eType` path `../../org.obeonetwork.dsl.spem/model/spem2.ecore#//Kind` line 6, column 121 current parser state: | `` | `  <eClassifiers xsi:type=""ecore:EClass"" name=""B"" eSuperTypes=""platform:/plugin/org.eclipse.uml2.uml/model/UML.ecore#//Action""/>` parsing failed"
modelset/raw-data/repo-ecore-all/data/tue-mdse/ocl-dataset/dataset-mtl/repos/PETILLON-Sebastien/idm2_arduino_extension/language/fr.obeo.dsl.arduino/model/arduino.ecore,true,true,true,
modelset/raw-data/repo-ecore-all/data/tue-mdse/ocl-dataset/dataset-mtl/repos/RobotML/RobotML-SDK-Juno/plugins/robotml/org.eclipse.papyrus.robotml/model/types.ecore,true,true,true,
modelset/raw-data/repo-ecore-all/data/tue-mdse/ocl-dataset/dataset-mtl/repos/UrsZeidler/shr5rcp/de.urszeidler.shr5.management.model/model/shr5Management.ecore,false,false,false,"parse: failed to parse modelset/raw-data/repo-ecore-all/data/tue-mdse/ocl-dataset/dataset-mtl/repos/UrsZeidler/shr5rcp/de.urszeidler.shr5.management.model/model/shr5Management.ecore: unsupported `eType` path `ecore:EClass ../../de.urszeidler.shr5.model/model/shr5.ecore#//AbstraktPersona` failed to parse structural features failed to parse class `ManagedCharacter` line 10, column 29 current parser state: | `` | `    <eStructuralFeatures xsi:type=""ecore:EReference"" name=""changes"" upperBound=""-1""` parsing failed"
modelset/raw-data/repo-ecore-all/data/tue-mdse/ocl-dataset/dataset-mtl/repos/UrsZeidler/shr5rcp/de.urszeidler.shr5.model/model/shadowrun.ecore,false,false,false,"parse: failed to parse modelset/raw-data/repo-ecore-all/data/tue-mdse/ocl-dataset/dataset-mtl/repos/UrsZeidler/shr5rcp/de.urszeidler.shr5.model/model/shadowrun.ecore: unknown builtit class URL `http://www.eclipse.org/emf/2002/Ecore#//EBigDecimal` failed to parse structural features failed to parse class `GeldWert` line 152, column 143 current parser state: | `` | `    <eStructuralFeatures xsi:type=""ecore:EAttribute"" name=""strassenIndex"" eType=""ecore:EDataType http://www.eclipse.org/emf/2002/Ecore#//EFloat""/>` parsing failed"
modelset/raw-data/repo-ecore-all/data/tue-mdse/ocl-dataset/dataset-mtl/repos/UrsZeidler/shr5rcp/de.urszeidler.shr5.model/model/shr5.ecore,false,false,false,"parse: failed to parse modelset/raw-data/repo-ecore-all/data/tue-mdse/ocl-dataset/dataset-mtl/repos/UrsZeidler/shr5rcp/de.urszeidler.shr5.model/model/shr5.ecore: unknown builtit class URL `http://www.eclipse.org/emf/2002/Ecore#//EBigDecimal` failed to parse structural features failed to parse class `GeldWert` line 69, column 61 current parser state: | `` | `      <eAnnotations source=""http://www.eclipse.org/emf/2002/GenModel"">` parsing failed"
modelset/raw-data/repo-ecore-all/data/tue-mdse/ocl-dataset/dataset-mtl/repos/aangenieux/capillary/capillary-transformation/src/main/resources/org/clinigrid/capillary/transformation/Types.ecore,false,false,false,"parse: failed to parse modelset/raw-data/repo-ecore-all/data/tue-mdse/ocl-dataset/dataset-mtl/repos/aangenieux/capillary/capillary-transformation/src/main/resources/org/clinigrid/capillary/transformation/Types.ecore: unsupported `eType` path `ecore:EClass http://www.eclipse.org/emf/2002/Ecore#//EClass` failed to parse structural features failed to parse class `ObjectType` line 17, column 78 current parser state: | `` | `  </eClassifiers>` parsing failed"
modelset/raw-data/repo-ecore-all/data/tue-mdse/ocl-dataset/dataset-mtl/repos/ablunk/dmx/dev-plugins/hub.sam.dmx/resources/dbl-before-july-2014/dbl.ecore,false,false,false,"parse: failed to parse modelset/raw-data/repo-ecore-all/data/tue-mdse/ocl-dataset/dataset-mtl/repos/ablunk/dmx/dev-plugins/hub.sam.dmx/resources/dbl-before-july-2014/dbl.ecore: unknown builtit class URL `http://www.eclipse.org/emf/2002/Ecore#//EBigInteger` failed to parse structural features failed to parse class `TestStatement` line 521, column 144 current parser state: | `` | `  </eClassifiers>` parsing failed"
modelset/raw-data/repo-ecore-all/data/tue-mdse/ocl-dataset/dataset-mtl/repos/ablunk/dmx/dev-plugins/hub.sam.dmx/resources/dbl-before-july-2015/dbl.ecore,true,false,false,"generate: timeout after 120s: /arachne/target/release/arachne generate modelset/raw-data/repo-ecore-all/data/tue-mdse/ocl-dataset/dataset-mtl/repos/ablunk/dmx/dev-plugins/hub.sam.dmx/resources/dbl-before-july-2015/dbl.ecore -o /var/folders/24/3kt9vzrj6qzd_r760kn9ybsm0000gn/T/arachne-modelset-wktvka86/generated-00159 -p modelset-00159-7b0eca44 [INFO  arachne] Starting code generation [INFO  arachne_codegen] Validating configuration [INFO  arachne_codegen] Parsing ecore metamodel: ""modelset/raw-data/repo-ecore-all/data/tue-mdse/ocl-dataset/dataset-mtl/repos/ablunk/dmx/dev-plugins/hub.sam.dmx/resources/dbl-before-july-2015/dbl.ecore"" [INFO  arachne_codegen] Generating Rust tokens"
modelset/raw-data/repo-ecore-all/data/tue-mdse/ocl-dataset/dataset-mtl/repos/ablunk/dmx/dev-plugins/hub.sam.dmx/resources/dbl-before-october-2015/dbl.ecore,true,false,false,"generate: timeout after 120s: /arachne/target/release/arachne generate modelset/raw-data/repo-ecore-all/data/tue-mdse/ocl-dataset/dataset-mtl/repos/ablunk/dmx/dev-plugins/hub.sam.dmx/resources/dbl-before-october-2015/dbl.ecore -o /var/folders/24/3kt9vzrj6qzd_r760kn9ybsm0000gn/T/arachne-modelset-wktvka86/generated-00160 -p modelset-00160-ea563b9e [INFO  arachne] Starting code generation [INFO  arachne_codegen] Validating configuration [INFO  arachne_codegen] Parsing ecore metamodel: ""modelset/raw-data/repo-ecore-all/data/tue-mdse/ocl-dataset/dataset-mtl/repos/ablunk/dmx/dev-plugins/hub.sam.dmx/resources/dbl-before-october-2015/dbl.ecore"" [WARN  ecore_rs::parser::raw] `eOpposite` attributes are currently not supported, ignoring [WARN  ecore_rs::parser::raw] `eOpposite` attributes are currently not supported, ignoring [INFO  arachne_codegen] Generating Rust tokens"
modelset/raw-data/repo-ecore-all/data/tue-mdse/ocl-dataset/dataset-mtl/repos/ablunk/dmx/dev-plugins/hub.sam.dmx/resources/dbl.ecore,true,false,false,"generate: timeout after 120s: /arachne/target/release/arachne generate modelset/raw-data/repo-ecore-all/data/tue-mdse/ocl-dataset/dataset-mtl/repos/ablunk/dmx/dev-plugins/hub.sam.dmx/resources/dbl.ecore -o /var/folders/24/3kt9vzrj6qzd_r760kn9ybsm0000gn/T/arachne-modelset-wktvka86/generated-00161 -p modelset-00161-f22b6ab5 [INFO  arachne] Starting code generation [INFO  arachne_codegen] Validating configuration [INFO  arachne_codegen] Parsing ecore metamodel: ""modelset/raw-data/repo-ecore-all/data/tue-mdse/ocl-dataset/dataset-mtl/repos/ablunk/dmx/dev-plugins/hub.sam.dmx/resources/dbl.ecore"" [WARN  ecore_rs::parser::raw] `eOpposite` attributes are currently not supported, ignoring [WARN  ecore_rs::parser::raw] `eOpposite` attributes are currently not supported, ignoring [INFO  arachne_codegen] Generating Rust tokens"
modelset/raw-data/repo-ecore-all/data/tue-mdse/ocl-dataset/dataset-mtl/repos/adilinam/QVTdCaseStudy/org.eclipse.ocl.examples.impactanalyzer.testmodel.ngpm/model/behavioral.ecore,false,false,false,"parse: failed to parse modelset/raw-data/repo-ecore-all/data/tue-mdse/ocl-dataset/dataset-mtl/repos/adilinam/QVTdCaseStudy/org.eclipse.ocl.examples.impactanalyzer.testmodel.ngpm/model/behavioral.ecore: unexpected package content line 15, column 3 current parser state: | `<eSubpackages name=""bpdm"" nsURI=""http://eclipse.org/ocl/examples/impactanalyzer/testmodel/ngpm/behavioral/bpdm.ecore""` | `      nsPrefix=""behavioral.bpdm"">` parsing failed"
modelset/raw-data/repo-ecore-all/data/tue-mdse/ocl-dataset/dataset-mtl/repos/adilinam/QVTdCaseStudy/org.eclipse.ocl.examples.xtext.tests/src/org/eclipse/ocl/examples/test/xtext/models/QVT.ecore,false,false,false,"parse: failed to parse modelset/raw-data/repo-ecore-all/data/tue-mdse/ocl-dataset/dataset-mtl/repos/adilinam/QVTdCaseStudy/org.eclipse.ocl.examples.xtext.tests/src/org/eclipse/ocl/examples/test/xtext/models/QVT.ecore: unexpected content at package level line 2, column 1 current parser state: | `<xmi:XMI xmi:version=""2.0"" xmlns:xmi=""http://www.omg.org/XMI"" xmlns:xsi=""http://www.w3.org/2001/XMLSchema-instance""` | `    xmlns:ecore=""http://www.eclipse.org/emf/2002/Ecore"">` parsing failed"
modelset/raw-data/repo-ecore-all/data/tue-mdse/ocl-dataset/dataset-mtl/repos/adilinam/QVTdCaseStudy/org.eclipse.ocl.pivot/model-gen/oclstdlib.ecore,false,false,false,"parse: failed to parse modelset/raw-data/repo-ecore-all/data/tue-mdse/ocl-dataset/dataset-mtl/repos/adilinam/QVTdCaseStudy/org.eclipse.ocl.pivot/model-gen/oclstdlib.ecore: expected tag `>` failed to parse package annotation line 4, column 62 current parser state: | `/>` | `  <eClassifiers xsi:type=""ecore:EDataType"" name=""Boolean"" instanceClassName=""java.lang.Boolean""/>` parsing failed"
modelset/raw-data/repo-ecore-all/data/tue-mdse/ocl-dataset/dataset-mtl/repos/adilinam/QVTdCaseStudy/org.eclipse.qvt/model/traditionalEcore/QVTOperational.ecore,false,false,false,"parse: failed to parse modelset/raw-data/repo-ecore-all/data/tue-mdse/ocl-dataset/dataset-mtl/repos/adilinam/QVTdCaseStudy/org.eclipse.qvt/model/traditionalEcore/QVTOperational.ecore: unexpected package attribute `xmi:id` expected one of `name` `nsURI` `nsPrefix` `xmi:version` `xmlns:xmi` `xmlns:xsi` `xmlns:ecore` line 2, column 200 current parser state: | `name=""QVTOperational"" nsURI=""http://schema.omg.org/spec/QVT/1.1/qvtoperational.xml"" nsPrefix=""qvtoperational"">` | `  <eClassifiers xsi:type=""ecore:EClass"" xmi:id=""QVTOperational.Constructor"" name=""Constructor"" eSuperTypes=""QVTOperational.ImperativeOperation""/>` parsing failed"
modelset/raw-data/repo-ecore-all/data/tue-mdse/ocl-dataset/dataset-mtl/repos/adilinam/QVTdCaseStudy/org.eclipse.qvt.declarative.emof.essentialocl/model/EssentialOCL.ecore,false,false,false,"parse: failed to parse modelset/raw-data/repo-ecore-all/data/tue-mdse/ocl-dataset/dataset-mtl/repos/adilinam/QVTdCaseStudy/org.eclipse.qvt.declarative.emof.essentialocl/model/EssentialOCL.ecore: unexpected package attribute `xmi:id` expected one of `name` `nsURI` `nsPrefix` `xmi:version` `xmlns:xmi` `xmlns:xsi` `xmlns:ecore` line 5, column 5 current parser state: | `name=""EssentialOCL"" nsURI=""http://schema.omg.org/spec/QVT/1.1/essentialocl.xml""` | `    nsPrefix=""essentialocl"">` parsing failed"
modelset/raw-data/repo-ecore-all/data/tue-mdse/ocl-dataset/dataset-mtl/repos/adilinam/QVTdCaseStudy/org.eclipse.qvt.declarative.test.emof/src/org/eclipse/qvt/declarative/test/emof/rose/EssentialOCL.ecore,false,false,false,"parse: failed to parse modelset/raw-data/repo-ecore-all/data/tue-mdse/ocl-dataset/dataset-mtl/repos/adilinam/QVTdCaseStudy/org.eclipse.qvt.declarative.test.emof/src/org/eclipse/qvt/declarative/test/emof/rose/EssentialOCL.ecore: unexpected package attribute `xmi:id` expected one of `name` `nsURI` `nsPrefix` `xmi:version` `xmlns:xmi` `xmlns:xsi` `xmlns:ecore` line 2, column 198 current parser state: | `name=""EssentialOCL"" nsURI=""http://schema.omg.org/spec/QVT/1.1/essentialocl.xml"" nsPrefix=""essentialocl"">` | `  <eClassifiers xsi:type=""ecore:EClass"" xmi:id=""EssentialOCL.AnyType"" name=""AnyType"">` parsing failed"
modelset/raw-data/repo-ecore-all/data/tue-mdse/ocl-dataset/dataset-mtl/repos/adilinam/QVTdCaseStudy/org.eclipse.qvt.declarative.test.emof/src/org/eclipse/qvt/declarative/test/emof/rose/ImperativeOCL.ecore,false,false,false,"parse: failed to parse modelset/raw-data/repo-ecore-all/data/tue-mdse/ocl-dataset/dataset-mtl/repos/adilinam/QVTdCaseStudy/org.eclipse.qvt.declarative.test.emof/src/org/eclipse/qvt/declarative/test/emof/rose/ImperativeOCL.ecore: unexpected package attribute `xmi:id` expected one of `name` `nsURI` `nsPrefix` `xmi:version` `xmlns:xmi` `xmlns:xsi` `xmlns:ecore` line 2, column 199 current parser state: | `name=""ImperativeOCL"" nsURI=""http://schema.omg.org/spec/QVT/1.1/imperativeocl.xml"" nsPrefix=""imperativeocl"">` | `  <eClassifiers xsi:type=""ecore:EClass"" xmi:id=""ImperativeOCL.AltExp"" name=""AltExp"" eSuperTypes=""ImperativeOCL.ImperativeExpression"">` parsing failed"
modelset/raw-data/repo-ecore-all/data/tue-mdse/ocl-dataset/dataset-mtl/repos/adilinam/QVTdCaseStudy/org.eclipse.qvt.declarative.test.emof/src/org/eclipse/qvt/declarative/test/emof/rose/QVTOperational.ecore,false,false,false,"parse: failed to parse modelset/raw-data/repo-ecore-all/data/tue-mdse/ocl-dataset/dataset-mtl/repos/adilinam/QVTdCaseStudy/org.eclipse.qvt.declarative.test.emof/src/org/eclipse/qvt/declarative/test/emof/rose/QVTOperational.ecore: unexpected package attribute `xmi:id` expected one of `name` `nsURI` `nsPrefix` `xmi:version` `xmlns:xmi` `xmlns:xsi` `xmlns:ecore` line 2, column 200 current parser state: | `name=""QVTOperational"" nsURI=""http://schema.omg.org/spec/QVT/1.1/qvtoperational.xml"" nsPrefix=""qvtoperational"">` | `  <eClassifiers xsi:type=""ecore:EClass"" xmi:id=""QVTOperational.Constructor"" name=""Constructor"" eSuperTypes=""QVTOperational.ImperativeOperation""/>` parsing failed"
modelset/raw-data/repo-ecore-all/data/tue-mdse/ocl-dataset/dataset-mtl/repos/adilinam/QVTdCaseStudy/org.eclipse.qvt.declarative.test.relations.atlvm/resources/SimpleRdbms.ecore,true,true,true,
modelset/raw-data/repo-ecore-all/data/tue-mdse/ocl-dataset/dataset-mtl/repos/adilinam/QVTdCaseStudy/org.eclipse.qvtd.cs2as.compiler.tests/src/org/eclipse/qvtd/cs2as/compiler/tests/models/example1/SourceMM1.ecore,false,false,false,"parse: failed to parse modelset/raw-data/repo-ecore-all/data/tue-mdse/ocl-dataset/dataset-mtl/repos/adilinam/QVTdCaseStudy/org.eclipse.qvtd.cs2as.compiler.tests/src/org/eclipse/qvtd/cs2as/compiler/tests/models/example1/SourceMM1.ecore: unsupported `eType` path `ecore:EClass http://www.eclipse.org/emf/2002/Ecore#//EObject` failed to parse structural features failed to parse class `SElement` line 29, column 135 current parser state: | `` | `  </eClassifiers>` parsing failed"
modelset/raw-data/repo-ecore-all/data/tue-mdse/ocl-dataset/dataset-mtl/repos/adilinam/QVTdCaseStudy/org.eclipse.qvtd.cs2as.compiler.tests/src/org/eclipse/qvtd/cs2as/compiler/tests/models/example1/TargetMM1.ecore,true,true,true,
modelset/raw-data/repo-ecore-all/data/tue-mdse/ocl-dataset/dataset-mtl/repos/adilinam/QVTdCaseStudy/org.eclipse.qvtd.cs2as.compiler.tests/src/org/eclipse/qvtd/cs2as/compiler/tests/models/example5/TargetBaseMM.ecore,true,true,true,
modelset/raw-data/repo-ecore-all/data/tue-mdse/ocl-dataset/dataset-mtl/repos/adilinam/QVTdCaseStudy/org.eclipse.qvtd.cs2as.compiler.tests/src/org/eclipse/qvtd/cs2as/compiler/tests/models/example5/TargetDerivedMM.ecore,false,false,false,"parse: failed to parse modelset/raw-data/repo-ecore-all/data/tue-mdse/ocl-dataset/dataset-mtl/repos/adilinam/QVTdCaseStudy/org.eclipse.qvtd.cs2as.compiler.tests/src/org/eclipse/qvtd/cs2as/compiler/tests/models/example5/TargetDerivedMM.ecore: unsupported `eType` path `TargetBaseMM.ecore#//A` line 13, column 18 current parser state: | `` | `  <eClassifiers xsi:type=""ecore:EClass"" name=""B2"" eSuperTypes=""TargetBaseMM.ecore#//B"">` parsing failed"
modelset/raw-data/repo-ecore-all/data/tue-mdse/ocl-dataset/dataset-mtl/repos/adilinam/QVTdCaseStudy/org.eclipse.qvtd.xtext.qvtimperative/model/QVTimperativeCS.ecore,false,false,false,"parse: failed to parse modelset/raw-data/repo-ecore-all/data/tue-mdse/ocl-dataset/dataset-mtl/repos/adilinam/QVTdCaseStudy/org.eclipse.qvtd.xtext.qvtimperative/model/QVTimperativeCS.ecore: unsupported `eType` path `ecore:EClass ../../org.eclipse.ocl.xtext.base/model/BaseCS.ecore#//PathNameCS` failed to parse structural features failed to parse class `ImperativeDomainCS` line 8, column 28 current parser state: | `` | `      <eAnnotations source=""http://www.eclipse.org/emf/2002/GenModel"">` parsing failed"
modelset/raw-data/repo-ecore-all/data/tue-mdse/ocl-dataset/dataset-mtl/repos/adilinam/QVTdCaseStudy/org.eclipse.qvtd.xtext.qvtimperative.tests/src/org/eclipse/qvtd/xtext/qvtimperative/tests/ManualUML2RDBMS/ManualUML.ecore,true,true,true,
modelset/raw-data/repo-ecore-all/data/tue-mdse/ocl-dataset/dataset-mtl/repos/adilinam/QVTo-QVTd-OCL/ABC/src/ABC.ecore,true,true,true,
modelset/raw-data/repo-ecore-all/data/tue-mdse/ocl-dataset/dataset-mtl/repos/adilinam/QVTo-QVTd-OCL/org.eclipse.m2m.qvt.oml.samples/models/SimpleUML.ecore,true,true,true,
modelset/raw-data/repo-ecore-all/data/tue-mdse/ocl-dataset/dataset-mtl/repos/adilinam/QVTo-QVTd-OCL/org.eclipse.ocl.ecore.tests/model/Company.ecore,false,false,false,"parse: failed to parse modelset/raw-data/repo-ecore-all/data/tue-mdse/ocl-dataset/dataset-mtl/repos/adilinam/QVTo-QVTd-OCL/org.eclipse.ocl.ecore.tests/model/Company.ecore: unknown builtit class URL `http://www.eclipse.org/emf/2002/Ecore#//EDiagnosticChain` failed to parse class operation failed to parse class `Company` line 15, column 121 current parser state: | `` | `      <eParameters name=""context"">` parsing failed"
modelset/raw-data/repo-ecore-all/data/tue-mdse/ocl-dataset/dataset-mtl/repos/adilinam/QVTo-QVTd-OCL/org.eclipse.ocl.examples.xtext.tests/model/Company.ecore,false,false,false,"parse: failed to parse modelset/raw-data/repo-ecore-all/data/tue-mdse/ocl-dataset/dataset-mtl/repos/adilinam/QVTo-QVTd-OCL/org.eclipse.ocl.examples.xtext.tests/model/Company.ecore: unknown builtit class URL `http://www.eclipse.org/emf/2002/Ecore#//EDiagnosticChain` failed to parse class operation failed to parse class `Company` line 18, column 121 current parser state: | `` | `      <eParameters name=""context"">` parsing failed"
modelset/raw-data/repo-ecore-all/data/tue-mdse/ocl-dataset/dataset-mtl/repos/adilinam/QVTo-QVTd-OCL/org.eclipse.ocl.examples.xtext.tests/src/org/eclipse/ocl/examples/test/xtext/models/Company.ecore,false,false,false,"parse: failed to parse modelset/raw-data/repo-ecore-all/data/tue-mdse/ocl-dataset/dataset-mtl/repos/adilinam/QVTo-QVTd-OCL/org.eclipse.ocl.examples.xtext.tests/src/org/eclipse/ocl/examples/test/xtext/models/Company.ecore: unknown builtit class URL `http://www.eclipse.org/emf/2002/Ecore#//EDiagnosticChain` failed to parse class operation failed to parse class `Company` line 15, column 121 current parser state: | `` | `      <eParameters name=""context"">` parsing failed"
modelset/raw-data/repo-ecore-all/data/tue-mdse/ocl-dataset/dataset-mtl/repos/adilinam/QVTo-QVTd-OCL/org.eclipse.ocl.examples.xtext.tests/src/org/eclipse/ocl/examples/test/xtext/models/Ecore.ecore,false,false,false,"parse: failed to parse modelset/raw-data/repo-ecore-all/data/tue-mdse/ocl-dataset/dataset-mtl/repos/adilinam/QVTo-QVTd-OCL/org.eclipse.ocl.examples.xtext.tests/src/org/eclipse/ocl/examples/test/xtext/models/Ecore.ecore: Missing attribute `eType` in structural feature `instanceClass` failed to parse structural features failed to parse class `EClassifier` line 118, column 57 current parser state: | `` | `      <eGenericType eClassifier=""#//EJavaClass"">` parsing failed"
modelset/raw-data/repo-ecore-all/data/tue-mdse/ocl-dataset/dataset-mtl/repos/adilinam/QVTo-QVTd-OCL/org.eclipse.ocl.examples.xtext.tests/src/org/eclipse/ocl/examples/test/xtext/models/OCLCST.ecore,false,false,false,"parse: failed to parse modelset/raw-data/repo-ecore-all/data/tue-mdse/ocl-dataset/dataset-mtl/repos/adilinam/QVTo-QVTd-OCL/org.eclipse.ocl.examples.xtext.tests/src/org/eclipse/ocl/examples/test/xtext/models/OCLCST.ecore: unexpected package content line 7, column 3 current parser state: | `<eSubpackages name=""cst"" nsURI=""http://www.eclipse.org/ocl/1.1.0/OCL/CST"" nsPrefix=""ocl.cst"">` | `    <eClassifiers xsi:type=""ecore:EClass"" name=""CSTNode"" abstract=""true"">` parsing failed"
modelset/raw-data/repo-ecore-all/data/tue-mdse/ocl-dataset/dataset-mtl/repos/adilinam/QVTo-QVTd-OCL/org.eclipse.ocl.examples.xtext.tests/src/org/eclipse/ocl/examples/test/xtext/models/OCLstdlib.ecore,true,true,true,
modelset/raw-data/repo-ecore-all/data/tue-mdse/ocl-dataset/dataset-mtl/repos/adilinam/QVTo-QVTd-OCL/org.eclipse.ocl.uml/model/OCLUML.ecore,false,false,false,"parse: failed to parse modelset/raw-data/repo-ecore-all/data/tue-mdse/ocl-dataset/dataset-mtl/repos/adilinam/QVTo-QVTd-OCL/org.eclipse.ocl.uml/model/OCLUML.ecore: unexpected package content line 4, column 3 current parser state: | `<eSubpackages name=""uml"" nsURI=""http://www.eclipse.org/ocl/1.1.0/UML"" nsPrefix=""ocl.uml"">` | `    <eClassifiers xsi:type=""ecore:EClass"" name=""AnyType"">` parsing failed"
modelset/raw-data/repo-ecore-all/data/tue-mdse/ocl-dataset/dataset-mtl/repos/adilinam/QVTo-QVTd-OCL/org.eclipse.qvt/model/traditionalEcore/EMOF.ecore,false,false,false,"parse: failed to parse modelset/raw-data/repo-ecore-all/data/tue-mdse/ocl-dataset/dataset-mtl/repos/adilinam/QVTo-QVTd-OCL/org.eclipse.qvt/model/traditionalEcore/EMOF.ecore: unexpected package attribute `xmi:id` expected one of `name` `nsURI` `nsPrefix` `xmi:version` `xmlns:xmi` `xmlns:xsi` `xmlns:ecore` line 2, column 190 current parser state: | `name=""EMOF"" nsURI=""http://schema.omg.org/spec/MOF/2.0/emof.xml"" nsPrefix=""emof"">` | `  <eClassifiers xsi:type=""ecore:EDataType"" xmi:id=""PrimitiveTypes.Boolean"" name=""Boolean"" instanceClassName=""java.lang.Boolean""/>` parsing failed"
modelset/raw-data/repo-ecore-all/data/tue-mdse/ocl-dataset/dataset-mtl/repos/adilinam/QVTo-QVTd-OCL/org.eclipse.qvt.declarative.test.emof/src/org/eclipse/qvt/declarative/test/emof/omg20070708Rose/imperativeocl.ecore,false,false,false,"parse: failed to parse modelset/raw-data/repo-ecore-all/data/tue-mdse/ocl-dataset/dataset-mtl/repos/adilinam/QVTo-QVTd-OCL/org.eclipse.qvt.declarative.test.emof/src/org/eclipse/qvt/declarative/test/emof/omg20070708Rose/imperativeocl.ecore: unexpected package attribute `xmi:id` expected one of `name` `nsURI` `nsPrefix` `xmi:version` `xmlns:xmi` `xmlns:xsi` `xmlns:ecore` line 2, column 199 current parser state: | `name=""imperativeocl"" nsURI=""http:///imperativeocl.ecore"" nsPrefix=""imperativeocl"">` | `  <eClassifiers xsi:type=""ecore:EClass"" xmi:id=""imperativeocl.AltExp"" name=""AltExp"" eSuperTypes=""imperativeocl.ImperativeExpression"">` parsing failed"
modelset/raw-data/repo-ecore-all/data/tue-mdse/ocl-dataset/dataset-mtl/repos/adilinam/QVTo-QVTd-OCL/org.eclipse.qvtd.cs2as.compiler.tests/src/org/eclipse/qvtd/cs2as/compiler/tests/models/example2/Classes.ecore,true,true,true,
modelset/raw-data/repo-ecore-all/data/tue-mdse/ocl-dataset/dataset-mtl/repos/adilinam/QVTo-QVTd-OCL/org.eclipse.qvtd.cs2as.compiler.tests/src/org/eclipse/qvtd/cs2as/compiler/tests/models/example3/KiamaAS.ecore,false,false,false,"parse: failed to parse modelset/raw-data/repo-ecore-all/data/tue-mdse/ocl-dataset/dataset-mtl/repos/adilinam/QVTo-QVTd-OCL/org.eclipse.qvtd.cs2as.compiler.tests/src/org/eclipse/qvtd/cs2as/compiler/tests/models/example3/KiamaAS.ecore: unknown builtit class URL `http://www.eclipse.org/emf/2002/Ecore#//EIntegerObject` failed to parse structural features failed to parse class `Node` line 9, column 148 current parser state: | `` | `    <eStructuralFeatures xsi:type=""ecore:EAttribute"" name=""depth"" eType=""ecore:EDataType http://www.eclipse.org/emf/2002/Ecore#//EIntegerObject""/>` parsing failed"
modelset/raw-data/repo-ecore-all/data/tue-mdse/ocl-dataset/dataset-mtl/repos/adilinam/QVTo-QVTd-OCL/org.eclipse.qvtd.cs2as.compiler.tests/src/org/eclipse/qvtd/cs2as/compiler/tests/models/example4/SimplerKiamaAS.ecore,false,false,false,"parse: failed to parse modelset/raw-data/repo-ecore-all/data/tue-mdse/ocl-dataset/dataset-mtl/repos/adilinam/QVTo-QVTd-OCL/org.eclipse.qvtd.cs2as.compiler.tests/src/org/eclipse/qvtd/cs2as/compiler/tests/models/example4/SimplerKiamaAS.ecore: unknown builtit class URL `http://www.eclipse.org/emf/2002/Ecore#//EIntegerObject` failed to parse structural features failed to parse class `Node` line 10, column 148 current parser state: | `` | `    <eStructuralFeatures xsi:type=""ecore:EAttribute"" name=""depth"" eType=""ecore:EDataType http://www.eclipse.org/emf/2002/Ecore#//EIntegerObject""/>` parsing failed"
modelset/raw-data/repo-ecore-all/data/tue-mdse/ocl-dataset/dataset-mtl/repos/adilinam/QVTo-QVTd-OCL/org.eclipse.qvtd.cs2as.compiler.tests/src/org/eclipse/qvtd/cs2as/compiler/tests/models/example4/SimplerKiamaCS.ecore,false,false,false,"parse: failed to parse modelset/raw-data/repo-ecore-all/data/tue-mdse/ocl-dataset/dataset-mtl/repos/adilinam/QVTo-QVTd-OCL/org.eclipse.qvtd.cs2as.compiler.tests/src/org/eclipse/qvtd/cs2as/compiler/tests/models/example4/SimplerKiamaCS.ecore: unsupported `eType` path `ecore:EClass http://www.eclipse.org/emf/2002/Ecore#//EObject` failed to parse structural features failed to parse class `BaseCS` line 16, column 135 current parser state: | `` | `  </eClassifiers>` parsing failed"
modelset/raw-data/repo-ecore-all/data/tue-mdse/ocl-dataset/dataset-mtl/repos/adilinam/QVTo-QVTd-OCL/org.eclipse.qvtd.xtext.qvtcore.tests/src/org/eclipse/qvtd/xtext/qvtcore/tests/models/SimpleUml.ecore,true,true,true,
modelset/raw-data/repo-ecore-all/data/tue-mdse/ocl-dataset/dataset-mtl/repos/adilinam/QVTo-QVTd-OCL/org.eclipse.qvtd.xtext.qvtimperative.tests/src/org/eclipse/qvtd/xtext/qvtimperative/tests/HSV2HLS/HSVTree.ecore,true,false,false,"generate: [INFO  arachne] Starting code generation [INFO  arachne_codegen] Validating configuration [INFO  arachne_codegen] Parsing ecore metamodel: ""modelset/raw-data/repo-ecore-all/data/tue-mdse/ocl-dataset/dataset-mtl/repos/adilinam/QVTo-QVTd-OCL/org.eclipse.qvtd.xtext.qvtimperative.tests/src/org/eclipse/qvtd/xtext/qvtimperative/tests/HSV2HLS/HSVTree.ecore"" [WARN  ecore_rs::parser::raw] `eOpposite` attributes are currently not supported, ignoring [WARN  ecore_rs::parser::raw] `eOpposite` attributes are currently not supported, ignoring [INFO  arachne_codegen] Generating Rust tokens [INFO  arachne_codegen] Generating classifiers...  thread 'main' (1466749) panicked at arachne-codegen/src/codegen/feature/attribute.rs:65:37: Failed to parse type: HSV note: run with `RUST_BACKTRACE=1` environment variable to display a backtrace"
modelset/raw-data/repo-ecore-all/data/tue-mdse/ocl-dataset/dataset-mtl/repos/adilinam/QVTo-QVTd-OCL/org.eclipse.qvtd.xtext.qvtimperative.tests/src/org/eclipse/qvtd/xtext/qvtimperative/tests/ManualUML2RDBMS/ManualRDBMS.ecore,true,true,true,
modelset/raw-data/repo-ecore-all/data/tue-mdse/ocl-dataset/dataset-mtl/repos/adilinam/QVTo-QVTd-OCL/org.eclipse.qvtd.xtext.qvtimperative.tests/src/org/eclipse/qvtd/xtext/qvtimperative/tests/Tree2TallTree/TallTree.ecore,true,true,true,
modelset/raw-data/repo-ecore-all/data/tue-mdse/ocl-dataset/dataset-mtl/repos/adilinam/QVTo-QVTd-OCL/org.eclipse.qvtd.xtext.qvtrelation/model/QVTrelationCS.ecore,false,false,false,"parse: failed to parse modelset/raw-data/repo-ecore-all/data/tue-mdse/ocl-dataset/dataset-mtl/repos/adilinam/QVTo-QVTd-OCL/org.eclipse.qvtd.xtext.qvtrelation/model/QVTrelationCS.ecore: unsupported `eType` path `../../org.eclipse.ocl.xtext.base/model/BaseCS.ecore#//ModelElementCS` line 5, column 222 current parser state: | `` | `  <eClassifiers xsi:type=""ecore:EClass"" name=""CollectionTemplateCS"" eSuperTypes=""#//TemplateCS"">` parsing failed"
modelset/raw-data/repo-ecore-all/data/tue-mdse/ocl-dataset/dataset-mtl/repos/adisandro/MMINT/examples/NECSIS14/edu.toronto.cs.se.modelepedia.necsis14_classdiagram/model/necsis14_classdiagram.ecore,false,false,false,"parse: failed to parse modelset/raw-data/repo-ecore-all/data/tue-mdse/ocl-dataset/dataset-mtl/repos/adisandro/MMINT/examples/NECSIS14/edu.toronto.cs.se.modelepedia.necsis14_classdiagram/model/necsis14_classdiagram.ecore: expected tag `>` failed to parse class annotation failed to parse class `ClassDiagram` line 6, column 39 current parser state: | `/>` | `    <eStructuralFeatures xsi:type=""ecore:EReference"" name=""classes"" upperBound=""-1""` parsing failed"
modelset/raw-data/repo-ecore-all/data/tue-mdse/ocl-dataset/dataset-mtl/repos/adisandro/MMINT/plugins/Core/edu.toronto.cs.se.mmint/model/mid.ecore,false,false,false,"parse: failed to parse modelset/raw-data/repo-ecore-all/data/tue-mdse/ocl-dataset/dataset-mtl/repos/adisandro/MMINT/plugins/Core/edu.toronto.cs.se.mmint/model/mid.ecore: unexpected operation content failed to parse class operation failed to parse class `MID` line 24, column 7 current parser state: | `<eGenericType eTypeParameter=""#//MID/getExtendibleElement/T""/>` | `      <eTypeParameters name=""T"">` parsing failed"
modelset/raw-data/repo-ecore-all/data/tue-mdse/ocl-dataset/dataset-mtl/repos/adisandro/MMINT/plugins/Types/PetriNet/edu.toronto.cs.se.modelepedia.petrinet/model/petrinet.ecore,true,true,true,
modelset/raw-data/repo-ecore-all/data/tue-mdse/ocl-dataset/dataset-mtl/repos/adisandro/MMINT/plugins/Types/StateMachine/edu.toronto.cs.se.modelepedia.statemachine/model/statemachine.ecore,false,false,false,"parse: failed to parse modelset/raw-data/repo-ecore-all/data/tue-mdse/ocl-dataset/dataset-mtl/repos/adisandro/MMINT/plugins/Types/StateMachine/edu.toronto.cs.se.modelepedia.statemachine/model/statemachine.ecore: expected tag `>` failed to parse class annotation failed to parse class `StateMachine` line 6, column 39 current parser state: | `/>` | `    <eStructuralFeatures xsi:type=""ecore:EReference"" name=""states"" upperBound=""-1""` parsing failed"
modelset/raw-data/repo-ecore-all/data/tue-mdse/ocl-dataset/dataset-mtl/repos/adisandro/MMINT/tests/edu.toronto.cs.se.modelepedia.tests/model/kleisli/CD-NECSIS14_ClassDiagram.ecore,false,false,false,"parse: failed to parse modelset/raw-data/repo-ecore-all/data/tue-mdse/ocl-dataset/dataset-mtl/repos/adisandro/MMINT/tests/edu.toronto.cs.se.modelepedia.tests/model/kleisli/CD-NECSIS14_ClassDiagram.ecore: expected tag `>` failed to parse class annotation failed to parse class `ClassDiagram` line 11, column 39 current parser state: | `/>` | `    <eStructuralFeatures xsi:type=""ecore:EReference"" name=""classes"" upperBound=""-1""` parsing failed"
modelset/raw-data/repo-ecore-all/data/tue-mdse/ocl-dataset/dataset-mtl/repos/adisandro/MMINT/tests/edu.toronto.cs.se.modelepedia.tests/model/kleisli/NECSIS14_ClassDiagram.ecore,false,false,false,"parse: failed to parse modelset/raw-data/repo-ecore-all/data/tue-mdse/ocl-dataset/dataset-mtl/repos/adisandro/MMINT/tests/edu.toronto.cs.se.modelepedia.tests/model/kleisli/NECSIS14_ClassDiagram.ecore: expected tag `>` failed to parse class annotation failed to parse class `ClassDiagram` line 11, column 39 current parser state: | `/>` | `    <eStructuralFeatures xsi:type=""ecore:EReference"" name=""classes"" upperBound=""-1""` parsing failed"
modelset/raw-data/repo-ecore-all/data/tue-mdse/ocl-dataset/dataset-mtl/repos/andymcr/webgen/uk.ac.man.cs.mdsd.webgen.expression/model/expression.ecore,true,true,true,
modelset/raw-data/repo-ecore-all/data/tue-mdse/ocl-dataset/dataset-mtl/repos/andymcr/webgen/uk.ac.man.cs.mdsd.webgen.presistence/model/persistence.ecore,false,false,false,"parse: failed to parse modelset/raw-data/repo-ecore-all/data/tue-mdse/ocl-dataset/dataset-mtl/repos/andymcr/webgen/uk.ac.man.cs.mdsd.webgen.presistence/model/persistence.ecore: unsupported `eType` path `ecore:EClass ../../uk.ac.man.cs.mdsd.webgen.base/model/base.ecore#//DataType` failed to parse structural features failed to parse class `Persistence` line 21, column 29 current parser state: | `` | `    <eStructuralFeatures xsi:type=""ecore:EReference"" name=""entities"" upperBound=""-1""` parsing failed"
modelset/raw-data/repo-ecore-all/data/tue-mdse/ocl-dataset/dataset-mtl/repos/andymcr/webgen/uk.ac.man.cs.msds.webgen.service/model/service.ecore,false,false,false,"parse: failed to parse modelset/raw-data/repo-ecore-all/data/tue-mdse/ocl-dataset/dataset-mtl/repos/andymcr/webgen/uk.ac.man.cs.msds.webgen.service/model/service.ecore: unsupported `eType` path `ecore:EClass ../../uk.ac.man.cs.mdsd.webgen.presistence/model/persistence.ecore#//EntityOrView` failed to parse structural features failed to parse class `Service` line 15, column 113 current parser state: | `` | `    <eStructuralFeatures xsi:type=""ecore:EReference"" name=""selections"" upperBound=""-1""` parsing failed"
modelset/raw-data/repo-ecore-all/data/tue-mdse/ocl-dataset/dataset-mtl/repos/aranega/pyecore/examples/library.ecore,false,false,false,"parse: failed to parse modelset/raw-data/repo-ecore-all/data/tue-mdse/ocl-dataset/dataset-mtl/repos/aranega/pyecore/examples/library.ecore: unexpected package attribute `xmi:id` expected one of `name` `nsURI` `nsPrefix` `xmi:version` `xmlns:xmi` `xmlns:xsi` `xmlns:ecore` line 2, column 209 current parser state: | `name=""library"" nsURI=""http://emf.wikipedia.org/2011/Library"" nsPrefix=""lib"">` | `  <eAnnotations xmi:id=""_cPfS4B9KEeeOINGRvT6ccg"" source=""genmymodel"">` parsing failed"
modelset/raw-data/repo-ecore-all/data/tue-mdse/ocl-dataset/dataset-mtl/repos/aranega/pyecore/tests/xmi/xmi-tests/Ecore.ecore,false,false,false,"parse: failed to parse modelset/raw-data/repo-ecore-all/data/tue-mdse/ocl-dataset/dataset-mtl/repos/aranega/pyecore/tests/xmi/xmi-tests/Ecore.ecore: Missing attribute `eType` in structural feature `instanceClass` failed to parse structural features failed to parse class `EClassifier` line 118, column 57 current parser state: | `` | `      <eGenericType eClassifier=""#//EJavaClass"">` parsing failed"
modelset/raw-data/repo-ecore-all/data/tue-mdse/ocl-dataset/dataset-mtl/repos/artist-project/ARTIST/source/Tooling/migration/application-discovery-understanding/MUT/Component_Viewpoint_MOMoT/org.eclipse.emf.henshin.examples/src/org/eclipse/emf/henshin/examples/java2statemachine/statemachine.ecore,true,true,true,
modelset/raw-data/repo-ecore-all/data/tue-mdse/ocl-dataset/dataset-mtl/repos/artist-project/ARTIST/source/Tooling/migration/integrated environment/eu.artist.moola.eclipse/test/resources/Metamodels/Company.ecore,false,false,false,"parse: failed to parse modelset/raw-data/repo-ecore-all/data/tue-mdse/ocl-dataset/dataset-mtl/repos/artist-project/ARTIST/source/Tooling/migration/integrated environment/eu.artist.moola.eclipse/test/resources/Metamodels/Company.ecore: unexpected package content line 27, column 1 current parser state: | `</ecore:EPackage>` parsing failed"
modelset/raw-data/repo-ecore-all/data/tue-mdse/ocl-dataset/dataset-mtl/repos/artist-project/ARTIST/source/Tooling/post-migration/nfrvt/org.modelexecution.fuml/model/fUML.ecore,false,false,false,"parse: failed to parse modelset/raw-data/repo-ecore-all/data/tue-mdse/ocl-dataset/dataset-mtl/repos/artist-project/ARTIST/source/Tooling/post-migration/nfrvt/org.modelexecution.fuml/model/fUML.ecore: unexpected package content line 4, column 3 current parser state: | `<eSubpackages name=""Syntax"" nsURI=""http://www.modelexecution.org/fuml/syntax"" nsPrefix=""fUML.Syntax"">` | `    <eSubpackages name=""CommonBehaviors"" nsURI=""http://www.modelexecution.org/fuml/syntax/commonbehaviors""` parsing failed"
modelset/raw-data/repo-ecore-all/data/tue-mdse/ocl-dataset/dataset-mtl/repos/artist-project/ARTIST-Orchestration_Tool/source/eu.artist.moola.emf/test/resources/artist/metamodels/Trace.ecore,false,false,false,"parse: failed to parse modelset/raw-data/repo-ecore-all/data/tue-mdse/ocl-dataset/dataset-mtl/repos/artist-project/ARTIST-Orchestration_Tool/source/eu.artist.moola.emf/test/resources/artist/metamodels/Trace.ecore: unsupported `eType` path `ecore:EClass http://www.eclipse.org/emf/2002/Ecore#//EObject` failed to parse structural features failed to parse class `TraceLink` line 10, column 79 current parser state: | `` | `    <eStructuralFeatures xsi:type=""ecore:EReference"" name=""targetElements"" upperBound=""-1""` parsing failed"
modelset/raw-data/repo-ecore-all/data/tue-mdse/ocl-dataset/dataset-mtl/repos/arunkumar-ramaswamy/SafeRobots/saferobots_plugins_source/src/org.saferobots.operational.amal.model/model/robotmodel.ecore,true,true,true,
modelset/raw-data/repo-ecore-all/data/tue-mdse/ocl-dataset/dataset-mtl/repos/arunkumar-ramaswamy/SafeRobots/saferobots_plugins_source/src/org.saferobots.operational.ros.model/model/rosmodel.ecore,true,true,true,
modelset/raw-data/repo-ecore-all/data/tue-mdse/ocl-dataset/dataset-mtl/repos/dantexier/Tesis/fase3/Thesis/RDBMS.ecore,false,false,false,"parse: failed to parse modelset/raw-data/repo-ecore-all/data/tue-mdse/ocl-dataset/dataset-mtl/repos/dantexier/Tesis/fase3/Thesis/RDBMS.ecore: unexpected content at package level line 2, column 1 current parser state: | `<xmi:XMI xmi:version=""2.0"" xmlns:xmi=""http://www.omg.org/XMI"" xmlns:xsi=""http://www.w3.org/2001/XMLSchema-instance""` | `    xmlns:ecore=""http://www.eclipse.org/emf/2002/Ecore"">` parsing failed"
modelset/raw-data/repo-ecore-all/data/tue-mdse/ocl-dataset/dataset-mtl/repos/dice-project/DICE-Simulation/bundles/es.unizar.disco.pnml.m2m/examples/metamodels/petrinet/hlcorestructure.ecore,false,false,false,"parse: failed to parse modelset/raw-data/repo-ecore-all/data/tue-mdse/ocl-dataset/dataset-mtl/repos/dice-project/DICE-Simulation/bundles/es.unizar.disco.pnml.m2m/examples/metamodels/petrinet/hlcorestructure.ecore: expected tag `>` failed to parse structural feature annotation failed to parse structural features failed to parse class `PetriNet` line 25, column 39 current parser state: | `/>` | `    </eStructuralFeatures>` parsing failed"
modelset/raw-data/repo-ecore-all/data/tue-mdse/ocl-dataset/dataset-mtl/repos/dice-project/DICE-Simulation/bundles/es.unizar.disco.pnml.m2m/examples/metamodels/petrinet/placeTransition.ecore,false,false,false,"parse: failed to parse modelset/raw-data/repo-ecore-all/data/tue-mdse/ocl-dataset/dataset-mtl/repos/dice-project/DICE-Simulation/bundles/es.unizar.disco.pnml.m2m/examples/metamodels/petrinet/placeTransition.ecore: unknown builtit class URL `http://www.eclipse.org/emf/2002/Ecore#//EIntegerObject` failed to parse structural features failed to parse class `Coordinate` line 124, column 89 current parser state: | `` | `    <eStructuralFeatures xsi:type=""ecore:EAttribute"" name=""y"" ordered=""false"" lowerBound=""1""` parsing failed"
modelset/raw-data/repo-ecore-all/data/tue-mdse/ocl-dataset/dataset-mtl/repos/dice-project/DICE-Simulation/bundles/es.unizar.disco.pnml.m2m/examples/metamodels/petrinet/pnmlcoremodel.ecore,false,false,false,"parse: failed to parse modelset/raw-data/repo-ecore-all/data/tue-mdse/ocl-dataset/dataset-mtl/repos/dice-project/DICE-Simulation/bundles/es.unizar.disco.pnml.m2m/examples/metamodels/petrinet/pnmlcoremodel.ecore: unknown builtit class URL `http://www.eclipse.org/emf/2002/Ecore#//EIntegerObject` failed to parse structural features failed to parse class `Coordinate` line 106, column 89 current parser state: | `` | `    <eStructuralFeatures xsi:type=""ecore:EAttribute"" name=""y"" ordered=""false"" lowerBound=""1""` parsing failed"
modelset/raw-data/repo-ecore-all/data/tue-mdse/ocl-dataset/dataset-mtl/repos/dice-project/DICE-Simulation/bundles/es.unizar.disco.pnml.m2m/examples/metamodels/petrinet/terms.ecore,false,false,false,"parse: failed to parse modelset/raw-data/repo-ecore-all/data/tue-mdse/ocl-dataset/dataset-mtl/repos/dice-project/DICE-Simulation/bundles/es.unizar.disco.pnml.m2m/examples/metamodels/petrinet/terms.ecore: unsupported `eType` path `ecore:EClass hlcorestructure.ecore#//Declaration` failed to parse structural features failed to parse class `Declarations` line 12, column 68 current parser state: | `` | `  </eClassifiers>` parsing failed"
modelset/raw-data/repo-ecore-all/data/tue-mdse/ocl-dataset/dataset-mtl/repos/dice-project/DICE-Simulation/bundles/es.unizar.disco.simulation.models/model/traces.ecore,false,false,false,"parse: failed to parse modelset/raw-data/repo-ecore-all/data/tue-mdse/ocl-dataset/dataset-mtl/repos/dice-project/DICE-Simulation/bundles/es.unizar.disco.simulation.models/model/traces.ecore: unsupported `eType` path `ecore:EClass http://www.eclipse.org/emf/2002/Ecore#//EObject` failed to parse structural features failed to parse class `Trace` line 11, column 79 current parser state: | `` | `    <eStructuralFeatures xsi:type=""ecore:EReference"" name=""toAnalyzableElement"" lowerBound=""1""` parsing failed"
modelset/raw-data/repo-ecore-all/data/tue-mdse/ocl-dataset/dataset-mtl/repos/dvojtise/cellularautomata/deprecated/org.kermeta.language.sample.cellularautomata.rules.model/metamodel/rules.ecore,true,true,true,
modelset/raw-data/repo-ecore-all/data/tue-mdse/ocl-dataset/dataset-mtl/repos/eclipse/acceleo/plugins/org.eclipse.acceleo.model/model/mtl.ecore,false,false,false,"parse: failed to parse modelset/raw-data/repo-ecore-all/data/tue-mdse/ocl-dataset/dataset-mtl/repos/eclipse/acceleo/plugins/org.eclipse.acceleo.model/model/mtl.ecore: unknown builtit class URL `platform:/plugin/org.eclipse.emf.ecore/model/Ecore.ecore#//EInt` failed to parse structural features failed to parse class `Module` line 16, column 98 current parser state: | `` | `    <eStructuralFeatures xsi:type=""ecore:EAttribute"" name=""endHeaderPosition"" lowerBound=""1""` parsing failed"
modelset/raw-data/repo-ecore-all/data/tue-mdse/ocl-dataset/dataset-mtl/repos/eclipse/mylyn.docs.intent.main/tests/org.eclipse.mylyn.docs.intent.collab.test/model/testModel.ecore,true,true,true,
modelset/raw-data/repo-ecore-all/data/tue-mdse/ocl-dataset/dataset-mtl/repos/eclipse/ocl/examples/org.eclipse.ocl.examples.xtext.base/model/BaseCST.ecore,false,false,false,"parse: failed to parse modelset/raw-data/repo-ecore-all/data/tue-mdse/ocl-dataset/dataset-mtl/repos/eclipse/ocl/examples/org.eclipse.ocl.examples.xtext.base/model/BaseCST.ecore: unsupported `eType` path `ecore:EClass ../../org.eclipse.ocl.examples.pivot/model/Pivot.ecore#//Namespace` failed to parse structural features failed to parse class `ImportCS` line 83, column 100 current parser state: | `` | `    <eStructuralFeatures xsi:type=""ecore:EAttribute"" name=""all"" eType=""ecore:EDataType http://www.eclipse.org/emf/2002/Ecore#//EBoolean""` parsing failed"
modelset/raw-data/repo-ecore-all/data/tue-mdse/ocl-dataset/dataset-mtl/repos/eclipse/ocl/tests/org.eclipse.ocl.ecore.tests/model/Company.ecore,false,false,false,"parse: failed to parse modelset/raw-data/repo-ecore-all/data/tue-mdse/ocl-dataset/dataset-mtl/repos/eclipse/ocl/tests/org.eclipse.ocl.ecore.tests/model/Company.ecore: unknown builtit class URL `http://www.eclipse.org/emf/2002/Ecore#//EDiagnosticChain` failed to parse class operation failed to parse class `Company` line 16, column 121 current parser state: | `` | `      <eParameters name=""context"">` parsing failed"
modelset/raw-data/repo-ecore-all/data/tue-mdse/ocl-dataset/dataset-mtl/repos/eclipse/ocl/tests/org.eclipse.ocl.examples.codegen.tests/play/model/Company.ecore,false,false,false,"parse: failed to parse modelset/raw-data/repo-ecore-all/data/tue-mdse/ocl-dataset/dataset-mtl/repos/eclipse/ocl/tests/org.eclipse.ocl.examples.codegen.tests/play/model/Company.ecore: unknown builtit class URL `http://www.eclipse.org/emf/2002/Ecore#//EDiagnosticChain` failed to parse class operation failed to parse class `Company` line 16, column 121 current parser state: | `` | `      <eParameters name=""context"">` parsing failed"
modelset/raw-data/repo-ecore-all/data/tue-mdse/ocl-dataset/dataset-mtl/repos/eclipse/ocl/tests/org.eclipse.ocl.examples.xtext.tests/model/OCLinEcoreTutorial.ecore,false,false,false,"parse: failed to parse modelset/raw-data/repo-ecore-all/data/tue-mdse/ocl-dataset/dataset-mtl/repos/eclipse/ocl/tests/org.eclipse.ocl.examples.xtext.tests/model/OCLinEcoreTutorial.ecore: unknown builtit class URL `http://www.eclipse.org/emf/2002/Ecore#//EBigInteger` failed to parse structural features failed to parse class `Book` line 35, column 101 current parser state: | `` | `    <eStructuralFeatures xsi:type=""ecore:EReference"" name=""library"" ordered=""false""` parsing failed"
modelset/raw-data/repo-ecore-all/data/tue-mdse/ocl-dataset/dataset-mtl/repos/eclipse/ocl/tests/org.eclipse.ocl.examples.xtext.tests/model/OCLinEcoreTutorialForPivot.ecore,false,false,false,"parse: failed to parse modelset/raw-data/repo-ecore-all/data/tue-mdse/ocl-dataset/dataset-mtl/repos/eclipse/ocl/tests/org.eclipse.ocl.examples.xtext.tests/model/OCLinEcoreTutorialForPivot.ecore: unknown builtit class URL `http://www.eclipse.org/emf/2002/Ecore#//EBigInteger` failed to parse structural features failed to parse class `Book` line 35, column 101 current parser state: | `` | `    <eStructuralFeatures xsi:type=""ecore:EReference"" name=""library"" ordered=""false""` parsing failed"
modelset/raw-data/repo-ecore-all/data/tue-mdse/ocl-dataset/dataset-mtl/repos/eclipse/ocl/tests/org.eclipse.ocl.examples.xtext.tests/model/Tutorial1.ecore,false,false,false,"parse: failed to parse modelset/raw-data/repo-ecore-all/data/tue-mdse/ocl-dataset/dataset-mtl/repos/eclipse/ocl/tests/org.eclipse.ocl.examples.xtext.tests/model/Tutorial1.ecore: unknown builtit class URL `http://www.eclipse.org/emf/2002/Ecore#//EBigInteger` failed to parse structural features failed to parse class `Book` line 31, column 101 current parser state: | `` | `    <eStructuralFeatures xsi:type=""ecore:EReference"" name=""library"" ordered=""false""` parsing failed"
modelset/raw-data/repo-ecore-all/data/tue-mdse/ocl-dataset/dataset-mtl/repos/eclipse/ocl/tests/org.eclipse.ocl.examples.xtext.tests/src/org/eclipse/ocl/examples/test/xtext/models/OCL.ecore,false,false,false,"parse: failed to parse modelset/raw-data/repo-ecore-all/data/tue-mdse/ocl-dataset/dataset-mtl/repos/eclipse/ocl/tests/org.eclipse.ocl.examples.xtext.tests/src/org/eclipse/ocl/examples/test/xtext/models/OCL.ecore: unexpected package content line 4, column 3 current parser state: | `<eSubpackages name=""types"" nsURI=""http://www.eclipse.org/ocl/1.1.0/OCL/Types"" nsPrefix=""ocl.types"">` | `    <eClassifiers xsi:type=""ecore:EClass"" name=""AnyType"">` parsing failed"
modelset/raw-data/repo-ecore-all/data/tue-mdse/ocl-dataset/dataset-mtl/repos/eclipse/ocl/tests/org.eclipse.ocl.examples.xtext.tests/src/org/eclipse/ocl/examples/test/xtext/models/OCL.reference.ecore,false,false,false,"parse: failed to parse modelset/raw-data/repo-ecore-all/data/tue-mdse/ocl-dataset/dataset-mtl/repos/eclipse/ocl/tests/org.eclipse.ocl.examples.xtext.tests/src/org/eclipse/ocl/examples/test/xtext/models/OCL.reference.ecore: unexpected package content line 4, column 3 current parser state: | `<eSubpackages name=""types"" nsURI=""http://www.eclipse.org/ocl/1.1.0/OCL/Types"" nsPrefix=""ocl.types"">` | `    <eClassifiers xsi:type=""ecore:EClass"" name=""AnyType"">` parsing failed"
modelset/raw-data/repo-ecore-all/data/tue-mdse/ocl-dataset/dataset-mtl/repos/eclipse/ocl/tests/org.eclipse.ocl.examples.xtext.tests/src/org/eclipse/ocl/examples/test/xtext/models/OCLinEcoreCST.ecore,false,false,false,"parse: failed to parse modelset/raw-data/repo-ecore-all/data/tue-mdse/ocl-dataset/dataset-mtl/repos/eclipse/ocl/tests/org.eclipse.ocl.examples.xtext.tests/src/org/eclipse/ocl/examples/test/xtext/models/OCLinEcoreCST.ecore: unsupported `eType` path `ecore:EClass EssentialOCLCST.ecore#//OclExpressionCS` failed to parse structural features failed to parse class `ConstraintCS` line 60, column 52 current parser state: | `` | `  </eClassifiers>` parsing failed"
modelset/raw-data/repo-ecore-all/data/tue-mdse/ocl-dataset/dataset-mtl/repos/edonjakupi/model-engineering/Lab 1/Group16_Lab1/model/statesml.ecore,false,false,false,"parse: failed to parse modelset/raw-data/repo-ecore-all/data/tue-mdse/ocl-dataset/dataset-mtl/repos/edonjakupi/model-engineering/Lab 1/Group16_Lab1/model/statesml.ecore: expected tag `<details` failed to parse class annotation failed to parse class `StatesModel` line 14, column 7 current parser state: | `<eAnnotations source=""http://www.eclipse.org/emf/2002/GenModel"">` | `        <details key=""documentation"" value=""OCL Constraint forbidding duplicate System Unit Model names.""/>` parsing failed"
modelset/raw-data/repo-ecore-all/data/tue-mdse/ocl-dataset/dataset-mtl/repos/gaviscada/org.eclipse.scada.releng/org.eclipse.scada.web/model/web.ecore,false,false,false,"parse: failed to parse modelset/raw-data/repo-ecore-all/data/tue-mdse/ocl-dataset/dataset-mtl/repos/gaviscada/org.eclipse.scada.releng/org.eclipse.scada.web/model/web.ecore: expected tag `>` failed to parse class annotation failed to parse class `HtmlContent` line 31, column 79 current parser state: | `/>` | `    <eStructuralFeatures xsi:type=""ecore:EAttribute"" name=""data"" lowerBound=""1"" eType=""ecore:EDataType http://www.eclipse.org/emf/2002/Ecore#//EString"">` parsing failed"
modelset/raw-data/repo-ecore-all/data/tue-mdse/ocl-dataset/dataset-mtl/repos/gemoc/arduinomodeling/dev/language_workbench_concurrency/org.gemoc.arduino.concurrent.xarduino/model/XArduino.ecore,false,false,false,"parse: failed to parse modelset/raw-data/repo-ecore-all/data/tue-mdse/ocl-dataset/dataset-mtl/repos/gemoc/arduinomodeling/dev/language_workbench_concurrency/org.gemoc.arduino.concurrent.xarduino/model/XArduino.ecore: unsupported `eType` path `//Project` failed to parse structural features failed to parse class `Board` line 4, column 132 current parser state: | `` | `  </eClassifiers>` parsing failed"
modelset/raw-data/repo-ecore-all/data/tue-mdse/ocl-dataset/dataset-mtl/repos/gemoc/arduinomodeling/dev/language_workbench_sequential/org.gemoc.arduino.sequential/model-gen/XArduinoMT.ecore,false,false,false,"parse: failed to parse modelset/raw-data/repo-ecore-all/data/tue-mdse/ocl-dataset/dataset-mtl/repos/gemoc/arduinomodeling/dev/language_workbench_sequential/org.gemoc.arduino.sequential/model-gen/XArduinoMT.ecore: unsupported `eType` path `//Project` failed to parse structural features failed to parse class `Board` line 4, column 132 current parser state: | `` | `  </eClassifiers>` parsing failed"
modelset/raw-data/repo-ecore-all/data/tue-mdse/ocl-dataset/dataset-mtl/repos/gemoc/arduinomodeling/dev/language_workbench_sequential/org.gemoc.arduino.sequential.xarduino/model/XArduino.ecore,false,false,false,"parse: failed to parse modelset/raw-data/repo-ecore-all/data/tue-mdse/ocl-dataset/dataset-mtl/repos/gemoc/arduinomodeling/dev/language_workbench_sequential/org.gemoc.arduino.sequential.xarduino/model/XArduino.ecore: unsupported `eType` path `//Project` failed to parse structural features failed to parse class `Board` line 4, column 132 current parser state: | `` | `  </eClassifiers>` parsing failed"
modelset/raw-data/repo-ecore-all/data/tue-mdse/ocl-dataset/dataset-mtl/repos/gemoc/org.eclipse.sirius/plugins/org.eclipse.sirius.doc/specs/proposal/440296_Required_side_for_border_nodes/sample/border_node.ecore,false,false,false,"parse: failed to parse modelset/raw-data/repo-ecore-all/data/tue-mdse/ocl-dataset/dataset-mtl/repos/gemoc/org.eclipse.sirius/plugins/org.eclipse.sirius.doc/specs/proposal/440296_Required_side_for_border_nodes/sample/border_node.ecore: unexpected package content line 4, column 3 current parser state: | `<eSubpackages name=""container"" nsURI=""container"" nsPrefix=""container"">` | `    <eClassifiers xsi:type=""ecore:EClass"" name=""border_node_1""/>` parsing failed"
modelset/raw-data/repo-ecore-all/data/tue-mdse/ocl-dataset/dataset-mtl/repos/gonbressan/InformeTesis/Tesis Abella/CodigoFuente/Proyecto Acceleo/M2T/metamodelo/devs.ecore,true,true,true,
modelset/raw-data/repo-ecore-all/data/tue-mdse/ocl-dataset/dataset-mtl/repos/grammarware/sle16/bousse/examples/examples/java+moccml/language-workbench/org.modelexecution.operationalsemantics.ad.concurrent.xdsml/model-gen/ConcurrentActivityDiagramMT.ecore,false,false,false,"parse: failed to parse modelset/raw-data/repo-ecore-all/data/tue-mdse/ocl-dataset/dataset-mtl/repos/grammarware/sle16/bousse/examples/examples/java+moccml/language-workbench/org.modelexecution.operationalsemantics.ad.concurrent.xdsml/model-gen/ConcurrentActivityDiagramMT.ecore: expected tag `>` failed to parse operation annotation failed to parse class operation failed to parse class `Activity` line 5, column 36 current parser state: | `/>` | `    </eOperations>` parsing failed"
modelset/raw-data/repo-ecore-all/data/tue-mdse/ocl-dataset/dataset-mtl/repos/grammarware/sle16/bousse/framework-sources/ModelDebugging/trace/tests_and_benchmarks/fr.inria.diverse.trace.plugin.generator.test/inputs/petrinet.ecore,true,true,true,
modelset/raw-data/repo-ecore-all/data/tue-mdse/ocl-dataset/dataset-mtl/repos/henryEon/OPTraining/com.ifpen.manager.xtext/model/generated/ProjectDsl.ecore,true,true,true,
modelset/raw-data/repo-ecore-all/data/tue-mdse/ocl-dataset/dataset-mtl/repos/henryEon/OPTraining/school/model/school.ecore,false,false,false,"parse: failed to parse modelset/raw-data/repo-ecore-all/data/tue-mdse/ocl-dataset/dataset-mtl/repos/henryEon/OPTraining/school/model/school.ecore: unknown builtit class URL `http://www.eclipse.org/emf/2002/Ecore#//EDate` failed to parse structural features failed to parse class `SchoolYear` line 34, column 137 current parser state: | `` | `  </eClassifiers>` parsing failed"
modelset/raw-data/repo-ecore-all/data/tue-mdse/ocl-dataset/dataset-mtl/repos/herbert-de-vaucanson/idmbe/betp03/betp03.textGeneration/PetriNet.ecore,true,true,true,
modelset/raw-data/repo-ecore-all/data/tue-mdse/ocl-dataset/dataset-mtl/repos/herbert-de-vaucanson/idmbe/betp04/betp041/PetriNet.ecore,true,true,true,
modelset/raw-data/repo-ecore-all/data/tue-mdse/ocl-dataset/dataset-mtl/repos/herbert-de-vaucanson/idmbe/idmbe-note/idmbe-t1/SimplePDL.ecore,true,true,true,
modelset/raw-data/repo-ecore-all/data/tue-mdse/ocl-dataset/dataset-mtl/repos/herbert-de-vaucanson/idmbe/idmbe-note/idmbe-t3/fr.improvedsimplepdl/model/SimplePDL.ecore,true,true,true,
modelset/raw-data/repo-ecore-all/data/tue-mdse/ocl-dataset/dataset-mtl/repos/herbert-de-vaucanson/idmbe/idmbe-note_ext3/SimplePDL.ecore,true,true,true,
modelset/raw-data/repo-ecore-all/data/tue-mdse/ocl-dataset/dataset-mtl/repos/herbert-de-vaucanson/idmbe/rendu/ext3/SimplePDL.ecore,true,true,true,
modelset/raw-data/repo-ecore-all/data/tue-mdse/ocl-dataset/dataset-mtl/repos/imehdi/arduinoML/ArduinoML2/ArduinoML.ecore,true,true,true,
modelset/raw-data/repo-ecore-all/data/tue-mdse/ocl-dataset/dataset-mtl/repos/jagalindo/puzzle-testing/downloads/FOReverSE-AFMSynthesis/AFMMetamodel/model/AFMMM.ecore,true,true,true,
modelset/raw-data/repo-ecore-all/data/tue-mdse/ocl-dataset/dataset-mtl/repos/juancadavid/papyrus/extraplugins/diagram-definition/org.eclipse.papyrus.dd/model/DC.ecore,false,false,false,"parse: failed to parse modelset/raw-data/repo-ecore-all/data/tue-mdse/ocl-dataset/dataset-mtl/repos/juancadavid/papyrus/extraplugins/diagram-definition/org.eclipse.papyrus.dd/model/DC.ecore: expected identifier failed to parse class operation failed to parse class `Dimension` line 153, column 119 current parser state: | `>` | `        <eAnnotations source=""http://www.eclipse.org/emf/2002/GenModel"">` parsing failed"
modelset/raw-data/repo-ecore-all/data/tue-mdse/ocl-dataset/dataset-mtl/repos/juancadavid/papyrus/plugins/uml/textedit/org.eclipse.papyrus.uml.textedit.collaborationuse.xtext/model/Ecore.ecore,false,false,false,"parse: failed to parse modelset/raw-data/repo-ecore-all/data/tue-mdse/ocl-dataset/dataset-mtl/repos/juancadavid/papyrus/plugins/uml/textedit/org.eclipse.papyrus.uml.textedit.collaborationuse.xtext/model/Ecore.ecore: Missing attribute `eType` in structural feature `instanceClass` failed to parse structural features failed to parse class `EClassifier` line 120, column 57 current parser state: | `` | `      <eGenericType eClassifier=""#//EJavaClass"">` parsing failed"
modelset/raw-data/repo-ecore-all/data/tue-mdse/ocl-dataset/dataset-mtl/repos/lengyela89/sirius-custom/plugins/org.eclipse.sirius/model/viewpoint.ecore,false,false,false,"parse: failed to parse modelset/raw-data/repo-ecore-all/data/tue-mdse/ocl-dataset/dataset-mtl/repos/lengyela89/sirius-custom/plugins/org.eclipse.sirius/model/viewpoint.ecore: unsupported `eType` path `ecore:EClass platform:/plugin/org.eclipse.emf.ecore/model/Ecore.ecore#//EObject` failed to parse structural features failed to parse class `DAnalysis` line 15, column 58 current parser state: | `` | `    <eStructuralFeatures xsi:type=""ecore:EReference"" name=""eAnnotations"" upperBound=""-1""` parsing failed"
modelset/raw-data/repo-ecore-all/data/tue-mdse/ocl-dataset/dataset-mtl/repos/manuelleduc/xp-gemoc-concurrent/without_metamodel/languages_workbenches/x10/fr.mleduc.gx10.xdsml/model-gen/GX10MT.ecore,false,false,false,"parse: failed to parse modelset/raw-data/repo-ecore-all/data/tue-mdse/ocl-dataset/dataset-mtl/repos/manuelleduc/xp-gemoc-concurrent/without_metamodel/languages_workbenches/x10/fr.mleduc.gx10.xdsml/model-gen/GX10MT.ecore: unsupported `eType` path `//Method` failed to parse structural features failed to parse class `Program` line 4, column 153 current parser state: | `` | `    <eStructuralFeatures xsi:type=""ecore:EReference"" name=""startMethod"" lowerBound=""1"" eType=""//Method""/>` parsing failed"
modelset/raw-data/repo-ecore-all/data/tue-mdse/ocl-dataset/dataset-mtl/repos/mariliaafreire/marilia-doc-projects/ExpEngineLanguage/model/jpdl31.ecore,false,false,false,"parse: failed to parse modelset/raw-data/repo-ecore-all/data/tue-mdse/ocl-dataset/dataset-mtl/repos/mariliaafreire/marilia-doc-projects/ExpEngineLanguage/model/jpdl31.ecore: unknown builtit class URL `http://www.eclipse.org/emf/2002/Ecore#//EFeatureMapEntry` failed to parse structural features failed to parse class `ActionType` line 12, column 90 current parser state: | `` | `      <eAnnotations source=""http:///org/eclipse/emf/ecore/util/ExtendedMetaData"">` parsing failed"
modelset/raw-data/repo-ecore-all/data/tue-mdse/ocl-dataset/dataset-mtl/repos/mariliaafreire/marilia-doc-projects/jpdlSbcars/model/jpdl31.ecore,false,false,false,"parse: failed to parse modelset/raw-data/repo-ecore-all/data/tue-mdse/ocl-dataset/dataset-mtl/repos/mariliaafreire/marilia-doc-projects/jpdlSbcars/model/jpdl31.ecore: unknown builtit class URL `http://www.eclipse.org/emf/2002/Ecore#//EFeatureMapEntry` failed to parse structural features failed to parse class `ActionType` line 12, column 90 current parser state: | `` | `      <eAnnotations source=""http:///org/eclipse/emf/ecore/util/ExtendedMetaData"">` parsing failed"
modelset/raw-data/repo-ecore-all/data/tue-mdse/ocl-dataset/dataset-mtl/repos/mbarbero/emfpath/plugins/org.eclipselabs.emfpath.test/resources/model/tree.ecore,true,true,true,
modelset/raw-data/repo-ecore-all/data/tue-mdse/ocl-dataset/dataset-mtl/repos/mbats/arduino/plugins/fr.obeo.dsl.arduino/model/arduino.ecore,true,true,true,
modelset/raw-data/repo-ecore-all/data/tue-mdse/ocl-dataset/dataset-mtl/repos/metaMOB/metaMOBsynthGenerator/Model/uid_language/model/Types.ecore,true,true,true,
modelset/raw-data/repo-ecore-all/data/tue-mdse/ocl-dataset/dataset-mtl/repos/mothacehe/beidm/BE/BE/SimplePDL.ecore,true,true,true,
modelset/raw-data/repo-ecore-all/data/tue-mdse/ocl-dataset/dataset-mtl/repos/mothacehe/beidm/BE/BE.Graphical/model/SimplePDL.ecore,true,true,true,
modelset/raw-data/repo-ecore-all/data/tue-mdse/ocl-dataset/dataset-mtl/repos/mothacehe/beidm/BE/SimplePDL.ecore,true,true,true,
modelset/raw-data/repo-ecore-all/data/tue-mdse/ocl-dataset/dataset-mtl/repos/mothacehe/beidm/RENDU/D1/2.3/SimplePDL.ecore,true,true,true,
modelset/raw-data/repo-ecore-all/data/tue-mdse/ocl-dataset/dataset-mtl/repos/mothacehe/beidm/TP1/ATL/MetaModels/PetriNet.ecore,true,true,true,
modelset/raw-data/repo-ecore-all/data/tue-mdse/ocl-dataset/dataset-mtl/repos/mothacehe/beidm/TP2/fr.insa.petrinet/src-gen/fr/insa/petrinet/Petrinet.ecore,true,true,true,
modelset/raw-data/repo-ecore-all/data/tue-mdse/ocl-dataset/dataset-mtl/repos/mothacehe/beidm/TP2/fr.insa.simplepdl/SimplePDL.ecore,true,true,true,
modelset/raw-data/repo-ecore-all/data/tue-mdse/ocl-dataset/dataset-mtl/repos/mothacehe/beidm/TP4/tp4petri/PetriNet.ecore,true,true,true,
modelset/raw-data/repo-ecore-all/data/tue-mdse/ocl-dataset/dataset-mtl/repos/mpizenberg/GLS_TP04/fr.enseeiht.simplepdl/PetriNet.ecore,true,true,true,
modelset/raw-data/repo-ecore-all/data/tue-mdse/ocl-dataset/dataset-mtl/repos/opcoach/training/EMF/com.opcoach.training.rental/model/rental.ecore,false,false,false,"parse: failed to parse modelset/raw-data/repo-ecore-all/data/tue-mdse/ocl-dataset/dataset-mtl/repos/opcoach/training/EMF/com.opcoach.training.rental/model/rental.ecore: unknown builtit class URL `http://www.eclipse.org/emf/2002/Ecore#//EDate` failed to parse class operation failed to parse class `RentalAgency` line 8, column 103 current parser state: | `` | `      <eParameters name=""to"" eType=""ecore:EDataType http://www.eclipse.org/emf/2002/Ecore#//EDate""/>` parsing failed"
modelset/raw-data/repo-ecore-all/data/tue-mdse/ocl-dataset/dataset-mtl/repos/opcoach/training/EMF/com.opcoach.training.rental/model/rentalSansGmfAnnot.ecore,false,false,false,"parse: failed to parse modelset/raw-data/repo-ecore-all/data/tue-mdse/ocl-dataset/dataset-mtl/repos/opcoach/training/EMF/com.opcoach.training.rental/model/rentalSansGmfAnnot.ecore: unknown builtit class URL `http://www.eclipse.org/emf/2002/Ecore#//EDate` failed to parse class operation failed to parse class `RentalAgency` line 9, column 103 current parser state: | `` | `      <eParameters name=""to"" eType=""ecore:EDataType http://www.eclipse.org/emf/2002/Ecore#//EDate""/>` parsing failed"
modelset/raw-data/repo-ecore-all/data/tue-mdse/ocl-dataset/dataset-mtl/repos/pcdavid/org.eclipse.sirius/plugins/org.eclipse.sirius/model/viewpoint.ecore,false,false,false,"parse: failed to parse modelset/raw-data/repo-ecore-all/data/tue-mdse/ocl-dataset/dataset-mtl/repos/pcdavid/org.eclipse.sirius/plugins/org.eclipse.sirius/model/viewpoint.ecore: unsupported `eType` path `ecore:EClass platform:/plugin/org.eclipse.emf.ecore/model/Ecore.ecore#//EObject` failed to parse structural features failed to parse class `DAnalysis` line 15, column 58 current parser state: | `` | `    <eStructuralFeatures xsi:type=""ecore:EReference"" name=""eAnnotations"" upperBound=""-1""` parsing failed"
modelset/raw-data/repo-ecore-all/data/tue-mdse/ocl-dataset/dataset-mtl/repos/pcdavid/org.eclipse.sirius/plugins/org.eclipse.sirius.diagram/model/diagram.ecore,false,false,false,"parse: failed to parse modelset/raw-data/repo-ecore-all/data/tue-mdse/ocl-dataset/dataset-mtl/repos/pcdavid/org.eclipse.sirius/plugins/org.eclipse.sirius.diagram/model/diagram.ecore: expected identifier failed to parse class operation failed to parse class `DDiagram` line 13, column 69 current parser state: | `>` | `        <eAnnotations source=""http://www.eclipse.org/emf/2002/GenModel"">` parsing failed"
modelset/raw-data/repo-ecore-all/data/tue-mdse/ocl-dataset/dataset-mtl/repos/pcdavid/org.eclipse.sirius/plugins/org.eclipse.sirius.samples.family/samples/org.eclipse.sirius.sample.basicfamily/model/basicfamily.ecore,true,true,true,
modelset/raw-data/repo-ecore-all/data/tue-mdse/ocl-dataset/dataset-mtl/repos/pcdavid/org.eclipse.sirius/plugins/org.eclipse.sirius.table/model/table.ecore,false,false,false,"parse: failed to parse modelset/raw-data/repo-ecore-all/data/tue-mdse/ocl-dataset/dataset-mtl/repos/pcdavid/org.eclipse.sirius/plugins/org.eclipse.sirius.table/model/table.ecore: unknown builtit class URL `platform:/plugin/org.eclipse.emf.ecore/model/Ecore.ecore#//EInt` failed to parse structural features failed to parse class `DTable` line 7, column 168 current parser state: | `` | `    <eStructuralFeatures xsi:type=""ecore:EReference"" name=""description"" eType=""#//description/TableDescription""/>` parsing failed"
modelset/raw-data/repo-ecore-all/data/tue-mdse/ocl-dataset/dataset-mtl/repos/pcdavid/org.eclipse.sirius/plugins/org.eclipse.sirius.tests.junit/data/tree/unit/refreshtools/test.ecore,true,true,true,
modelset/raw-data/repo-ecore-all/data/tue-mdse/ocl-dataset/dataset-mtl/repos/pcdavid/org.eclipse.sirius/plugins/org.eclipse.sirius.tests.junit/data/unit/editors/traceability/vp1038/vp1038-2.ecore,false,false,false,"parse: failed to parse modelset/raw-data/repo-ecore-all/data/tue-mdse/ocl-dataset/dataset-mtl/repos/pcdavid/org.eclipse.sirius/plugins/org.eclipse.sirius.tests.junit/data/unit/editors/traceability/vp1038/vp1038-2.ecore: unexpected package content line 6, column 3 current parser state: | `<eSubpackages name=""p1"" nsURI=""http://p1-2"" nsPrefix=""p1-2"">` | `    <eClassifiers xsi:type=""ecore:EClass"" name=""myEClass""/>` parsing failed"
modelset/raw-data/repo-ecore-all/data/tue-mdse/ocl-dataset/dataset-mtl/repos/pcdavid/org.eclipse.sirius/plugins/org.eclipse.sirius.tests.junit/data/unit/migration/do_not_migrate/fragmentedMigration/fragmentedMigration_p1.ecore,false,false,false,"parse: failed to parse modelset/raw-data/repo-ecore-all/data/tue-mdse/ocl-dataset/dataset-mtl/repos/pcdavid/org.eclipse.sirius/plugins/org.eclipse.sirius.tests.junit/data/unit/migration/do_not_migrate/fragmentedMigration/fragmentedMigration_p1.ecore: unexpected package content line 10, column 3 current parser state: | `<eSubpackages href=""fragmentedMigration_p1_p1_1.ecore#/""/>` | `</ecore:EPackage>` parsing failed"
modelset/raw-data/repo-ecore-all/data/tue-mdse/ocl-dataset/dataset-mtl/repos/pcdavid/org.eclipse.sirius/plugins/org.eclipse.sirius.tests.swtbot/data/unit/tree/popupMenus/vp915.ecore,true,true,true,
modelset/raw-data/repo-ecore-all/data/tue-mdse/ocl-dataset/dataset-mtl/repos/pleleux-enseeiht/turnt-adventure-micro-projects/Process-Model-Validation/Part1/src/PetriNet.ecore,true,true,true,
modelset/raw-data/repo-ecore-all/data/tue-mdse/ocl-dataset/dataset-mtl/repos/pleleux-enseeiht/turnt-adventure-micro-projects/Process-Model-Validation/Part2/src/PetriNet.ecore,true,true,true,
modelset/raw-data/repo-ecore-all/data/tue-mdse/ocl-dataset/dataset-mtl/repos/ptroja/DisCODeCore/org.discode.task/model/componentModel.ecore,false,false,false,"parse: failed to parse modelset/raw-data/repo-ecore-all/data/tue-mdse/ocl-dataset/dataset-mtl/repos/ptroja/DisCODeCore/org.discode.task/model/componentModel.ecore: unexpected structural feature attribute `eKeys` failed to parse structural features failed to parse class `Component` line 6, column 64 current parser state: | `/>` | `    <eStructuralFeatures xsi:type=""ecore:EAttribute"" name=""name"" lowerBound=""1"" eType=""ecore:EDataType http://www.eclipse.org/emf/2002/Ecore#//EString""/>` parsing failed"
modelset/raw-data/repo-ecore-all/data/tue-mdse/ocl-dataset/dataset-mtl/repos/raefYoussef/ISO15746_Implementation/OPL_Metamodel/OPLmetamodel.ecore,false,false,false,"parse: failed to parse modelset/raw-data/repo-ecore-all/data/tue-mdse/ocl-dataset/dataset-mtl/repos/raefYoussef/ISO15746_Implementation/OPL_Metamodel/OPLmetamodel.ecore: expected tag `>` failed to parse class annotation failed to parse class `AggOp` line 5, column 67 current parser state: | `references=""#//RelationalOp"">` | `      <details key=""body"" value=""Due to the similarities of all constraints and all arithmetic terms in constraints and objective functions, aggregate operators are used in OPL to factorize these commonalities""/>` parsing failed"
modelset/raw-data/repo-ecore-all/data/tue-mdse/ocl-dataset/dataset-mtl/repos/reycord/database-mdd/Database.mdd/model/Database.ecore,true,true,true,
modelset/raw-data/repo-ecore-all/data/tue-mdse/ocl-dataset/dataset-mtl/repos/sbrocard/statemachine-generator/net.sb.statemachine.dsl/src-gen/net/sb/statemachine/dsl/Stm.ecore,true,true,true,
modelset/raw-data/repo-ecore-all/data/tue-mdse/ocl-dataset/dataset-mtl/repos/supersede-project/dyn_adapt/YAFMT/cz.zcu.yafmt.model/model/FeatureModel.ecore,false,false,false,"parse: failed to parse modelset/raw-data/repo-ecore-all/data/tue-mdse/ocl-dataset/dataset-mtl/repos/supersede-project/dyn_adapt/YAFMT/cz.zcu.yafmt.model/model/FeatureModel.ecore: unexpected operation content failed to parse class operation failed to parse class `FeatureModel` line 6, column 7 current parser state: | `<eGenericType eClassifier=""ecore:EDataType http://www.eclipse.org/emf/2002/Ecore#//EEList"">` | `        <eTypeArguments eClassifier=""#//Feature""/>` parsing failed"
modelset/raw-data/repo-ecore-all/data/tue-mdse/ocl-dataset/dataset-mtl/repos/thibmeu/enseeiht/2IMA/GenieLogicielEtDesSystemes/BE/livrables/PetriNet.ecore,true,true,true,
modelset/raw-data/repo-ecore-all/data/tue-mdse/ocl-dataset/dataset-mtl/repos/uisleandro/org.eclipse.papyrus/extraplugins/diagram-definition/org.eclipse.papyrus.dd/model/DC.ecore,false,false,false,"parse: failed to parse modelset/raw-data/repo-ecore-all/data/tue-mdse/ocl-dataset/dataset-mtl/repos/uisleandro/org.eclipse.papyrus/extraplugins/diagram-definition/org.eclipse.papyrus.dd/model/DC.ecore: expected identifier failed to parse class operation failed to parse class `Dimension` line 173, column 119 current parser state: | `>` | `        <eAnnotations source=""http://www.eclipse.org/emf/2002/GenModel"">` parsing failed"
modelset/raw-data/repo-ecore-all/data/tue-mdse/ocl-dataset/dataset-mtl/repos/uisleandro/org.eclipse.papyrus/extraplugins/marte/org.eclipse.papyrus.marte.static.profile/resources/MARTE_Library.ecore,false,false,false,"parse: failed to parse modelset/raw-data/repo-ecore-all/data/tue-mdse/ocl-dataset/dataset-mtl/repos/uisleandro/org.eclipse.papyrus/extraplugins/marte/org.eclipse.papyrus.marte.static.profile/resources/MARTE_Library.ecore: unexpected package content line 4, column 3 current parser state: | `<eSubpackages name=""MeasurementUnits"" nsURI=""http:///MARTE_Library/MeasurementUnits.ecore""` | `      nsPrefix=""MARTE_Library.MeasurementUnits"">` parsing failed"
modelset/raw-data/repo-ecore-all/data/tue-mdse/ocl-dataset/dataset-mtl/repos/uisleandro/org.eclipse.papyrus/extraplugins/robotml/org.eclipse.papyrus.robotml/model/types.ecore,true,true,true,
modelset/raw-data/repo-ecore-all/data/tue-mdse/ocl-dataset/dataset-mtl/repos/uisleandro/org.eclipse.papyrus/tests/junit/extraplugins/cdo/org.eclipse.papyrus.cdo.core.tests/resources/xmi/A.ecore,false,false,false,"parse: failed to parse modelset/raw-data/repo-ecore-all/data/tue-mdse/ocl-dataset/dataset-mtl/repos/uisleandro/org.eclipse.papyrus/tests/junit/extraplugins/cdo/org.eclipse.papyrus.cdo.core.tests/resources/xmi/A.ecore: unsupported `eType` path `B.ecore#//B1` line 4, column 92 current parser state: | `` | `  <eClassifiers xsi:type=""ecore:EClass"" name=""A2"">` parsing failed"
modelset/raw-data/repo-ecore-all/data/tue-mdse/ocl-dataset/dataset-mtl/repos/ujhelyiz/org.eclipse.sirius/plugins/org.eclipse.sirius.diagram/model/diagram.ecore,false,false,false,"parse: failed to parse modelset/raw-data/repo-ecore-all/data/tue-mdse/ocl-dataset/dataset-mtl/repos/ujhelyiz/org.eclipse.sirius/plugins/org.eclipse.sirius.diagram/model/diagram.ecore: expected identifier failed to parse class operation failed to parse class `DDiagram` line 13, column 69 current parser state: | `>` | `        <eAnnotations source=""http://www.eclipse.org/emf/2002/GenModel"">` parsing failed"
modelset/raw-data/repo-ecore-all/data/tue-mdse/ocl-dataset/dataset-mtl/repos/unicase-ls1/unicase/core/org.unicase.model.migrator/migrator/release1/release0.ecore,false,false,false,"parse: failed to parse modelset/raw-data/repo-ecore-all/data/tue-mdse/ocl-dataset/dataset-mtl/repos/unicase-ls1/unicase/core/org.unicase.model.migrator/migrator/release1/release0.ecore: unexpected content at package level line 2, column 1 current parser state: | `<xmi:XMI xmi:version=""2.0""` | `    xmlns:xmi=""http://www.omg.org/XMI"" xmlns:xsi=""http://www.w3.org/2001/XMLSchema-instance""` parsing failed"
modelset/raw-data/repo-ecore-all/data/tue-mdse/ocl-dataset/dataset-mtl/repos/unicase-ls1/unicase/core/org.unicase.model.migrator/migrator/release2/release1.ecore,false,false,false,"parse: failed to parse modelset/raw-data/repo-ecore-all/data/tue-mdse/ocl-dataset/dataset-mtl/repos/unicase-ls1/unicase/core/org.unicase.model.migrator/migrator/release2/release1.ecore: unexpected content at package level line 2, column 1 current parser state: | `<xmi:XMI xmi:version=""2.0""` | `    xmlns:xmi=""http://www.omg.org/XMI"" xmlns:xsi=""http://www.w3.org/2001/XMLSchema-instance""` parsing failed"
modelset/raw-data/repo-ecore-all/data/tue-mdse/ocl-dataset/dataset-mtl/repos/unicase-ls1/unicase/core/org.unicase.model.migrator/migrator/release3/release2.ecore,false,false,false,"parse: failed to parse modelset/raw-data/repo-ecore-all/data/tue-mdse/ocl-dataset/dataset-mtl/repos/unicase-ls1/unicase/core/org.unicase.model.migrator/migrator/release3/release2.ecore: unexpected content at package level line 2, column 1 current parser state: | `<xmi:XMI xmi:version=""2.0""` | `    xmlns:xmi=""http://www.omg.org/XMI"" xmlns:xsi=""http://www.w3.org/2001/XMLSchema-instance""` parsing failed"
modelset/raw-data/repo-ecore-all/data/tue-mdse/ocl-dataset/dataset-mtl/repos/unicase-ls1/unicase/core/org.unicase.model.migrator/migrator/release4/release3.ecore,false,false,false,"parse: failed to parse modelset/raw-data/repo-ecore-all/data/tue-mdse/ocl-dataset/dataset-mtl/repos/unicase-ls1/unicase/core/org.unicase.model.migrator/migrator/release4/release3.ecore: unexpected content at package level line 2, column 1 current parser state: | `<xmi:XMI xmi:version=""2.0""` | `    xmlns:xmi=""http://www.omg.org/XMI"" xmlns:xsi=""http://www.w3.org/2001/XMLSchema-instance""` parsing failed"
modelset/raw-data/repo-ecore-all/data/tue-mdse/ocl-dataset/dataset-mtl/repos/voblivion/ENSEEIHT/2A/GenieLogicielEtSystemes/BE/src/PetriNet.ecore,true,true,true,
modelset/raw-data/repo-ecore-all/data/tue-mdse/ocl-dataset/dataset-mtl/repos/voblivion/ENSEEIHT/2A/GenieLogicielEtSystemes/TP5/SimplePDL.ecore,true,true,true,
modelset/raw-data/repo-ecore-all/data/tung18tht/Gama-Cloud/Workspace/org.xtext.example.mydsl.parent/org.xtext.example.mydsl/model/generated/MyDsl.ecore,true,true,true,
modelset/raw-data/repo-ecore-all/data/turesheim/elibrarium/no.resheim.elibrarium.library.core/model/library.ecore,false,false,false,"parse: failed to parse modelset/raw-data/repo-ecore-all/data/turesheim/elibrarium/no.resheim.elibrarium.library.core/model/library.ecore: unknown builtit class URL `http://www.eclipse.org/emf/2002/Ecore#//EDate` failed to parse structural features failed to parse class `Bookmark` line 58, column 80 current parser state: | `` | `    <eStructuralFeatures xsi:type=""ecore:EAttribute"" name=""text"" lowerBound=""1"" eType=""ecore:EDataType http://www.eclipse.org/emf/2002/Ecore#//EString""/>` parsing failed"
modelset/raw-data/repo-ecore-all/data/turnus/turnus/turnus.model/model/analysis.ecore,false,false,false,"parse: failed to parse modelset/raw-data/repo-ecore-all/data/turnus/turnus/turnus.model/model/analysis.ecore: unknown builtit class URL `http://www.eclipse.org/emf/2002/Ecore#//EDate` failed to parse structural features failed to parse class `AnalysisReport` line 6, column 137 current parser state: | `` | `  </eClassifiers>` parsing failed"
modelset/raw-data/repo-ecore-all/data/turnus/turnus/turnus.model/model/dataflow.ecore,false,false,false,"parse: failed to parse modelset/raw-data/repo-ecore-all/data/turnus/turnus/turnus.model/model/dataflow.ecore: unsupported `eType` path `ecore:EClass versioning.ecore#//Version` failed to parse structural features failed to parse class `Network` line 39, column 29 current parser state: | `` | `  </eClassifiers>` parsing failed"
modelset/raw-data/repo-ecore-all/data/tylertravismya/cli/samples/models/bowling.ecore,false,false,false,"parse: failed to parse modelset/raw-data/repo-ecore-all/data/tylertravismya/cli/samples/models/bowling.ecore: unknown builtit class URL `http://www.eclipse.org/emf/2002/Ecore#//EDate` failed to parse structural features failed to parse class `Player` line 20, column 144 current parser state: | `` | `    <eStructuralFeatures xsi:type=""ecore:EAttribute"" name=""height"" eType=""ecore:EDataType http://www.eclipse.org/emf/2002/Ecore#//EDouble""/>` parsing failed"
modelset/raw-data/repo-ecore-all/data/tylertravismya/cli/samples/models/bowling.sprint.2.ecore,false,false,false,"parse: failed to parse modelset/raw-data/repo-ecore-all/data/tylertravismya/cli/samples/models/bowling.sprint.2.ecore: unknown builtit class URL `http://www.eclipse.org/emf/2002/Ecore#//EDate` failed to parse structural features failed to parse class `Player` line 6, column 144 current parser state: | `` | `    <eStructuralFeatures xsi:type=""ecore:EAttribute"" name=""height"" eType=""ecore:EDataType http://www.eclipse.org/emf/2002/Ecore#//EDouble""/>` parsing failed"
modelset/raw-data/repo-ecore-all/data/udaykabe/gra2mol/Grammar2Model/metamodel/Service.ecore,true,true,true,
modelset/raw-data/repo-ecore-all/data/udaykabe/gra2mol/Grammar2Model/metamodel/javaSimplified.ecore,true,true,true,
modelset/raw-data/repo-ecore-all/data/udaykabe/gra2mol/Grammar2Model/metamodel/javamodse.ecore,true,true,true,
modelset/raw-data/repo-ecore-all/data/udaykabe/gra2mol/Grammar2Model.examples.Delphi2Model/ASTMExtraction/files/metamodels/astm.ecore,false,false,false,"parse: failed to parse modelset/raw-data/repo-ecore-all/data/udaykabe/gra2mol/Grammar2Model.examples.Delphi2Model/ASTMExtraction/files/metamodels/astm.ecore: unexpected package content line 6, column 3 current parser state: | `<eSubpackages name=""gastm"" nsURI=""http://modelum.es/modernization/gastm"" nsPrefix=""gastm"">` | `    <eClassifiers xsi:type=""ecore:EClass"" name=""GASTMObject""/>` parsing failed"
modelset/raw-data/repo-ecore-all/data/udaykabe/gra2mol/Grammar2Model.examples.Java2ASTMModel/files/metamodels/gsastm.ecore,false,false,false,"parse: failed to parse modelset/raw-data/repo-ecore-all/data/udaykabe/gra2mol/Grammar2Model.examples.Java2ASTMModel/files/metamodels/gsastm.ecore: unexpected content at package level line 2, column 1 current parser state: | `<xmi:XMI xmi:version=""2.0""` | `    xmlns:xmi=""http://www.omg.org/XMI"" xmlns:xsi=""http://www.w3.org/2001/XMLSchema-instance""` parsing failed"
modelset/raw-data/repo-ecore-all/data/udaykabe/gra2mol/Grammar2Model.examples.Java2JavaModel/files/metamodels/javaSimplified.ecore,true,true,true,
modelset/raw-data/repo-ecore-all/data/udaykabe/gra2mol/Grammar2Model.examples.Maude2Model/files/metamodels/Maude.ecore,true,true,true,
modelset/raw-data/repo-ecore-all/data/udaykabe/gra2mol/Grammar2Model.examples.PLSQL2ASTMModel/metamodels/astm.ecore,false,false,false,"parse: failed to parse modelset/raw-data/repo-ecore-all/data/udaykabe/gra2mol/Grammar2Model.examples.PLSQL2ASTMModel/metamodels/astm.ecore: unexpected package content line 6, column 3 current parser state: | `<eSubpackages name=""gastm"" nsURI=""http://modelum.es/modernization/gastm"" nsPrefix=""gastm"">` | `    <eClassifiers xsi:type=""ecore:EClass"" name=""GASTMObject""/>` parsing failed"
modelset/raw-data/repo-ecore-all/data/udaykabe/gra2mol/Grammar2Model.examples.PLSQL2ASTMModel/metamodels/metrics.ecore,false,false,false,"parse: failed to parse modelset/raw-data/repo-ecore-all/data/udaykabe/gra2mol/Grammar2Model.examples.PLSQL2ASTMModel/metamodels/metrics.ecore: unsupported `eType` path `ecore:EClass ../../Grammar2Model.KDM/model/kdm.ecore#//core/ModelElement` failed to parse structural features failed to parse class `LinkMeasurement` line 15, column 152 current parser state: | `` | `  </eClassifiers>` parsing failed"
modelset/raw-data/repo-ecore-all/data/udaykabe/gra2mol/Grammar2Model.examples.extractHierarchy/files/metamodels/ClassM.ecore,true,true,true,
modelset/raw-data/repo-ecore-all/data/udaykabe/gra2mol/Grammar2Model.examples.wikiDB2Model/files/metamodels/wikiGraph-onekin.ecore,true,true,true,
modelset/raw-data/repo-ecore-all/data/udaykabe/gra2mol/Grammar2Model.examples.wikiDB2Model/files/metamodels/wikiGraph.ecore,true,true,true,
modelset/raw-data/repo-ecore-all/data/udeshika-sewwandi/siddhi_editor/org.xtext.example.siddhi/model/generated/Siddhi.ecore,false,false,false,"parse: failed to parse modelset/raw-data/repo-ecore-all/data/udeshika-sewwandi/siddhi_editor/org.xtext.example.siddhi/model/generated/Siddhi.ecore: unsupported `eType` path `ecore:EClass http://www.eclipse.org/emf/2002/Ecore#//EObject` failed to parse structural features failed to parse class `LeftAbsentSequenceSource` line 298, column 29 current parser state: | `` | `    <eStructuralFeatures xsi:type=""ecore:EAttribute"" name=""op"" eType=""ecore:EDataType http://www.eclipse.org/emf/2002/Ecore#//EString""/>` parsing failed"
modelset/raw-data/repo-ecore-all/data/ujhelyiz/org.eclipse.sirius/plugins/org.eclipse.sirius.tests.junit/data/tree/unit/dnd/vp926/vp926.ecore,true,true,true,
modelset/raw-data/repo-ecore-all/data/ujhelyiz/org.eclipse.sirius/plugins/org.eclipse.sirius.tests.junit/data/unit/migration/do_not_migrate/custostorage/457481_custostorage.ecore,true,true,true,
modelset/raw-data/repo-ecore-all/data/ujhelyiz/org.eclipse.sirius/plugins/org.eclipse.sirius.tests.sample.benchmark/model/benchmark.ecore,true,true,true,
modelset/raw-data/repo-ecore-all/data/unicase-ls1/unicase/developer/CodeExamples/BowlingExample/org.unicase.bowlingmodel/model/bowlingmodel.ecore,false,false,false,"parse: failed to parse modelset/raw-data/repo-ecore-all/data/unicase-ls1/unicase/developer/CodeExamples/BowlingExample/org.unicase.bowlingmodel/model/bowlingmodel.ecore: unknown builtit class URL `http://www.eclipse.org/emf/2002/Ecore#//EDate` failed to parse structural features failed to parse class `Player` line 12, column 144 current parser state: | `` | `    <eStructuralFeatures xsi:type=""ecore:EAttribute"" name=""height"" eType=""ecore:EDataType http://www.eclipse.org/emf/2002/Ecore#//EDouble"">` parsing failed"
modelset/raw-data/repo-ecore-all/data/unicase-ls1/unicase/developer/CodeExamples/exampleModel/model/library.ecore,true,true,true,
modelset/raw-data/repo-ecore-all/data/unicase-ls1/unicase/other/LABCourseSS11/branch0.7.X-maintenancecore/org.unicase.model.migrator/migrator/release1/release0.ecore,false,false,false,"parse: failed to parse modelset/raw-data/repo-ecore-all/data/unicase-ls1/unicase/other/LABCourseSS11/branch0.7.X-maintenancecore/org.unicase.model.migrator/migrator/release1/release0.ecore: unexpected content at package level line 2, column 1 current parser state: | `<xmi:XMI xmi:version=""2.0""` | `    xmlns:xmi=""http://www.omg.org/XMI"" xmlns:xsi=""http://www.w3.org/2001/XMLSchema-instance""` parsing failed"
modelset/raw-data/repo-ecore-all/data/unicase-ls1/unicase/other/LABCourseSS11/branch0.7.X-maintenancecore/org.unicase.model.migrator/migrator/release2/release1.ecore,false,false,false,"parse: failed to parse modelset/raw-data/repo-ecore-all/data/unicase-ls1/unicase/other/LABCourseSS11/branch0.7.X-maintenancecore/org.unicase.model.migrator/migrator/release2/release1.ecore: unexpected content at package level line 2, column 1 current parser state: | `<xmi:XMI xmi:version=""2.0""` | `    xmlns:xmi=""http://www.omg.org/XMI"" xmlns:xsi=""http://www.w3.org/2001/XMLSchema-instance""` parsing failed"
modelset/raw-data/repo-ecore-all/data/unicase-ls1/unicase/other/LABCourseSS11/branch0.7.X-maintenancecore/org.unicase.model.migrator/migrator/release5/release4.ecore,false,false,false,"parse: failed to parse modelset/raw-data/repo-ecore-all/data/unicase-ls1/unicase/other/LABCourseSS11/branch0.7.X-maintenancecore/org.unicase.model.migrator/migrator/release5/release4.ecore: unexpected content at package level line 2, column 1 current parser state: | `<xmi:XMI xmi:version=""2.0""` | `    xmlns:xmi=""http://www.omg.org/XMI"" xmlns:xsi=""http://www.w3.org/2001/XMLSchema-instance""` parsing failed"
modelset/raw-data/repo-ecore-all/data/unicase-ls1/unicase/other/LABCourseSS11/emfstore/org.eclipse.emf.emfstore.examplemodel/model/bowling.ecore,false,false,false,"parse: failed to parse modelset/raw-data/repo-ecore-all/data/unicase-ls1/unicase/other/LABCourseSS11/emfstore/org.eclipse.emf.emfstore.examplemodel/model/bowling.ecore: unknown builtit class URL `http://www.eclipse.org/emf/2002/Ecore#//EDiagnosticChain` failed to parse class operation failed to parse class `Player` line 8, column 128 current parser state: | `` | `      <eParameters name=""context"">` parsing failed"
modelset/raw-data/repo-ecore-all/data/unicase-ls1/unicase/other/diagrammodelmigration/org.unicase.model/model/gmf/templates/Ecore.ecore,false,false,false,"parse: failed to parse modelset/raw-data/repo-ecore-all/data/unicase-ls1/unicase/other/diagrammodelmigration/org.unicase.model/model/gmf/templates/Ecore.ecore: Missing attribute `eType` in structural feature `instanceClass` failed to parse structural features failed to parse class `EClassifier` line 110, column 57 current parser state: | `` | `      <eGenericType eClassifier=""#//EJavaClass"">` parsing failed"
modelset/raw-data/repo-ecore-all/data/unicase-ls1/unicase/other/memory_leak_branch_patches/org.unicase.model.migrator/migrator/release3/release2.ecore,false,false,false,"parse: failed to parse modelset/raw-data/repo-ecore-all/data/unicase-ls1/unicase/other/memory_leak_branch_patches/org.unicase.model.migrator/migrator/release3/release2.ecore: unexpected content at package level line 2, column 1 current parser state: | `<xmi:XMI xmi:version=""2.0""` | `    xmlns:xmi=""http://www.omg.org/XMI"" xmlns:xsi=""http://www.w3.org/2001/XMLSchema-instance""` parsing failed"
modelset/raw-data/repo-ecore-all/data/upohl/eloquent/examples/projectPlanning/plugins/de.fraunhofer.iem.projectPlanning/model/generated/ProjectPlanning.ecore,true,true,true,
modelset/raw-data/repo-ecore-all/data/upohl/eloquent/plugins/org.muml.psm.allocation.ilp/model/ilp.ecore,true,true,true,
modelset/raw-data/repo-ecore-all/data/upohl/eloquent/tests/org.muml.eloquent.ocl.vql.tests/src/org/muml/eloquent/ocl/vql/tests/fixtures/model.ecore,false,false,false,"parse: failed to parse modelset/raw-data/repo-ecore-all/data/upohl/eloquent/tests/org.muml.eloquent.ocl.vql.tests/src/org/muml/eloquent/ocl/vql/tests/fixtures/model.ecore: unexpected package content line 6, column 3 current parser state: | `<eSubpackages name=""sub"" nsURI=""http://example.com/root/sub"" nsPrefix=""sub"">` | `    <eClassifiers xsi:type=""ecore:EClass"" name=""C"" abstract=""true""/>` parsing failed"
modelset/raw-data/repo-ecore-all/data/upohl/eloquent/tests/org.muml.psm.allocation.algorithm.ilp.tests/fixtures/implicationConstraint/model/implicationConstraint.ecore,false,false,false,"parse: failed to parse modelset/raw-data/repo-ecore-all/data/upohl/eloquent/tests/org.muml.psm.allocation.algorithm.ilp.tests/fixtures/implicationConstraint/model/implicationConstraint.ecore: unexpected package content line 6, column 3 current parser state: | `<eSubpackages name=""sub1"" nsURI=""http://www.muml.org/psm/allocation/algorithm/ilp/tests/ic/sub1/1.0.0""` | `      nsPrefix=""sub1"">` parsing failed"
modelset/raw-data/repo-ecore-all/data/upohl/eloquent/tests/org.muml.psm.allocation.algorithm.ilp.tests/fixtures/oclContext/model/simple.ecore,false,false,false,"parse: failed to parse modelset/raw-data/repo-ecore-all/data/upohl/eloquent/tests/org.muml.psm.allocation.algorithm.ilp.tests/fixtures/oclContext/model/simple.ecore: unexpected package content line 6, column 3 current parser state: | `<eSubpackages name=""pa"" nsURI=""http://www.muml.org/psm/allocation/algorithm/ilp/tests/m/pa/1.0.0""` | `      nsPrefix=""pa"">` parsing failed"
modelset/raw-data/repo-ecore-all/data/upohl/eloquent/tests/org.muml.psm.allocation.algorithm.tests/fixtures/infrastructure/My.ecore,true,true,true,
modelset/raw-data/repo-ecore-all/data/upohl/eloquent/tests/org.muml.psm.allocation.algorithm.tests/fixtures/infrastructure/NestedEPackage.ecore,false,false,false,"parse: failed to parse modelset/raw-data/repo-ecore-all/data/upohl/eloquent/tests/org.muml.psm.allocation.algorithm.tests/fixtures/infrastructure/NestedEPackage.ecore: unexpected package content line 10, column 3 current parser state: | `<eSubpackages` | `      name=""test""` parsing failed"
modelset/raw-data/repo-ecore-all/data/uppaal-emf/uppaal/metamodel/org.muml.uppaal/model/uppaal.ecore,false,false,false,"parse: failed to parse modelset/raw-data/repo-ecore-all/data/uppaal-emf/uppaal/metamodel/org.muml.uppaal/model/uppaal.ecore: unexpected package content line 92, column 3 current parser state: | `<eSubpackages name=""core"" nsURI=""http://www.muml.org/uppaal/core/1.0.0""` | `      nsPrefix=""core"">` parsing failed"
modelset/raw-data/repo-ecore-all/data/uqbar-project/xtext-tortuga-lang/org.uqbar.paco.dsl.tortuga/model/generated/TortugaDSL.ecore,true,true,true,
modelset/raw-data/repo-ecore-all/data/urdaa/emf/tdt4250.assignment/model/programmes.ecore,true,true,true,
modelset/raw-data/repo-ecore-all/data/usnistgov/RECON/NDVRlib/model/NBVR.ecore,false,false,false,"parse: failed to parse modelset/raw-data/repo-ecore-all/data/usnistgov/RECON/NDVRlib/model/NBVR.ecore: unexpected package content line 9, column 3 current parser state: | `<eSubpackages name=""Vocabulary"" nsURI=""http:///NBVR/Vocabulary.ecore"" nsPrefix=""NBVR.Vocabulary"">` | `    <eClassifiers xsi:type=""ecore:EClass"" name=""Adjective"" eSuperTypes=""#//Vocabulary/Word""/>` parsing failed"
modelset/raw-data/repo-ecore-all/data/utwente-fmt/Adt2Upp/src/main/java/com/utwente/standalone/uppaal_0.5.0.ecore,false,false,false,"parse: failed to parse modelset/raw-data/repo-ecore-all/data/utwente-fmt/Adt2Upp/src/main/java/com/utwente/standalone/uppaal_0.5.0.ecore: unexpected package content line 92, column 3 current parser state: | `<eSubpackages name=""core"" nsURI=""http://www.uni-paderborn.de/uppaal/core/0.4.0""` | `      nsPrefix=""core"">` parsing failed"
modelset/raw-data/repo-ecore-all/data/utwente-fmt/STARS/STARS/sense/meta/uppaal.ecore,false,false,false,"parse: failed to parse modelset/raw-data/repo-ecore-all/data/utwente-fmt/STARS/STARS/sense/meta/uppaal.ecore: unexpected package content line 93, column 3 current parser state: | `<eSubpackages name=""core"" nsURI=""http://www.fujaba.de/muml/verification/uppaal/core/0.4.0""` | `      nsPrefix=""core"">` parsing failed"
modelset/raw-data/repo-ecore-all/data/utwente-fmt/STARS/STARS/sense/meta/uppaal.xsd.ecore,false,false,false,"parse: failed to parse modelset/raw-data/repo-ecore-all/data/utwente-fmt/STARS/STARS/sense/meta/uppaal.xsd.ecore: unknown builtit class URL `http://www.eclipse.org/emf/2002/Ecore#//EFeatureMapEntry` failed to parse structural features failed to parse class `DeclarationType` line 13, column 90 current parser state: | `` | `      <eAnnotations source=""http:///org/eclipse/emf/ecore/util/ExtendedMetaData"">` parsing failed"
modelset/raw-data/repo-ecore-all/data/utwente-fmt/attop/Model/data/models/UATMM_structure.ecore,false,false,false,"parse: failed to parse modelset/raw-data/repo-ecore-all/data/utwente-fmt/attop/Model/data/models/UATMM_structure.ecore: unexpected structural feature attribute `eKeys` failed to parse structural features failed to parse class `Node` line 17, column 71 current parser state: | `/>` | `    <eStructuralFeatures xsi:type=""ecore:EReference"" name=""parents"" ordered=""false""` parsing failed"
modelset/raw-data/repo-ecore-all/data/utwente-fmt/attop/Trace_schedule/UMMAAL_trace_schedule/model/UMMAAL_trace_schedule.ecore,false,false,false,"parse: failed to parse modelset/raw-data/repo-ecore-all/data/utwente-fmt/attop/Trace_schedule/UMMAAL_trace_schedule/model/UMMAAL_trace_schedule.ecore: expected identifier line 4, column 37 current parser state: | `/>` parsing failed"
modelset/raw-data/repo-ecore-all/data/utwente-fmt/attop/UppaalEMF/metamodel/nl.utwente.ewi.fmt.uppaalsmc/model/uppaalSMC.ecore,false,false,false,"parse: failed to parse modelset/raw-data/repo-ecore-all/data/utwente-fmt/attop/UppaalEMF/metamodel/nl.utwente.ewi.fmt.uppaalsmc/model/uppaalSMC.ecore: unsupported `eType` path `../../org.muml.uppaal/model/uppaal.ecore#//NTA` line 7, column 18 current parser state: | `` | `  <eClassifiers xsi:type=""ecore:EClass"" name=""DoubleType"" eSuperTypes=""../../org.muml.uppaal/model/uppaal.ecore#//types/Type""/>` parsing failed"
modelset/raw-data/repo-ecore-all/data/vahdat-ab/TGRL/eclipse_projects/urn.ecore.models/model/CORE.ecore,false,false,false,"parse: failed to parse modelset/raw-data/repo-ecore-all/data/vahdat-ab/TGRL/eclipse_projects/urn.ecore.models/model/CORE.ecore: expected identifier failed to parse class operation failed to parse class `COREFeature` line 53, column 35 current parser state: | `>` | `        <eGenericType eClassifier=""ecore:EDataType http://www.eclipse.org/emf/2002/Ecore#//EEList"">` parsing failed"
modelset/raw-data/repo-ecore-all/data/valenvivaldi/Taller-/proyecto/metamodelos/SimpleRDBMS.ecore,true,true,true,
modelset/raw-data/repo-ecore-all/data/valeriocos/jbrex/JBrex/metamodels/GraphML.ecore,false,false,false,"parse: failed to parse modelset/raw-data/repo-ecore-all/data/valeriocos/jbrex/JBrex/metamodels/GraphML.ecore: unexpected content at package level line 2, column 1 current parser state: | `<xmi:XMI xmi:version=""2.0""` | `    xmlns:xmi=""http://www.omg.org/XMI"" xmlns:xsi=""http://www.w3.org/2001/XMLSchema-instance""` parsing failed"
modelset/raw-data/repo-ecore-all/data/valeriocos/jbrex/JBrex/metamodels/brmodel.ecore,false,false,false,"parse: failed to parse modelset/raw-data/repo-ecore-all/data/valeriocos/jbrex/JBrex/metamodels/brmodel.ecore: unsupported `eType` path `ecore:EClass http://www.eclipse.org/emf/2002/Ecore#//EObject` failed to parse structural features failed to parse class `Trace` line 41, column 142 current parser state: | `` | `  </eClassifiers>` parsing failed"
modelset/raw-data/repo-ecore-all/data/valeriocos/jbrex/JBrex/metamodels/java.ecore,true,false,false,"generate: timeout after 120s: /arachne/target/release/arachne generate modelset/raw-data/repo-ecore-all/data/valeriocos/jbrex/JBrex/metamodels/java.ecore -o /var/folders/24/3kt9vzrj6qzd_r760kn9ybsm0000gn/T/arachne-modelset-wktvka86/generated-00349 -p modelset-00349-f5222b15 [INFO  arachne] Starting code generation [INFO  arachne_codegen] Validating configuration [INFO  arachne_codegen] Parsing ecore metamodel: ""modelset/raw-data/repo-ecore-all/data/valeriocos/jbrex/JBrex/metamodels/java.ecore"" [WARN  ecore_rs::parser::raw] Structural feature `body` sets `ordered` while `upperBound=1`; this has no effect [WARN  ecore_rs::parser::raw] `eOpposite` attributes are currently not supported, ignoring [WARN  ecore_rs::parser::raw] `eOpposite` attributes are currently not supported, ignoring [WARN  ecore_rs::parser::raw] `eOpposite` attributes are currently not supported, ignoring [WARN  ecore_rs::parser::raw] Structural feature `method` sets `ordered` while `upperBound=1`; this has no effect [WARN  ecore_rs::parser::raw] `eOpposite` attributes are currently not supported, ignoring [WARN  ecore_rs::parser::raw] `eOpposite` attributes are currently not supported, ignoring [WARN  ecore_rs::parser::raw] Structural feature `package` sets `ordered` while `upperBound=1`; this has no effect [WARN  ecore_rs::parser::raw] `eOpposite` attributes are currently not supported, ignoring [WARN  ecore_rs::parser::raw] Structural feature `qualifier` sets `ordered` while `upperBound=1`; this has no effect [WARN  ecore_rs::parser::raw] Structural feature `type` sets `ordered` while `upperBound=1`; this has no effect [WARN  ecore_rs::parser::raw] `eOpposite` attributes are currently not supported, ignoring [WARN  ecore_rs::parser::raw] Structural feature `type` sets `ordered` while `upperBound=1`; this has no effect [WARN  ecore_rs::parser::raw] Structural feature `originalFilePath` sets `ordered` while `upperBound=1`; this has no effect [WARN  ecore_rs::parser::raw] Structural feature `originalFilePath` sets `unique` while `upperBound=1`; this has no effect [WARN  ecore_rs::parser::raw] Structural feature `manifest` sets `ordered` while `upperBound=1`; this has no effect [WARN  ecore_rs::parser::raw] Structural feature `message` sets `ordered` while `upperBound=1`; this has no effect [WARN  ecore_rs::parser::raw] Structural feature `expression` sets `ordered` while `upperBound=1`; this has no effect [WARN  ecore_rs::parser::raw] Structural feature `originalCompilationUnit` sets `ordered` while `upperBound=1`; this has no effect [WARN  ecore_rs::parser::raw] Structural feature `originalClassFile` sets `ordered` while `upperBound=1`; this has no effect [WARN  ecore_rs::parser::raw] Structural feature `member` sets `ordered` while `upperBound=1`; this has no effect [WARN  ecore_rs::parser::raw] `eOpposite` attributes are currently not supported, ignoring [WARN  ecore_rs::parser::raw] Structural feature `value` sets `ordered` while `upperBound=1`; this has no effect [WARN  ecore_rs::parser::raw] Structural feature `default` sets `ordered` while `upperBound=1`; this has no effect [WARN  ecore_rs::parser::raw] Structural feature `type` sets `ordered` while `upperBound=1`; this has no effect [WARN  ecore_rs::parser::raw] `eOpposite` attributes are currently not supported, ignoring [WARN  ecore_rs::parser::raw] `eOpposite` attributes are currently not supported, ignoring [WARN  ecore_rs::parser::raw] Structural feature `classInstanceCreation` sets `ordered` while `upperBound=1`; this has no effect [WARN  ecore_rs::parser::raw] `eOpposite` attributes are currently not supported, ignoring [WARN  ecore_rs::parser::raw] Structural feature `array` sets `ordered` while `upperBound=1`; this has no effect [WARN  ecore_rs::parser::raw] Structural feature `index` sets `ordered` while `upperBound=1`; this has no effect [WARN  ecore_rs::parser::raw] Structural feature `initializer` sets `ordered` while `upperBound=1`; this has no effect [WARN  ecore_rs::parser::raw] Structural feature `type` sets `ordered` while `upperBound=1`; this has no effect [WARN  ecore_rs::parser::raw] Structural feature `array` sets `ordered` while `upperBound=1`; this has no effect [WARN  ecore_rs::parser::raw] Structural feature `dimension [output truncated after 4000 chars]"
modelset/raw-data/repo-ecore-all/data/vallejoco/ModifRoundtrip-project/workspaceMR/DemoCoffeeMaker/metamodel/Types.ecore,true,true,true,
modelset/raw-data/repo-ecore-all/data/vallejoco/ModifRoundtrip-project/workspaceMR/ModifRoundtrip/model/Modif/Ecore.ecore,false,false,false,"parse: failed to parse modelset/raw-data/repo-ecore-all/data/vallejoco/ModifRoundtrip-project/workspaceMR/ModifRoundtrip/model/Modif/Ecore.ecore: unexpected content at package level line 2, column 1 current parser state: | `<xmi:XMI xmi:version=""2.0"" xmlns:xmi=""http://www.omg.org/XMI"" xmlns:xsi=""http://www.w3.org/2001/XMLSchema-instance""` | `    xmlns:ecore=""http://www.eclipse.org/emf/2002/Ecore"">` parsing failed"
modelset/raw-data/repo-ecore-all/data/verath/MDE2016-assignment6/assignment6_model/model/assignment6_model.ecore,true,true,true,
modelset/raw-data/repo-ecore-all/data/verath/hotel-california/models/tda593.ecore,false,false,false,"parse: failed to parse modelset/raw-data/repo-ecore-all/data/verath/hotel-california/models/tda593.ecore: unexpected package content line 4, column 3 current parser state: | `<eSubpackages name=""hotel"" nsURI=""http:///tda593/hotel.ecore"" nsPrefix=""tda593.hotel"">` | `    <eSubpackages name=""california"" nsURI=""http:///tda593/hotel/california.ecore""` parsing failed"
modelset/raw-data/repo-ecore-all/data/veriatl/Compiler.Asm2boogie/fr.emn.atlanmod.ASM2Boogie.compiler/bin/metamodels/A.ecore,true,true,true,
modelset/raw-data/repo-ecore-all/data/veriatl/Compiler.Asm2boogie/fr.emn.atlanmod.ASM2Boogie.compiler/src/metamodels/ER.ecore,true,true,true,
modelset/raw-data/repo-ecore-all/data/veriatl/Compiler.Emftvm2Boogie/fr.emn.atlanmod.veriatl.compiler/HSM2FSM/Source/SRCMM/HSM.ecore,false,false,false,"parse: failed to parse modelset/raw-data/repo-ecore-all/data/veriatl/Compiler.Emftvm2Boogie/fr.emn.atlanmod.veriatl.compiler/HSM2FSM/Source/SRCMM/HSM.ecore: unexpected package content line 33, column 1 current parser state: | `</ecore:EPackage>` parsing failed"
modelset/raw-data/repo-ecore-all/data/veriatl/UML_CaseStudy/fr.emn.atlanmod.uml.casestudy/resources/references/Pivot.ecore,false,false,false,"parse: failed to parse modelset/raw-data/repo-ecore-all/data/veriatl/UML_CaseStudy/fr.emn.atlanmod.uml.casestudy/resources/references/Pivot.ecore: expected tag `>` failed to parse package annotation line 4, column 64 current parser state: | `/>` | `  <eAnnotations source=""http://www.eclipse.org/emf/2002/Ecore"">` parsing failed"
modelset/raw-data/repo-ecore-all/data/veriatl/VeriATL.CaseStudies/_ResolveTemp/Source/metamodel/Clazz.ecore,true,true,true,
modelset/raw-data/repo-ecore-all/data/veriatl/genTool/not2correct/HSM2FSM/Source/TARMM/FSM.ecore,false,false,false,"parse: failed to parse modelset/raw-data/repo-ecore-all/data/veriatl/genTool/not2correct/HSM2FSM/Source/TARMM/FSM.ecore: unexpected package content line 33, column 1 current parser state: | `</ecore:EPackage>` parsing failed"
modelset/raw-data/repo-ecore-all/data/vgirishkumar/OnOff/components/coom/core/com.visteon.onoff.coom/model/generated/Coom.ecore,true,true,true,
modelset/raw-data/repo-ecore-all/data/vhfragal/ConFTGen-tool/work_neon_ubu/org.yakindu.base.expressions/model/Expressions.ecore,false,false,false,"parse: failed to parse modelset/raw-data/repo-ecore-all/data/vhfragal/ConFTGen-tool/work_neon_ubu/org.yakindu.base.expressions/model/Expressions.ecore: unknown builtit class URL `http://www.eclipse.org/emf/2002/Ecore#//EEnumerator` failed to parse class operation failed to parse class `BinaryExpression` line 7, column 114 current parser state: | `` | `    <eStructuralFeatures xsi:type=""ecore:EReference"" name=""leftOperand"" eType=""#//Expression""` parsing failed"
modelset/raw-data/repo-ecore-all/data/vhfragal/ConFTGen-tool/work_neon_ubu/org.yakindu.base.types/model/types.ecore,false,false,false,"parse: failed to parse modelset/raw-data/repo-ecore-all/data/vhfragal/ConFTGen-tool/work_neon_ubu/org.yakindu.base.types/model/types.ecore: unsupported `eType` path `base.ecore#//NamedElement` line 11, column 18 current parser state: | `` | `  <eClassifiers xsi:type=""ecore:EClass"" name=""Type"" eSuperTypes=""#//PackageMember"">` parsing failed"
modelset/raw-data/repo-ecore-all/data/vhfragal/ConFTGen-tool/work_neon_ubu/org.yakindu.sct.model.sexec/model/sexec.ecore,false,false,false,"parse: failed to parse modelset/raw-data/repo-ecore-all/data/vhfragal/ConFTGen-tool/work_neon_ubu/org.yakindu.sct.model.sexec/model/sexec.ecore: unsupported `eType` path `ecore:EClass http://www.eclipse.org/emf/2002/Ecore#//EObject` failed to parse structural features failed to parse class `MappedElement` line 5, column 145 current parser state: | `` | `  </eClassifiers>` parsing failed"
modelset/raw-data/repo-ecore-all/data/vhfragal/ConFTGen-tool/work_neon_ubu/org.yakindu.sct.model.sgen/model/emf/sgen.ecore,false,false,false,"parse: failed to parse modelset/raw-data/repo-ecore-all/data/vhfragal/ConFTGen-tool/work_neon_ubu/org.yakindu.sct.model.sgen/model/emf/sgen.ecore: unsupported `eType` path `../../../org.yakindu.base.types/model/base.ecore#//NamedElement` line 21, column 18 current parser state: | `` | `  <eClassifiers xsi:type=""ecore:EClass"" name=""FeatureParameter"" eSuperTypes=""../../../org.yakindu.base.types/model/base.ecore#//NamedElement #//DeprecatableElement"">` parsing failed"
modelset/raw-data/repo-ecore-all/data/vhfragal/ConFTGen-tool/work_neon_ubu/org.yakindu.sct.model.sgraph/model/emf/sgraph.ecore,false,false,false,"parse: failed to parse modelset/raw-data/repo-ecore-all/data/vhfragal/ConFTGen-tool/work_neon_ubu/org.yakindu.sct.model.sgraph/model/emf/sgraph.ecore: expected tag `>` failed to parse package annotation line 4, column 66 current parser state: | `/>` | `  <eClassifiers xsi:type=""ecore:EClass"" name=""Pseudostate"" abstract=""true"" eSuperTypes=""#//Vertex""/>` parsing failed"
modelset/raw-data/repo-ecore-all/data/vhfragal/ConFTGen-tool/work_neon_ubu/org.yakindu.sct.model.stext/model/SText.ecore,false,false,false,"parse: failed to parse modelset/raw-data/repo-ecore-all/data/vhfragal/ConFTGen-tool/work_neon_ubu/org.yakindu.sct.model.stext/model/SText.ecore: unsupported `eType` path `../../org.yakindu.sct.model.sgraph/model/emf/sgraph.ecore#//ScopedElement` line 21, column 161 current parser state: | `` | `  <eClassifiers xsi:type=""ecore:EClass"" name=""StateSpecification"">` parsing failed"
modelset/raw-data/repo-ecore-all/data/viatra/EMF-IncQuery-Examples/derived-features-by-queries/school-derived/model/school.ecore,true,true,true,
modelset/raw-data/repo-ecore-all/data/viatra/EMF-IncQuery-Examples/library/org.eclipse.viatra2.emf.incquery.base.example/model/library.ecore,true,true,true,
modelset/raw-data/repo-ecore-all/data/viatra/VIATRA-Generator/Framework/hu.bme.mit.inf.dslreasoner.logic.model/model/logiclanguage.ecore,false,false,false,"parse: failed to parse modelset/raw-data/repo-ecore-all/data/viatra/VIATRA-Generator/Framework/hu.bme.mit.inf.dslreasoner.logic.model/model/logiclanguage.ecore: unsupported `eType` path `ecore:EClass logicproblem.ecore#//FunctionAnnotation` failed to parse structural features failed to parse class `Function` line 38, column 130 current parser state: | `` | `  </eClassifiers>` parsing failed"
modelset/raw-data/repo-ecore-all/data/viatra/incquery-examples-cps/domains/org.eclipse.viatra.examples.cps.traceability/model/traceability.ecore,false,false,false,"parse: failed to parse modelset/raw-data/repo-ecore-all/data/viatra/incquery-examples-cps/domains/org.eclipse.viatra.examples.cps.traceability/model/traceability.ecore: unsupported `eType` path `ecore:EClass ../../org.eclipse.viatra.examples.cps.model/model/model.ecore#//CyberPhysicalSystem` failed to parse structural features failed to parse class `CPSToDeployment` line 6, column 171 current parser state: | `` | `    <eStructuralFeatures xsi:type=""ecore:EReference"" name=""deployment"" eType=""ecore:EClass ../../org.eclipse.viatra.examples.cps.deployment/model/deployment.ecore#//Deployment""/>` parsing failed"
modelset/raw-data/repo-ecore-all/data/viatra/iq-sirius-integration/host/org.eclipse.incquery.viewmodel/model/traceability.ecore,false,false,false,"parse: failed to parse modelset/raw-data/repo-ecore-all/data/viatra/iq-sirius-integration/host/org.eclipse.incquery.viewmodel/model/traceability.ecore: unsupported `eType` path `ecore:EClass http://www.eclipse.org/emf/2002/Ecore#//EObject` failed to parse structural features failed to parse class `Trace` line 11, column 95 current parser state: | `` | `    <eStructuralFeatures xsi:type=""ecore:EAttribute"" name=""ruleDescriptorId"" lowerBound=""1""` parsing failed"
modelset/raw-data/repo-ecore-all/data/viatra/java-refactoring-ttc-viatra/hu.bme.mit.ttc.refactoring.models/model/TypeGraphBasic.ecore,true,true,true,
modelset/raw-data/repo-ecore-all/data/viatra/java-refactoring-ttc-viatra/hu.bme.mit.ttc.refactoring.models/model/TypeGraphTrace.ecore,false,false,false,"parse: failed to parse modelset/raw-data/repo-ecore-all/data/viatra/java-refactoring-ttc-viatra/hu.bme.mit.ttc.refactoring.models/model/TypeGraphTrace.ecore: unsupported `eType` path `ecore:EClass TypeGraphBasic.ecore#//TypeGraph` failed to parse structural features failed to parse class `Trace` line 7, column 29 current parser state: | `` | `    <eStructuralFeatures xsi:type=""ecore:EReference"" name=""methodSignatures"" upperBound=""-1""` parsing failed"
modelset/raw-data/repo-ecore-all/data/viatra/org.eclipse.incquery.examples/minilibrary/org.eclipse.incquery.examples.library/model/library.ecore,true,true,true,
modelset/raw-data/repo-ecore-all/data/viatra/org.eclipse.viatra/query/plugins/org.eclipse.viatra.query.patternlanguage.emf/model/PatternLanguage.ecore,false,false,false,"parse: failed to parse modelset/raw-data/repo-ecore-all/data/viatra/org.eclipse.viatra/query/plugins/org.eclipse.viatra.query.patternlanguage.emf/model/PatternLanguage.ecore: unsupported `eType` path `http://www.eclipse.org/xtext/xbase/Xtype#//XImportSection` line 15, column 18 current parser state: | `` | `  <eClassifiers xsi:type=""ecore:EClass"" name=""PackageImport"">` parsing failed"
modelset/raw-data/repo-ecore-all/data/viatra/org.eclipse.viatra/query/tests/org.eclipse.viatra.query.patternlanguage.emf.tests/model/typetest.ecore,false,false,false,"parse: failed to parse modelset/raw-data/repo-ecore-all/data/viatra/org.eclipse.viatra/query/tests/org.eclipse.viatra.query.patternlanguage.emf.tests/model/typetest.ecore: unknown builtit class URL `http://www.eclipse.org/emf/2002/Ecore#//EBigInteger` failed to parse structural features failed to parse class `Numbers` line 38, column 145 current parser state: | `` | `    <eStructuralFeatures xsi:type=""ecore:EAttribute"" name=""bigDecimal"" eType=""ecore:EDataType http://www.eclipse.org/emf/2002/Ecore#//EBigDecimal""/>` parsing failed"
modelset/raw-data/repo-ecore-all/data/viatra/org.eclipse.viatra/query/tests/org.eclipse.viatra.query.runtime.cps.tests/models/dynamic/model.ecore,true,true,true,
modelset/raw-data/repo-ecore-all/data/viatra/org.eclipse.viatra.examples/query/headless/org.eclipse.viatra.query.application.queries/testmodels/Test.ecore,false,false,false,"parse: failed to parse modelset/raw-data/repo-ecore-all/data/viatra/org.eclipse.viatra.examples/query/headless/org.eclipse.viatra.query.application.queries/testmodels/Test.ecore: unexpected package content line 5, column 3 current parser state: | `<eSubpackages name=""subpackage1"" nsURI=""http://test.info/sp1"" nsPrefix=""sp1"">` | `    <eClassifiers xsi:type=""ecore:EClass"" name=""B""/>` parsing failed"
modelset/raw-data/repo-ecore-all/data/vijayshreesoddy/Simpleuml2rdb-AOP-Kieker/com.uni.de.qvto.uml2rdb/rdb.ecore,false,false,false,"parse: failed to parse modelset/raw-data/repo-ecore-all/data/vijayshreesoddy/Simpleuml2rdb-AOP-Kieker/com.uni.de.qvto.uml2rdb/rdb.ecore: unknown builtit class URL `http://www.eclipse.org/emf/2002/Ecore#//EBooleanObject` failed to parse structural features failed to parse class `TableColumn` line 44, column 154 current parser state: | `` | `    <eStructuralFeatures xsi:type=""ecore:EAttribute"" name=""isForeignKey"" eType=""ecore:EDataType http://www.eclipse.org/emf/2002/Ecore#//EBooleanObject""/>` parsing failed"
modelset/raw-data/repo-ecore-all/data/vindemac/Splice/M2M-OpenEHR2RichUbi/metamodels/richubi/olds/rich_interface_components.ecore,true,true,true,
modelset/raw-data/repo-ecore-all/data/vindemac/Splice/M2M-OpenEHR2RichUbi/metamodels/richubi/rich_interface_components.ecore,true,true,true,
modelset/raw-data/repo-ecore-all/data/virckof/chaintracker-15/examples/metamodels/A.ecore,true,true,true,
modelset/raw-data/repo-ecore-all/data/virckof/chaintracker-15/examples/metamodels/B.ecore,true,true,true,
modelset/raw-data/repo-ecore-all/data/virckof/chaintracker-15/examples/metamodels/Book.ecore,true,true,true,
modelset/raw-data/repo-ecore-all/data/virtualsatellite/VirtualSatellite4-Core/de.dlr.sc.virsat.model.extension.tests/concept/concept.ecore,false,false,false,"parse: failed to parse modelset/raw-data/repo-ecore-all/data/virtualsatellite/VirtualSatellite4-Core/de.dlr.sc.virsat.model.extension.tests/concept/concept.ecore: unsupported `eType` path `../../de.dlr.sc.virsat.model/model/dvlm.ecore#//dmf/DObject` line 11, column 18 current parser state: | `` | `  <eClassifiers xsi:type=""ecore:EEnum"" name=""EnumTestEnum"">` parsing failed"
modelset/raw-data/repo-ecore-all/data/virtualsatellite/VirtualSatellite4-FDIR/de.dlr.sc.virsat.fdir.galileo/model/generated/Dft.ecore,true,true,true,
modelset/raw-data/repo-ecore-all/data/vitruv-tools/Vitruv/bundles/testutils/tools.vitruv.testutils.metamodels/metamodels/multicontainment_b.ecore,true,true,true,
modelset/raw-data/repo-ecore-all/data/vjordan/RetroEngineeringPetstore/bin/tp/fil/resources/Data.ecore,true,true,true,
modelset/raw-data/repo-ecore-all/data/vladimirkozhaev/blockchainlanugage/org.blockchain.rell/model/generated/Rell.ecore,true,false,false,"generate: timeout after 120s: /arachne/target/release/arachne generate modelset/raw-data/repo-ecore-all/data/vladimirkozhaev/blockchainlanugage/org.blockchain.rell/model/generated/Rell.ecore -o /var/folders/24/3kt9vzrj6qzd_r760kn9ybsm0000gn/T/arachne-modelset-wktvka86/generated-00389 -p modelset-00389-457daa75 [INFO  arachne] Starting code generation [INFO  arachne_codegen] Validating configuration [INFO  arachne_codegen] Parsing ecore metamodel: ""modelset/raw-data/repo-ecore-all/data/vladimirkozhaev/blockchainlanugage/org.blockchain.rell/model/generated/Rell.ecore"" [INFO  arachne_codegen] Generating Rust tokens"
modelset/raw-data/repo-ecore-all/data/vladimirkozhaev/org.example.expressions/model/generated/Expressions.ecore,true,true,true,
modelset/raw-data/repo-ecore-all/data/vladimirkozhaev/script_tutorial/org.example.expressions/model/generated/Expressions.ecore,true,true,true,
modelset/raw-data/repo-ecore-all/data/vmsobral/sml2/br.ufes.inf.nemo.ontouml.refontouml/model/RefOntoUML.ecore,false,false,false,"parse: failed to parse modelset/raw-data/repo-ecore-all/data/vmsobral/sml2/br.ufes.inf.nemo.ontouml.refontouml/model/RefOntoUML.ecore: expected identifier failed to parse class operation failed to parse class `Element` line 53, column 119 current parser state: | `>` | `        <eAnnotations source=""http://www.eclipse.org/emf/2002/GenModel"">` parsing failed"
modelset/raw-data/repo-ecore-all/data/vnu-dse/inferOCL/plugins/fr.inria.atlanmod.genmodel/Cartier/demo/MDD4DRES/SimpleUMLCD/input/metamodel/simpleUML_MM.ecore,true,true,true,
modelset/raw-data/repo-ecore-all/data/vnu-dse/inferOCL/plugins/fr.inria.atlanmod.genmodel/Cartier/demo/MDD4DRES/UMLActivity/input/metamodel/UMLKNES.ecore,true,true,true,
modelset/raw-data/repo-ecore-all/data/vnu-dse/inferOCL/plugins/fr.inria.atlanmod.genmodel/Cartier/demo/MDD4DRES/UMLStateMachine/input/metamodel/UMLStateMachineSelect.ecore,true,true,true,
modelset/raw-data/repo-ecore-all/data/vnu-dse/inferOCL/plugins/fr.inria.atlanmod.genmodel.alloy2emf/samplefiles/rcd_mm.ecore,false,false,false,"parse: failed to parse modelset/raw-data/repo-ecore-all/data/vnu-dse/inferOCL/plugins/fr.inria.atlanmod.genmodel.alloy2emf/samplefiles/rcd_mm.ecore: unknown builtit class URL `http://www.eclipse.org/emf/2002/Ecore#//EIntegerObject` failed to parse structural features failed to parse class `Association` line 13, column 147 current parser state: | `` | `    <eStructuralFeatures xsi:type=""ecore:EAttribute"" name=""lower"" eType=""ecore:EDataType http://www.eclipse.org/emf/2002/Ecore#//EIntegerObject""/>` parsing failed"
modelset/raw-data/repo-ecore-all/data/vogelsgesang/mda-state-machine-synthesis/metamodel/IOAutomaton.ecore,false,false,false,"parse: failed to parse modelset/raw-data/repo-ecore-all/data/vogelsgesang/mda-state-machine-synthesis/metamodel/IOAutomaton.ecore: unsupported `eType` path `ecore:EClass CommonConcepts.ecore#//SystemActor` failed to parse structural features failed to parse class `Automaton` line 13, column 85 current parser state: | `` | `    <eStructuralFeatures xsi:type=""ecore:EReference"" name=""state"" ordered=""false""` parsing failed"
modelset/raw-data/repo-ecore-all/data/vonbolt/Xtext_test/org.xtext.example.mydsl/model/generated/MyDsl.ecore,true,true,true,
modelset/raw-data/repo-ecore-all/data/vorburger/xtext-sandbox/SerializerCrossRefNewResEObjHowTo/org.xtext.example.mydsl/model/generated/MyDsl.ecore,true,true,true,
modelset/raw-data/repo-ecore-all/data/vorburger/xtext-sandbox/SerializingChangedResourceProblem/org.xtext.example.mydsl/model/generated/MyDsl.ecore,true,true,true,
modelset/raw-data/repo-ecore-all/data/vrchlpet/earl-grey/cz.cvut.earlgrey.classmodel/src-gen/cz/cvut/earlgrey/classmodel/Classmodel.ecore,false,false,false,"parse: failed to parse modelset/raw-data/repo-ecore-all/data/vrchlpet/earl-grey/cz.cvut.earlgrey.classmodel/src-gen/cz/cvut/earlgrey/classmodel/Classmodel.ecore: unsupported `eType` path `ecore:EClass ../../../../../../cz.cvut.earlgrey.annotation/src-gen/cz/cvut/earlgrey/annotation/Annotation.ecore#//Annotation` failed to parse structural features failed to parse class `Element` line 18, column 29 current parser state: | `` | `  </eClassifiers>` parsing failed"
modelset/raw-data/repo-ecore-all/data/vrchlpet/earl-grey/cz.cvut.earlgrey.statemodel/src-gen/cz/cvut/earlgrey/statemodel/Statemodel.ecore,false,false,false,"parse: failed to parse modelset/raw-data/repo-ecore-all/data/vrchlpet/earl-grey/cz.cvut.earlgrey.statemodel/src-gen/cz/cvut/earlgrey/statemodel/Statemodel.ecore: unsupported `eType` path `ecore:EClass ../../../../../../cz.cvut.earlgrey.annotation/src-gen/cz/cvut/earlgrey/annotation/Annotation.ecore#//Annotation` failed to parse structural features failed to parse class `Element` line 18, column 29 current parser state: | `` | `  </eClassifiers>` parsing failed"
modelset/raw-data/repo-ecore-all/data/wbombardellis/BachelorThesis_WilliamBombardelliDaSilva/Examples/de.mdelab.mltgg.UmlClassDiagram2Java/model/classDiagram.ecore,true,true,true,
modelset/raw-data/repo-ecore-all/data/wbombardellis/BachelorThesis_WilliamBombardelliDaSilva/Examples/de.silvawb.java_Jamopp_Complicated_Corrected/de.silvawb.java/model/java.ecore,false,false,false,"parse: failed to parse modelset/raw-data/repo-ecore-all/data/wbombardellis/BachelorThesis_WilliamBombardelliDaSilva/Examples/de.silvawb.java_Jamopp_Complicated_Corrected/de.silvawb.java/model/java.ecore: unexpected package attribute `xmi:id` expected one of `name` `nsURI` `nsPrefix` `xmi:version` `xmlns:xmi` `xmlns:xsi` `xmlns:ecore` line 3, column 90 current parser state: | `name=""java"" nsURI=""http://www.emftext.org/java""` | `    nsPrefix=""java"">` parsing failed"
modelset/raw-data/repo-ecore-all/data/wbombardellis/BachelorThesis_WilliamBombardelliDaSilva/Examples/de.silvawb.java_Jamopp_OnePackage_Trial_Fail/de.silvawb.java/model/java.ecore,false,false,false,"parse: failed to parse modelset/raw-data/repo-ecore-all/data/wbombardellis/BachelorThesis_WilliamBombardelliDaSilva/Examples/de.silvawb.java_Jamopp_OnePackage_Trial_Fail/de.silvawb.java/model/java.ecore: unexpected package attribute `xmi:id` expected one of `name` `nsURI` `nsPrefix` `xmi:version` `xmlns:xmi` `xmlns:xsi` `xmlns:ecore` line 3, column 90 current parser state: | `name=""java"" nsURI=""http://tu-berlin.de/silvawb/java""` | `    nsPrefix=""de.silvawb.java"">` parsing failed"
modelset/raw-data/repo-ecore-all/data/wbombardellis/BachelorThesis_WilliamBombardelliDaSilva/Metamodels/de.silvawb.java/model/java.ecore,true,true,true,
modelset/raw-data/repo-ecore-all/data/wbombardellis/MasterThesis-WilliamBombardelliDaSilva/metamodels/org.wbsilva.mm.class/model/Class.ecore,true,true,true,
modelset/raw-data/repo-ecore-all/data/wbombardellis/MasterThesis-WilliamBombardelliDaSilva/metamodels/org.wbsilva.mm.controlflow/model/Controlflow.ecore,true,true,true,
modelset/raw-data/repo-ecore-all/data/wbombardellis/MasterThesis-WilliamBombardelliDaSilva/metamodels/org.wbsilva.mm.database/model/Database.ecore,true,true,true,
modelset/raw-data/repo-ecore-all/data/wbombardellis/MasterThesis-WilliamBombardelliDaSilva/metamodels/org.wbsilva.mm.graph/model/Graph.ecore,true,true,true,
modelset/raw-data/repo-ecore-all/data/wbombardellis/MasterThesis-WilliamBombardelliDaSilva/metamodels/org.wbsilva.mm.petrinet/model/Petrinet.ecore,false,false,false,"parse: failed to parse modelset/raw-data/repo-ecore-all/data/wbombardellis/MasterThesis-WilliamBombardelliDaSilva/metamodels/org.wbsilva.mm.petrinet/model/Petrinet.ecore: unknown builtit class URL `http://www.eclipse.org/emf/2002/Ecore#//EIntegerObject` failed to parse structural features failed to parse class `Place` line 20, column 150 current parser state: | `` | `  </eClassifiers>` parsing failed"
modelset/raw-data/repo-ecore-all/data/wbombardellis/MasterThesis-WilliamBombardelliDaSilva/metamodels/org.wbsilva.mm.sourcecode/model/Sourcecode.ecore,true,true,true,
modelset/raw-data/repo-ecore-all/data/wbombardellis/MasterThesis-WilliamBombardelliDaSilva/metamodels/org.wbsilva.mm.statemachine/model/Statemachine.ecore,true,true,true,
modelset/raw-data/repo-ecore-all/data/wbombardellis/MasterThesis-WilliamBombardelliDaSilva/metamodels/org.wbsilva.mm.while/model/While.ecore,true,true,true,
modelset/raw-data/repo-ecore-all/data/wbombardellis/MasterThesis-WilliamBombardelliDaSilva/transformer/org.wbsilva.bence.graphgrammar/model/graphgrammar.ecore,true,true,true,
modelset/raw-data/repo-ecore-all/data/weidou/TemPsy-Check/checker/models/trace.ecore,true,true,true,
modelset/raw-data/repo-ecore-all/data/wibeck/ex1-mdsd/model/componentModel.ecore,true,true,true,
modelset/raw-data/repo-ecore-all/data/wicaksana/bdd-model-transformation/01/Assets/BDD/sample.ecore,true,true,true,
modelset/raw-data/repo-ecore-all/data/wicaksana/bdd-model-transformation/01/Assets/psample.ecore,true,true,true,
modelset/raw-data/repo-ecore-all/data/wicaksana/bdd-model-transformation/01/code/Sample/model/sample.ecore,true,true,true,
modelset/raw-data/repo-ecore-all/data/wicaksana/bdd-model-transformation/01/code/java.ecore,true,false,false,"generate: timeout after 120s: /arachne/target/release/arachne generate modelset/raw-data/repo-ecore-all/data/wicaksana/bdd-model-transformation/01/code/java.ecore -o /var/folders/24/3kt9vzrj6qzd_r760kn9ybsm0000gn/T/arachne-modelset-wktvka86/generated-00421 -p modelset-00421-d3252f3a [INFO  arachne] Starting code generation [INFO  arachne_codegen] Validating configuration [INFO  arachne_codegen] Parsing ecore metamodel: ""modelset/raw-data/repo-ecore-all/data/wicaksana/bdd-model-transformation/01/code/java.ecore"" [WARN  ecore_rs::parser::raw] Structural feature `body` sets `ordered` while `upperBound=1`; this has no effect [WARN  ecore_rs::parser::raw] `eOpposite` attributes are currently not supported, ignoring [WARN  ecore_rs::parser::raw] `eOpposite` attributes are currently not supported, ignoring [WARN  ecore_rs::parser::raw] `eOpposite` attributes are currently not supported, ignoring [WARN  ecore_rs::parser::raw] Structural feature `method` sets `ordered` while `upperBound=1`; this has no effect [WARN  ecore_rs::parser::raw] `eOpposite` attributes are currently not supported, ignoring [WARN  ecore_rs::parser::raw] `eOpposite` attributes are currently not supported, ignoring [WARN  ecore_rs::parser::raw] Structural feature `package` sets `ordered` while `upperBound=1`; this has no effect [WARN  ecore_rs::parser::raw] `eOpposite` attributes are currently not supported, ignoring [WARN  ecore_rs::parser::raw] Structural feature `qualifier` sets `ordered` while `upperBound=1`; this has no effect [WARN  ecore_rs::parser::raw] Structural feature `type` sets `ordered` while `upperBound=1`; this has no effect [WARN  ecore_rs::parser::raw] `eOpposite` attributes are currently not supported, ignoring [WARN  ecore_rs::parser::raw] Structural feature `type` sets `ordered` while `upperBound=1`; this has no effect [WARN  ecore_rs::parser::raw] Structural feature `originalFilePath` sets `ordered` while `upperBound=1`; this has no effect [WARN  ecore_rs::parser::raw] Structural feature `originalFilePath` sets `unique` while `upperBound=1`; this has no effect [WARN  ecore_rs::parser::raw] Structural feature `manifest` sets `ordered` while `upperBound=1`; this has no effect [WARN  ecore_rs::parser::raw] Structural feature `message` sets `ordered` while `upperBound=1`; this has no effect [WARN  ecore_rs::parser::raw] Structural feature `expression` sets `ordered` while `upperBound=1`; this has no effect [WARN  ecore_rs::parser::raw] Structural feature `originalCompilationUnit` sets `ordered` while `upperBound=1`; this has no effect [WARN  ecore_rs::parser::raw] Structural feature `originalClassFile` sets `ordered` while `upperBound=1`; this has no effect [WARN  ecore_rs::parser::raw] Structural feature `member` sets `ordered` while `upperBound=1`; this has no effect [WARN  ecore_rs::parser::raw] `eOpposite` attributes are currently not supported, ignoring [WARN  ecore_rs::parser::raw] Structural feature `value` sets `ordered` while `upperBound=1`; this has no effect [WARN  ecore_rs::parser::raw] Structural feature `default` sets `ordered` while `upperBound=1`; this has no effect [WARN  ecore_rs::parser::raw] Structural feature `type` sets `ordered` while `upperBound=1`; this has no effect [WARN  ecore_rs::parser::raw] `eOpposite` attributes are currently not supported, ignoring [WARN  ecore_rs::parser::raw] `eOpposite` attributes are currently not supported, ignoring [WARN  ecore_rs::parser::raw] Structural feature `classInstanceCreation` sets `ordered` while `upperBound=1`; this has no effect [WARN  ecore_rs::parser::raw] `eOpposite` attributes are currently not supported, ignoring [WARN  ecore_rs::parser::raw] Structural feature `array` sets `ordered` while `upperBound=1`; this has no effect [WARN  ecore_rs::parser::raw] Structural feature `index` sets `ordered` while `upperBound=1`; this has no effect [WARN  ecore_rs::parser::raw] Structural feature `initializer` sets `ordered` while `upperBound=1`; this has no effect [WARN  ecore_rs::parser::raw] Structural feature `type` sets `ordered` while `upperBound=1`; this has no effect [WARN  ecore_rs::parser::raw] Structural feature `array` sets `ordered` while `upperBound=1`; this has no effect [WARN  ecore_rs::parser::raw] Structural feature ` [output truncated after 4000 chars]"
modelset/raw-data/repo-ecore-all/data/wicaksana/bdd-model-transformation/01/code/sample.ecore,true,true,true,
modelset/raw-data/repo-ecore-all/data/wicaksana/bdd-model-transformation/01/deliverables/code/SimplifiedjavaMetamodel/psample.ecore,true,true,true,
modelset/raw-data/repo-ecore-all/data/wicaksana/bdd-model-transformation/03/BDDtoJava/Java.ecore,false,false,false,"parse: failed to parse modelset/raw-data/repo-ecore-all/data/wicaksana/bdd-model-transformation/03/BDDtoJava/Java.ecore: unexpected content at package level line 2, column 1 current parser state: | `<xmi:XMI xmi:version=""2.0"" xmlns:xmi=""http://www.omg.org/XMI"" xmlns:xsi=""http://www.w3.org/2001/XMLSchema-instance""` | `    xmlns:ecore=""http://www.eclipse.org/emf/2002/Ecore"">` parsing failed"
modelset/raw-data/repo-ecore-all/data/wicaksana/bdd-model-transformation/03/BDDtoJava/bdd.ecore,true,true,true,
modelset/raw-data/repo-ecore-all/data/wicaksana/bdd-model-transformation/03/_submit_for_feedback/example-source-model-and-metamodel/Java.ecore,false,false,false,"parse: failed to parse modelset/raw-data/repo-ecore-all/data/wicaksana/bdd-model-transformation/03/_submit_for_feedback/example-source-model-and-metamodel/Java.ecore: unexpected content at package level line 2, column 1 current parser state: | `<xmi:XMI xmi:version=""2.0"" xmlns:xmi=""http://www.omg.org/XMI"" xmlns:xsi=""http://www.w3.org/2001/XMLSchema-instance""` | `    xmlns:ecore=""http://www.eclipse.org/emf/2002/Ecore"">` parsing failed"
modelset/raw-data/repo-ecore-all/data/wijtserekker/flinktodink/metamodels/dinkie/dinkiemodel.ecore,true,true,true,
modelset/raw-data/repo-ecore-all/data/wijtserekker/flinktodink/metamodels/flinkie/flinkie2.ecore,true,true,true,
modelset/raw-data/repo-ecore-all/data/williamgranli/papyrus_hotel_project/impl/Implementation.ecore,false,false,false,"parse: failed to parse modelset/raw-data/repo-ecore-all/data/williamgranli/papyrus_hotel_project/impl/Implementation.ecore: unknown builtit class URL `types.ecore#//String` failed to parse class operation failed to parse class `DecisionSupportComponent_IDecisionSupport` line 8, column 127 current parser state: | `` | `    <eOperations name=""getRoomTypeFrequency"" ordered=""false"" lowerBound=""1"" eType=""ecore:EDataType types.ecore#//String"">` parsing failed"
modelset/raw-data/repo-ecore-all/data/wiresketch/WireframeSketcher/com.wireframesketcher.model/model/model.ecore,false,false,false,"parse: failed to parse modelset/raw-data/repo-ecore-all/data/wiresketch/WireframeSketcher/com.wireframesketcher.model/model/model.ecore: unknown builtit class URL `http://www.eclipse.org/emf/2002/Ecore#//ELongObject` failed to parse structural features failed to parse class `Widget` line 30, column 34 current parser state: | `` | `      <eAnnotations source=""http://www.eclipse.org/emf/2002/GenModel"">` parsing failed"
modelset/raw-data/repo-ecore-all/data/wizardmil/mdsd.assignment.2/org.xtext.assingment2.Mathinterpreter/model/generated/Mathinterpreter.ecore,false,false,false,"parse: failed to parse modelset/raw-data/repo-ecore-all/data/wizardmil/mdsd.assignment.2/org.xtext.assingment2.Mathinterpreter/model/generated/Mathinterpreter.ecore: unsupported `eType` path `ecore:EClass http://www.eclipse.org/emf/2002/Ecore#//EObject` failed to parse structural features failed to parse class `PMExpression` line 33, column 29 current parser state: | `` | `    <eStructuralFeatures xsi:type=""ecore:EReference"" name=""right"" eType=""#//MDExpression""` parsing failed"
modelset/raw-data/repo-ecore-all/data/wizardmil/mdsd.assignment.3/org.xtext.assingment2.Mathinterpreter/model/generated/Mathinterpreter.ecore,false,false,false,"parse: failed to parse modelset/raw-data/repo-ecore-all/data/wizardmil/mdsd.assignment.3/org.xtext.assingment2.Mathinterpreter/model/generated/Mathinterpreter.ecore: unsupported `eType` path `ecore:EClass http://www.eclipse.org/emf/2002/Ecore#//EObject` failed to parse structural features failed to parse class `PMExpression` line 33, column 29 current parser state: | `` | `    <eStructuralFeatures xsi:type=""ecore:EReference"" name=""right"" eType=""#//MDExpression""` parsing failed"
modelset/raw-data/repo-ecore-all/data/wrwei/Jorvik/example.fta/model/fta.ecore,true,true,true,
modelset/raw-data/repo-ecore-all/data/wrwei/Jorvik/org.eclipse.jorvik.examples/model/BibTeX1.1.ecore,false,false,false,"parse: failed to parse modelset/raw-data/repo-ecore-all/data/wrwei/Jorvik/org.eclipse.jorvik.examples/model/BibTeX1.1.ecore: unknown builtit class URL `http://www.eclipse.org/emf/2002/Ecore#//EIntegerObject` failed to parse structural features failed to parse class `InBook` line 128, column 89 current parser state: | `` | `  </eClassifiers>` parsing failed"
modelset/raw-data/repo-ecore-all/data/wrwei/Jorvik/org.papyrus.archimate.application/model/archimateApplication.ecore,true,true,true,
modelset/raw-data/repo-ecore-all/data/wrwei/Jorvik/org.papyrus.archimate.implementation.migration/model/archimateImplementationMigration.ecore,true,true,true,
modelset/raw-data/repo-ecore-all/data/wrwei/Jorvik/org.papyrus.archimate.technollgy/model/archimateTechnology.ecore,true,true,true,
modelset/raw-data/repo-ecore-all/data/wrwei/OMG-specification-implementations/omg.spem/model/spem.ecore,false,false,false,"parse: failed to parse modelset/raw-data/repo-ecore-all/data/wrwei/OMG-specification-implementations/omg.spem/model/spem.ecore: unknown builtit class URL `http://www.eclipse.org/emf/2002/Ecore#//EDate` failed to parse structural features failed to parse class `DescribableElement` line 172, column 143 current parser state: | `` | `    <eStructuralFeatures xsi:type=""ecore:EAttribute"" name=""changeDescription"" eType=""ecore:EDataType http://www.eclipse.org/emf/2002/Ecore#//EString""/>` parsing failed"
modelset/raw-data/repo-ecore-all/data/wrwei/OMG-specification-implementations/omg.spem/model/uma.ecore,false,false,false,"parse: failed to parse modelset/raw-data/repo-ecore-all/data/wrwei/OMG-specification-implementations/omg.spem/model/uma.ecore: unknown builtit class URL `http://www.eclipse.org/emf/2003/XMLType#//String` failed to parse structural features failed to parse class `ActivityDescription` line 14, column 147 current parser state: | `` | `      <eAnnotations source=""http://www.eclipse.org/emf/2002/GenModel"">` parsing failed"
modelset/raw-data/repo-ecore-all/data/wrwei/org.eclipse.epsilon.labs.smartsax.emc.emf/org.eclipse.epsilon.labs.smartsax.emc.emf/test/JDTAST_flat.ecore,true,false,false,"generate: timeout after 120s: /arachne/target/release/arachne generate modelset/raw-data/repo-ecore-all/data/wrwei/org.eclipse.epsilon.labs.smartsax.emc.emf/org.eclipse.epsilon.labs.smartsax.emc.emf/test/JDTAST_flat.ecore -o /var/folders/24/3kt9vzrj6qzd_r760kn9ybsm0000gn/T/arachne-modelset-wktvka86/generated-00440 -p modelset-00440-0b1a12bf [INFO  arachne] Starting code generation [INFO  arachne_codegen] Validating configuration [INFO  arachne_codegen] Parsing ecore metamodel: ""modelset/raw-data/repo-ecore-all/data/wrwei/org.eclipse.epsilon.labs.smartsax.emc.emf/org.eclipse.epsilon.labs.smartsax.emc.emf/test/JDTAST_flat.ecore"" [WARN  ecore_rs::parser::raw] Structural feature `elementName` sets `ordered` while `upperBound=1`; this has no effect [WARN  ecore_rs::parser::raw] Structural feature `elementName` sets `unique` while `upperBound=1`; this has no effect [WARN  ecore_rs::parser::raw] Structural feature `path` sets `ordered` while `upperBound=1`; this has no effect [WARN  ecore_rs::parser::raw] Structural feature `path` sets `unique` while `upperBound=1`; this has no effect [WARN  ecore_rs::parser::raw] Structural feature `isReadOnly` sets `ordered` while `upperBound=1`; this has no effect [WARN  ecore_rs::parser::raw] Structural feature `isReadOnly` sets `unique` while `upperBound=1`; this has no effect [WARN  ecore_rs::parser::raw] `eOpposite` attributes are currently not supported, ignoring [WARN  ecore_rs::parser::raw] Structural feature `isDefaultPackage` sets `ordered` while `upperBound=1`; this has no effect [WARN  ecore_rs::parser::raw] Structural feature `isDefaultPackage` sets `unique` while `upperBound=1`; this has no effect [WARN  ecore_rs::parser::raw] Structural feature `packageFragmentRoot` sets `ordered` while `upperBound=1`; this has no effect [WARN  ecore_rs::parser::raw] `eOpposite` attributes are currently not supported, ignoring [WARN  ecore_rs::parser::raw] Structural feature `primary` sets `ordered` while `upperBound=1`; this has no effect [WARN  ecore_rs::parser::raw] Structural feature `ast` sets `ordered` while `upperBound=1`; this has no effect [WARN  ecore_rs::parser::raw] Structural feature `isClass` sets `ordered` while `upperBound=1`; this has no effect [WARN  ecore_rs::parser::raw] Structural feature `isClass` sets `unique` while `upperBound=1`; this has no effect [WARN  ecore_rs::parser::raw] Structural feature `isInterface` sets `ordered` while `upperBound=1`; this has no effect [WARN  ecore_rs::parser::raw] Structural feature `isInterface` sets `unique` while `upperBound=1`; this has no effect [WARN  ecore_rs::parser::raw] Structural feature `type` sets `ordered` while `upperBound=1`; this has no effect [WARN  ecore_rs::parser::raw] Structural feature `source` sets `ordered` while `upperBound=1`; this has no effect [WARN  ecore_rs::parser::raw] Structural feature `source` sets `unique` while `upperBound=1`; this has no effect [WARN  ecore_rs::parser::raw] Structural feature `sourceRange` sets `ordered` while `upperBound=1`; this has no effect [WARN  ecore_rs::parser::raw] Structural feature `isOnDemand` sets `ordered` while `upperBound=1`; this has no effect [WARN  ecore_rs::parser::raw] Structural feature `isOnDemand` sets `unique` while `upperBound=1`; this has no effect [WARN  ecore_rs::parser::raw] Structural feature `isStatic` sets `ordered` while `upperBound=1`; this has no effect [WARN  ecore_rs::parser::raw] Structural feature `isStatic` sets `unique` while `upperBound=1`; this has no effect [WARN  ecore_rs::parser::raw] Structural feature `length` sets `ordered` while `upperBound=1`; this has no effect [WARN  ecore_rs::parser::raw] Structural feature `length` sets `unique` while `upperBound=1`; this has no effect [WARN  ecore_rs::parser::raw] Structural feature `offset` sets `ordered` while `upperBound=1`; this has no effect [WARN  ecore_rs::parser::raw] Structural feature `offset` sets `unique` while `upperBound=1`; this has no effect [WARN  ecore_rs::parser::raw] Structural feature `javadocRange` sets `ordered` while `upperBound=1`; this has no effect [WARN  ecore_rs::parser::raw] Structural feature `nameRange` sets `ordered` while `upperBound=1`; this has no effect [WARN  ecore_rs::parser::raw] Structural feature `fullyQualifiedName` sets `ordered` while `upperBound=1`; this has no ef [output truncated after 4000 chars]"
modelset/raw-data/repo-ecore-all/data/wrwei/org.eclipse.epsilon.labs.smartsax.emc.emf/org.eclipse.epsilon.labs.smartsax.emc.emf/test/Test.ecore,true,true,true,
modelset/raw-data/repo-ecore-all/data/wwu-acse-2015/CustomerDSLSample/de.wwu.pi.acse.customerDsl/model/generated/CustomerDsl.ecore,true,true,true,
modelset/raw-data/repo-ecore-all/data/wwu-pi/acse-xtext-knuth-binaries/xtext-projects/de.unimuenster.pi.bindsl/model/generated/BinDsl.ecore,true,true,true,
modelset/raw-data/repo-ecore-all/data/xDSML4CPS/SHS/Lanugage workbench/org.dsml.cpsml.model/model/cpsml.ecore,true,true,true,
modelset/raw-data/repo-ecore-all/data/xDSML4CPS/SHS/Lanugage workbench/org.xcpsml/model-gen/XCPSMLMT.ecore,false,false,false,"parse: failed to parse modelset/raw-data/repo-ecore-all/data/xDSML4CPS/SHS/Lanugage workbench/org.xcpsml/model-gen/XCPSMLMT.ecore: expected tag `>` failed to parse operation annotation failed to parse class operation failed to parse class `System` line 5, column 36 current parser state: | `/>` | `    </eOperations>` parsing failed"
modelset/raw-data/repo-ecore-all/data/xDSML4CPS/SHS/Lanugage workbench/org.xcpsml.xcpsml/model/XCPSML.ecore,false,false,false,"parse: failed to parse modelset/raw-data/repo-ecore-all/data/xDSML4CPS/SHS/Lanugage workbench/org.xcpsml.xcpsml/model/XCPSML.ecore: expected tag `>` failed to parse operation annotation failed to parse class operation failed to parse class `System` line 5, column 36 current parser state: | `/>` | `    </eOperations>` parsing failed"
modelset/raw-data/repo-ecore-all/data/xhuberdeau/retroengineering/src/tp/fil/resources/Data.ecore,true,true,true,
modelset/raw-data/repo-ecore-all/data/xviakoh/jaspersoft-xvia-plugin/com.jaspersoft.studio.data.sql/bin/com/jaspersoft/studio/data/Sql.ecore,false,false,false,"parse: failed to parse modelset/raw-data/repo-ecore-all/data/xviakoh/jaspersoft-xvia-plugin/com.jaspersoft.studio.data.sql/bin/com/jaspersoft/studio/data/Sql.ecore: unknown builtit class URL `http://www.eclipse.org/emf/2002/Ecore#//EBigDecimal` failed to parse structural features failed to parse class `ScalarOperand` line 372, column 144 current parser state: | `` | `    <eStructuralFeatures xsi:type=""ecore:EAttribute"" name=""sodate"" eType=""ecore:EDataType http://www.eclipse.org/emf/2002/Ecore#//EDate""/>` parsing failed"
modelset/raw-data/repo-ecore-all/data/xxxmen/ModelDriven-SIMF--/EMF/smif.ecore,false,false,false,"parse: failed to parse modelset/raw-data/repo-ecore-all/data/xxxmen/ModelDriven-SIMF--/EMF/smif.ecore: unexpected package content line 20, column 3 current parser state: | `<eSubpackages name=""types"" nsURI=""http://www.omg.org/smif/Smif/Types"" nsPrefix=""TYPE"">` | `    <eAnnotations source=""http://www.eclipse.org/emf/2002/GenModel"">` parsing failed"
modelset/raw-data/repo-ecore-all/data/yamtl/examples/yamtl.examples.mapping.incr.cd2db/src/main/resources/metamodels/CD.ecore,true,false,false,"generate: [INFO  arachne] Starting code generation [INFO  arachne_codegen] Validating configuration [INFO  arachne_codegen] Parsing ecore metamodel: ""modelset/raw-data/repo-ecore-all/data/yamtl/examples/yamtl.examples.mapping.incr.cd2db/src/main/resources/metamodels/CD.ecore"" [WARN  ecore_rs::parser::raw] Structural feature `name` sets `ordered` while `upperBound=1`; this has no effect [WARN  ecore_rs::parser::raw] `eOpposite` attributes are currently not supported, ignoring [WARN  ecore_rs::parser::raw] Structural feature `isAbstract` sets `ordered` while `upperBound=1`; this has no effect [WARN  ecore_rs::parser::raw] Structural feature `multiValued` sets `ordered` while `upperBound=1`; this has no effect [WARN  ecore_rs::parser::raw] Structural feature `type` sets `ordered` while `upperBound=1`; this has no effect [WARN  ecore_rs::parser::raw] Structural feature `owner` sets `ordered` while `upperBound=1`; this has no effect [WARN  ecore_rs::parser::raw] `eOpposite` attributes are currently not supported, ignoring [INFO  arachne_codegen] Generating Rust tokens [INFO  arachne_codegen] Generating classifiers...  thread 'main' (1512118) panicked at arachne-codegen/src/codegen/feature/attribute.rs:65:37: Failed to parse type: String note: run with `RUST_BACKTRACE=1` environment variable to display a backtrace"
modelset/raw-data/repo-ecore-all/data/yamtl/examples/yamtl.examples.mapping.incr.cd2db/src/main/resources/metamodels/Relational.ecore,true,false,false,"generate: [INFO  arachne] Starting code generation [INFO  arachne_codegen] Validating configuration [INFO  arachne_codegen] Parsing ecore metamodel: ""modelset/raw-data/repo-ecore-all/data/yamtl/examples/yamtl.examples.mapping.incr.cd2db/src/main/resources/metamodels/Relational.ecore"" [WARN  ecore_rs::parser::raw] Structural feature `name` sets `ordered` while `upperBound=1`; this has no effect [WARN  ecore_rs::parser::raw] `eOpposite` attributes are currently not supported, ignoring [WARN  ecore_rs::parser::raw] `eOpposite` attributes are currently not supported, ignoring [WARN  ecore_rs::parser::raw] Structural feature `owner` sets `ordered` while `upperBound=1`; this has no effect [WARN  ecore_rs::parser::raw] `eOpposite` attributes are currently not supported, ignoring [WARN  ecore_rs::parser::raw] Structural feature `keyOf` sets `ordered` while `upperBound=1`; this has no effect [WARN  ecore_rs::parser::raw] `eOpposite` attributes are currently not supported, ignoring [WARN  ecore_rs::parser::raw] Structural feature `type` sets `ordered` while `upperBound=1`; this has no effect [INFO  arachne_codegen] Generating Rust tokens [INFO  arachne_codegen] Generating classifiers...  thread 'main' (1512127) panicked at arachne-codegen/src/codegen/feature/attribute.rs:65:37: Failed to parse type: String note: run with `RUST_BACKTRACE=1` environment variable to display a backtrace"
modelset/raw-data/repo-ecore-all/data/yamtl/viatra-cps-incr-benchmark/m2m.incr.cps2dep.yamtl/src/main/resources/metamodels/traceability.ecore,false,false,false,"parse: failed to parse modelset/raw-data/repo-ecore-all/data/yamtl/viatra-cps-incr-benchmark/m2m.incr.cps2dep.yamtl/src/main/resources/metamodels/traceability.ecore: unsupported `eType` path `ecore:EClass model.ecore#//CyberPhysicalSystem` failed to parse structural features failed to parse class `CPSToDeployment` line 6, column 121 current parser state: | `` | `    <eStructuralFeatures xsi:type=""ecore:EReference"" name=""deployment"" eType=""ecore:EClass deployment.ecore#//Deployment""/>` parsing failed"
modelset/raw-data/repo-ecore-all/data/yan74/afptext/org.afplib.afptext/model/generated/AfpText.ecore,false,false,false,"parse: failed to parse modelset/raw-data/repo-ecore-all/data/yan74/afptext/org.afplib.afptext/model/generated/AfpText.ecore: unknown builtit class URL `http://www.eclipse.org/emf/2002/Ecore#//EIntegerObject` failed to parse structural features failed to parse class `BDA` line 36, column 147 current parser state: | `` | `    <eStructuralFeatures xsi:type=""ecore:EAttribute"" name=""Xoffset"" eType=""ecore:EDataType http://www.eclipse.org/emf/2002/Ecore#//EIntegerObject""/>` parsing failed"
modelset/raw-data/repo-ecore-all/data/yaseenkhantanoli/MDE-Sirius_project/org.eclipse.microservices/model/microArch.ecore,true,true,true,
modelset/raw-data/repo-ecore-all/data/yasir2000/Research/PetShop/Eclipse/eclipse/plugins/org.eclipse.emf.source_2.4.1.v200808251517/src/org.eclipse.emf.importer.ecore_2.4.0.v200808251517/examples/library/model/library.ecore,true,true,true,
modelset/raw-data/repo-ecore-all/data/yasserlamsaougar/IMTQL_PROJECT/esir.lsi.imtql/model/generated/Dsl.ecore,true,true,true,
modelset/raw-data/repo-ecore-all/data/yasserlamsaougar/IMTQL_PROJECT/esir.lsi.imtql.ext/model/generated/Device.ecore,true,true,true,
modelset/raw-data/repo-ecore-all/data/yatechorg/sqlite-db-modeler-plugin-4android/org.yatech.sqlitedb.modeler.model/model/sqlitedb.ecore,false,false,false,"parse: failed to parse modelset/raw-data/repo-ecore-all/data/yatechorg/sqlite-db-modeler-plugin-4android/org.yatech.sqlitedb.modeler.model/model/sqlitedb.ecore: unexpected package content line 49, column 3 current parser state: | `<eSubpackages name=""common"" nsURI=""http://yatech.org/sqlitedb/modeler/model/common""` | `      nsPrefix=""org.yatech.sqlitedb.modeler.model"">` parsing failed"
modelset/raw-data/repo-ecore-all/data/ygarba/mde4wsn/development/workspace(helios)/generators/models/user.ecore,true,true,true,
modelset/raw-data/repo-ecore-all/data/ygarba/mde4wsn/development/workspace(kepler)/user.ecore,true,false,false,"generate: [INFO  arachne] Starting code generation [INFO  arachne_codegen] Validating configuration [INFO  arachne_codegen] Parsing ecore metamodel: ""modelset/raw-data/repo-ecore-all/data/ygarba/mde4wsn/development/workspace(kepler)/user.ecore"" [WARN  ecore_rs::parser::raw] XML-level class literal redefinition for `literal` from `1` to `unicast` [WARN  ecore_rs::parser::raw] XML-level class literal redefinition for `literal` from `2` to `logicast` [WARN  ecore_rs::parser::raw] XML-level class literal redefinition for `literal` from `1` to `node2node` [WARN  ecore_rs::parser::raw] XML-level class literal redefinition for `literal` from `1` to `once` [WARN  ecore_rs::parser::raw] XML-level class literal redefinition for `literal` from `1` to `medium` [WARN  ecore_rs::parser::raw] XML-level class literal redefinition for `literal` from `2` to `high` [WARN  ecore_rs::parser::raw] XML-level class literal redefinition for `literal` from `3` to `critical` [WARN  ecore_rs::parser::raw] XML-level class literal redefinition for `literal` from `1` to `unicast` [WARN  ecore_rs::parser::raw] XML-level class literal redefinition for `literal` from `2` to `logicast` [WARN  ecore_rs::parser::raw] XML-level class literal redefinition for `literal` from `1` to `TinyOS` [WARN  ecore_rs::parser::raw] XML-level class literal redefinition for `literal` from `1` to `TelosB` [WARN  ecore_rs::parser::raw] XML-level class literal redefinition for `literal` from `2` to `Iris` [INFO  arachne_codegen] Generating Rust tokens [INFO  arachne_codegen] Generating classifiers...  thread 'main' (1513550) panicked at arachne-codegen/src/codegen/feature/attribute.rs:65:37: Failed to parse type: netstackType note: run with `RUST_BACKTRACE=1` environment variable to display a backtrace"
modelset/raw-data/repo-ecore-all/data/yinonavraham/sqlite-db-modeler-plugin-4android/org.ynn.sqlitedb.modeler.model/model/sqlitedb.ecore,false,false,false,"parse: failed to parse modelset/raw-data/repo-ecore-all/data/yinonavraham/sqlite-db-modeler-plugin-4android/org.ynn.sqlitedb.modeler.model/model/sqlitedb.ecore: unexpected package content line 37, column 3 current parser state: | `<eSubpackages name=""common"" nsURI=""http://ynn.org/sqlitedb/modeler/model/common""` | `      nsPrefix=""org.ynn.sqlitedb.modeler.model"">` parsing failed"
modelset/raw-data/repo-ecore-all/data/ylussaud/ecleek/plugins/org.processus.ecleek/model/generated/Leek.ecore,true,false,false,"generate: timeout after 120s: /arachne/target/release/arachne generate modelset/raw-data/repo-ecore-all/data/ylussaud/ecleek/plugins/org.processus.ecleek/model/generated/Leek.ecore -o /var/folders/24/3kt9vzrj6qzd_r760kn9ybsm0000gn/T/arachne-modelset-wktvka86/generated-00462 -p modelset-00462-ad3c4bcf [INFO  arachne] Starting code generation [INFO  arachne_codegen] Validating configuration [INFO  arachne_codegen] Parsing ecore metamodel: ""modelset/raw-data/repo-ecore-all/data/ylussaud/ecleek/plugins/org.processus.ecleek/model/generated/Leek.ecore"" [INFO  arachne_codegen] Generating Rust tokens"
modelset/raw-data/repo-ecore-all/data/yuuuanquuu90/vehicle_platoon/model/platoon.ecore,true,true,true,
modelset/raw-data/repo-ecore-all/data/zd-zero/ABDT-Eclipse/abdt/model/generated/AnyaBasic.ecore,true,true,true,
modelset/raw-data/repo-ecore-all/data/zdndk/iot-portfolio/org.xtext.sdu.iot/model/generated/IoT.ecore,false,false,false,"parse: failed to parse modelset/raw-data/repo-ecore-all/data/zdndk/iot-portfolio/org.xtext.sdu.iot/model/generated/IoT.ecore: unsupported `eType` path `ecore:EClass http://www.eclipse.org/emf/2002/Ecore#//EObject` failed to parse structural features failed to parse class `System` line 6, column 98 current parser state: | `` | `  </eClassifiers>` parsing failed"
modelset/raw-data/repo-ecore-all/data/zfh920922/ME_Assignment1/Assignment1/model/statesml.ecore,true,true,true,
modelset/raw-data/repo-ecore-all/data/zhanglin2018/learnXtext/org.example.entities.parent/org.example.entities/model/generated/Entities.ecore,true,true,true,
modelset/raw-data/repo-ecore-all/data/zld3002/AADL/metamodel/aadl2.ecore,false,false,false,"parse: failed to parse modelset/raw-data/repo-ecore-all/data/zld3002/AADL/metamodel/aadl2.ecore: expected identifier failed to parse class operation failed to parse class `Element` line 18, column 119 current parser state: | `>` | `        <eAnnotations source=""http://www.eclipse.org/emf/2002/GenModel"">` parsing failed"
modelset/raw-data/repo-ecore-all/data/zld3002/Graphiti/LibraryDemoEclipseSummit 2010/Workspace/org.eclipse.graphiti.examples.libary.mm/model/Library.ecore,false,false,false,"parse: failed to parse modelset/raw-data/repo-ecore-all/data/zld3002/Graphiti/LibraryDemoEclipseSummit 2010/Workspace/org.eclipse.graphiti.examples.libary.mm/model/Library.ecore: unknown builtit class URL `http://www.eclipse.org/emf/2002/Ecore#//EDate` failed to parse structural features failed to parse class `BorrowedItem` line 30, column 143 current parser state: | `` | `    <eStructuralFeatures xsi:type=""ecore:EAttribute"" name=""lastReturnDate"" eType=""ecore:EDataType http://www.eclipse.org/emf/2002/Ecore#//EDate""/>` parsing failed"
modelset/raw-data/repo-ecore-all/data/zld3002/sadl/sadl3/com.ge.research.sadl.parent/com.ge.research.sadl/model/generated/SADL.ecore,false,false,false,"parse: failed to parse modelset/raw-data/repo-ecore-all/data/zld3002/sadl/sadl3/com.ge.research.sadl.parent/com.ge.research.sadl/model/generated/SADL.ecore: unsupported `eType` path `ecore:EClass http://www.eclipse.org/emf/2002/Ecore#//EObject` failed to parse structural features failed to parse class `SadlPropertyInitializer` line 59, column 29 current parser state: | `` | `    <eStructuralFeatures xsi:type=""ecore:EReference"" name=""type"" eType=""#//SadlResource""/>` parsing failed"
modelset/raw-data/repo-ecore-all/data/zs6jce/example-ExpressionDSL/org.xtext.example.expressiondsl.parent/org.xtext.example.expressiondsl/model/generated/ExpressionDSL.ecore,true,false,false,"generate: timeout after 120s: /arachne/target/release/arachne generate modelset/raw-data/repo-ecore-all/data/zs6jce/example-ExpressionDSL/org.xtext.example.expressiondsl.parent/org.xtext.example.expressiondsl/model/generated/ExpressionDSL.ecore -o /var/folders/24/3kt9vzrj6qzd_r760kn9ybsm0000gn/T/arachne-modelset-wktvka86/generated-00471 -p modelset-00471-439b3f27 [INFO  arachne] Starting code generation [INFO  arachne_codegen] Validating configuration [INFO  arachne_codegen] Parsing ecore metamodel: ""modelset/raw-data/repo-ecore-all/data/zs6jce/example-ExpressionDSL/org.xtext.example.expressiondsl.parent/org.xtext.example.expressiondsl/model/generated/ExpressionDSL.ecore"" [INFO  arachne_codegen] Generating Rust tokens"
modelset/raw-data/repo-ecore-all/data/zulus/extjs-eclipse/net.w3des.extjs.core/resources/model/extjs.ecore,true,true,true,
modelset/raw-data/repo-ecore-all/data/zwgirl/summer/org.summer.dsl.builder/model/Trace.ecore,true,false,false,"generate: [INFO  arachne] Starting code generation [INFO  arachne_codegen] Validating configuration [INFO  arachne_codegen] Parsing ecore metamodel: ""modelset/raw-data/repo-ecore-all/data/zwgirl/summer/org.summer.dsl.builder/model/Trace.ecore"" [WARN  ecore_rs::parser::raw] Structural feature `label` sets `unique` while `upperBound=1`; this has no effect [WARN  ecore_rs::parser::raw] Structural feature `myOffset` sets `unique` while `upperBound=1`; this has no effect [WARN  ecore_rs::parser::raw] Structural feature `myLength` sets `unique` while `upperBound=1`; this has no effect [WARN  ecore_rs::parser::raw] Structural feature `myLineNumber` sets `unique` while `upperBound=1`; this has no effect [WARN  ecore_rs::parser::raw] Structural feature `myEndLineNumber` sets `unique` while `upperBound=1`; this has no effect [WARN  ecore_rs::parser::raw] Structural feature `myEndOffset` sets `unique` while `upperBound=1`; this has no effect [WARN  ecore_rs::parser::raw] Structural feature `label` sets `unique` while `upperBound=1`; this has no effect [WARN  ecore_rs::parser::raw] Structural feature `offset` sets `unique` while `upperBound=1`; this has no effect [WARN  ecore_rs::parser::raw] Structural feature `length` sets `unique` while `upperBound=1`; this has no effect [WARN  ecore_rs::parser::raw] Structural feature `lineNumber` sets `unique` while `upperBound=1`; this has no effect [WARN  ecore_rs::parser::raw] Structural feature `endLineNumber` sets `unique` while `upperBound=1`; this has no effect [WARN  ecore_rs::parser::raw] Structural feature `path` sets `unique` while `upperBound=1`; this has no effect [WARN  ecore_rs::parser::raw] Structural feature `endOffset` sets `unique` while `upperBound=1`; this has no effect [INFO  arachne_codegen] Generating Rust tokens [INFO  arachne_codegen] Generating classifiers...  thread 'main' (1524826) panicked at arachne-codegen/src/codegen/feature/attribute.rs:65:37: Failed to parse type: URI note: run with `RUST_BACKTRACE=1` environment variable to display a backtrace"
modelset/raw-data/repo-ecore-all/data/zwgirl/summer/org.summer.dsl.model/model/DslModel.ecore,false,false,false,"parse: failed to parse modelset/raw-data/repo-ecore-all/data/zwgirl/summer/org.summer.dsl.model/model/DslModel.ecore: unexpected package content line 4, column 3 current parser state: | `<eSubpackages name=""types"" nsURI=""http://www.summer.org/dsl/model/types"" nsPrefix=""types"">` | `    <eClassifiers xsi:type=""ecore:EClass"" name=""JvmIdentifiableElement"" abstract=""true"">` parsing failed"
modelset/raw-data/repo-ecore-all/data/zxqcreations/emf-validation/org.eclipse.emf.validation.tests/model/OrderSystem.ecore,false,false,false,"parse: failed to parse modelset/raw-data/repo-ecore-all/data/zxqcreations/emf-validation/org.eclipse.emf.validation.tests/model/OrderSystem.ecore: unexpected package content line 87, column 3 current parser state: | `<eSubpackages name=""special"" nsURI=""http:///ordersystem/special.ecore"" nsPrefix=""ordersystem.special"">` | `    <eClassifiers xsi:type=""ecore:EClass"" name=""PreferredCustomer"" eSuperTypes=""#//Customer"">` parsing failed"
