name,parse,generate,compile,error
modelset/raw-data/repo-ecore-all/data/schwichti/astro/de.upb.dbis.owls/model/PetriNet.ecore,true,true,true,
modelset/raw-data/repo-ecore-all/data/scribble/scribble-eclipse/plugins/org.scribble.trace.editor/model/generated/ScribbleTraceDsl.ecore,true,true,true,
modelset/raw-data/repo-ecore-all/data/sdirix/org.eclipse.emf.ecp.core/tests/org.eclipse.emf.ecp.ide.util.test/resources/TestEcoreHelperProjectResources/testSubpackages1.ecore,false,false,false,"parse: failed to parse modelset/raw-data/repo-ecore-all/data/sdirix/org.eclipse.emf.ecp.core/tests/org.eclipse.emf.ecp.ide.util.test/resources/TestEcoreHelperProjectResources/testSubpackages1.ecore: unknown builtit class URL `http://www.eclipse.org/emf/2002/Ecore#//EDate` failed to parse structural features failed to parse class `class1` line 6, column 149 current parser state: | `` | `    <eStructuralFeatures xsi:type=""ecore:EReference"" name=""ref_class3"" eType=""#//testSubpackages1_subpackage2/class3""/>` parsing failed"
modelset/raw-data/repo-ecore-all/data/sdirix/org.eclipse.emf.ecp.core/tests/org.eclipse.emf.ecp.ide.util.test/resources/TestEcoreHelperProjectResources/testSubpackages2.ecore,false,false,false,"parse: failed to parse modelset/raw-data/repo-ecore-all/data/sdirix/org.eclipse.emf.ecp.core/tests/org.eclipse.emf.ecp.ide.util.test/resources/TestEcoreHelperProjectResources/testSubpackages2.ecore: unsupported `eType` path `ecore:EClass testSubpackages1.ecore#//testSubpackages1_subpackage1/testSubpackages1_subpackage3/class4` failed to parse structural features failed to parse class `class2` line 6, column 183 current parser state: | `` | `  </eClassifiers>` parsing failed"
modelset/raw-data/repo-ecore-all/data/sdirix/org.eclipse.emf.ecp.core/tests/org.eclipse.emf.ecp.test.model/model/university.ecore,false,false,false,"parse: failed to parse modelset/raw-data/repo-ecore-all/data/sdirix/org.eclipse.emf.ecp.core/tests/org.eclipse.emf.ecp.test.model/model/university.ecore: unknown builtit class URL `http://www.eclipse.org/emf/2002/Ecore#//EFeatureMapEntry` failed to parse structural features failed to parse class `Staff` line 31, column 90 current parser state: | `` | `      <eAnnotations source=""http:///org/eclipse/emf/ecore/util/ExtendedMetaData"">` parsing failed"
modelset/raw-data/repo-ecore-all/data/sdirix/org.eclipse.emf.ecp.core/tests/org.eclipse.emf.ecp.view.edapt.util.test/model/c.ecore,false,false,false,"parse: failed to parse modelset/raw-data/repo-ecore-all/data/sdirix/org.eclipse.emf.ecp.core/tests/org.eclipse.emf.ecp.view.edapt.util.test/model/c.ecore: unsupported `eType` path `ecore:EClass d.ecore#//D` failed to parse structural features failed to parse class `C` line 5, column 97 current parser state: | `` | `  </eClassifiers>` parsing failed"
modelset/raw-data/repo-ecore-all/data/sdirix/org.eclipse.emf.ecp.core/tests/org.eclipse.emf.ecp.view.validation.test/model/test.ecore,false,false,false,"parse: failed to parse modelset/raw-data/repo-ecore-all/data/sdirix/org.eclipse.emf.ecp.core/tests/org.eclipse.emf.ecp.view.validation.test/model/test.ecore: unknown builtit class URL `http://www.eclipse.org/emf/2002/Ecore#//EDiagnosticChain` failed to parse class operation failed to parse class `Library` line 7, column 120 current parser state: | `` | `      <eParameters name=""context"">` parsing failed"
modelset/raw-data/repo-ecore-all/data/sdirix/org.eclipse.emf.ecp.core/tests/org.eclipse.emfforms.core.services.databinding.testmodel/model/test.ecore,false,false,false,"parse: failed to parse modelset/raw-data/repo-ecore-all/data/sdirix/org.eclipse.emf.ecp.core/tests/org.eclipse.emfforms.core.services.databinding.testmodel/model/test.ecore: unsupported `eType` path `ecore:EClass http://www.eclipse.org/emf/2002/Ecore#//EClass` failed to parse structural features failed to parse class `EClassToEStringMap` line 26, column 134 current parser state: | `` | `    <eStructuralFeatures xsi:type=""ecore:EAttribute"" name=""value"" eType=""ecore:EDataType http://www.eclipse.org/emf/2002/Ecore#//EString""/>` parsing failed"
modelset/raw-data/repo-ecore-all/data/sdrapeau/all-data-types/plugins/fr.obeo.dsl.sample.alldatatypes/model/alldatatypes.ecore,false,false,false,"parse: failed to parse modelset/raw-data/repo-ecore-all/data/sdrapeau/all-data-types/plugins/fr.obeo.dsl.sample.alldatatypes/model/alldatatypes.ecore: unknown builtit class URL `http://www.eclipse.org/emf/2002/Ecore#//EDate` failed to parse structural features failed to parse class `Dates` line 33, column 152 current parser state: | `` | `    <eStructuralFeatures xsi:type=""ecore:EAttribute"" name=""date_01"" eType=""ecore:EDataType http://www.eclipse.org/emf/2002/Ecore#//EDate""` parsing failed"
modelset/raw-data/repo-ecore-all/data/se-ubt/supermod/de.ubt.ai1.supermod.mm.feature/model/SuperModFeature.ecore,false,false,false,"parse: failed to parse modelset/raw-data/repo-ecore-all/data/se-ubt/supermod/de.ubt.ai1.supermod.mm.feature/model/SuperModFeature.ecore: unsupported `eType` path `../../de.ubt.ai1.supermod.mm.core/model/SuperModCore.ecore#//HybridDimension` line 10, column 18 current parser state: | `` | `  <eClassifiers xsi:type=""ecore:EClass"" name=""Feature"" eSuperTypes=""../../de.ubt.ai1.supermod.mm.core/model/SuperModCore.ecore#//HybridElement ../../de.ubt.ai1.supermod.mm.core/model/SuperModCore.ecore#//UUIDElement"">` parsing failed"
modelset/raw-data/repo-ecore-all/data/se-ubt/supermod/de.ubt.ai1.supermod.mm.list/model/SuperModList.ecore,false,false,false,"parse: failed to parse modelset/raw-data/repo-ecore-all/data/se-ubt/supermod/de.ubt.ai1.supermod.mm.list/model/SuperModList.ecore: unsupported `eType` path `ecore:EClass ../../de.ubt.ai1.supermod.mm.core/model/SuperModCore.ecore#//ProductSpaceElement` failed to parse class operation failed to parse class `VersionedList` line 7, column 138 current parser state: | `` | `    </eOperations>` parsing failed"
modelset/raw-data/repo-ecore-all/data/seba111/Xtext/org.xtext.library/src-gen/org/xtext/library/Library.ecore,true,true,true,
modelset/raw-data/repo-ecore-all/data/securityandtrust/serval-lms/lu.snt.serval.lms.model.base/metamodel/metamodel@runtime.ecore,false,false,false,"parse: failed to parse modelset/raw-data/repo-ecore-all/data/securityandtrust/serval-lms/lu.snt.serval.lms.model.base/metamodel/metamodel@runtime.ecore: unexpected package content line 34, column 3 current parser state: | `<eSubpackages name=""instance"" nsURI=""http://art/instance"" nsPrefix=""instance"">` | `    <eClassifiers xsi:type=""ecore:EClass"" name=""ComponentInstance"" abstract=""true""` parsing failed"
modelset/raw-data/repo-ecore-all/data/semacammetu/megamodel.dsl/tr.edu.metu.ceng.megamodel.hypomethod/model/sedml/Sedml.ecore,true,true,true,
modelset/raw-data/repo-ecore-all/data/senezth/emn-tp-retro-engineering/tp-fil-2018-template/tp.fil/src/tp/fil/resources/Data.ecore,true,true,true,
modelset/raw-data/repo-ecore-all/data/sentery/ModelTransformation/AnalysisCode/Metamodel/NQC.ecore,true,false,false,"generate: timeout after 120s: /arachne/target/release/arachne generate modelset/raw-data/repo-ecore-all/data/sentery/ModelTransformation/AnalysisCode/Metamodel/NQC.ecore -o /var/folders/24/3kt9vzrj6qzd_r760kn9ybsm0000gn/T/arachne-modelset-kd53r1ae/generated-00016 -p modelset-00016-ecdb4229 [INFO  arachne] Starting code generation [INFO  arachne_codegen] Validating configuration [INFO  arachne_codegen] Parsing ecore metamodel: ""modelset/raw-data/repo-ecore-all/data/sentery/ModelTransformation/AnalysisCode/Metamodel/NQC.ecore"" [WARN  ecore_rs::parser::raw] XML-level class literal redefinition for `literal` from `13` to `bitand` [WARN  ecore_rs::parser::raw] XML-level class literal redefinition for `literal` from `14` to `bitor` [WARN  ecore_rs::parser::raw] Structural feature `Name` sets `ordered` while `upperBound=1`; this has no effect [WARN  ecore_rs::parser::raw] Structural feature `Name` sets `unique` while `upperBound=1`; this has no effect [WARN  ecore_rs::parser::raw] Structural feature `Name` sets `ordered` while `upperBound=1`; this has no effect [WARN  ecore_rs::parser::raw] Structural feature `Name` sets `unique` while `upperBound=1`; this has no effect [WARN  ecore_rs::parser::raw] Structural feature `Name` sets `ordered` while `upperBound=1`; this has no effect [WARN  ecore_rs::parser::raw] Structural feature `Name` sets `unique` while `upperBound=1`; this has no effect [WARN  ecore_rs::parser::raw] Structural feature `Name` sets `ordered` while `upperBound=1`; this has no effect [WARN  ecore_rs::parser::raw] Structural feature `Name` sets `unique` while `upperBound=1`; this has no effect [WARN  ecore_rs::parser::raw] Structural feature `Name` sets `ordered` while `upperBound=1`; this has no effect [WARN  ecore_rs::parser::raw] Structural feature `Name` sets `unique` while `upperBound=1`; this has no effect [WARN  ecore_rs::parser::raw] Structural feature `Label` sets `ordered` while `upperBound=1`; this has no effect [WARN  ecore_rs::parser::raw] Structural feature `Label` sets `unique` while `upperBound=1`; this has no effect [WARN  ecore_rs::parser::raw] Structural feature `Label` sets `ordered` while `upperBound=1`; this has no effect [WARN  ecore_rs::parser::raw] Structural feature `Variable` sets `ordered` while `upperBound=1`; this has no effect [WARN  ecore_rs::parser::raw] Structural feature `Expression` sets `ordered` while `upperBound=1`; this has no effect [WARN  ecore_rs::parser::raw] Structural feature `Task` sets `ordered` while `upperBound=1`; this has no effect [WARN  ecore_rs::parser::raw] Structural feature `Task` sets `ordered` while `upperBound=1`; this has no effect [WARN  ecore_rs::parser::raw] Structural feature `Body` sets `ordered` while `upperBound=1`; this has no effect [WARN  ecore_rs::parser::raw] Structural feature `Condition` sets `ordered` while `upperBound=1`; this has no effect [WARN  ecore_rs::parser::raw] Structural feature `Initialization` sets `ordered` while `upperBound=1`; this has no effect [WARN  ecore_rs::parser::raw] Structural feature `Condition` sets `ordered` while `upperBound=1`; this has no effect [WARN  ecore_rs::parser::raw] Structural feature `Update` sets `ordered` while `upperBound=1`; this has no effect [WARN  ecore_rs::parser::raw] Structural feature `JumpLabel` sets `ordered` while `upperBound=1`; this has no effect [WARN  ecore_rs::parser::raw] Structural feature `Condition` sets `ordered` while `upperBound=1`; this has no effect [WARN  ecore_rs::parser::raw] Structural feature `Consequence` sets `ordered` while `upperBound=1`; this has no effect [WARN  ecore_rs::parser::raw] Structural feature `Alternative` sets `ordered` while `upperBound=1`; this has no effect [WARN  ecore_rs::parser::raw] Structural feature `Condition` sets `ordered` while `upperBound=1`; this has no effect [WARN  ecore_rs::parser::raw] Structural feature `Condition` sets `ordered` while `upperBound=1`; this has no effect [WARN  ecore_rs::parser::raw] Structural feature `Body` sets `ordered` while `upperBound=1`; this has no effect [WARN  ecore_rs::parser::raw] Structural feature `IsDefault` sets `ordered` while `upperBound=1`; this has no effect [WARN  ecore_rs::parser::raw] Structural feature `IsDefault` sets `unique` while `upperBound=1`; t [output truncated after 4000 chars]"
modelset/raw-data/repo-ecore-all/data/sentery/ModelTransformation/AnalysisCode/Metamodel/SimpleClass.ecore,true,true,true,
modelset/raw-data/repo-ecore-all/data/sentery/ModelTransformation/AnalysisCode/Metamodel/gastm.ecore,false,false,false,"parse: failed to parse modelset/raw-data/repo-ecore-all/data/sentery/ModelTransformation/AnalysisCode/Metamodel/gastm.ecore: unexpected package content line 6, column 3 current parser state: | `<eSubpackages name=""statements"" nsURI=""http://www.fzi.de/gast/statements"" nsPrefix=""statements"">` | `    <eAnnotations source=""http://www.eclipse.org/emf/2002/GenModel"">` parsing failed"
modelset/raw-data/repo-ecore-all/data/sentery/ModelTransformation/AnalysisCode/Metamodel/runningexample.ecore,false,false,false,"parse: failed to parse modelset/raw-data/repo-ecore-all/data/sentery/ModelTransformation/AnalysisCode/Metamodel/runningexample.ecore: unexpected package content line 23, column 1 current parser state: | `</ecore:EPackage>` parsing failed"
modelset/raw-data/repo-ecore-all/data/sentery/ModelTransformation/TestTransformation/Metamodel/CFG.ecore,false,false,false,"parse: failed to parse modelset/raw-data/repo-ecore-all/data/sentery/ModelTransformation/TestTransformation/Metamodel/CFG.ecore: unexpected package content line 4, column 3 current parser state: | `<eSubpackages name=""statements"" nsURI=""http://www.fzi.de/gast/statements"" nsPrefix=""statements"">` | `    <eAnnotations source=""http://www.eclipse.org/emf/2002/GenModel"">` parsing failed"
modelset/raw-data/repo-ecore-all/data/sentery/ModelTransformation/TestTransformation/Metamodel/FlowGraph.ecore,true,true,true,
modelset/raw-data/repo-ecore-all/data/sentery/ModelTransformation/TestTransformation/Metamodel/graph_bk.ecore,false,false,false,"parse: failed to parse modelset/raw-data/repo-ecore-all/data/sentery/ModelTransformation/TestTransformation/Metamodel/graph_bk.ecore: unexpected package content line 4, column 3 current parser state: | `<eSubpackages name=""statements"" nsURI=""http://www.fzi.de/gast/statements"" nsPrefix=""statements"">` | `    <eAnnotations source=""http://www.eclipse.org/emf/2002/GenModel"">` parsing failed"
modelset/raw-data/repo-ecore-all/data/sentery/Refactoring/Metamodels/gastm.ecore,false,false,false,"parse: failed to parse modelset/raw-data/repo-ecore-all/data/sentery/Refactoring/Metamodels/gastm.ecore: unexpected package content line 4, column 3 current parser state: | `<eSubpackages name=""statements"" nsURI=""http://www.fzi.de/gast/statements"" nsPrefix=""statements"">` | `    <eAnnotations source=""http://www.eclipse.org/emf/2002/GenModel"">` parsing failed"
modelset/raw-data/repo-ecore-all/data/sereGkaluv/restest/bundles/at.fhv.ecss2016.restest.model/model/restest_model.ecore,true,true,true,
modelset/raw-data/repo-ecore-all/data/serge1/EMFStandaloneApp/mytry/model/mytry.ecore,false,false,false,"parse: failed to parse modelset/raw-data/repo-ecore-all/data/serge1/EMFStandaloneApp/mytry/model/mytry.ecore: unexpected structural feature attribute `eKeys` failed to parse structural features failed to parse class `Library` line 8, column 68 current parser state: | `/>` | `  </eClassifiers>` parsing failed"
modelset/raw-data/repo-ecore-all/data/sergiowebo/RaspduinoDSL/es.usj.raspduino/model/generated/RaspduinoDSL.ecore,true,true,true,
modelset/raw-data/repo-ecore-all/data/serhatGezgin/hermes/org.yazgel.hermes/model/hermes.ecore,true,true,true,
modelset/raw-data/repo-ecore-all/data/serhatGezgin/hibernate-dsl/org.yazgel.hibernatedsl/model/hibernate.ecore,true,true,true,
modelset/raw-data/repo-ecore-all/data/serhatGezgin/titan/org.yazgel.titan.xtext/model/generated/Titan.ecore,true,true,true,
modelset/raw-data/repo-ecore-all/data/sfinnie/textuml/HelloTrafo/metamodels/graph.ecore,true,true,true,
modelset/raw-data/repo-ecore-all/data/sfo/emf4cpp/emf4cpp.tests/tests/company.ecore,false,false,false,"parse: failed to parse modelset/raw-data/repo-ecore-all/data/sfo/emf4cpp/emf4cpp.tests/tests/company.ecore: unexpected upper bound (`-1` or unsigned integer) `-2` Failed to parse `lowerBound`/`upperBound` of  structural feature `employees` failed to parse structural features failed to parse class `Department` line 10, column 127 current parser state: | `` | `    <eStructuralFeatures eType=""#//Employee"" lowerBound=""1"" name=""manager"" xsi:type=""ecore:EReference""/>` parsing failed"
modelset/raw-data/repo-ecore-all/data/sfrank90/MBSE-BibTex2HTML/de.tubs.bibtextohtml.bibtex/model/generated/BibTeX.ecore,false,false,false,"parse: failed to parse modelset/raw-data/repo-ecore-all/data/sfrank90/MBSE-BibTex2HTML/de.tubs.bibtextohtml.bibtex/model/generated/BibTeX.ecore: unsupported `eType` path `ecore:EClass http://www.eclipse.org/emf/2002/Ecore#//EObject` failed to parse structural features failed to parse class `Book` line 37, column 29 current parser state: | `` | `    <eStructuralFeatures xsi:type=""ecore:EReference"" name=""publisher"" eType=""#//PublisherField""` parsing failed"
modelset/raw-data/repo-ecore-all/data/sgi-dis/Lab03/firsttransformations/metamodel/PersonsOne.ecore,true,true,true,
modelset/raw-data/repo-ecore-all/data/sgi-dis/Lab03/firsttransformations/metamodel/TestMM-1.ecore,true,true,true,
modelset/raw-data/repo-ecore-all/data/sgi-dis/Lab03/firsttransformations/metamodel/TestMM-2.ecore,true,true,true,
modelset/raw-data/repo-ecore-all/data/sgi-dis/Lab03/firsttransformations/metamodel/TestMM-5.ecore,true,true,true,
modelset/raw-data/repo-ecore-all/data/sgi-dis/Lab03/firsttransformations/metamodel/TestMM.ecore,true,true,true,
modelset/raw-data/repo-ecore-all/data/sharanka/MDSD-assignment2/dk.sdu.student.shsha15.mathInterpreter/model/generated/MathInterpreter.ecore,true,true,true,
modelset/raw-data/repo-ecore-all/data/sharanka/Math-compiler/dk.sdu.student.shsha15.mathcompiler/model/generated/MyDsl.ecore,true,true,true,
modelset/raw-data/repo-ecore-all/data/shasait/commentcodegen/de.hasait.eclipse.ccg.java.model/model/model.ecore,false,false,false,"parse: failed to parse modelset/raw-data/repo-ecore-all/data/shasait/commentcodegen/de.hasait.eclipse.ccg.java.model/model/model.ecore: unknown builtit class URL `http://www.eclipse.org/emf/2002/Ecore#//EByteArray` failed to parse structural features failed to parse class `MResource` line 33, column 145 current parser state: | `` | `  </eClassifiers>` parsing failed"
modelset/raw-data/repo-ecore-all/data/shinesamjacob/XtextExample/sam.xtext.mydsl/model/generated/MyDsl.ecore,true,true,true,
modelset/raw-data/repo-ecore-all/data/shittycoder353/joynr-atm2/libjoynr/tools/generator/joynr-generator-standalone/target/info/org.eclipse.emf.ecore-2.12.0-jar/model/XMLNamespace.ecore,false,false,false,"parse: failed to parse modelset/raw-data/repo-ecore-all/data/shittycoder353/joynr-atm2/libjoynr/tools/generator/joynr-generator-standalone/target/info/org.eclipse.emf.ecore-2.12.0-jar/model/XMLNamespace.ecore: unknown builtit class URL `http://www.eclipse.org/emf/2002/Ecore#//EFeatureMapEntry` failed to parse structural features failed to parse class `XMLNamespaceDocumentRoot` line 41, column 90 current parser state: | `` | `      <eAnnotations source=""http:///org/eclipse/emf/ecore/util/ExtendedMetaData"">` parsing failed"
modelset/raw-data/repo-ecore-all/data/shresthap/clubuml2013/trunk/Display Diagram/Upload_And_Display_UML/WebContent/test_ecore/library.ecore,false,false,false,"parse: failed to parse modelset/raw-data/repo-ecore-all/data/shresthap/clubuml2013/trunk/Display Diagram/Upload_And_Display_UML/WebContent/test_ecore/library.ecore: unknown builtit class URL `http://www.eclipse.org/emf/2003/XMLType#//String` failed to parse structural features failed to parse class `Book` line 12, column 82 current parser state: | `` | `      <eAnnotations source=""http:///org/eclipse/emf/ecore/util/ExtendedMetaData"">` parsing failed"
modelset/raw-data/repo-ecore-all/data/shumy/molymer/org.molymer/model/generated/ModelDsl.ecore,true,true,true,
modelset/raw-data/repo-ecore-all/data/shumy/molymer/org.molymer.conf/model/generated/ConfigDsl.ecore,true,true,true,
modelset/raw-data/repo-ecore-all/data/siba88/ame/at.ac.tuwien.big.momot.examples.university.assign/model/university.ecore,true,true,true,
modelset/raw-data/repo-ecore-all/data/siba88/ame/at.ac.tuwien.big.momot.examples.university.delete/model/university.ecore,true,true,true,
modelset/raw-data/repo-ecore-all/data/siba88/ame/at.ac.tuwien.big.momot.examples.university.multiplicityLower/model/university_multiplicityLower.ecore,true,true,true,
modelset/raw-data/repo-ecore-all/data/sikessle/ecore-texo-server-spray/model/PetriNet.ecore,false,false,false,"parse: failed to parse modelset/raw-data/repo-ecore-all/data/sikessle/ecore-texo-server-spray/model/PetriNet.ecore: unsupported `eType` path `identifiable.ecore#//Identifiable` line 13, column 18 current parser state: | `` | `  <eClassifiers xsi:type=""ecore:EClass"" name=""Transition"" eSuperTypes=""identifiable.ecore#//Identifiable"">` parsing failed"
modelset/raw-data/repo-ecore-all/data/sillymoi/remes-ide/hr.fer.rasip.remes.grammars.expressions.ast/model/expressions.ecore,false,false,false,"parse: failed to parse modelset/raw-data/repo-ecore-all/data/sillymoi/remes-ide/hr.fer.rasip.remes.grammars.expressions.ast/model/expressions.ecore: unexpected package content line 6, column 3 current parser state: | `<eSubpackages name=""ast"" nsURI=""http://www.rasip.fer.hr/remes/1.1.0/expressions/ast.ecore""` | `      nsPrefix=""expressions.ast"">` parsing failed"
modelset/raw-data/repo-ecore-all/data/sillymoi/remes-ide/hr.fer.rasip.remes.gum/model/profil.ecore,true,true,true,
modelset/raw-data/repo-ecore-all/data/sillymoi/remes-ide/hr.fer.rasip.remes.launcher/metamodels/remes.ecore,false,false,false,"parse: failed to parse modelset/raw-data/repo-ecore-all/data/sillymoi/remes-ide/hr.fer.rasip.remes.launcher/metamodels/remes.ecore: unknown builtit class URL `http://www.eclipse.org/emf/2002/Ecore#//EBooleanObject` failed to parse structural features failed to parse class `SubMode` line 83, column 38 current parser state: | `` | `    <eStructuralFeatures xsi:type=""ecore:EReference"" name=""parent"" eType=""#//CompositeMode""` parsing failed"
modelset/raw-data/repo-ecore-all/data/sillymoi/remes-ide/hr.fer.rasip.remes.launcher.ui/metamodels/UppaalFlat1_1.ecore,false,false,false,"parse: failed to parse modelset/raw-data/repo-ecore-all/data/sillymoi/remes-ide/hr.fer.rasip.remes.launcher.ui/metamodels/UppaalFlat1_1.ecore: unknown builtit class URL `http://www.eclipse.org/emf/2002/Ecore#//EFeatureMapEntry` failed to parse structural features failed to parse class `DocumentRoot` line 21, column 90 current parser state: | `` | `      <eAnnotations source=""http:///org/eclipse/emf/ecore/util/ExtendedMetaData"">` parsing failed"
modelset/raw-data/repo-ecore-all/data/sillymoi/remes-ide/hr.fer.rasip.remes.launcher.ui/metamodels/remes.ecore,false,false,false,"parse: failed to parse modelset/raw-data/repo-ecore-all/data/sillymoi/remes-ide/hr.fer.rasip.remes.launcher.ui/metamodels/remes.ecore: unknown builtit class URL `http://www.eclipse.org/emf/2002/Ecore#//EBooleanObject` failed to parse structural features failed to parse class `SubMode` line 83, column 38 current parser state: | `` | `    <eStructuralFeatures xsi:type=""ecore:EReference"" name=""parent"" eType=""#//CompositeMode""` parsing failed"
modelset/raw-data/repo-ecore-all/data/sillymoi/remes-ide/hr.fer.rasip.remes.profile/src-gen/hr/fer/rasip/remes/profile/Profile.ecore,true,true,true,
modelset/raw-data/repo-ecore-all/data/sillymoi/remes-ide/hr.fer.rasip.remes.simulator.traces/model/traces.ecore,false,false,false,"parse: failed to parse modelset/raw-data/repo-ecore-all/data/sillymoi/remes-ide/hr.fer.rasip.remes.simulator.traces/model/traces.ecore: unknown builtit class URL `http://www.eclipse.org/emf/2002/Ecore#//EDate` failed to parse structural features failed to parse class `SimulatorRun` line 10, column 95 current parser state: | `` | `    <eStructuralFeatures xsi:type=""ecore:EAttribute"" name=""behaviorName"" ordered=""false""` parsing failed"
modelset/raw-data/repo-ecore-all/data/sillymoi/remes-ide/hr.fer.rasip.uppaal/model/uppaal.ecore,false,false,false,"parse: failed to parse modelset/raw-data/repo-ecore-all/data/sillymoi/remes-ide/hr.fer.rasip.uppaal/model/uppaal.ecore: unknown builtit class URL `http://www.eclipse.org/emf/2002/Ecore#//EFeatureMapEntry` failed to parse structural features failed to parse class `DocumentRoot` line 21, column 90 current parser state: | `` | `      <eAnnotations source=""http:///org/eclipse/emf/ecore/util/ExtendedMetaData"">` parsing failed"
modelset/raw-data/repo-ecore-all/data/sillymoi/remes-ide/hr.fer.rasip.uppaallite/model/uppaallite.ecore,true,true,true,
modelset/raw-data/repo-ecore-all/data/sillymoi/remes-ide/mergePTA/UppaalFlat1_1.ecore,false,false,false,"parse: failed to parse modelset/raw-data/repo-ecore-all/data/sillymoi/remes-ide/mergePTA/UppaalFlat1_1.ecore: unknown builtit class URL `http://www.eclipse.org/emf/2002/Ecore#//EFeatureMapEntry` failed to parse structural features failed to parse class `DocumentRoot` line 21, column 90 current parser state: | `` | `      <eAnnotations source=""http:///org/eclipse/emf/ecore/util/ExtendedMetaData"">` parsing failed"
modelset/raw-data/repo-ecore-all/data/sillymoi/remes-ide/se.mdh.progresside.remes/model/remes-1.1.0.ecore,true,true,true,
modelset/raw-data/repo-ecore-all/data/sillymoi/remes-ide/se.mdh.progresside.remes/model/remes-1.2.0.ecore,false,false,false,"parse: failed to parse modelset/raw-data/repo-ecore-all/data/sillymoi/remes-ide/se.mdh.progresside.remes/model/remes-1.2.0.ecore: unsupported `eType` path `ecore:EClass ../../hr.fer.rasip.remes.grammars.expressions.ast/model/expressions.ecore#//ast/LogicalRoot` failed to parse structural features failed to parse class `SubMode` line 62, column 29 current parser state: | `` | `  </eClassifiers>` parsing failed"
modelset/raw-data/repo-ecore-all/data/sillymoi/remes-ide/se.mdh.progresside.remes/model/remes-1.3.0.ecore,false,false,false,"parse: failed to parse modelset/raw-data/repo-ecore-all/data/sillymoi/remes-ide/se.mdh.progresside.remes/model/remes-1.3.0.ecore: unsupported `eType` path `ecore:EClass ../../hr.fer.rasip.remes.grammars.expressions.ast/model/expressions.ecore#//ast/LogicalRoot` failed to parse structural features failed to parse class `SubMode` line 61, column 29 current parser state: | `` | `  </eClassifiers>` parsing failed"
modelset/raw-data/repo-ecore-all/data/sillymoi/remes-ide/se.mdh.progresside.remes/model/remes.ecore,false,false,false,"parse: failed to parse modelset/raw-data/repo-ecore-all/data/sillymoi/remes-ide/se.mdh.progresside.remes/model/remes.ecore: unsupported `eType` path `ecore:EClass ../../hr.fer.rasip.remes.grammars.expressions.ast/model/expressions.ecore#//ast/LogicalRoot` failed to parse structural features failed to parse class `SubMode` line 62, column 29 current parser state: | `` | `  </eClassifiers>` parsing failed"
modelset/raw-data/repo-ecore-all/data/silverspy/DSL_TP/fr.ut2j.m1ice.fsm/model/fsm.ecore,true,true,true,
modelset/raw-data/repo-ecore-all/data/simonpicard/MA1weekly/INFOY080/Project4/Families2Persons/ExtendedFamilies.ecore,true,true,true,
modelset/raw-data/repo-ecore-all/data/simonpicard/MA1weekly/INFOY080/Project4/Families2Persons/Families.ecore,true,true,true,
modelset/raw-data/repo-ecore-all/data/simonpicard/MA1weekly/INFOY080/Project4/Families2Persons/Persons.ecore,true,true,true,
modelset/raw-data/repo-ecore-all/data/simonstastny/Modellbasert-utvikling-av-informasjonssystemer/1-model-and-data/model/tdt4250.ecore,false,false,false,"parse: failed to parse modelset/raw-data/repo-ecore-all/data/simonstastny/Modellbasert-utvikling-av-informasjonssystemer/1-model-and-data/model/tdt4250.ecore: unexpected package attribute `xmi:id` expected one of `name` `nsURI` `nsPrefix` `xmi:version` `xmlns:xmi` `xmlns:xsi` `xmlns:ecore` line 2, column 209 current parser state: | `name=""tdt4250"" nsURI=""http://tdt4250/1.0"" nsPrefix=""tdt4250"">` | `  <eClassifiers xsi:type=""ecore:EClass"" xmi:id=""_bDIm8SdxEeKsSJflfBDxuw"" name=""Course"">` parsing failed"
modelset/raw-data/repo-ecore-all/data/simonstastny/Modellbasert-utvikling-av-informasjonssystemer/5-bpmn/model.ecore,false,false,false,"parse: failed to parse modelset/raw-data/repo-ecore-all/data/simonstastny/Modellbasert-utvikling-av-informasjonssystemer/5-bpmn/model.ecore: unknown builtit class URL `http://www.eclipse.org/emf/2002/Ecore#//EDate` failed to parse structural features failed to parse class `Exercise` line 28, column 146 current parser state: | `` | `  </eClassifiers>` parsing failed"
modelset/raw-data/repo-ecore-all/data/sinemgetir/state-elimination-mt/ExperimentalData/model/TransitionGraph.ecore,true,true,true,
modelset/raw-data/repo-ecore-all/data/singularlogic/BrokerAtCloud/FailurePreventionAndRecovery/eu.brokeratcloud.diva.model/model/DiVA_visitor.ecore,false,false,false,"parse: failed to parse modelset/raw-data/repo-ecore-all/data/singularlogic/BrokerAtCloud/FailurePreventionAndRecovery/eu.brokeratcloud.diva.model/model/DiVA_visitor.ecore: unexpected operation content failed to parse class operation failed to parse class `VariabilityModel` line 13, column 7 current parser state: | `<eGenericType eTypeParameter=""#//VariabilityModel/accept/R""/>` | `      <eTypeParameters name=""C""/>` parsing failed"
modelset/raw-data/repo-ecore-all/data/siwiwit/api2mol/plugins/fr.inria.atlanmod.api2mol/bootstrap/Ecore.ecore,false,false,false,"parse: failed to parse modelset/raw-data/repo-ecore-all/data/siwiwit/api2mol/plugins/fr.inria.atlanmod.api2mol/bootstrap/Ecore.ecore: Missing attribute `eType` in structural feature `instanceClass` failed to parse structural features failed to parse class `EClassifier` line 110, column 57 current parser state: | `` | `      <eGenericType eClassifier=""#//EJavaClass"">` parsing failed"
modelset/raw-data/repo-ecore-all/data/siwiwit/api2mol/plugins/fr.inria.atlanmod.api2mol/rubytl/lib/bnf/models/cst.ecore,true,true,true,
modelset/raw-data/repo-ecore-all/data/siwiwit/api2mol/plugins/fr.inria.atlanmod.api2mol/rubytl/test/files/metamodels/ClassM.ecore,true,true,true,
modelset/raw-data/repo-ecore-all/data/siwiwit/api2mol/plugins/fr.inria.atlanmod.api2mol/rubytl/test/files/metamodels/Tree.ecore,true,false,false,"generate: [INFO  arachne] Starting code generation [INFO  arachne_codegen] Validating configuration [INFO  arachne_codegen] Parsing ecore metamodel: ""modelset/raw-data/repo-ecore-all/data/siwiwit/api2mol/plugins/fr.inria.atlanmod.api2mol/rubytl/test/files/metamodels/Tree.ecore"" [WARN  ecore_rs::parser::raw] `eOpposite` attributes are currently not supported, ignoring [WARN  ecore_rs::parser::raw] `eOpposite` attributes are currently not supported, ignoring [INFO  arachne_codegen] Generating Rust tokens [ERROR arachne] Error: Failed to find a root class in `Tree` package"
modelset/raw-data/repo-ecore-all/data/siwiwit/api2mol/plugins/fr.inria.atlanmod.api2mol/rubytl/thirdparty/rmof2/test/models/owl.ecore,false,false,false,"parse: failed to parse modelset/raw-data/repo-ecore-all/data/siwiwit/api2mol/plugins/fr.inria.atlanmod.api2mol/rubytl/thirdparty/rmof2/test/models/owl.ecore: unsupported `eType` path `ecore:EClass rdfs.ecore#//RDFSLiteral` failed to parse structural features failed to parse class `OWLOntology` line 16, column 75 current parser state: | `` | `  </eClassifiers>` parsing failed"
modelset/raw-data/repo-ecore-all/data/siwiwit/api2mol/plugins/fr.inria.atlanmod.api2mol/rubytl-last/rubytl/test/files/metamodels/School.ecore,false,false,false,"parse: failed to parse modelset/raw-data/repo-ecore-all/data/siwiwit/api2mol/plugins/fr.inria.atlanmod.api2mol/rubytl-last/rubytl/test/files/metamodels/School.ecore: unsupported `eType` path `ecore:EClass Library.ecore#//Book` failed to parse structural features failed to parse class `Pupil` line 12, column 52 current parser state: | `` | `    <eStructuralFeatures xsi:type=""ecore:EAttribute"" name=""name"" eType=""ecore:EDataType http://www.eclipse.org/emf/2002/Ecore#//EString""/>` parsing failed"
modelset/raw-data/repo-ecore-all/data/siwiwit/api2mol/plugins/fr.inria.atlanmod.api2mol/rubytl-old/thirdparty/rmof2/test/models/Library.ecore,false,false,false,"parse: failed to parse modelset/raw-data/repo-ecore-all/data/siwiwit/api2mol/plugins/fr.inria.atlanmod.api2mol/rubytl-old/thirdparty/rmof2/test/models/Library.ecore: unknown builtit class URL `http://www.eclipse.org/emf/2003/XMLType#//String` failed to parse structural features failed to parse class `Book` line 12, column 82 current parser state: | `` | `      <eAnnotations source=""http:///org/eclipse/emf/ecore/util/ExtendedMetaData"">` parsing failed"
modelset/raw-data/repo-ecore-all/data/siwiwit/api2mol/plugins/fr.inria.atlanmod.api2mol/rubytl-old/thirdparty/rmof2/test/models/School.ecore,false,false,false,"parse: failed to parse modelset/raw-data/repo-ecore-all/data/siwiwit/api2mol/plugins/fr.inria.atlanmod.api2mol/rubytl-old/thirdparty/rmof2/test/models/School.ecore: unsupported `eType` path `ecore:EClass Library.ecore#//Book` failed to parse structural features failed to parse class `Pupil` line 12, column 52 current parser state: | `` | `    <eStructuralFeatures xsi:type=""ecore:EAttribute"" name=""name"" eType=""ecore:EDataType http://www.eclipse.org/emf/2002/Ecore#//EString""/>` parsing failed"
modelset/raw-data/repo-ecore-all/data/skanur/preesm/plugins/org.ietr.preesm.experiment.model/model/PiMM.ecore,false,false,false,"parse: failed to parse modelset/raw-data/repo-ecore-all/data/skanur/preesm/plugins/org.ietr.preesm.experiment.model/model/PiMM.ecore: unexpected package content line 182, column 3 current parser state: | `<eSubpackages name=""visitor"" nsURI=""http://org.ietr.preesm/experiment/model/pimm/visitor""` | `      nsPrefix=""org.ietr.preesm.experiment.pimm.visitor"">` parsing failed"
modelset/raw-data/repo-ecore-all/data/slashburn/mdd-project/SSDToStateMachine/metamodels/ioautomaton.ecore,true,true,true,
modelset/raw-data/repo-ecore-all/data/slebok/zoo/zoo/automata/petri/net/wachsmuth/v2.0/fetched/GWPNV2.ecore,true,true,true,
modelset/raw-data/repo-ecore-all/data/sligoo/ProjetGLS/fr.enseeiht.Game.m2m.petrinet/PetriNet.ecore,true,true,true,
modelset/raw-data/repo-ecore-all/data/slisson/kieler-pragmatics/plugins/de.cau.cs.kieler.klighd.krendering/model/krendering.ecore,false,false,false,"parse: failed to parse modelset/raw-data/repo-ecore-all/data/slisson/kieler-pragmatics/plugins/de.cau.cs.kieler.klighd.krendering/model/krendering.ecore: unknown builtit class URL `http://www.eclipse.org/emf/2002/Ecore#//EJavaObject` failed to parse class operation failed to parse class `KPosition` line 16, column 110 current parser state: | `` | `    </eOperations>` parsing failed"
modelset/raw-data/repo-ecore-all/data/smee/amor/org.infai.backend.tests/src/testmodels/Ecore.ecore,false,false,false,"parse: failed to parse modelset/raw-data/repo-ecore-all/data/smee/amor/org.infai.backend.tests/src/testmodels/Ecore.ecore: unsupported `eType` path `ecore:EClass http://www.eclipse.org/emf/2002/Ecore#//EObject` failed to parse structural features failed to parse class `EAnnotation` line 23, column 32 current parser state: | `` | `      <eAnnotations source=""http:///org/eclipse/emf/ecore/util/ExtendedMetaData"">` parsing failed"
modelset/raw-data/repo-ecore-all/data/smee/amor/org.infai.backend.tests/src/testmodels/bflow/notation_1.01.ecore,false,false,false,"parse: failed to parse modelset/raw-data/repo-ecore-all/data/smee/amor/org.infai.backend.tests/src/testmodels/bflow/notation_1.01.ecore: unsupported `eType` path `ecore:EClass platform:/plugin/org.eclipse.emf.ecore/model/Ecore.ecore#//EClass` failed to parse class operation failed to parse class `Edge` line 8, column 122 current parser state: | `` | `    </eOperations>` parsing failed"
modelset/raw-data/repo-ecore-all/data/smee/amor/org.infai.backend.tests/src/testmodels/bflow/notation_1.02.ecore,false,false,false,"parse: failed to parse modelset/raw-data/repo-ecore-all/data/smee/amor/org.infai.backend.tests/src/testmodels/bflow/notation_1.02.ecore: unsupported `eType` path `ecore:EClass platform:/plugin/org.eclipse.emf.ecore/model/Ecore.ecore#//EClass` failed to parse class operation failed to parse class `Edge` line 8, column 122 current parser state: | `` | `    </eOperations>` parsing failed"
modelset/raw-data/repo-ecore-all/data/smeup/asup/org.smeup.sys.il.expr/model/il-expr.ecore,false,false,false,"parse: failed to parse modelset/raw-data/repo-ecore-all/data/smeup/asup/org.smeup.sys.il.expr/model/il-expr.ecore: unsupported `eType` path `../../org.smeup.sys.il.core/model/il-core.ecore#//term/Node` line 79, column 18 current parser state: | `` | `  <eClassifiers xsi:type=""ecore:EClass"" name=""ExpressionParser"" abstract=""true"" interface=""true"">` parsing failed"
modelset/raw-data/repo-ecore-all/data/smokemaker/alfresco-uml-data-modeller/profile/ru.neodoc.content.profile/profile/ecore.ecore,false,false,false,"parse: failed to parse modelset/raw-data/repo-ecore-all/data/smokemaker/alfresco-uml-data-modeller/profile/ru.neodoc.content.profile/profile/ecore.ecore: expected identifier failed to parse class operation failed to parse class `EClass` line 67, column 52 current parser state: | `>` | `        <eAnnotations source=""http://www.eclipse.org/uml2/2.0.0/UML"">` parsing failed"
modelset/raw-data/repo-ecore-all/data/softlang/metalib/emf/fsml/org.softlang.metalib.emf.fsml/model/Fsml.ecore,false,false,false,"parse: failed to parse modelset/raw-data/repo-ecore-all/data/softlang/metalib/emf/fsml/org.softlang.metalib.emf.fsml/model/Fsml.ecore: unknown builtit class URL `http://www.eclipse.org/emf/2002/Ecore#//EDiagnosticChain` failed to parse class operation failed to parse class `FSM` line 6, column 121 current parser state: | `` | `      <eParameters name=""context"">` parsing failed"
modelset/raw-data/repo-ecore-all/data/softlang/metalib/sirius/fsml/org.softlang.metalib.sirius.fsml.model/model/Fsml.ecore,true,true,true,
modelset/raw-data/repo-ecore-all/data/softlang/metalib/xtext/fsml/org.softlang.metalib.xtext.fsml/model/generated/Fsml.ecore,true,true,true,
modelset/raw-data/repo-ecore-all/data/solomona2003/modelEngineering2018-2019/assignmentOne/MB/Rover_MB/model/rover.ecore,true,true,true,
modelset/raw-data/repo-ecore-all/data/solomona2003/modelEngineering2018-2019/assignmentOne/Rover/model/rover.ecore,true,true,true,
modelset/raw-data/repo-ecore-all/data/soluvas/soluvas-framework/commons/src/main/resources/org/soluvas/commons/commons.ecore,false,false,false,"parse: failed to parse modelset/raw-data/repo-ecore-all/data/soluvas/soluvas-framework/commons/src/main/resources/org/soluvas/commons/commons.ecore: unknown builtit class URL `http://www.eclipse.org/emf/2002/Ecore#//EIntegerObject` failed to parse structural features failed to parse class `Positionable` line 40, column 34 current parser state: | `` | `  </eClassifiers>` parsing failed"
modelset/raw-data/repo-ecore-all/data/songhui/smatrt/cases/JarUML/specification/UML.ecore,false,false,false,"parse: failed to parse modelset/raw-data/repo-ecore-all/data/songhui/smatrt/cases/JarUML/specification/UML.ecore: expected tag `>` failed to parse structural feature annotation failed to parse structural features failed to parse class `Element` line 53, column 35 current parser state: | `/>` | `    </eStructuralFeatures>` parsing failed"
modelset/raw-data/repo-ecore-all/data/sop501/MDE-Exercises/Graph/graph.ecore,true,true,true,
modelset/raw-data/repo-ecore-all/data/sop501/MDE-Exercises/Library/library.ecore,true,true,true,
modelset/raw-data/repo-ecore-all/data/sop501/MDE-Exercises/School/schoolRoom.ecore,true,true,true,
modelset/raw-data/repo-ecore-all/data/sop501/ModelCodes/org.eclipse.epsilon.emg.engine.test.acceptance/model/Ecore.ecore,false,false,false,"parse: failed to parse modelset/raw-data/repo-ecore-all/data/sop501/ModelCodes/org.eclipse.epsilon.emg.engine.test.acceptance/model/Ecore.ecore: Missing attribute `eType` in structural feature `instanceClass` failed to parse structural features failed to parse class `EClassifier` line 143, column 19 current parser state: | `` | `			<eGenericType eClassifier=""#//EJavaClass"">` parsing failed"
modelset/raw-data/repo-ecore-all/data/sopopoola/hawk/simulink.ecore,true,true,true,
modelset/raw-data/repo-ecore-all/data/soziotech/CommunityMashup/core/CommunityMashupCore/model/application.ecore,false,false,false,"parse: failed to parse modelset/raw-data/repo-ecore-all/data/soziotech/CommunityMashup/core/CommunityMashupCore/model/application.ecore: unknown builtit class URL `http://www.eclipse.org/emf/2002/Ecore#//EIntegerObject` failed to parse class operation failed to parse class `Source` line 11, column 125 current parser state: | `` | `    <eOperations name=""start""/>` parsing failed"
modelset/raw-data/repo-ecore-all/data/soziotech/CommunityMashup/core/CommunityMashupCore/model/collection.ecore,false,false,false,"parse: failed to parse modelset/raw-data/repo-ecore-all/data/soziotech/CommunityMashup/core/CommunityMashupCore/model/collection.ecore: unsupported `eType` path `ecore:EClass data.ecore#//Item` failed to parse structural features failed to parse class `ItemsCollection` line 10, column 49 current parser state: | `` | `    <eStructuralFeatures xsi:type=""ecore:EReference"" name=""dataSet"" lowerBound=""1""` parsing failed"
modelset/raw-data/repo-ecore-all/data/soziotech/CommunityMashup/core/CommunityMashupCore/model/data.ecore,false,false,false,"parse: failed to parse modelset/raw-data/repo-ecore-all/data/soziotech/CommunityMashup/core/CommunityMashupCore/model/data.ecore: unknown builtit class URL `http://www.eclipse.org/emf/2002/Ecore#//EDate` failed to parse structural features failed to parse class `Person` line 30, column 144 current parser state: | `` | `    <eStructuralFeatures xsi:type=""ecore:EReference"" name=""persons"" upperBound=""-1""` parsing failed"
modelset/raw-data/repo-ecore-all/data/spherio/FuzzyModelTesting/org.eclipse.example.bowlingmodel/model/bowling.ecore,false,false,false,"parse: failed to parse modelset/raw-data/repo-ecore-all/data/spherio/FuzzyModelTesting/org.eclipse.example.bowlingmodel/model/bowling.ecore: unknown builtit class URL `http://www.eclipse.org/emf/2002/Ecore#//EDate` failed to parse structural features failed to parse class `Player` line 8, column 144 current parser state: | `` | `    <eStructuralFeatures xsi:type=""ecore:EAttribute"" name=""height"" eType=""ecore:EDataType http://www.eclipse.org/emf/2002/Ecore#//EDouble""/>` parsing failed"
modelset/raw-data/repo-ecore-all/data/spi-fm/ARE4DSL/Acceleo module/AcceleoProject/aredsl.ecore,true,true,true,
modelset/raw-data/repo-ecore-all/data/spoenemann/xtext-gef/org.xtext.example.statemachine/model/generated/Statemachine.ecore,true,true,true,
modelset/raw-data/repo-ecore-all/data/spoenemann/xtext-orion/org.xtext.example.statemachine/model/generated/Statemachine.ecore,true,true,true,
modelset/raw-data/repo-ecore-all/data/srijanighosh87/MasterThesisDev/com.kaleidoscope.core.aux.simpletree/model/SimpleTree.ecore,true,true,true,
modelset/raw-data/repo-ecore-all/data/srirammails/emftriple/tags/0.6.1/examples/com.emftriple.example/model/employee.ecore,false,false,false,"parse: failed to parse modelset/raw-data/repo-ecore-all/data/srirammails/emftriple/tags/0.6.1/examples/com.emftriple.example/model/employee.ecore: unknown builtit class URL `http://www.eclipse.org/emf/2002/Ecore#//EDate` failed to parse structural features failed to parse class `LargeProject` line 22, column 142 current parser state: | `` | `  </eClassifiers>` parsing failed"
modelset/raw-data/repo-ecore-all/data/srirammails/emftriple/tags/0.6.2/examples/com.emf4sw.rdfizer.examples/src/resources/employee.ecore,false,false,false,"parse: failed to parse modelset/raw-data/repo-ecore-all/data/srirammails/emftriple/tags/0.6.2/examples/com.emf4sw.rdfizer.examples/src/resources/employee.ecore: unknown builtit class URL `http://www.eclipse.org/emf/2002/Ecore#//EDate` failed to parse structural features failed to parse class `LargeProject` line 33, column 142 current parser state: | `` | `  </eClassifiers>` parsing failed"
modelset/raw-data/repo-ecore-all/data/srirammails/emftriple/tags/0.7/tests/com.emf4sw.owl.transform.tests/owl/d.ecore,false,false,false,"parse: failed to parse modelset/raw-data/repo-ecore-all/data/srirammails/emftriple/tags/0.7/tests/com.emf4sw.owl.transform.tests/owl/d.ecore: unsupported `eType` path `//A` line 8, column 112 current parser state: | `` | `  <eClassifiers xsi:type=""ecore:EClass"" name=""A"" eSuperTypes=""//ObjectUnionOf_A_B"">` parsing failed"
modelset/raw-data/repo-ecore-all/data/srirammails/emftriple/tags/0.7/tests/com.emf4sw.rdf.transform.tests/models/c.ecore,false,false,false,"parse: failed to parse modelset/raw-data/repo-ecore-all/data/srirammails/emftriple/tags/0.7/tests/com.emf4sw.rdf.transform.tests/models/c.ecore: unknown builtit class URL `http://www.eclipse.org/emf/2002/Ecore#//EIntegerObject` failed to parse structural features failed to parse class `Bar` line 18, column 147 current parser state: | `` | `    <eStructuralFeatures xsi:type=""ecore:EReference"" name=""foos"" upperBound=""-1"" eType=""#//Foo""/>` parsing failed"
modelset/raw-data/repo-ecore-all/data/srirammails/emftriple/tags/0.7/tests/com.emftriple.example/model/employee.ecore,false,false,false,"parse: failed to parse modelset/raw-data/repo-ecore-all/data/srirammails/emftriple/tags/0.7/tests/com.emftriple.example/model/employee.ecore: unknown builtit class URL `http://www.eclipse.org/emf/2002/Ecore#//EDate` failed to parse structural features failed to parse class `LargeProject` line 39, column 142 current parser state: | `` | `  </eClassifiers>` parsing failed"
modelset/raw-data/repo-ecore-all/data/sschindler/ame13mt/at.ac.tuwien.big.ame13.atl2java.atl/model/B.ecore,true,true,true,
modelset/raw-data/repo-ecore-all/data/sschindler/ame13mt/at.ac.tuwien.big.ame13.atl2java.gen/testmodel/BY.ecore,true,true,true,
modelset/raw-data/repo-ecore-all/data/sschindler/ame13mt/at.ac.tuwien.big.ame13.atl2java.gen/testmodel/Book.ecore,true,true,true,
modelset/raw-data/repo-ecore-all/data/sschindler/ame13mt/at.ac.tuwien.big.ame13.atl2java.gen/testmodel/Ebook.ecore,true,true,true,
modelset/raw-data/repo-ecore-all/data/staklau/TDT4250-oving2/oving4.ecore,true,false,false,"generate: [INFO  arachne] Starting code generation [INFO  arachne_codegen] Validating configuration [INFO  arachne_codegen] Parsing ecore metamodel: ""modelset/raw-data/repo-ecore-all/data/staklau/TDT4250-oving2/oving4.ecore"" [WARN  ecore_rs::parser::raw] `eOpposite` attributes are currently not supported, ignoring [WARN  ecore_rs::parser::raw] `eOpposite` attributes are currently not supported, ignoring [WARN  ecore_rs::parser::raw] `eOpposite` attributes are currently not supported, ignoring [WARN  ecore_rs::parser::raw] `eOpposite` attributes are currently not supported, ignoring [WARN  ecore_rs::parser::raw] `eOpposite` attributes are currently not supported, ignoring [WARN  ecore_rs::parser::raw] Structural feature `name` sets `ordered` while `upperBound=1`; this has no effect [WARN  ecore_rs::parser::raw] Structural feature `name` sets `unique` while `upperBound=1`; this has no effect [WARN  ecore_rs::parser::raw] Structural feature `studyCredits` sets `ordered` while `upperBound=1`; this has no effect [WARN  ecore_rs::parser::raw] Structural feature `studyCredits` sets `unique` while `upperBound=1`; this has no effect [WARN  ecore_rs::parser::raw] `eOpposite` attributes are currently not supported, ignoring [WARN  ecore_rs::parser::raw] `eOpposite` attributes are currently not supported, ignoring [WARN  ecore_rs::parser::raw] `eOpposite` attributes are currently not supported, ignoring [WARN  ecore_rs::parser::raw] `eOpposite` attributes are currently not supported, ignoring [WARN  ecore_rs::parser::raw] `eOpposite` attributes are currently not supported, ignoring [WARN  ecore_rs::parser::raw] `eOpposite` attributes are currently not supported, ignoring [WARN  ecore_rs::parser::raw] `eOpposite` attributes are currently not supported, ignoring [WARN  ecore_rs::parser::raw] `eOpposite` attributes are currently not supported, ignoring [WARN  ecore_rs::parser::raw] `eOpposite` attributes are currently not supported, ignoring [WARN  ecore_rs::parser::raw] `eOpposite` attributes are currently not supported, ignoring [WARN  ecore_rs::parser::raw] `eOpposite` attributes are currently not supported, ignoring [WARN  ecore_rs::parser::raw] `eOpposite` attributes are currently not supported, ignoring [WARN  ecore_rs::parser::raw] Structural feature `totalPercentageResult` sets `ordered` while `upperBound=1`; this has no effect [WARN  ecore_rs::parser::raw] Structural feature `totalPercentageResult` sets `unique` while `upperBound=1`; this has no effect [WARN  ecore_rs::parser::raw] `eOpposite` attributes are currently not supported, ignoring [WARN  ecore_rs::parser::raw] `eOpposite` attributes are currently not supported, ignoring [WARN  ecore_rs::parser::raw] `eOpposite` attributes are currently not supported, ignoring [WARN  ecore_rs::parser::raw] `eOpposite` attributes are currently not supported, ignoring [WARN  ecore_rs::parser::raw] `eOpposite` attributes are currently not supported, ignoring [WARN  ecore_rs::parser::raw] `eOpposite` attributes are currently not supported, ignoring [WARN  ecore_rs::parser::raw] `eOpposite` attributes are currently not supported, ignoring [INFO  arachne_codegen] Generating Rust tokens [INFO  arachne_codegen] Generating classifiers...  thread 'main' (633649) panicked at arachne-codegen/src/codegen/feature/attribute.rs:65:37: Failed to parse type: Date note: run with `RUST_BACKTRACE=1` environment variable to display a backtrace"
modelset/raw-data/repo-ecore-all/data/stefanocortellessa/Advanced-Modeling-Techniques/Use Cases/compare2uFamily/metamodels/UFamily.ecore,false,false,false,"parse: failed to parse modelset/raw-data/repo-ecore-all/data/stefanocortellessa/Advanced-Modeling-Techniques/Use Cases/compare2uFamily/metamodels/UFamily.ecore: unexpected package content line 28, column 3 current parser state: | `<eSubpackages name=""uncertainty"" nsURI=""uncertainty"" nsPrefix=""uncertainty"">` | `    <eClassifiers xsi:type=""ecore:EClass"" name=""ModelElement"" abstract=""true"">` parsing failed"
modelset/raw-data/repo-ecore-all/data/stefanocortellessa/Advanced-Modeling-Techniques/Use Cases/compare2uUniversity/metamodels/UUniversity.ecore,false,false,false,"parse: failed to parse modelset/raw-data/repo-ecore-all/data/stefanocortellessa/Advanced-Modeling-Techniques/Use Cases/compare2uUniversity/metamodels/UUniversity.ecore: unexpected package content line 24, column 3 current parser state: | `<eSubpackages name=""uncertainty"" nsURI=""uncertainty"" nsPrefix=""uncertainty"">` | `    <eClassifiers xsi:type=""ecore:EClass"" name=""ModelElement"" abstract=""true"">` parsing failed"
modelset/raw-data/repo-ecore-all/data/stefanodifrancesco/uncertainty/it.univaq.disim.HOTgenerator/source metamodels/Families2.ecore,true,true,true,
modelset/raw-data/repo-ecore-all/data/stefanodifrancesco/uncertainty/it.univaq.disim.HOTgenerator/source metamodels/webapp.ecore,true,true,true,
modelset/raw-data/repo-ecore-all/data/stefanodifrancesco/uncertainty/it.univaq.disim.uncertainty.ufamilies/metamodel/Families2.ecore,true,true,true,
modelset/raw-data/repo-ecore-all/data/stefanodifrancesco/uncertainty/it.univaq.disim.uncertainty.ufamilies/metamodel/UFamily.ecore,false,false,false,"parse: failed to parse modelset/raw-data/repo-ecore-all/data/stefanodifrancesco/uncertainty/it.univaq.disim.uncertainty.ufamilies/metamodel/UFamily.ecore: unsupported `eType` path `ecore:EClass Families2.ecore#//Family` failed to parse structural features failed to parse class `Family` line 17, column 56 current parser state: | `` | `  </eClassifiers>` parsing failed"
modelset/raw-data/repo-ecore-all/data/stefanomarrone/dstm/editor/org.xtext.unina.xdstmdata/model/generated/Xdstmdata.ecore,true,true,true,
modelset/raw-data/repo-ecore-all/data/steindani/sihuhu/hu.bme.mit.rnd.behavior/model/Behavior.ecore,true,true,true,
modelset/raw-data/repo-ecore-all/data/steindani/sihuhu/hu.bme.mit.rnd.sihuhu/model/sihuhu.ecore,true,true,true,
modelset/raw-data/repo-ecore-all/data/stolorz/RankPL-EclipsePlugin/pl.stolorz.dsl.rankpl/model/generated/RankPL.ecore,false,false,false,"parse: failed to parse modelset/raw-data/repo-ecore-all/data/stolorz/RankPL-EclipsePlugin/pl.stolorz.dsl.rankpl/model/generated/RankPL.ecore: unknown builtit class URL `http://www.eclipse.org/emf/2002/Ecore#//EBigDecimal` failed to parse structural features failed to parse class `NumberLiteral` line 42, column 144 current parser state: | `` | `  </eClassifiers>` parsing failed"
modelset/raw-data/repo-ecore-all/data/sunfish-prj/Secure-Multiparty-Computation/smcaas/xtext/soton.cyber.smcaas.smc/model/generated/Smc.ecore,true,false,false,"generate: timeout after 120s: /arachne/target/release/arachne generate modelset/raw-data/repo-ecore-all/data/sunfish-prj/Secure-Multiparty-Computation/smcaas/xtext/soton.cyber.smcaas.smc/model/generated/Smc.ecore -o /var/folders/24/3kt9vzrj6qzd_r760kn9ybsm0000gn/T/arachne-modelset-kd53r1ae/generated-00130 -p modelset-00130-ba754642 [INFO  arachne] Starting code generation [INFO  arachne_codegen] Validating configuration [INFO  arachne_codegen] Parsing ecore metamodel: ""modelset/raw-data/repo-ecore-all/data/sunfish-prj/Secure-Multiparty-Computation/smcaas/xtext/soton.cyber.smcaas.smc/model/generated/Smc.ecore"" [WARN  ecore_rs::parser::raw] XML-level class literal redefinition for `literal` from `1` to `math_computation` [WARN  ecore_rs::parser::raw] XML-level class literal redefinition for `literal` from `2` to `search` [WARN  ecore_rs::parser::raw] XML-level class literal redefinition for `literal` from `3` to `anonymization` [WARN  ecore_rs::parser::raw] XML-level class literal redefinition for `literal` from `4` to `access_control` [WARN  ecore_rs::parser::raw] XML-level class literal redefinition for `literal` from `5` to `permission_release` [WARN  ecore_rs::parser::raw] XML-level class literal redefinition for `literal` from `1` to `private` [WARN  ecore_rs::parser::raw] XML-level class literal redefinition for `literal` from `1` to `DOUBLE` [WARN  ecore_rs::parser::raw] XML-level class literal redefinition for `literal` from `2` to `BOOLEAN` [WARN  ecore_rs::parser::raw] XML-level class literal redefinition for `literal` from `3` to `STRING` [WARN  ecore_rs::parser::raw] XML-level class literal redefinition for `literal` from `4` to `ENCRYPTED` [INFO  arachne_codegen] Generating Rust tokens"
modelset/raw-data/repo-ecore-all/data/sunwuliang/SlicingProject1.0/slices/SlicedUML2InsDataSet1.ecore,true,false,false,"generate: timeout after 120s: /arachne/target/release/arachne generate modelset/raw-data/repo-ecore-all/data/sunwuliang/SlicingProject1.0/slices/SlicedUML2InsDataSet1.ecore -o /var/folders/24/3kt9vzrj6qzd_r760kn9ybsm0000gn/T/arachne-modelset-kd53r1ae/generated-00131 -p modelset-00131-3436025e [INFO  arachne] Starting code generation [INFO  arachne_codegen] Validating configuration [INFO  arachne_codegen] Parsing ecore metamodel: ""modelset/raw-data/repo-ecore-all/data/sunwuliang/SlicingProject1.0/slices/SlicedUML2InsDataSet1.ecore"" [WARN  ecore_rs::parser::raw] XML-level class literal redefinition for `literal` from `1` to `package` [WARN  ecore_rs::parser::raw] XML-level class literal redefinition for `literal` from `2` to `private` [WARN  ecore_rs::parser::raw] XML-level class literal redefinition for `literal` from `3` to `protected` [WARN  ecore_rs::parser::raw] XML-level class literal redefinition for `literal` from `4` to `public` [WARN  ecore_rs::parser::raw] XML-level class literal redefinition for `literal` from `1` to `in` [WARN  ecore_rs::parser::raw] XML-level class literal redefinition for `literal` from `2` to `inout` [WARN  ecore_rs::parser::raw] XML-level class literal redefinition for `literal` from `3` to `out` [WARN  ecore_rs::parser::raw] XML-level class literal redefinition for `literal` from `4` to `return` [WARN  ecore_rs::parser::raw] XML-level class literal redefinition for `literal` from `1` to `composite` [WARN  ecore_rs::parser::raw] XML-level class literal redefinition for `literal` from `2` to `none` [WARN  ecore_rs::parser::raw] XML-level class literal redefinition for `literal` from `3` to `shared` [INFO  arachne_codegen] Generating Rust tokens [INFO  arachne_codegen] Generating classifiers..."
modelset/raw-data/repo-ecore-all/data/sunwuliang/SlicingProject1.0/slices/SlicedUML2InsDataSet1class1.ecore,true,true,true,
modelset/raw-data/repo-ecore-all/data/sunwuliang/SlicingProject1.0/slices/SlicedUML2InsDataSet1inheritedMemberIsValid.ecore,true,false,false,"generate: timeout after 120s: /arachne/target/release/arachne generate modelset/raw-data/repo-ecore-all/data/sunwuliang/SlicingProject1.0/slices/SlicedUML2InsDataSet1inheritedMemberIsValid.ecore -o /var/folders/24/3kt9vzrj6qzd_r760kn9ybsm0000gn/T/arachne-modelset-kd53r1ae/generated-00133 -p modelset-00133-d9726d42 [INFO  arachne] Starting code generation [INFO  arachne_codegen] Validating configuration [INFO  arachne_codegen] Parsing ecore metamodel: ""modelset/raw-data/repo-ecore-all/data/sunwuliang/SlicingProject1.0/slices/SlicedUML2InsDataSet1inheritedMemberIsValid.ecore"" [WARN  ecore_rs::parser::raw] XML-level class literal redefinition for `literal` from `1` to `package` [WARN  ecore_rs::parser::raw] XML-level class literal redefinition for `literal` from `2` to `private` [WARN  ecore_rs::parser::raw] XML-level class literal redefinition for `literal` from `3` to `protected` [WARN  ecore_rs::parser::raw] XML-level class literal redefinition for `literal` from `4` to `public` [INFO  arachne_codegen] Generating Rust tokens [INFO  arachne_codegen] Generating classifiers... [INFO  arachne_codegen] Generating reference manager..."
modelset/raw-data/repo-ecore-all/data/sunwuliang/SlicingProject1.0/slices/SlicedUML2InsDataSet1subsetRequiresDifferentName.ecore,true,false,false,"generate: timeout after 120s: /arachne/target/release/arachne generate modelset/raw-data/repo-ecore-all/data/sunwuliang/SlicingProject1.0/slices/SlicedUML2InsDataSet1subsetRequiresDifferentName.ecore -o /var/folders/24/3kt9vzrj6qzd_r760kn9ybsm0000gn/T/arachne-modelset-kd53r1ae/generated-00134 -p modelset-00134-adb3d9f7 [INFO  arachne] Starting code generation [INFO  arachne_codegen] Validating configuration [INFO  arachne_codegen] Parsing ecore metamodel: ""modelset/raw-data/repo-ecore-all/data/sunwuliang/SlicingProject1.0/slices/SlicedUML2InsDataSet1subsetRequiresDifferentName.ecore"" [INFO  arachne_codegen] Generating Rust tokens [INFO  arachne_codegen] Generating classifiers... [INFO  arachne_codegen] Generating reference manager... [INFO  arachne_codegen] Generating package..."
modelset/raw-data/repo-ecore-all/data/sunwuliang/SlicingProject1.0/slices/SlicedUML2InsDataSet2.ecore,true,false,false,"generate: timeout after 120s: /arachne/target/release/arachne generate modelset/raw-data/repo-ecore-all/data/sunwuliang/SlicingProject1.0/slices/SlicedUML2InsDataSet2.ecore -o /var/folders/24/3kt9vzrj6qzd_r760kn9ybsm0000gn/T/arachne-modelset-kd53r1ae/generated-00135 -p modelset-00135-95668de0 [INFO  arachne] Starting code generation [INFO  arachne_codegen] Validating configuration [INFO  arachne_codegen] Parsing ecore metamodel: ""modelset/raw-data/repo-ecore-all/data/sunwuliang/SlicingProject1.0/slices/SlicedUML2InsDataSet2.ecore"" [WARN  ecore_rs::parser::raw] XML-level class literal redefinition for `literal` from `1` to `composite` [WARN  ecore_rs::parser::raw] XML-level class literal redefinition for `literal` from `2` to `none` [WARN  ecore_rs::parser::raw] XML-level class literal redefinition for `literal` from `3` to `shared` [WARN  ecore_rs::parser::raw] XML-level class literal redefinition for `literal` from `1` to `package` [WARN  ecore_rs::parser::raw] XML-level class literal redefinition for `literal` from `2` to `private` [WARN  ecore_rs::parser::raw] XML-level class literal redefinition for `literal` from `3` to `protected` [WARN  ecore_rs::parser::raw] XML-level class literal redefinition for `literal` from `4` to `public` [WARN  ecore_rs::parser::raw] XML-level class literal redefinition for `literal` from `1` to `in` [WARN  ecore_rs::parser::raw] XML-level class literal redefinition for `literal` from `2` to `inout` [WARN  ecore_rs::parser::raw] XML-level class literal redefinition for `literal` from `3` to `out` [WARN  ecore_rs::parser::raw] XML-level class literal redefinition for `literal` from `4` to `return` [INFO  arachne_codegen] Generating Rust tokens [INFO  arachne_codegen] Generating classifiers..."
modelset/raw-data/repo-ecore-all/data/sunwuliang/SlicingProject1.0/slices/SlicedUML2InsDataSet2subsetRequiresDifferentName.ecore,true,false,false,"generate: timeout after 120s: /arachne/target/release/arachne generate modelset/raw-data/repo-ecore-all/data/sunwuliang/SlicingProject1.0/slices/SlicedUML2InsDataSet2subsetRequiresDifferentName.ecore -o /var/folders/24/3kt9vzrj6qzd_r760kn9ybsm0000gn/T/arachne-modelset-kd53r1ae/generated-00136 -p modelset-00136-db8324d7 [INFO  arachne] Starting code generation [INFO  arachne_codegen] Validating configuration [INFO  arachne_codegen] Parsing ecore metamodel: ""modelset/raw-data/repo-ecore-all/data/sunwuliang/SlicingProject1.0/slices/SlicedUML2InsDataSet2subsetRequiresDifferentName.ecore"" [INFO  arachne_codegen] Generating Rust tokens [INFO  arachne_codegen] Generating classifiers... [INFO  arachne_codegen] Generating reference manager... [INFO  arachne_codegen] Generating package..."
modelset/raw-data/repo-ecore-all/data/sunwuliang/SlicingProject1.0/slices/SlicedUML2InsDataSet3.ecore,true,false,false,"generate: timeout after 120s: /arachne/target/release/arachne generate modelset/raw-data/repo-ecore-all/data/sunwuliang/SlicingProject1.0/slices/SlicedUML2InsDataSet3.ecore -o /var/folders/24/3kt9vzrj6qzd_r760kn9ybsm0000gn/T/arachne-modelset-kd53r1ae/generated-00137 -p modelset-00137-667eab2f [INFO  arachne] Starting code generation [INFO  arachne_codegen] Validating configuration [INFO  arachne_codegen] Parsing ecore metamodel: ""modelset/raw-data/repo-ecore-all/data/sunwuliang/SlicingProject1.0/slices/SlicedUML2InsDataSet3.ecore"" [WARN  ecore_rs::parser::raw] XML-level class literal redefinition for `literal` from `1` to `composite` [WARN  ecore_rs::parser::raw] XML-level class literal redefinition for `literal` from `2` to `none` [WARN  ecore_rs::parser::raw] XML-level class literal redefinition for `literal` from `3` to `shared` [WARN  ecore_rs::parser::raw] XML-level class literal redefinition for `literal` from `1` to `in` [WARN  ecore_rs::parser::raw] XML-level class literal redefinition for `literal` from `2` to `inout` [WARN  ecore_rs::parser::raw] XML-level class literal redefinition for `literal` from `3` to `out` [WARN  ecore_rs::parser::raw] XML-level class literal redefinition for `literal` from `4` to `return` [WARN  ecore_rs::parser::raw] XML-level class literal redefinition for `literal` from `1` to `package` [WARN  ecore_rs::parser::raw] XML-level class literal redefinition for `literal` from `2` to `private` [WARN  ecore_rs::parser::raw] XML-level class literal redefinition for `literal` from `3` to `protected` [WARN  ecore_rs::parser::raw] XML-level class literal redefinition for `literal` from `4` to `public` [INFO  arachne_codegen] Generating Rust tokens [INFO  arachne_codegen] Generating classifiers..."
modelset/raw-data/repo-ecore-all/data/sunwuliang/SlicingProject1.0/slices/SlicedUML2InsDataSet3class1.ecore,true,true,true,
modelset/raw-data/repo-ecore-all/data/sunwuliang/SlicingProject1.0/slices/SlicedUML2InsDataSet3isAbstractDefined.ecore,true,true,true,
modelset/raw-data/repo-ecore-all/data/sunwuliang/SlicingProject1.0/slices/SlicedUML2InsDataSet3subsetRequiresDifferentName.ecore,true,false,false,"generate: timeout after 120s: /arachne/target/release/arachne generate modelset/raw-data/repo-ecore-all/data/sunwuliang/SlicingProject1.0/slices/SlicedUML2InsDataSet3subsetRequiresDifferentName.ecore -o /var/folders/24/3kt9vzrj6qzd_r760kn9ybsm0000gn/T/arachne-modelset-kd53r1ae/generated-00140 -p modelset-00140-60ced5c6 [INFO  arachne] Starting code generation [INFO  arachne_codegen] Validating configuration [INFO  arachne_codegen] Parsing ecore metamodel: ""modelset/raw-data/repo-ecore-all/data/sunwuliang/SlicingProject1.0/slices/SlicedUML2InsDataSet3subsetRequiresDifferentName.ecore"" [INFO  arachne_codegen] Generating Rust tokens [INFO  arachne_codegen] Generating classifiers... [INFO  arachne_codegen] Generating reference manager... [INFO  arachne_codegen] Generating package..."
modelset/raw-data/repo-ecore-all/data/sunwuliang/SlicingProject1.0/slices/SlicedUML2InsER2MOFbc1.ecore,true,true,true,
modelset/raw-data/repo-ecore-all/data/sunwuliang/SlicingProject1.0/slices/SlicedUML2InsER2MOFsubsetRequiresDifferentName.ecore,true,false,false,"generate: timeout after 120s: /arachne/target/release/arachne generate modelset/raw-data/repo-ecore-all/data/sunwuliang/SlicingProject1.0/slices/SlicedUML2InsER2MOFsubsetRequiresDifferentName.ecore -o /var/folders/24/3kt9vzrj6qzd_r760kn9ybsm0000gn/T/arachne-modelset-kd53r1ae/generated-00142 -p modelset-00142-4605ea64 [INFO  arachne] Starting code generation [INFO  arachne_codegen] Validating configuration [INFO  arachne_codegen] Parsing ecore metamodel: ""modelset/raw-data/repo-ecore-all/data/sunwuliang/SlicingProject1.0/slices/SlicedUML2InsER2MOFsubsetRequiresDifferentName.ecore"" [INFO  arachne_codegen] Generating Rust tokens [INFO  arachne_codegen] Generating classifiers... [INFO  arachne_codegen] Generating reference manager... [INFO  arachne_codegen] Generating package..."
modelset/raw-data/repo-ecore-all/data/sunwuliang/SlicingProject1.0/slices/SlicedUML2InsFSM.ecore,true,false,false,"generate: timeout after 120s: /arachne/target/release/arachne generate modelset/raw-data/repo-ecore-all/data/sunwuliang/SlicingProject1.0/slices/SlicedUML2InsFSM.ecore -o /var/folders/24/3kt9vzrj6qzd_r760kn9ybsm0000gn/T/arachne-modelset-kd53r1ae/generated-00143 -p modelset-00143-d2ae529b [INFO  arachne] Starting code generation [INFO  arachne_codegen] Validating configuration [INFO  arachne_codegen] Parsing ecore metamodel: ""modelset/raw-data/repo-ecore-all/data/sunwuliang/SlicingProject1.0/slices/SlicedUML2InsFSM.ecore"" [WARN  ecore_rs::parser::raw] XML-level class literal redefinition for `literal` from `1` to `package` [WARN  ecore_rs::parser::raw] XML-level class literal redefinition for `literal` from `2` to `private` [WARN  ecore_rs::parser::raw] XML-level class literal redefinition for `literal` from `3` to `protected` [WARN  ecore_rs::parser::raw] XML-level class literal redefinition for `literal` from `4` to `public` [WARN  ecore_rs::parser::raw] XML-level class literal redefinition for `literal` from `1` to `in` [WARN  ecore_rs::parser::raw] XML-level class literal redefinition for `literal` from `2` to `inout` [WARN  ecore_rs::parser::raw] XML-level class literal redefinition for `literal` from `3` to `out` [WARN  ecore_rs::parser::raw] XML-level class literal redefinition for `literal` from `4` to `return` [WARN  ecore_rs::parser::raw] XML-level class literal redefinition for `literal` from `1` to `composite` [WARN  ecore_rs::parser::raw] XML-level class literal redefinition for `literal` from `2` to `none` [WARN  ecore_rs::parser::raw] XML-level class literal redefinition for `literal` from `3` to `shared` [INFO  arachne_codegen] Generating Rust tokens [INFO  arachne_codegen] Generating classifiers..."
modelset/raw-data/repo-ecore-all/data/sunwuliang/SlicingProject1.0/slices/SlicedUML2InsFSMclass1.ecore,true,true,true,
modelset/raw-data/repo-ecore-all/data/sunwuliang/SlicingProject1.0/slices/SlicedUML2InsFSMisAbstractDefined.ecore,true,true,true,
modelset/raw-data/repo-ecore-all/data/sunwuliang/SlicingProject1.0/slices/SlicedUML2InsFSMownedElementHasVisibility.ecore,true,false,false,"generate: timeout after 120s: /arachne/target/release/arachne generate modelset/raw-data/repo-ecore-all/data/sunwuliang/SlicingProject1.0/slices/SlicedUML2InsFSMownedElementHasVisibility.ecore -o /var/folders/24/3kt9vzrj6qzd_r760kn9ybsm0000gn/T/arachne-modelset-kd53r1ae/generated-00146 -p modelset-00146-0b83c193 [INFO  arachne] Starting code generation [INFO  arachne_codegen] Validating configuration [INFO  arachne_codegen] Parsing ecore metamodel: ""modelset/raw-data/repo-ecore-all/data/sunwuliang/SlicingProject1.0/slices/SlicedUML2InsFSMownedElementHasVisibility.ecore"" [WARN  ecore_rs::parser::raw] XML-level class literal redefinition for `literal` from `1` to `package` [WARN  ecore_rs::parser::raw] XML-level class literal redefinition for `literal` from `2` to `private` [WARN  ecore_rs::parser::raw] XML-level class literal redefinition for `literal` from `3` to `protected` [WARN  ecore_rs::parser::raw] XML-level class literal redefinition for `literal` from `4` to `public` [INFO  arachne_codegen] Generating Rust tokens [INFO  arachne_codegen] Generating classifiers... [INFO  arachne_codegen] Generating reference manager..."
modelset/raw-data/repo-ecore-all/data/sunwuliang/SlicingProject1.0/slices/SlicedUML2InsHTMLonlyBinaryAssociationCanBeAggregations.ecore,true,true,true,
modelset/raw-data/repo-ecore-all/data/sunwuliang/SlicingProject1.0/slices/SlicedUML2InsHTMLownedElementHasVisibility.ecore,true,false,false,"generate: timeout after 120s: /arachne/target/release/arachne generate modelset/raw-data/repo-ecore-all/data/sunwuliang/SlicingProject1.0/slices/SlicedUML2InsHTMLownedElementHasVisibility.ecore -o /var/folders/24/3kt9vzrj6qzd_r760kn9ybsm0000gn/T/arachne-modelset-kd53r1ae/generated-00148 -p modelset-00148-f1fdad6c [INFO  arachne] Starting code generation [INFO  arachne_codegen] Validating configuration [INFO  arachne_codegen] Parsing ecore metamodel: ""modelset/raw-data/repo-ecore-all/data/sunwuliang/SlicingProject1.0/slices/SlicedUML2InsHTMLownedElementHasVisibility.ecore"" [WARN  ecore_rs::parser::raw] XML-level class literal redefinition for `literal` from `1` to `package` [WARN  ecore_rs::parser::raw] XML-level class literal redefinition for `literal` from `2` to `private` [WARN  ecore_rs::parser::raw] XML-level class literal redefinition for `literal` from `3` to `protected` [WARN  ecore_rs::parser::raw] XML-level class literal redefinition for `literal` from `4` to `public` [INFO  arachne_codegen] Generating Rust tokens [INFO  arachne_codegen] Generating classifiers... [INFO  arachne_codegen] Generating reference manager..."
modelset/raw-data/repo-ecore-all/data/sunwuliang/SlicingProject1.0/slices/SlicedUML2InsHTMLspecializedAssociationsHasSameNumberOfEnds.ecore,true,true,true,
modelset/raw-data/repo-ecore-all/data/sunwuliang/SlicingProject1.0/slices/SlicedUML2InsMARTE.ecore,true,false,false,"generate: timeout after 120s: /arachne/target/release/arachne generate modelset/raw-data/repo-ecore-all/data/sunwuliang/SlicingProject1.0/slices/SlicedUML2InsMARTE.ecore -o /var/folders/24/3kt9vzrj6qzd_r760kn9ybsm0000gn/T/arachne-modelset-kd53r1ae/generated-00150 -p modelset-00150-4ec6a0d2 [INFO  arachne] Starting code generation [INFO  arachne_codegen] Validating configuration [INFO  arachne_codegen] Parsing ecore metamodel: ""modelset/raw-data/repo-ecore-all/data/sunwuliang/SlicingProject1.0/slices/SlicedUML2InsMARTE.ecore"" [WARN  ecore_rs::parser::raw] XML-level class literal redefinition for `literal` from `1` to `package` [WARN  ecore_rs::parser::raw] XML-level class literal redefinition for `literal` from `2` to `private` [WARN  ecore_rs::parser::raw] XML-level class literal redefinition for `literal` from `3` to `protected` [WARN  ecore_rs::parser::raw] XML-level class literal redefinition for `literal` from `4` to `public` [WARN  ecore_rs::parser::raw] XML-level class literal redefinition for `literal` from `1` to `composite` [WARN  ecore_rs::parser::raw] XML-level class literal redefinition for `literal` from `2` to `none` [WARN  ecore_rs::parser::raw] XML-level class literal redefinition for `literal` from `3` to `shared` [WARN  ecore_rs::parser::raw] XML-level class literal redefinition for `literal` from `1` to `in` [WARN  ecore_rs::parser::raw] XML-level class literal redefinition for `literal` from `2` to `inout` [WARN  ecore_rs::parser::raw] XML-level class literal redefinition for `literal` from `3` to `out` [WARN  ecore_rs::parser::raw] XML-level class literal redefinition for `literal` from `4` to `return` [INFO  arachne_codegen] Generating Rust tokens [INFO  arachne_codegen] Generating classifiers..."
modelset/raw-data/repo-ecore-all/data/sunwuliang/SlicingProject1.0/slices/SlicedUML2InsMARTEsubsetRequiresDifferentName.ecore,true,false,false,"generate: timeout after 120s: /arachne/target/release/arachne generate modelset/raw-data/repo-ecore-all/data/sunwuliang/SlicingProject1.0/slices/SlicedUML2InsMARTEsubsetRequiresDifferentName.ecore -o /var/folders/24/3kt9vzrj6qzd_r760kn9ybsm0000gn/T/arachne-modelset-kd53r1ae/generated-00151 -p modelset-00151-836626d2 [INFO  arachne] Starting code generation [INFO  arachne_codegen] Validating configuration [INFO  arachne_codegen] Parsing ecore metamodel: ""modelset/raw-data/repo-ecore-all/data/sunwuliang/SlicingProject1.0/slices/SlicedUML2InsMARTEsubsetRequiresDifferentName.ecore"" [INFO  arachne_codegen] Generating Rust tokens [INFO  arachne_codegen] Generating classifiers... [INFO  arachne_codegen] Generating reference manager... [INFO  arachne_codegen] Generating package..."
modelset/raw-data/repo-ecore-all/data/sunwuliang/SlicingProject1.0/slices/SlicedUML2InsMATLABderivedUnionIsReadOnly.ecore,true,true,true,
modelset/raw-data/repo-ecore-all/data/sunwuliang/SlicingProject1.0/slices/SlicedUML2InsMATLABisAbstractDefined.ecore,true,true,true,
modelset/raw-data/repo-ecore-all/data/sunwuliang/SlicingProject1.0/slices/SlicedUML2InsMATLABnAryAssociationsOwnTheirEnds.ecore,true,true,true,
modelset/raw-data/repo-ecore-all/data/sunwuliang/SlicingProject2.0/ClassModelSlicing/ecores/CarRental.ecore,true,true,true,
modelset/raw-data/repo-ecore-all/data/sunwuliang/SlicingProject2.0/ClassModelSlicing/ecores/UML2WithID.ecore,true,false,false,"generate: timeout after 120s: /arachne/target/release/arachne generate modelset/raw-data/repo-ecore-all/data/sunwuliang/SlicingProject2.0/ClassModelSlicing/ecores/UML2WithID.ecore -o /var/folders/24/3kt9vzrj6qzd_r760kn9ybsm0000gn/T/arachne-modelset-kd53r1ae/generated-00156 -p modelset-00156-120ce763 [INFO  arachne] Starting code generation [INFO  arachne_codegen] Validating configuration [INFO  arachne_codegen] Parsing ecore metamodel: ""modelset/raw-data/repo-ecore-all/data/sunwuliang/SlicingProject2.0/ClassModelSlicing/ecores/UML2WithID.ecore"" [WARN  ecore_rs::parser::raw] `eOpposite` attributes are currently not supported, ignoring [WARN  ecore_rs::parser::raw] Structural feature `owner` sets `ordered` while `upperBound=1`; this has no effect [WARN  ecore_rs::parser::raw] `eOpposite` attributes are currently not supported, ignoring [WARN  ecore_rs::parser::raw] Structural feature `isOrdered` sets `ordered` while `upperBound=1`; this has no effect [WARN  ecore_rs::parser::raw] Structural feature `isOrdered` sets `unique` while `upperBound=1`; this has no effect [WARN  ecore_rs::parser::raw] Structural feature `isUnique` sets `ordered` while `upperBound=1`; this has no effect [WARN  ecore_rs::parser::raw] Structural feature `isUnique` sets `unique` while `upperBound=1`; this has no effect [WARN  ecore_rs::parser::raw] Structural feature `lower` sets `ordered` while `upperBound=1`; this has no effect [WARN  ecore_rs::parser::raw] Structural feature `lower` sets `unique` while `upperBound=1`; this has no effect [WARN  ecore_rs::parser::raw] Structural feature `upper` sets `ordered` while `upperBound=1`; this has no effect [WARN  ecore_rs::parser::raw] Structural feature `upper` sets `unique` while `upperBound=1`; this has no effect [WARN  ecore_rs::parser::raw] Structural feature `upperValue` sets `ordered` while `upperBound=1`; this has no effect [WARN  ecore_rs::parser::raw] Structural feature `lowerValue` sets `ordered` while `upperBound=1`; this has no effect [WARN  ecore_rs::parser::raw] Structural feature `name` sets `ordered` while `upperBound=1`; this has no effect [WARN  ecore_rs::parser::raw] Structural feature `name` sets `unique` while `upperBound=1`; this has no effect [WARN  ecore_rs::parser::raw] Structural feature `qualifiedName` sets `ordered` while `upperBound=1`; this has no effect [WARN  ecore_rs::parser::raw] Structural feature `qualifiedName` sets `unique` while `upperBound=1`; this has no effect [WARN  ecore_rs::parser::raw] Structural feature `visibility` sets `ordered` while `upperBound=1`; this has no effect [WARN  ecore_rs::parser::raw] Structural feature `visibility` sets `unique` while `upperBound=1`; this has no effect [WARN  ecore_rs::parser::raw] `eOpposite` attributes are currently not supported, ignoring [WARN  ecore_rs::parser::raw] Structural feature `nameExpression` sets `ordered` while `upperBound=1`; this has no effect [WARN  ecore_rs::parser::raw] `eOpposite` attributes are currently not supported, ignoring [WARN  ecore_rs::parser::raw] `eOpposite` attributes are currently not supported, ignoring [WARN  ecore_rs::parser::raw] `eOpposite` attributes are currently not supported, ignoring [WARN  ecore_rs::parser::raw] Structural feature `language` sets `ordered` while `upperBound=1`; this has no effect [WARN  ecore_rs::parser::raw] Structural feature `language` sets `unique` while `upperBound=1`; this has no effect [WARN  ecore_rs::parser::raw] Structural feature `result` sets `ordered` while `upperBound=1`; this has no effect [WARN  ecore_rs::parser::raw] Structural feature `behavior` sets `ordered` while `upperBound=1`; this has no effect [WARN  ecore_rs::parser::raw] Structural feature `symbol` sets `ordered` while `upperBound=1`; this has no effect [WARN  ecore_rs::parser::raw] Structural feature `symbol` sets `unique` while `upperBound=1`; this has no effect [WARN  ecore_rs::parser::raw] Structural feature `body` sets `ordered` while `upperBound=1`; this has no effect [WARN  ecore_rs::parser::raw] Structural feature `body` sets `unique` while `upperBound=1`; this has no effect [WARN  ecore_rs::parser::raw] Structural feature `bodyExpression` sets `ordered` while `upperBound=1`; this has no effect [WARN  ecore_rs::parser::raw] `eOpposite` attributes are c [output truncated after 4000 chars]"
modelset/raw-data/repo-ecore-all/data/sunwuliang/SlicingProject2.0/ClassModelSlicing/slices/SlicedUML2InsDataSet1.ecore,true,false,false,"generate: timeout after 120s: /arachne/target/release/arachne generate modelset/raw-data/repo-ecore-all/data/sunwuliang/SlicingProject2.0/ClassModelSlicing/slices/SlicedUML2InsDataSet1.ecore -o /var/folders/24/3kt9vzrj6qzd_r760kn9ybsm0000gn/T/arachne-modelset-kd53r1ae/generated-00157 -p modelset-00157-8d5e4f1b [INFO  arachne] Starting code generation [INFO  arachne_codegen] Validating configuration [INFO  arachne_codegen] Parsing ecore metamodel: ""modelset/raw-data/repo-ecore-all/data/sunwuliang/SlicingProject2.0/ClassModelSlicing/slices/SlicedUML2InsDataSet1.ecore"" [WARN  ecore_rs::parser::raw] XML-level class literal redefinition for `literal` from `1` to `composite` [WARN  ecore_rs::parser::raw] XML-level class literal redefinition for `literal` from `2` to `none` [WARN  ecore_rs::parser::raw] XML-level class literal redefinition for `literal` from `3` to `shared` [WARN  ecore_rs::parser::raw] XML-level class literal redefinition for `literal` from `1` to `package` [WARN  ecore_rs::parser::raw] XML-level class literal redefinition for `literal` from `2` to `private` [WARN  ecore_rs::parser::raw] XML-level class literal redefinition for `literal` from `3` to `protected` [WARN  ecore_rs::parser::raw] XML-level class literal redefinition for `literal` from `4` to `public` [WARN  ecore_rs::parser::raw] XML-level class literal redefinition for `literal` from `1` to `in` [WARN  ecore_rs::parser::raw] XML-level class literal redefinition for `literal` from `2` to `inout` [WARN  ecore_rs::parser::raw] XML-level class literal redefinition for `literal` from `3` to `out` [WARN  ecore_rs::parser::raw] XML-level class literal redefinition for `literal` from `4` to `return` [INFO  arachne_codegen] Generating Rust tokens [INFO  arachne_codegen] Generating classifiers..."
modelset/raw-data/repo-ecore-all/data/sunwuliang/SlicingProject2.0/ClassModelSlicing/slices/SlicedUML2InsDataSet1bc1.ecore,true,true,true,
modelset/raw-data/repo-ecore-all/data/sunwuliang/SlicingProject2.0/ClassModelSlicing/slices/SlicedUML2InsDataSet2derivedUnionIsDerived.ecore,true,true,true,
modelset/raw-data/repo-ecore-all/data/sunwuliang/SlicingProject2.0/ClassModelSlicing/slices/SlicedUML2InsDataSet2inheritedMemberIsValid.ecore,true,false,false,"generate: timeout after 120s: /arachne/target/release/arachne generate modelset/raw-data/repo-ecore-all/data/sunwuliang/SlicingProject2.0/ClassModelSlicing/slices/SlicedUML2InsDataSet2inheritedMemberIsValid.ecore -o /var/folders/24/3kt9vzrj6qzd_r760kn9ybsm0000gn/T/arachne-modelset-kd53r1ae/generated-00160 -p modelset-00160-e4c3f3ab [INFO  arachne] Starting code generation [INFO  arachne_codegen] Validating configuration [INFO  arachne_codegen] Parsing ecore metamodel: ""modelset/raw-data/repo-ecore-all/data/sunwuliang/SlicingProject2.0/ClassModelSlicing/slices/SlicedUML2InsDataSet2inheritedMemberIsValid.ecore"" [WARN  ecore_rs::parser::raw] XML-level class literal redefinition for `literal` from `1` to `package` [WARN  ecore_rs::parser::raw] XML-level class literal redefinition for `literal` from `2` to `private` [WARN  ecore_rs::parser::raw] XML-level class literal redefinition for `literal` from `3` to `protected` [WARN  ecore_rs::parser::raw] XML-level class literal redefinition for `literal` from `4` to `public` [INFO  arachne_codegen] Generating Rust tokens [INFO  arachne_codegen] Generating classifiers... [INFO  arachne_codegen] Generating reference manager..."
modelset/raw-data/repo-ecore-all/data/sunwuliang/SlicingProject2.0/ClassModelSlicing/slices/SlicedUML2InsDataSet2mustBeOwnedHasOwner.ecore,true,false,false,"generate: timeout after 120s: /arachne/target/release/arachne generate modelset/raw-data/repo-ecore-all/data/sunwuliang/SlicingProject2.0/ClassModelSlicing/slices/SlicedUML2InsDataSet2mustBeOwnedHasOwner.ecore -o /var/folders/24/3kt9vzrj6qzd_r760kn9ybsm0000gn/T/arachne-modelset-kd53r1ae/generated-00161 -p modelset-00161-8fbc353f [INFO  arachne] Starting code generation [INFO  arachne_codegen] Validating configuration [INFO  arachne_codegen] Parsing ecore metamodel: ""modelset/raw-data/repo-ecore-all/data/sunwuliang/SlicingProject2.0/ClassModelSlicing/slices/SlicedUML2InsDataSet2mustBeOwnedHasOwner.ecore"" [INFO  arachne_codegen] Generating Rust tokens [INFO  arachne_codegen] Generating classifiers..."
modelset/raw-data/repo-ecore-all/data/sunwuliang/SlicingProject2.0/ClassModelSlicing/slices/SlicedUML2InsDataSet3inheritedMemberIsValid.ecore,true,false,false,"generate: timeout after 120s: /arachne/target/release/arachne generate modelset/raw-data/repo-ecore-all/data/sunwuliang/SlicingProject2.0/ClassModelSlicing/slices/SlicedUML2InsDataSet3inheritedMemberIsValid.ecore -o /var/folders/24/3kt9vzrj6qzd_r760kn9ybsm0000gn/T/arachne-modelset-kd53r1ae/generated-00162 -p modelset-00162-6347241e [INFO  arachne] Starting code generation [INFO  arachne_codegen] Validating configuration [INFO  arachne_codegen] Parsing ecore metamodel: ""modelset/raw-data/repo-ecore-all/data/sunwuliang/SlicingProject2.0/ClassModelSlicing/slices/SlicedUML2InsDataSet3inheritedMemberIsValid.ecore"" [WARN  ecore_rs::parser::raw] XML-level class literal redefinition for `literal` from `1` to `package` [WARN  ecore_rs::parser::raw] XML-level class literal redefinition for `literal` from `2` to `private` [WARN  ecore_rs::parser::raw] XML-level class literal redefinition for `literal` from `3` to `protected` [WARN  ecore_rs::parser::raw] XML-level class literal redefinition for `literal` from `4` to `public` [INFO  arachne_codegen] Generating Rust tokens [INFO  arachne_codegen] Generating classifiers... [INFO  arachne_codegen] Generating reference manager..."
modelset/raw-data/repo-ecore-all/data/sunwuliang/SlicingProject2.0/ClassModelSlicing/slices/SlicedUML2InsDataSet3nAryAssociationsOwnTheirEnds.ecore,true,true,true,
modelset/raw-data/repo-ecore-all/data/sunwuliang/SlicingProject2.0/ClassModelSlicing/slices/SlicedUML2InsDataSet3onlyBinaryAssociationCanBeAggregations.ecore,true,true,true,
modelset/raw-data/repo-ecore-all/data/sunwuliang/SlicingProject2.0/ClassModelSlicing/slices/SlicedUML2InsDataSet3ownedElementHasVisibility.ecore,true,false,false,"generate: timeout after 120s: /arachne/target/release/arachne generate modelset/raw-data/repo-ecore-all/data/sunwuliang/SlicingProject2.0/ClassModelSlicing/slices/SlicedUML2InsDataSet3ownedElementHasVisibility.ecore -o /var/folders/24/3kt9vzrj6qzd_r760kn9ybsm0000gn/T/arachne-modelset-kd53r1ae/generated-00165 -p modelset-00165-21204234 [INFO  arachne] Starting code generation [INFO  arachne_codegen] Validating configuration [INFO  arachne_codegen] Parsing ecore metamodel: ""modelset/raw-data/repo-ecore-all/data/sunwuliang/SlicingProject2.0/ClassModelSlicing/slices/SlicedUML2InsDataSet3ownedElementHasVisibility.ecore"" [WARN  ecore_rs::parser::raw] XML-level class literal redefinition for `literal` from `1` to `package` [WARN  ecore_rs::parser::raw] XML-level class literal redefinition for `literal` from `2` to `private` [WARN  ecore_rs::parser::raw] XML-level class literal redefinition for `literal` from `3` to `protected` [WARN  ecore_rs::parser::raw] XML-level class literal redefinition for `literal` from `4` to `public` [INFO  arachne_codegen] Generating Rust tokens [INFO  arachne_codegen] Generating classifiers... [INFO  arachne_codegen] Generating reference manager..."
modelset/raw-data/repo-ecore-all/data/sunwuliang/SlicingProject2.0/ClassModelSlicing/slices/SlicedUML2InsER2MOF.ecore,true,false,false,"generate: timeout after 120s: /arachne/target/release/arachne generate modelset/raw-data/repo-ecore-all/data/sunwuliang/SlicingProject2.0/ClassModelSlicing/slices/SlicedUML2InsER2MOF.ecore -o /var/folders/24/3kt9vzrj6qzd_r760kn9ybsm0000gn/T/arachne-modelset-kd53r1ae/generated-00166 -p modelset-00166-f382d1fc [INFO  arachne] Starting code generation [INFO  arachne_codegen] Validating configuration [INFO  arachne_codegen] Parsing ecore metamodel: ""modelset/raw-data/repo-ecore-all/data/sunwuliang/SlicingProject2.0/ClassModelSlicing/slices/SlicedUML2InsER2MOF.ecore"" [WARN  ecore_rs::parser::raw] XML-level class literal redefinition for `literal` from `1` to `in` [WARN  ecore_rs::parser::raw] XML-level class literal redefinition for `literal` from `2` to `inout` [WARN  ecore_rs::parser::raw] XML-level class literal redefinition for `literal` from `3` to `out` [WARN  ecore_rs::parser::raw] XML-level class literal redefinition for `literal` from `4` to `return` [WARN  ecore_rs::parser::raw] XML-level class literal redefinition for `literal` from `1` to `composite` [WARN  ecore_rs::parser::raw] XML-level class literal redefinition for `literal` from `2` to `none` [WARN  ecore_rs::parser::raw] XML-level class literal redefinition for `literal` from `3` to `shared` [WARN  ecore_rs::parser::raw] XML-level class literal redefinition for `literal` from `1` to `package` [WARN  ecore_rs::parser::raw] XML-level class literal redefinition for `literal` from `2` to `private` [WARN  ecore_rs::parser::raw] XML-level class literal redefinition for `literal` from `3` to `protected` [WARN  ecore_rs::parser::raw] XML-level class literal redefinition for `literal` from `4` to `public` [INFO  arachne_codegen] Generating Rust tokens [INFO  arachne_codegen] Generating classifiers..."
modelset/raw-data/repo-ecore-all/data/sunwuliang/SlicingProject2.0/ClassModelSlicing/slices/SlicedUML2InsER2MOFbc1.ecore,true,true,true,
modelset/raw-data/repo-ecore-all/data/sunwuliang/SlicingProject2.0/ClassModelSlicing/slices/SlicedUML2InsER2MOFderivedUnionIsReadOnly.ecore,true,true,true,
modelset/raw-data/repo-ecore-all/data/sunwuliang/SlicingProject2.0/ClassModelSlicing/slices/SlicedUML2InsER2MOFinheritedMemberIsValid.ecore,true,false,false,"generate: timeout after 120s: /arachne/target/release/arachne generate modelset/raw-data/repo-ecore-all/data/sunwuliang/SlicingProject2.0/ClassModelSlicing/slices/SlicedUML2InsER2MOFinheritedMemberIsValid.ecore -o /var/folders/24/3kt9vzrj6qzd_r760kn9ybsm0000gn/T/arachne-modelset-kd53r1ae/generated-00169 -p modelset-00169-e7266803 [INFO  arachne] Starting code generation [INFO  arachne_codegen] Validating configuration [INFO  arachne_codegen] Parsing ecore metamodel: ""modelset/raw-data/repo-ecore-all/data/sunwuliang/SlicingProject2.0/ClassModelSlicing/slices/SlicedUML2InsER2MOFinheritedMemberIsValid.ecore"" [WARN  ecore_rs::parser::raw] XML-level class literal redefinition for `literal` from `1` to `package` [WARN  ecore_rs::parser::raw] XML-level class literal redefinition for `literal` from `2` to `private` [WARN  ecore_rs::parser::raw] XML-level class literal redefinition for `literal` from `3` to `protected` [WARN  ecore_rs::parser::raw] XML-level class literal redefinition for `literal` from `4` to `public` [INFO  arachne_codegen] Generating Rust tokens [INFO  arachne_codegen] Generating classifiers... [INFO  arachne_codegen] Generating reference manager..."
modelset/raw-data/repo-ecore-all/data/sunwuliang/SlicingProject2.0/ClassModelSlicing/slices/SlicedUML2InsER2MOFmustBeOwnedHasOwner.ecore,true,false,false,"generate: timeout after 120s: /arachne/target/release/arachne generate modelset/raw-data/repo-ecore-all/data/sunwuliang/SlicingProject2.0/ClassModelSlicing/slices/SlicedUML2InsER2MOFmustBeOwnedHasOwner.ecore -o /var/folders/24/3kt9vzrj6qzd_r760kn9ybsm0000gn/T/arachne-modelset-kd53r1ae/generated-00170 -p modelset-00170-e3f48087 [INFO  arachne] Starting code generation [INFO  arachne_codegen] Validating configuration [INFO  arachne_codegen] Parsing ecore metamodel: ""modelset/raw-data/repo-ecore-all/data/sunwuliang/SlicingProject2.0/ClassModelSlicing/slices/SlicedUML2InsER2MOFmustBeOwnedHasOwner.ecore"" [INFO  arachne_codegen] Generating Rust tokens [INFO  arachne_codegen] Generating classifiers..."
modelset/raw-data/repo-ecore-all/data/sunwuliang/SlicingProject2.0/ClassModelSlicing/slices/SlicedUML2InsER2MOFnAryAssociationsOwnTheirEnds.ecore,true,true,true,
modelset/raw-data/repo-ecore-all/data/sunwuliang/SlicingProject2.0/ClassModelSlicing/slices/SlicedUML2InsER2MOFonlyBinaryAssociationCanBeAggregations.ecore,true,true,true,
modelset/raw-data/repo-ecore-all/data/sunwuliang/SlicingProject2.0/ClassModelSlicing/slices/SlicedUML2InsER2MOFownedElementHasVisibility.ecore,true,false,false,"generate: timeout after 120s: /arachne/target/release/arachne generate modelset/raw-data/repo-ecore-all/data/sunwuliang/SlicingProject2.0/ClassModelSlicing/slices/SlicedUML2InsER2MOFownedElementHasVisibility.ecore -o /var/folders/24/3kt9vzrj6qzd_r760kn9ybsm0000gn/T/arachne-modelset-kd53r1ae/generated-00173 -p modelset-00173-e2512cd0 [INFO  arachne] Starting code generation [INFO  arachne_codegen] Validating configuration [INFO  arachne_codegen] Parsing ecore metamodel: ""modelset/raw-data/repo-ecore-all/data/sunwuliang/SlicingProject2.0/ClassModelSlicing/slices/SlicedUML2InsER2MOFownedElementHasVisibility.ecore"" [WARN  ecore_rs::parser::raw] XML-level class literal redefinition for `literal` from `1` to `package` [WARN  ecore_rs::parser::raw] XML-level class literal redefinition for `literal` from `2` to `private` [WARN  ecore_rs::parser::raw] XML-level class literal redefinition for `literal` from `3` to `protected` [WARN  ecore_rs::parser::raw] XML-level class literal redefinition for `literal` from `4` to `public` [INFO  arachne_codegen] Generating Rust tokens [INFO  arachne_codegen] Generating classifiers... [INFO  arachne_codegen] Generating reference manager..."
modelset/raw-data/repo-ecore-all/data/sunwuliang/SlicingProject2.0/ClassModelSlicing/slices/SlicedUML2InsHTMLbc1.ecore,true,true,true,
modelset/raw-data/repo-ecore-all/data/sunwuliang/SlicingProject2.0/ClassModelSlicing/slices/SlicedUML2InsHTMLinheritedMemberIsValid.ecore,true,false,false,"generate: timeout after 120s: /arachne/target/release/arachne generate modelset/raw-data/repo-ecore-all/data/sunwuliang/SlicingProject2.0/ClassModelSlicing/slices/SlicedUML2InsHTMLinheritedMemberIsValid.ecore -o /var/folders/24/3kt9vzrj6qzd_r760kn9ybsm0000gn/T/arachne-modelset-kd53r1ae/generated-00175 -p modelset-00175-ac3de3ab [INFO  arachne] Starting code generation [INFO  arachne_codegen] Validating configuration [INFO  arachne_codegen] Parsing ecore metamodel: ""modelset/raw-data/repo-ecore-all/data/sunwuliang/SlicingProject2.0/ClassModelSlicing/slices/SlicedUML2InsHTMLinheritedMemberIsValid.ecore"" [WARN  ecore_rs::parser::raw] XML-level class literal redefinition for `literal` from `1` to `package` [WARN  ecore_rs::parser::raw] XML-level class literal redefinition for `literal` from `2` to `private` [WARN  ecore_rs::parser::raw] XML-level class literal redefinition for `literal` from `3` to `protected` [WARN  ecore_rs::parser::raw] XML-level class literal redefinition for `literal` from `4` to `public` [INFO  arachne_codegen] Generating Rust tokens [INFO  arachne_codegen] Generating classifiers... [INFO  arachne_codegen] Generating reference manager..."
modelset/raw-data/repo-ecore-all/data/sunwuliang/SlicingProject2.0/ClassModelSlicing/slices/SlicedUML2InsHTMLisAbstractDefined.ecore,true,true,true,
modelset/raw-data/repo-ecore-all/data/sunwuliang/SlicingProject2.0/ClassModelSlicing/slices/SlicedUML2InsLRBAC.ecore,true,false,false,"generate: timeout after 120s: /arachne/target/release/arachne generate modelset/raw-data/repo-ecore-all/data/sunwuliang/SlicingProject2.0/ClassModelSlicing/slices/SlicedUML2InsLRBAC.ecore -o /var/folders/24/3kt9vzrj6qzd_r760kn9ybsm0000gn/T/arachne-modelset-kd53r1ae/generated-00177 -p modelset-00177-ea37f100 [INFO  arachne] Starting code generation [INFO  arachne_codegen] Validating configuration [INFO  arachne_codegen] Parsing ecore metamodel: ""modelset/raw-data/repo-ecore-all/data/sunwuliang/SlicingProject2.0/ClassModelSlicing/slices/SlicedUML2InsLRBAC.ecore"" [WARN  ecore_rs::parser::raw] XML-level class literal redefinition for `literal` from `1` to `in` [WARN  ecore_rs::parser::raw] XML-level class literal redefinition for `literal` from `2` to `inout` [WARN  ecore_rs::parser::raw] XML-level class literal redefinition for `literal` from `3` to `out` [WARN  ecore_rs::parser::raw] XML-level class literal redefinition for `literal` from `4` to `return` [WARN  ecore_rs::parser::raw] XML-level class literal redefinition for `literal` from `1` to `composite` [WARN  ecore_rs::parser::raw] XML-level class literal redefinition for `literal` from `2` to `none` [WARN  ecore_rs::parser::raw] XML-level class literal redefinition for `literal` from `3` to `shared` [WARN  ecore_rs::parser::raw] XML-level class literal redefinition for `literal` from `1` to `package` [WARN  ecore_rs::parser::raw] XML-level class literal redefinition for `literal` from `2` to `private` [WARN  ecore_rs::parser::raw] XML-level class literal redefinition for `literal` from `3` to `protected` [WARN  ecore_rs::parser::raw] XML-level class literal redefinition for `literal` from `4` to `public` [INFO  arachne_codegen] Generating Rust tokens [INFO  arachne_codegen] Generating classifiers..."
modelset/raw-data/repo-ecore-all/data/sunwuliang/SlicingProject2.0/ClassModelSlicing/slices/SlicedUML2InsLRBACled3.ecore,true,true,true,
modelset/raw-data/repo-ecore-all/data/sunwuliang/SlicingProject2.0/ClassModelSlicing/slices/SlicedUML2InsLRBACnAryAssociationsOwnTheirEnds.ecore,true,true,true,
modelset/raw-data/repo-ecore-all/data/sunwuliang/SlicingProject2.0/ClassModelSlicing/slices/SlicedUML2InsLRBACtia1.ecore,true,true,true,
modelset/raw-data/repo-ecore-all/data/sunwuliang/SlicingProject2.0/ClassModelSlicing/slices/SlicedUML2InsMARTEderivedUnionIsReadOnly.ecore,true,true,true,
modelset/raw-data/repo-ecore-all/data/sunwuliang/SlicingProject2.0/ClassModelSlicing/slices/SlicedUML2InsMARTEmustBeOwnedHasOwner.ecore,true,false,false,"generate: timeout after 120s: /arachne/target/release/arachne generate modelset/raw-data/repo-ecore-all/data/sunwuliang/SlicingProject2.0/ClassModelSlicing/slices/SlicedUML2InsMARTEmustBeOwnedHasOwner.ecore -o /var/folders/24/3kt9vzrj6qzd_r760kn9ybsm0000gn/T/arachne-modelset-kd53r1ae/generated-00182 -p modelset-00182-e66af207 [INFO  arachne] Starting code generation [INFO  arachne_codegen] Validating configuration [INFO  arachne_codegen] Parsing ecore metamodel: ""modelset/raw-data/repo-ecore-all/data/sunwuliang/SlicingProject2.0/ClassModelSlicing/slices/SlicedUML2InsMARTEmustBeOwnedHasOwner.ecore"" [INFO  arachne_codegen] Generating Rust tokens [INFO  arachne_codegen] Generating classifiers..."
modelset/raw-data/repo-ecore-all/data/sunwuliang/SlicingProject2.0/ClassModelSlicing/slices/SlicedUML2InsMARTEnAryAssociationsOwnTheirEnds.ecore,true,true,true,
modelset/raw-data/repo-ecore-all/data/sunwuliang/SlicingProject2.0/ClassModelSlicing/slices/SlicedUML2InsMATLAB.ecore,true,false,false,"generate: timeout after 120s: /arachne/target/release/arachne generate modelset/raw-data/repo-ecore-all/data/sunwuliang/SlicingProject2.0/ClassModelSlicing/slices/SlicedUML2InsMATLAB.ecore -o /var/folders/24/3kt9vzrj6qzd_r760kn9ybsm0000gn/T/arachne-modelset-kd53r1ae/generated-00184 -p modelset-00184-e0ccc326 [INFO  arachne] Starting code generation [INFO  arachne_codegen] Validating configuration [INFO  arachne_codegen] Parsing ecore metamodel: ""modelset/raw-data/repo-ecore-all/data/sunwuliang/SlicingProject2.0/ClassModelSlicing/slices/SlicedUML2InsMATLAB.ecore"" [WARN  ecore_rs::parser::raw] XML-level class literal redefinition for `literal` from `1` to `in` [WARN  ecore_rs::parser::raw] XML-level class literal redefinition for `literal` from `2` to `inout` [WARN  ecore_rs::parser::raw] XML-level class literal redefinition for `literal` from `3` to `out` [WARN  ecore_rs::parser::raw] XML-level class literal redefinition for `literal` from `4` to `return` [WARN  ecore_rs::parser::raw] XML-level class literal redefinition for `literal` from `1` to `composite` [WARN  ecore_rs::parser::raw] XML-level class literal redefinition for `literal` from `2` to `none` [WARN  ecore_rs::parser::raw] XML-level class literal redefinition for `literal` from `3` to `shared` [WARN  ecore_rs::parser::raw] XML-level class literal redefinition for `literal` from `1` to `package` [WARN  ecore_rs::parser::raw] XML-level class literal redefinition for `literal` from `2` to `private` [WARN  ecore_rs::parser::raw] XML-level class literal redefinition for `literal` from `3` to `protected` [WARN  ecore_rs::parser::raw] XML-level class literal redefinition for `literal` from `4` to `public` [INFO  arachne_codegen] Generating Rust tokens [INFO  arachne_codegen] Generating classifiers..."
modelset/raw-data/repo-ecore-all/data/sunwuliang/SlicingProject2.0/ClassModelSlicing/slices/SlicedUML2InsMATLABbc1.ecore,true,true,true,
modelset/raw-data/repo-ecore-all/data/sunwuliang/SlicingProject2.0/ClassModelSlicing/slices/SlicedUML2InsMATLABmustBeOwnedHasOwner.ecore,true,false,false,"generate: timeout after 120s: /arachne/target/release/arachne generate modelset/raw-data/repo-ecore-all/data/sunwuliang/SlicingProject2.0/ClassModelSlicing/slices/SlicedUML2InsMATLABmustBeOwnedHasOwner.ecore -o /var/folders/24/3kt9vzrj6qzd_r760kn9ybsm0000gn/T/arachne-modelset-kd53r1ae/generated-00186 -p modelset-00186-212351e3 [INFO  arachne] Starting code generation [INFO  arachne_codegen] Validating configuration [INFO  arachne_codegen] Parsing ecore metamodel: ""modelset/raw-data/repo-ecore-all/data/sunwuliang/SlicingProject2.0/ClassModelSlicing/slices/SlicedUML2InsMATLABmustBeOwnedHasOwner.ecore"" [INFO  arachne_codegen] Generating Rust tokens [INFO  arachne_codegen] Generating classifiers..."
modelset/raw-data/repo-ecore-all/data/sunwuliang/SlicingProject2.0/ClassModelSlicing/slices/SlicedUML2InsMATLABonlyBinaryAssociationCanBeAggregations.ecore,true,true,true,
modelset/raw-data/repo-ecore-all/data/sunwuliang/SlicingProject2.0/ClassModelSlicing/slices/SlicedUML2InsMATLABsubsetRequiresDifferentName.ecore,true,false,false,"generate: timeout after 120s: /arachne/target/release/arachne generate modelset/raw-data/repo-ecore-all/data/sunwuliang/SlicingProject2.0/ClassModelSlicing/slices/SlicedUML2InsMATLABsubsetRequiresDifferentName.ecore -o /var/folders/24/3kt9vzrj6qzd_r760kn9ybsm0000gn/T/arachne-modelset-kd53r1ae/generated-00188 -p modelset-00188-c545c293 [INFO  arachne] Starting code generation [INFO  arachne_codegen] Validating configuration [INFO  arachne_codegen] Parsing ecore metamodel: ""modelset/raw-data/repo-ecore-all/data/sunwuliang/SlicingProject2.0/ClassModelSlicing/slices/SlicedUML2InsMATLABsubsetRequiresDifferentName.ecore"" [INFO  arachne_codegen] Generating Rust tokens [INFO  arachne_codegen] Generating classifiers... [INFO  arachne_codegen] Generating reference manager... [INFO  arachne_codegen] Generating package..."
modelset/raw-data/repo-ecore-all/data/sunwuliang/SlicingProject2.0/ClassModelSlicing/slices/SlicedUML2InsRoyalAndLoyalderivedUnionIsReadOnly.ecore,true,true,true,
modelset/raw-data/repo-ecore-all/data/sunwuliang/SlicingProject2.0/ClassModelSlicing/slices/SlicedUML2InsRoyalAndLoyalinheritedMemberIsValid.ecore,true,false,false,"generate: timeout after 120s: /arachne/target/release/arachne generate modelset/raw-data/repo-ecore-all/data/sunwuliang/SlicingProject2.0/ClassModelSlicing/slices/SlicedUML2InsRoyalAndLoyalinheritedMemberIsValid.ecore -o /var/folders/24/3kt9vzrj6qzd_r760kn9ybsm0000gn/T/arachne-modelset-kd53r1ae/generated-00190 -p modelset-00190-95cf0f8f [INFO  arachne] Starting code generation [INFO  arachne_codegen] Validating configuration [INFO  arachne_codegen] Parsing ecore metamodel: ""modelset/raw-data/repo-ecore-all/data/sunwuliang/SlicingProject2.0/ClassModelSlicing/slices/SlicedUML2InsRoyalAndLoyalinheritedMemberIsValid.ecore"" [WARN  ecore_rs::parser::raw] XML-level class literal redefinition for `literal` from `1` to `package` [WARN  ecore_rs::parser::raw] XML-level class literal redefinition for `literal` from `2` to `private` [WARN  ecore_rs::parser::raw] XML-level class literal redefinition for `literal` from `3` to `protected` [WARN  ecore_rs::parser::raw] XML-level class literal redefinition for `literal` from `4` to `public` [INFO  arachne_codegen] Generating Rust tokens [INFO  arachne_codegen] Generating classifiers... [INFO  arachne_codegen] Generating reference manager..."
modelset/raw-data/repo-ecore-all/data/sunwuliang/SlicingProject2.0/ClassModelSlicing/slices/SlicedUML2InsRoyalAndLoyalisAbstractDefined.ecore,true,true,true,
modelset/raw-data/repo-ecore-all/data/sunwuliang/SlicingProject2.0/ClassModelSlicing/slices/SlicedUML2InsRoyalAndLoyalmustBeOwnedHasOwner.ecore,true,false,false,"generate: timeout after 120s: /arachne/target/release/arachne generate modelset/raw-data/repo-ecore-all/data/sunwuliang/SlicingProject2.0/ClassModelSlicing/slices/SlicedUML2InsRoyalAndLoyalmustBeOwnedHasOwner.ecore -o /var/folders/24/3kt9vzrj6qzd_r760kn9ybsm0000gn/T/arachne-modelset-kd53r1ae/generated-00192 -p modelset-00192-986d751c [INFO  arachne] Starting code generation [INFO  arachne_codegen] Validating configuration [INFO  arachne_codegen] Parsing ecore metamodel: ""modelset/raw-data/repo-ecore-all/data/sunwuliang/SlicingProject2.0/ClassModelSlicing/slices/SlicedUML2InsRoyalAndLoyalmustBeOwnedHasOwner.ecore"" [INFO  arachne_codegen] Generating Rust tokens [INFO  arachne_codegen] Generating classifiers..."
modelset/raw-data/repo-ecore-all/data/sunwuliang/SlicingProject2.0/ClassModelSlicing/slices/SlicedUML2InsRoyalAndLoyalownedElementHasVisibility.ecore,true,false,false,"generate: timeout after 120s: /arachne/target/release/arachne generate modelset/raw-data/repo-ecore-all/data/sunwuliang/SlicingProject2.0/ClassModelSlicing/slices/SlicedUML2InsRoyalAndLoyalownedElementHasVisibility.ecore -o /var/folders/24/3kt9vzrj6qzd_r760kn9ybsm0000gn/T/arachne-modelset-kd53r1ae/generated-00193 -p modelset-00193-e7b5ebf6 [INFO  arachne] Starting code generation [INFO  arachne_codegen] Validating configuration [INFO  arachne_codegen] Parsing ecore metamodel: ""modelset/raw-data/repo-ecore-all/data/sunwuliang/SlicingProject2.0/ClassModelSlicing/slices/SlicedUML2InsRoyalAndLoyalownedElementHasVisibility.ecore"" [WARN  ecore_rs::parser::raw] XML-level class literal redefinition for `literal` from `1` to `package` [WARN  ecore_rs::parser::raw] XML-level class literal redefinition for `literal` from `2` to `private` [WARN  ecore_rs::parser::raw] XML-level class literal redefinition for `literal` from `3` to `protected` [WARN  ecore_rs::parser::raw] XML-level class literal redefinition for `literal` from `4` to `public` [INFO  arachne_codegen] Generating Rust tokens [INFO  arachne_codegen] Generating classifiers... [INFO  arachne_codegen] Generating reference manager..."
modelset/raw-data/repo-ecore-all/data/sunwuliang/SlicingProject2.0/ClassModelSlicing/slices/SlicedUML2InsRoyalAndLoyalspecializedAssociationsHasSameNumberOfEnds.ecore,true,true,true,
modelset/raw-data/repo-ecore-all/data/sunwuliang/SlicingProject2.0/ClassModelSlicing/slices/SlicedUML2InsRoyalAndLoyalsubsetRequiresDifferentName.ecore,true,false,false,"generate: timeout after 120s: /arachne/target/release/arachne generate modelset/raw-data/repo-ecore-all/data/sunwuliang/SlicingProject2.0/ClassModelSlicing/slices/SlicedUML2InsRoyalAndLoyalsubsetRequiresDifferentName.ecore -o /var/folders/24/3kt9vzrj6qzd_r760kn9ybsm0000gn/T/arachne-modelset-kd53r1ae/generated-00195 -p modelset-00195-09f54c14 [INFO  arachne] Starting code generation [INFO  arachne_codegen] Validating configuration [INFO  arachne_codegen] Parsing ecore metamodel: ""modelset/raw-data/repo-ecore-all/data/sunwuliang/SlicingProject2.0/ClassModelSlicing/slices/SlicedUML2InsRoyalAndLoyalsubsetRequiresDifferentName.ecore"" [INFO  arachne_codegen] Generating Rust tokens [INFO  arachne_codegen] Generating classifiers... [INFO  arachne_codegen] Generating reference manager... [INFO  arachne_codegen] Generating package..."
modelset/raw-data/repo-ecore-all/data/sunwuliang/SlicingProject2.0/ClassModelSlicing/slices/SlicedUML2InsUML2bc1.ecore,true,true,true,
modelset/raw-data/repo-ecore-all/data/sunwuliang/SlicingProject2.0/ClassModelSlicing/slices/SlicedUML2InsUML2coa2.ecore,true,true,true,
modelset/raw-data/repo-ecore-all/data/sunwuliang/SlicingProject2.0/ClassModelSlicing/slices/SlicedUML2InsUML2definingFeaturIsFeatureOfClassifier.ecore,true,false,false,"generate: timeout after 120s: /arachne/target/release/arachne generate modelset/raw-data/repo-ecore-all/data/sunwuliang/SlicingProject2.0/ClassModelSlicing/slices/SlicedUML2InsUML2definingFeaturIsFeatureOfClassifier.ecore -o /var/folders/24/3kt9vzrj6qzd_r760kn9ybsm0000gn/T/arachne-modelset-kd53r1ae/generated-00198 -p modelset-00198-26ef8610 [INFO  arachne] Starting code generation [INFO  arachne_codegen] Validating configuration [INFO  arachne_codegen] Parsing ecore metamodel: ""modelset/raw-data/repo-ecore-all/data/sunwuliang/SlicingProject2.0/ClassModelSlicing/slices/SlicedUML2InsUML2definingFeaturIsFeatureOfClassifier.ecore"" [INFO  arachne_codegen] Generating Rust tokens [INFO  arachne_codegen] Generating classifiers... [INFO  arachne_codegen] Generating reference manager..."
modelset/raw-data/repo-ecore-all/data/sunwuliang/SlicingProject2.0/ClassModelSlicing/slices/SlicedUML2InsUML2derivedUnionIsReadOnly.ecore,true,true,true,
modelset/raw-data/repo-ecore-all/data/sunwuliang/SlicingProject2.0/ClassModelSlicing/slices/SlicedUML2InsUML2doa1.ecore,true,true,true,
modelset/raw-data/repo-ecore-all/data/sunwuliang/SlicingProject2.0/ClassModelSlicing/slices/SlicedUML2InsUML2importedVisibilityValid.ecore,true,false,false,"generate: timeout after 120s: /arachne/target/release/arachne generate modelset/raw-data/repo-ecore-all/data/sunwuliang/SlicingProject2.0/ClassModelSlicing/slices/SlicedUML2InsUML2importedVisibilityValid.ecore -o /var/folders/24/3kt9vzrj6qzd_r760kn9ybsm0000gn/T/arachne-modelset-kd53r1ae/generated-00201 -p modelset-00201-4d489a1f [INFO  arachne] Starting code generation [INFO  arachne_codegen] Validating configuration [INFO  arachne_codegen] Parsing ecore metamodel: ""modelset/raw-data/repo-ecore-all/data/sunwuliang/SlicingProject2.0/ClassModelSlicing/slices/SlicedUML2InsUML2importedVisibilityValid.ecore"" [WARN  ecore_rs::parser::raw] XML-level class literal redefinition for `literal` from `1` to `package` [WARN  ecore_rs::parser::raw] XML-level class literal redefinition for `literal` from `2` to `private` [WARN  ecore_rs::parser::raw] XML-level class literal redefinition for `literal` from `3` to `protected` [WARN  ecore_rs::parser::raw] XML-level class literal redefinition for `literal` from `4` to `public` [INFO  arachne_codegen] Generating Rust tokens [INFO  arachne_codegen] Generating classifiers... [INFO  arachne_codegen] Generating reference manager..."
modelset/raw-data/repo-ecore-all/data/sunwuliang/SlicingProject2.0/ClassModelSlicing/slices/SlicedUML2InsUML2inheritedMemberIsValid.ecore,true,false,false,"generate: timeout after 120s: /arachne/target/release/arachne generate modelset/raw-data/repo-ecore-all/data/sunwuliang/SlicingProject2.0/ClassModelSlicing/slices/SlicedUML2InsUML2inheritedMemberIsValid.ecore -o /var/folders/24/3kt9vzrj6qzd_r760kn9ybsm0000gn/T/arachne-modelset-kd53r1ae/generated-00202 -p modelset-00202-e2bb10ff [INFO  arachne] Starting code generation [INFO  arachne_codegen] Validating configuration [INFO  arachne_codegen] Parsing ecore metamodel: ""modelset/raw-data/repo-ecore-all/data/sunwuliang/SlicingProject2.0/ClassModelSlicing/slices/SlicedUML2InsUML2inheritedMemberIsValid.ecore"" [WARN  ecore_rs::parser::raw] XML-level class literal redefinition for `literal` from `1` to `package` [WARN  ecore_rs::parser::raw] XML-level class literal redefinition for `literal` from `2` to `private` [WARN  ecore_rs::parser::raw] XML-level class literal redefinition for `literal` from `3` to `protected` [WARN  ecore_rs::parser::raw] XML-level class literal redefinition for `literal` from `4` to `public` [INFO  arachne_codegen] Generating Rust tokens [INFO  arachne_codegen] Generating classifiers... [INFO  arachne_codegen] Generating reference manager..."
modelset/raw-data/repo-ecore-all/data/sunwuliang/SlicingProject2.0/ClassModelSlicing/slices/SlicedUML2InsUML2isAbstractDefined.ecore,true,true,true,
modelset/raw-data/repo-ecore-all/data/sunwuliang/SlicingProject2.0/ClassModelSlicing/slices/SlicedUML2InsUML2isOrderedIsValid.ecore,true,true,true,
modelset/raw-data/repo-ecore-all/data/sunwuliang/SlicingProject2.0/ClassModelSlicing/slices/SlicedUML2InsUML2isUniqueIsValid.ecore,true,true,true,
modelset/raw-data/repo-ecore-all/data/sunwuliang/SlicingProject2.0/ClassModelSlicing/slices/SlicedUML2InsUML2noNestedClassifiers.ecore,true,false,false,"generate: [INFO  arachne] Starting code generation [INFO  arachne_codegen] Validating configuration [INFO  arachne_codegen] Parsing ecore metamodel: ""modelset/raw-data/repo-ecore-all/data/sunwuliang/SlicingProject2.0/ClassModelSlicing/slices/SlicedUML2InsUML2noNestedClassifiers.ecore"" [INFO  arachne_codegen] Generating Rust tokens [ERROR arachne] Error: Failed to find a root class in `UML2` package"
modelset/raw-data/repo-ecore-all/data/sunwuliang/SlicingProject2.0/ClassModelSlicing/slices/SlicedUML2InsUML2notConstrainingSelf.ecore,true,false,false,"generate: timeout after 120s: /arachne/target/release/arachne generate modelset/raw-data/repo-ecore-all/data/sunwuliang/SlicingProject2.0/ClassModelSlicing/slices/SlicedUML2InsUML2notConstrainingSelf.ecore -o /var/folders/24/3kt9vzrj6qzd_r760kn9ybsm0000gn/T/arachne-modelset-kd53r1ae/generated-00207 -p modelset-00207-1967ec02 [INFO  arachne] Starting code generation [INFO  arachne_codegen] Validating configuration [INFO  arachne_codegen] Parsing ecore metamodel: ""modelset/raw-data/repo-ecore-all/data/sunwuliang/SlicingProject2.0/ClassModelSlicing/slices/SlicedUML2InsUML2notConstrainingSelf.ecore"" [INFO  arachne_codegen] Generating Rust tokens [INFO  arachne_codegen] Generating classifiers..."
modelset/raw-data/repo-ecore-all/data/sunwuliang/SlicingProject2.0/ClassModelSlicing/slices/SlicedUML2InsUML2oe1.ecore,true,true,true,
modelset/raw-data/repo-ecore-all/data/sunwuliang/SlicingProject2.0/ClassModelSlicing/slices/SlicedUML2InsUML2oneStructuralFeatureDefinesAtMostOneSlotPerInstance.ecore,true,false,false,"generate: timeout after 120s: /arachne/target/release/arachne generate modelset/raw-data/repo-ecore-all/data/sunwuliang/SlicingProject2.0/ClassModelSlicing/slices/SlicedUML2InsUML2oneStructuralFeatureDefinesAtMostOneSlotPerInstance.ecore -o /var/folders/24/3kt9vzrj6qzd_r760kn9ybsm0000gn/T/arachne-modelset-kd53r1ae/generated-00209 -p modelset-00209-0c82e130 [INFO  arachne] Starting code generation [INFO  arachne_codegen] Validating configuration [INFO  arachne_codegen] Parsing ecore metamodel: ""modelset/raw-data/repo-ecore-all/data/sunwuliang/SlicingProject2.0/ClassModelSlicing/slices/SlicedUML2InsUML2oneStructuralFeatureDefinesAtMostOneSlotPerInstance.ecore"" [INFO  arachne_codegen] Generating Rust tokens [INFO  arachne_codegen] Generating classifiers... [INFO  arachne_codegen] Generating reference manager..."
modelset/raw-data/repo-ecore-all/data/sunwuliang/SlicingProject2.0/ClassModelSlicing/slices/SlicedUML2InsUML2rsa2.ecore,true,false,false,"generate: timeout after 120s: /arachne/target/release/arachne generate modelset/raw-data/repo-ecore-all/data/sunwuliang/SlicingProject2.0/ClassModelSlicing/slices/SlicedUML2InsUML2rsa2.ecore -o /var/folders/24/3kt9vzrj6qzd_r760kn9ybsm0000gn/T/arachne-modelset-kd53r1ae/generated-00210 -p modelset-00210-e935280b [INFO  arachne] Starting code generation [INFO  arachne_codegen] Validating configuration [INFO  arachne_codegen] Parsing ecore metamodel: ""modelset/raw-data/repo-ecore-all/data/sunwuliang/SlicingProject2.0/ClassModelSlicing/slices/SlicedUML2InsUML2rsa2.ecore"" [INFO  arachne_codegen] Generating Rust tokens [INFO  arachne_codegen] Generating classifiers... [INFO  arachne_codegen] Generating reference manager..."
modelset/raw-data/repo-ecore-all/data/sunwuliang/SlicingProject2.0/ClassModelSlicing/slices/SlicedUML2InsUML2sameGeneralClassifier.ecore,true,true,true,
modelset/raw-data/repo-ecore-all/data/sunwuliang/SlicingProject2.0/ClassModelSlicing/slices/SlicedUML2InsUML2sfa2.ecore,true,true,true,
modelset/raw-data/repo-ecore-all/data/sunwuliang/SlicingProject2.0/ClassModelSlicing/slices/SlicedUML2InsUML2specializedAssociationsHasSameNumberOfEnds.ecore,true,true,true,
modelset/raw-data/repo-ecore-all/data/sunwuliang/SlicingProject2.0/ClassModelSlicing/slices/SlicedUML2InsUML2subsetRequiresDifferentName.ecore,true,false,false,"generate: timeout after 120s: /arachne/target/release/arachne generate modelset/raw-data/repo-ecore-all/data/sunwuliang/SlicingProject2.0/ClassModelSlicing/slices/SlicedUML2InsUML2subsetRequiresDifferentName.ecore -o /var/folders/24/3kt9vzrj6qzd_r760kn9ybsm0000gn/T/arachne-modelset-kd53r1ae/generated-00214 -p modelset-00214-62ac5776 [INFO  arachne] Starting code generation [INFO  arachne_codegen] Validating configuration [INFO  arachne_codegen] Parsing ecore metamodel: ""modelset/raw-data/repo-ecore-all/data/sunwuliang/SlicingProject2.0/ClassModelSlicing/slices/SlicedUML2InsUML2subsetRequiresDifferentName.ecore"" [INFO  arachne_codegen] Generating Rust tokens [INFO  arachne_codegen] Generating classifiers... [INFO  arachne_codegen] Generating reference manager... [INFO  arachne_codegen] Generating package..."
modelset/raw-data/repo-ecore-all/data/sunwuliang/SlicingProject2.0/ClassModelSlicing/slices/SlicedUML2InsUML2typeIsValid.ecore,true,true,true,
modelset/raw-data/repo-ecore-all/data/sunwuliang/SlicingProject2.0/ClassModelSlicing/slices/SlicedUML2InsUML2wsfa1.ecore,true,true,true,
modelset/raw-data/repo-ecore-all/data/sunwuliang/SlicingProject2.0/ClassModelSlicing/slices/SlicedUML2WithIDInsER2MOFonlyBinaryAssociationCanBeAggregations.ecore,true,true,true,
modelset/raw-data/repo-ecore-all/data/sunwuliang/SlicingProject2.0/ClassModelSlicing/slices/SlicedUML2WithIDInsER2MOFownedElementHasVisibility.ecore,true,false,false,"generate: timeout after 120s: /arachne/target/release/arachne generate modelset/raw-data/repo-ecore-all/data/sunwuliang/SlicingProject2.0/ClassModelSlicing/slices/SlicedUML2WithIDInsER2MOFownedElementHasVisibility.ecore -o /var/folders/24/3kt9vzrj6qzd_r760kn9ybsm0000gn/T/arachne-modelset-kd53r1ae/generated-00218 -p modelset-00218-e3d3d48c [INFO  arachne] Starting code generation [INFO  arachne_codegen] Validating configuration [INFO  arachne_codegen] Parsing ecore metamodel: ""modelset/raw-data/repo-ecore-all/data/sunwuliang/SlicingProject2.0/ClassModelSlicing/slices/SlicedUML2WithIDInsER2MOFownedElementHasVisibility.ecore"" [WARN  ecore_rs::parser::raw] XML-level class literal redefinition for `literal` from `1` to `package` [WARN  ecore_rs::parser::raw] XML-level class literal redefinition for `literal` from `2` to `private` [WARN  ecore_rs::parser::raw] XML-level class literal redefinition for `literal` from `3` to `protected` [WARN  ecore_rs::parser::raw] XML-level class literal redefinition for `literal` from `4` to `public` [INFO  arachne_codegen] Generating Rust tokens [INFO  arachne_codegen] Generating classifiers..."
modelset/raw-data/repo-ecore-all/data/sunwuliang/SlicingProject2.0/ClassModelSlicing/slices/SlicedUML2WithIDInsFSMisAbstractDefined.ecore,true,true,true,
modelset/raw-data/repo-ecore-all/data/sunwuliang/SlicingProject2.0/ClassModelSlicing/slices/SlicedUML2WithIDInsFSMmustBeOwnedHasOwner.ecore,true,false,false,"generate: timeout after 120s: /arachne/target/release/arachne generate modelset/raw-data/repo-ecore-all/data/sunwuliang/SlicingProject2.0/ClassModelSlicing/slices/SlicedUML2WithIDInsFSMmustBeOwnedHasOwner.ecore -o /var/folders/24/3kt9vzrj6qzd_r760kn9ybsm0000gn/T/arachne-modelset-kd53r1ae/generated-00220 -p modelset-00220-996bfaff [INFO  arachne] Starting code generation [INFO  arachne_codegen] Validating configuration [INFO  arachne_codegen] Parsing ecore metamodel: ""modelset/raw-data/repo-ecore-all/data/sunwuliang/SlicingProject2.0/ClassModelSlicing/slices/SlicedUML2WithIDInsFSMmustBeOwnedHasOwner.ecore"" [INFO  arachne_codegen] Generating Rust tokens [INFO  arachne_codegen] Generating classifiers..."
modelset/raw-data/repo-ecore-all/data/sunwuliang/SlicingProject2.0/ClassModelSlicing/slices/SlicedUML2WithIDInsFSMonlyBinaryAssociationCanBeAggregations.ecore,true,true,true,
modelset/raw-data/repo-ecore-all/data/sunwuliang/SlicingProject2.0/ClassModelSlicing/slices/SlicedUML2WithIDInsFSMspecializedAssociationsHasSameNumberOfEnds.ecore,true,true,true,
modelset/raw-data/repo-ecore-all/data/sunwuliang/SlicingProject2.0/ClassModelSlicing/slices/SlicedUML2WithIDInsFSMsubsetRequiresDifferentName.ecore,true,false,false,"generate: timeout after 120s: /arachne/target/release/arachne generate modelset/raw-data/repo-ecore-all/data/sunwuliang/SlicingProject2.0/ClassModelSlicing/slices/SlicedUML2WithIDInsFSMsubsetRequiresDifferentName.ecore -o /var/folders/24/3kt9vzrj6qzd_r760kn9ybsm0000gn/T/arachne-modelset-kd53r1ae/generated-00223 -p modelset-00223-ef8d9d15 [INFO  arachne] Starting code generation [INFO  arachne_codegen] Validating configuration [INFO  arachne_codegen] Parsing ecore metamodel: ""modelset/raw-data/repo-ecore-all/data/sunwuliang/SlicingProject2.0/ClassModelSlicing/slices/SlicedUML2WithIDInsFSMsubsetRequiresDifferentName.ecore"" [INFO  arachne_codegen] Generating Rust tokens [INFO  arachne_codegen] Generating classifiers..."
modelset/raw-data/repo-ecore-all/data/sunwuliang/SlicingProject2.0/ClassModelSlicing/slices/SlicedUML2WithIDInsHTMLownedElementHasVisibility.ecore,true,false,false,"generate: timeout after 120s: /arachne/target/release/arachne generate modelset/raw-data/repo-ecore-all/data/sunwuliang/SlicingProject2.0/ClassModelSlicing/slices/SlicedUML2WithIDInsHTMLownedElementHasVisibility.ecore -o /var/folders/24/3kt9vzrj6qzd_r760kn9ybsm0000gn/T/arachne-modelset-kd53r1ae/generated-00224 -p modelset-00224-759a1b98 [INFO  arachne] Starting code generation [INFO  arachne_codegen] Validating configuration [INFO  arachne_codegen] Parsing ecore metamodel: ""modelset/raw-data/repo-ecore-all/data/sunwuliang/SlicingProject2.0/ClassModelSlicing/slices/SlicedUML2WithIDInsHTMLownedElementHasVisibility.ecore"" [WARN  ecore_rs::parser::raw] XML-level class literal redefinition for `literal` from `1` to `package` [WARN  ecore_rs::parser::raw] XML-level class literal redefinition for `literal` from `2` to `private` [WARN  ecore_rs::parser::raw] XML-level class literal redefinition for `literal` from `3` to `protected` [WARN  ecore_rs::parser::raw] XML-level class literal redefinition for `literal` from `4` to `public` [INFO  arachne_codegen] Generating Rust tokens [INFO  arachne_codegen] Generating classifiers..."
modelset/raw-data/repo-ecore-all/data/sunwuliang/SlicingProject2.0/ClassModelSlicing/slices/SlicedUML2WithIDInsHTMLsubsetRequiresDifferentName.ecore,true,false,false,"generate: timeout after 120s: /arachne/target/release/arachne generate modelset/raw-data/repo-ecore-all/data/sunwuliang/SlicingProject2.0/ClassModelSlicing/slices/SlicedUML2WithIDInsHTMLsubsetRequiresDifferentName.ecore -o /var/folders/24/3kt9vzrj6qzd_r760kn9ybsm0000gn/T/arachne-modelset-kd53r1ae/generated-00225 -p modelset-00225-4f059d69 [INFO  arachne] Starting code generation [INFO  arachne_codegen] Validating configuration [INFO  arachne_codegen] Parsing ecore metamodel: ""modelset/raw-data/repo-ecore-all/data/sunwuliang/SlicingProject2.0/ClassModelSlicing/slices/SlicedUML2WithIDInsHTMLsubsetRequiresDifferentName.ecore"" [INFO  arachne_codegen] Generating Rust tokens [INFO  arachne_codegen] Generating classifiers..."
modelset/raw-data/repo-ecore-all/data/sunwuliang/SlicingProject2.0/ClassModelSlicing/slices/SlicedUML2WithIDInsMARTEbc1.ecore,true,true,true,
modelset/raw-data/repo-ecore-all/data/sunwuliang/SlicingProject2.0/ClassModelSlicing/slices/SlicedUML2WithIDInsMARTEisAbstractDefined.ecore,true,true,true,
modelset/raw-data/repo-ecore-all/data/sunwuliang/SlicingProject2.0/ClassModelSlicing/slices/SlicedUML2WithIDInsMARTEmustBeOwnedHasOwner.ecore,true,false,false,"generate: timeout after 120s: /arachne/target/release/arachne generate modelset/raw-data/repo-ecore-all/data/sunwuliang/SlicingProject2.0/ClassModelSlicing/slices/SlicedUML2WithIDInsMARTEmustBeOwnedHasOwner.ecore -o /var/folders/24/3kt9vzrj6qzd_r760kn9ybsm0000gn/T/arachne-modelset-kd53r1ae/generated-00228 -p modelset-00228-e7b3b6bf [INFO  arachne] Starting code generation [INFO  arachne_codegen] Validating configuration [INFO  arachne_codegen] Parsing ecore metamodel: ""modelset/raw-data/repo-ecore-all/data/sunwuliang/SlicingProject2.0/ClassModelSlicing/slices/SlicedUML2WithIDInsMARTEmustBeOwnedHasOwner.ecore"" [INFO  arachne_codegen] Generating Rust tokens [INFO  arachne_codegen] Generating classifiers..."
modelset/raw-data/repo-ecore-all/data/sunwuliang/SlicingProject2.0/ClassModelSlicing/slices/SlicedUML2WithIDInsMARTEonlyBinaryAssociationCanBeAggregations.ecore,true,true,true,
modelset/raw-data/repo-ecore-all/data/sunwuliang/SlicingProject2.0/ClassModelSlicing/slices/SlicedUML2WithIDInsMARTEoperationHasOnlyOneReturnParameter.ecore,true,true,true,
modelset/raw-data/repo-ecore-all/data/sunwuliang/SlicingProject2.0/ClassModelSlicing/slices/SlicedUML2WithIDInsMARTEownedElementHasVisibility.ecore,true,false,false,"generate: timeout after 120s: /arachne/target/release/arachne generate modelset/raw-data/repo-ecore-all/data/sunwuliang/SlicingProject2.0/ClassModelSlicing/slices/SlicedUML2WithIDInsMARTEownedElementHasVisibility.ecore -o /var/folders/24/3kt9vzrj6qzd_r760kn9ybsm0000gn/T/arachne-modelset-kd53r1ae/generated-00231 -p modelset-00231-0c872ae2 [INFO  arachne] Starting code generation [INFO  arachne_codegen] Validating configuration [INFO  arachne_codegen] Parsing ecore metamodel: ""modelset/raw-data/repo-ecore-all/data/sunwuliang/SlicingProject2.0/ClassModelSlicing/slices/SlicedUML2WithIDInsMARTEownedElementHasVisibility.ecore"" [WARN  ecore_rs::parser::raw] XML-level class literal redefinition for `literal` from `1` to `package` [WARN  ecore_rs::parser::raw] XML-level class literal redefinition for `literal` from `2` to `private` [WARN  ecore_rs::parser::raw] XML-level class literal redefinition for `literal` from `3` to `protected` [WARN  ecore_rs::parser::raw] XML-level class literal redefinition for `literal` from `4` to `public` [INFO  arachne_codegen] Generating Rust tokens [INFO  arachne_codegen] Generating classifiers..."
modelset/raw-data/repo-ecore-all/data/sunwuliang/SlicingProject2.0/ClassModelSlicing/slices/SlicedUML2WithIDInsMARTEspecializedAssociationsHasSameNumberOfEnds.ecore,true,true,true,
modelset/raw-data/repo-ecore-all/data/sunwuliang/SlicingProject2.0/ClassModelSlicing/slices/SlicedUML2WithIDInsMARTEsubsetRequiresDifferentName.ecore,true,false,false,"generate: timeout after 120s: /arachne/target/release/arachne generate modelset/raw-data/repo-ecore-all/data/sunwuliang/SlicingProject2.0/ClassModelSlicing/slices/SlicedUML2WithIDInsMARTEsubsetRequiresDifferentName.ecore -o /var/folders/24/3kt9vzrj6qzd_r760kn9ybsm0000gn/T/arachne-modelset-kd53r1ae/generated-00233 -p modelset-00233-cdd2f31d [INFO  arachne] Starting code generation [INFO  arachne_codegen] Validating configuration [INFO  arachne_codegen] Parsing ecore metamodel: ""modelset/raw-data/repo-ecore-all/data/sunwuliang/SlicingProject2.0/ClassModelSlicing/slices/SlicedUML2WithIDInsMARTEsubsetRequiresDifferentName.ecore"" [INFO  arachne_codegen] Generating Rust tokens [INFO  arachne_codegen] Generating classifiers..."
modelset/raw-data/repo-ecore-all/data/sunwuliang/SlicingProject2.0/ClassModelSlicing/slices/SlicedUML2WithIDInsMATLABsubsetRequiresDifferentName.ecore,true,false,false,"generate: timeout after 120s: /arachne/target/release/arachne generate modelset/raw-data/repo-ecore-all/data/sunwuliang/SlicingProject2.0/ClassModelSlicing/slices/SlicedUML2WithIDInsMATLABsubsetRequiresDifferentName.ecore -o /var/folders/24/3kt9vzrj6qzd_r760kn9ybsm0000gn/T/arachne-modelset-kd53r1ae/generated-00234 -p modelset-00234-c2ccf5b7 [INFO  arachne] Starting code generation [INFO  arachne_codegen] Validating configuration [INFO  arachne_codegen] Parsing ecore metamodel: ""modelset/raw-data/repo-ecore-all/data/sunwuliang/SlicingProject2.0/ClassModelSlicing/slices/SlicedUML2WithIDInsMATLABsubsetRequiresDifferentName.ecore"" [INFO  arachne_codegen] Generating Rust tokens [INFO  arachne_codegen] Generating classifiers..."
modelset/raw-data/repo-ecore-all/data/sunwuliang/SlicingProject2.0/org.csu.slicing.uml2/bin/org/csu/slicing/UML2/impl/UML2.ecore,true,false,false,"generate: timeout after 120s: /arachne/target/release/arachne generate modelset/raw-data/repo-ecore-all/data/sunwuliang/SlicingProject2.0/org.csu.slicing.uml2/bin/org/csu/slicing/UML2/impl/UML2.ecore -o /var/folders/24/3kt9vzrj6qzd_r760kn9ybsm0000gn/T/arachne-modelset-kd53r1ae/generated-00235 -p modelset-00235-f1e4b24a [INFO  arachne] Starting code generation [INFO  arachne_codegen] Validating configuration [INFO  arachne_codegen] Parsing ecore metamodel: ""modelset/raw-data/repo-ecore-all/data/sunwuliang/SlicingProject2.0/org.csu.slicing.uml2/bin/org/csu/slicing/UML2/impl/UML2.ecore"" [WARN  ecore_rs::parser::raw] `eOpposite` attributes are currently not supported, ignoring [WARN  ecore_rs::parser::raw] Structural feature `owner` sets `ordered` while `upperBound=1`; this has no effect [WARN  ecore_rs::parser::raw] `eOpposite` attributes are currently not supported, ignoring [WARN  ecore_rs::parser::raw] Structural feature `isOrdered` sets `ordered` while `upperBound=1`; this has no effect [WARN  ecore_rs::parser::raw] Structural feature `isOrdered` sets `unique` while `upperBound=1`; this has no effect [WARN  ecore_rs::parser::raw] Structural feature `isUnique` sets `ordered` while `upperBound=1`; this has no effect [WARN  ecore_rs::parser::raw] Structural feature `isUnique` sets `unique` while `upperBound=1`; this has no effect [WARN  ecore_rs::parser::raw] Structural feature `lower` sets `ordered` while `upperBound=1`; this has no effect [WARN  ecore_rs::parser::raw] Structural feature `lower` sets `unique` while `upperBound=1`; this has no effect [WARN  ecore_rs::parser::raw] Structural feature `upper` sets `ordered` while `upperBound=1`; this has no effect [WARN  ecore_rs::parser::raw] Structural feature `upper` sets `unique` while `upperBound=1`; this has no effect [WARN  ecore_rs::parser::raw] Structural feature `upperValue` sets `ordered` while `upperBound=1`; this has no effect [WARN  ecore_rs::parser::raw] Structural feature `lowerValue` sets `ordered` while `upperBound=1`; this has no effect [WARN  ecore_rs::parser::raw] Structural feature `name` sets `ordered` while `upperBound=1`; this has no effect [WARN  ecore_rs::parser::raw] Structural feature `name` sets `unique` while `upperBound=1`; this has no effect [WARN  ecore_rs::parser::raw] Structural feature `qualifiedName` sets `ordered` while `upperBound=1`; this has no effect [WARN  ecore_rs::parser::raw] Structural feature `qualifiedName` sets `unique` while `upperBound=1`; this has no effect [WARN  ecore_rs::parser::raw] Structural feature `visibility` sets `ordered` while `upperBound=1`; this has no effect [WARN  ecore_rs::parser::raw] Structural feature `visibility` sets `unique` while `upperBound=1`; this has no effect [WARN  ecore_rs::parser::raw] `eOpposite` attributes are currently not supported, ignoring [WARN  ecore_rs::parser::raw] Structural feature `nameExpression` sets `ordered` while `upperBound=1`; this has no effect [WARN  ecore_rs::parser::raw] `eOpposite` attributes are currently not supported, ignoring [WARN  ecore_rs::parser::raw] `eOpposite` attributes are currently not supported, ignoring [WARN  ecore_rs::parser::raw] `eOpposite` attributes are currently not supported, ignoring [WARN  ecore_rs::parser::raw] Structural feature `language` sets `ordered` while `upperBound=1`; this has no effect [WARN  ecore_rs::parser::raw] Structural feature `language` sets `unique` while `upperBound=1`; this has no effect [WARN  ecore_rs::parser::raw] Structural feature `result` sets `ordered` while `upperBound=1`; this has no effect [WARN  ecore_rs::parser::raw] Structural feature `behavior` sets `ordered` while `upperBound=1`; this has no effect [WARN  ecore_rs::parser::raw] Structural feature `symbol` sets `ordered` while `upperBound=1`; this has no effect [WARN  ecore_rs::parser::raw] Structural feature `symbol` sets `unique` while `upperBound=1`; this has no effect [WARN  ecore_rs::parser::raw] Structural feature `body` sets `ordered` while `upperBound=1`; this has no effect [WARN  ecore_rs::parser::raw] Structural feature `body` sets `unique` while `upperBound=1`; this has no effect [WARN  ecore_rs::parser::raw] Structural feature `bodyExpression` sets `ordered` while `upperBound=1`; this has no effect [WARN  ecore_rs::parser::raw] `eOpposi [output truncated after 4000 chars]"
modelset/raw-data/repo-ecore-all/data/sunwuliang/SlicingProject2.0/org.csu.slicing.uml2withid/bin/org/csu/slicing/UML2WithID/impl/UML2WithID.ecore,true,false,false,"generate: timeout after 120s: /arachne/target/release/arachne generate modelset/raw-data/repo-ecore-all/data/sunwuliang/SlicingProject2.0/org.csu.slicing.uml2withid/bin/org/csu/slicing/UML2WithID/impl/UML2WithID.ecore -o /var/folders/24/3kt9vzrj6qzd_r760kn9ybsm0000gn/T/arachne-modelset-kd53r1ae/generated-00236 -p modelset-00236-a94623c2 [INFO  arachne] Starting code generation [INFO  arachne_codegen] Validating configuration [INFO  arachne_codegen] Parsing ecore metamodel: ""modelset/raw-data/repo-ecore-all/data/sunwuliang/SlicingProject2.0/org.csu.slicing.uml2withid/bin/org/csu/slicing/UML2WithID/impl/UML2WithID.ecore"" [WARN  ecore_rs::parser::raw] `eOpposite` attributes are currently not supported, ignoring [WARN  ecore_rs::parser::raw] Structural feature `owner` sets `ordered` while `upperBound=1`; this has no effect [WARN  ecore_rs::parser::raw] `eOpposite` attributes are currently not supported, ignoring [WARN  ecore_rs::parser::raw] Structural feature `isOrdered` sets `ordered` while `upperBound=1`; this has no effect [WARN  ecore_rs::parser::raw] Structural feature `isOrdered` sets `unique` while `upperBound=1`; this has no effect [WARN  ecore_rs::parser::raw] Structural feature `isUnique` sets `ordered` while `upperBound=1`; this has no effect [WARN  ecore_rs::parser::raw] Structural feature `isUnique` sets `unique` while `upperBound=1`; this has no effect [WARN  ecore_rs::parser::raw] Structural feature `lower` sets `ordered` while `upperBound=1`; this has no effect [WARN  ecore_rs::parser::raw] Structural feature `lower` sets `unique` while `upperBound=1`; this has no effect [WARN  ecore_rs::parser::raw] Structural feature `upper` sets `ordered` while `upperBound=1`; this has no effect [WARN  ecore_rs::parser::raw] Structural feature `upper` sets `unique` while `upperBound=1`; this has no effect [WARN  ecore_rs::parser::raw] Structural feature `upperValue` sets `ordered` while `upperBound=1`; this has no effect [WARN  ecore_rs::parser::raw] Structural feature `lowerValue` sets `ordered` while `upperBound=1`; this has no effect [WARN  ecore_rs::parser::raw] Structural feature `name` sets `ordered` while `upperBound=1`; this has no effect [WARN  ecore_rs::parser::raw] Structural feature `name` sets `unique` while `upperBound=1`; this has no effect [WARN  ecore_rs::parser::raw] Structural feature `qualifiedName` sets `ordered` while `upperBound=1`; this has no effect [WARN  ecore_rs::parser::raw] Structural feature `qualifiedName` sets `unique` while `upperBound=1`; this has no effect [WARN  ecore_rs::parser::raw] Structural feature `visibility` sets `ordered` while `upperBound=1`; this has no effect [WARN  ecore_rs::parser::raw] Structural feature `visibility` sets `unique` while `upperBound=1`; this has no effect [WARN  ecore_rs::parser::raw] `eOpposite` attributes are currently not supported, ignoring [WARN  ecore_rs::parser::raw] Structural feature `nameExpression` sets `ordered` while `upperBound=1`; this has no effect [WARN  ecore_rs::parser::raw] `eOpposite` attributes are currently not supported, ignoring [WARN  ecore_rs::parser::raw] `eOpposite` attributes are currently not supported, ignoring [WARN  ecore_rs::parser::raw] `eOpposite` attributes are currently not supported, ignoring [WARN  ecore_rs::parser::raw] Structural feature `language` sets `ordered` while `upperBound=1`; this has no effect [WARN  ecore_rs::parser::raw] Structural feature `language` sets `unique` while `upperBound=1`; this has no effect [WARN  ecore_rs::parser::raw] Structural feature `result` sets `ordered` while `upperBound=1`; this has no effect [WARN  ecore_rs::parser::raw] Structural feature `behavior` sets `ordered` while `upperBound=1`; this has no effect [WARN  ecore_rs::parser::raw] Structural feature `symbol` sets `ordered` while `upperBound=1`; this has no effect [WARN  ecore_rs::parser::raw] Structural feature `symbol` sets `unique` while `upperBound=1`; this has no effect [WARN  ecore_rs::parser::raw] Structural feature `body` sets `ordered` while `upperBound=1`; this has no effect [WARN  ecore_rs::parser::raw] Structural feature `body` sets `unique` while `upperBound=1`; this has no effect [WARN  ecore_rs::parser::raw] Structural feature `bodyExpression` sets `ordered` while `upperBound=1`; this has no effect [WARN  ecore_rs::par [output truncated after 4000 chars]"
modelset/raw-data/repo-ecore-all/data/sunwuliang/SlicingProject3.0/ClassModelSlicing/ecores/Library.ecore,false,false,false,"parse: failed to parse modelset/raw-data/repo-ecore-all/data/sunwuliang/SlicingProject3.0/ClassModelSlicing/ecores/Library.ecore: unknown builtit class URL `http://www.eclipse.org/emf/2002/Ecore#//EFeatureMapEntry` failed to parse structural features failed to parse class `Library` line 42, column 90 current parser state: | `` | `      <eAnnotations source=""http:///org/eclipse/emf/ecore/util/ExtendedMetaData"">` parsing failed"
modelset/raw-data/repo-ecore-all/data/supersede-project/dyn_adapt/YAFMT/cz.zcu.yafmt.clang.bcl/model/BooleanConstraintLanguage.ecore,true,true,true,
modelset/raw-data/repo-ecore-all/data/supersede-project/dyn_adapt/YAFMT/cz.zcu.yafmt.model/model/FeatureConfiguration.ecore,false,false,false,"parse: failed to parse modelset/raw-data/repo-ecore-all/data/supersede-project/dyn_adapt/YAFMT/cz.zcu.yafmt.model/model/FeatureConfiguration.ecore: unexpected operation content failed to parse class operation failed to parse class `FeatureConfiguration` line 6, column 7 current parser state: | `<eGenericType eClassifier=""ecore:EDataType http://www.eclipse.org/emf/2002/Ecore#//EEList"">` | `        <eTypeArguments eClassifier=""#//Selection""/>` parsing failed"
modelset/raw-data/repo-ecore-all/data/supersede-project/dyn_adapt/YAFMT/cz.zcu.yafmt.model/model/FeatureModel.ecore,false,false,false,"parse: failed to parse modelset/raw-data/repo-ecore-all/data/supersede-project/dyn_adapt/YAFMT/cz.zcu.yafmt.model/model/FeatureModel.ecore: unexpected operation content failed to parse class operation failed to parse class `FeatureModel` line 6, column 7 current parser state: | `<eGenericType eClassifier=""ecore:EDataType http://www.eclipse.org/emf/2002/Ecore#//EEList"">` | `        <eTypeArguments eClassifier=""#//Feature""/>` parsing failed"
modelset/raw-data/repo-ecore-all/data/surli/spinefm/spinefm-eclipseplugins-root/spinefm-core/model/MetamodelSpineFM.ecore,false,false,false,"parse: failed to parse modelset/raw-data/repo-ecore-all/data/surli/spinefm/spinefm-eclipseplugins-root/spinefm-core/model/MetamodelSpineFM.ecore: unexpected package content line 4, column 3 current parser state: | `<eSubpackages name=""FMModel"" nsURI=""fmm.spinefm.unice.fr"" nsPrefix=""fmm"">` | `    <eClassifiers xsi:type=""ecore:EClass"" name=""FeatureModel"">` parsing failed"
modelset/raw-data/repo-ecore-all/data/surli/spinefm/spinefm-eclipseplugins-root/spinefm-examples/yourcast-simple-example/resources/MetamodelSpineFM.ecore,false,false,false,"parse: failed to parse modelset/raw-data/repo-ecore-all/data/surli/spinefm/spinefm-eclipseplugins-root/spinefm-examples/yourcast-simple-example/resources/MetamodelSpineFM.ecore: unexpected package content line 4, column 3 current parser state: | `<eSubpackages name=""FMModel"" nsURI=""fmm.spinefm.unice.fr"" nsPrefix=""fmm"">` | `    <eClassifiers xsi:type=""ecore:EClass"" name=""FeatureModel"">` parsing failed"
modelset/raw-data/repo-ecore-all/data/surli/yourcast-assets/config_examples/config_simple/MetamodelSpineFM.ecore,false,false,false,"parse: failed to parse modelset/raw-data/repo-ecore-all/data/surli/yourcast-assets/config_examples/config_simple/MetamodelSpineFM.ecore: unexpected package content line 4, column 3 current parser state: | `<eSubpackages name=""FMModel"" nsURI=""fmm.spinefm.unice.fr"" nsPrefix=""fmm"">` | `    <eClassifiers xsi:type=""ecore:EClass"" name=""FeatureModel"">` parsing failed"
modelset/raw-data/repo-ecore-all/data/susieagerholm/XTEXT_EXAMPLE/org.xtext.example.mydot/model/generated/MyDot.ecore,true,true,true,
modelset/raw-data/repo-ecore-all/data/susieagerholm/XTEXT_EXAMPLE/org.xtext.example.mydsl3/model/generated/MyDsl.ecore,true,true,true,
modelset/raw-data/repo-ecore-all/data/svantebjorkberg/myrepo/se.remember.model/model/se.remember.ecore,false,false,false,"parse: failed to parse modelset/raw-data/repo-ecore-all/data/svantebjorkberg/myrepo/se.remember.model/model/se.remember.ecore: unknown builtit class URL `http://www.eclipse.org/emf/2002/Ecore#//EDate` failed to parse structural features failed to parse class `Node` line 46, column 80 current parser state: | `` | `    <eStructuralFeatures xsi:type=""ecore:EAttribute"" name=""dateModified"" lowerBound=""1""` parsing failed"
modelset/raw-data/repo-ecore-all/data/svenlange/javasandbox/eclipseProjects/xtextImportsAndPackages/a.A/model/generated/A.ecore,true,true,true,
modelset/raw-data/repo-ecore-all/data/svn2github/OpenDDS/branches/RT13927/tools/modeling/plugins/org.opendds.modeling.model/model/Types.ecore,false,false,false,"parse: failed to parse modelset/raw-data/repo-ecore-all/data/svn2github/OpenDDS/branches/RT13927/tools/modeling/plugins/org.opendds.modeling.model/model/Types.ecore: unsupported `eType` path `OpenDDS.ecore#//OpenDDSLib` line 86, column 18 current parser state: | `` | `</ecore:EPackage>` parsing failed"
modelset/raw-data/repo-ecore-all/data/svn2github/OpenDDS/branches/mitza_temp_rtps/tools/modeling/plugins/org.opendds.modeling.model/model/Types.ecore,false,false,false,"parse: failed to parse modelset/raw-data/repo-ecore-all/data/svn2github/OpenDDS/branches/mitza_temp_rtps/tools/modeling/plugins/org.opendds.modeling.model/model/Types.ecore: unsupported `eType` path `Core.ecore#//Element` line 16, column 18 current parser state: | `` | `  <eClassifiers xsi:type=""ecore:EClass"" name=""Case"" eSuperTypes=""Core.ecore#//Element"">` parsing failed"
modelset/raw-data/repo-ecore-all/data/swmuir/khie/core/plugins/org.eclipse.mdht.metamodel.traceability/model/traceability.ecore,false,false,false,"parse: failed to parse modelset/raw-data/repo-ecore-all/data/swmuir/khie/core/plugins/org.eclipse.mdht.metamodel.traceability/model/traceability.ecore: unsupported `eType` path `ecore:EClass http://www.eclipse.org/emf/2002/Ecore#//EObject` failed to parse structural features failed to parse class `Trace` line 7, column 79 current parser state: | `` | `    <eStructuralFeatures xsi:type=""ecore:EReference"" name=""target"" upperBound=""-1""` parsing failed"
modelset/raw-data/repo-ecore-all/data/swmuir/knarts/cda/plugins/org.eclipse.mdht.uml.term.core/model/profile.ecore,false,false,false,"parse: failed to parse modelset/raw-data/repo-ecore-all/data/swmuir/knarts/cda/plugins/org.eclipse.mdht.uml.term.core/model/profile.ecore: unknown builtit class URL `platform:/plugin/org.eclipse.uml2.types/model/Types.ecore#//String` failed to parse structural features failed to parse class `CD` line 13, column 174 current parser state: | `` | `    <eStructuralFeatures xsi:type=""ecore:EAttribute"" name=""codeSystem"" ordered=""false""` parsing failed"
modelset/raw-data/repo-ecore-all/data/swmuir/knarts/fhir/plugins/org.eclipse.mdht.uml.fhir.core/src/org/eclipse/mdht/hl7/fhir/valueSets/impl/valueSets.ecore,true,false,false,"generate: timeout after 120s: /arachne/target/release/arachne generate modelset/raw-data/repo-ecore-all/data/swmuir/knarts/fhir/plugins/org.eclipse.mdht.uml.fhir.core/src/org/eclipse/mdht/hl7/fhir/valueSets/impl/valueSets.ecore -o /var/folders/24/3kt9vzrj6qzd_r760kn9ybsm0000gn/T/arachne-modelset-kd53r1ae/generated-00252 -p modelset-00252-cdb54f55 [INFO  arachne] Starting code generation [INFO  arachne_codegen] Validating configuration [INFO  arachne_codegen] Parsing ecore metamodel: ""modelset/raw-data/repo-ecore-all/data/swmuir/knarts/fhir/plugins/org.eclipse.mdht.uml.fhir.core/src/org/eclipse/mdht/hl7/fhir/valueSets/impl/valueSets.ecore"" [INFO  arachne_codegen] Generating Rust tokens [INFO  arachne_codegen] Generating classifiers..."
modelset/raw-data/repo-ecore-all/data/swmuir/knarts/knarts/plugins/gov.vha.knart.composite/model/r1.ecore,false,false,false,"parse: failed to parse modelset/raw-data/repo-ecore-all/data/swmuir/knarts/knarts/plugins/gov.vha.knart.composite/model/r1.ecore: unknown builtit class URL `http://www.eclipse.org/emf/2003/XMLType#//String` failed to parse structural features failed to parse class `AggregateExpression` line 74, column 139 current parser state: | `` | `      <eAnnotations source=""http:///org/eclipse/emf/ecore/util/ExtendedMetaData"">` parsing failed"
modelset/raw-data/repo-ecore-all/data/swmuir/knarts/knarts/plugins/gov.vha.knart.composite/src/org/hl7/elm/r1/impl/r1.ecore,false,false,false,"parse: failed to parse modelset/raw-data/repo-ecore-all/data/swmuir/knarts/knarts/plugins/gov.vha.knart.composite/src/org/hl7/elm/r1/impl/r1.ecore: unknown builtit class URL `http://www.eclipse.org/emf/2003/XMLType#//String` failed to parse structural features failed to parse class `AggregateExpression` line 56, column 139 current parser state: | `` | `      <eAnnotations source=""http:///org/eclipse/emf/ecore/util/ExtendedMetaData"">` parsing failed"
modelset/raw-data/repo-ecore-all/data/swmuir/knarts/knarts/plugins/org.hl7.knart.core/model/r11.ecore,false,false,false,"parse: failed to parse modelset/raw-data/repo-ecore-all/data/swmuir/knarts/knarts/plugins/org.hl7.knart.core/model/r11.ecore: unknown builtit class URL `http://www.eclipse.org/emf/2003/XMLType#//String` failed to parse structural features failed to parse class `AggregateExpression` line 74, column 139 current parser state: | `` | `      <eAnnotations source=""http:///org/eclipse/emf/ecore/util/ExtendedMetaData"">` parsing failed"
modelset/raw-data/repo-ecore-all/data/swmuir/knarts/knarts/plugins/org.hl7.knart.core/model/r2.ecore,false,false,false,"parse: failed to parse modelset/raw-data/repo-ecore-all/data/swmuir/knarts/knarts/plugins/org.hl7.knart.core/model/r2.ecore: unknown builtit class URL `http://www.eclipse.org/emf/2003/XMLType#//Boolean` failed to parse structural features failed to parse class `BL` line 237, column 27 current parser state: | `` | `      <eAnnotations source=""http://www.eclipse.org/emf/2002/GenModel"">` parsing failed"
modelset/raw-data/repo-ecore-all/data/swmuir/mdht/core/plugins/org.openhealthtools.mdht.emf.hl7.mif2/model/xhtml.ecore,false,false,false,"parse: failed to parse modelset/raw-data/repo-ecore-all/data/swmuir/mdht/core/plugins/org.openhealthtools.mdht.emf.hl7.mif2/model/xhtml.ecore: unknown builtit class URL `platform:/plugin/org.eclipse.emf.ecore/model/XMLNamespace.ecore#//LangType` failed to parse structural features failed to parse class `A` line 45, column 165 current parser state: | `` | `      <eAnnotations source=""http://www.eclipse.org/emf/2002/GenModel"">` parsing failed"
modelset/raw-data/repo-ecore-all/data/swoopyy/NPNALTelegram/ru.mathtech.npntool.npnets.model/model/npnets.ecore,false,false,false,"parse: failed to parse modelset/raw-data/repo-ecore-all/data/swoopyy/NPNALTelegram/ru.mathtech.npntool.npnets.model/model/npnets.ecore: unexpected package content line 7, column 3 current parser state: | `<eSubpackages name=""marking"" nsURI=""http://mathtech.ru/npntool/nets/marking"" nsPrefix=""marking"">` | `    <eClassifiers xsi:type=""ecore:EClass"" name=""Marking"" eSuperTypes=""#//common/INetElement"">` parsing failed"
modelset/raw-data/repo-ecore-all/data/sysord/MAD/examples/com.sysord.mad.demo.tinylibrary/model/tinylibrary.ecore,false,false,false,"parse: failed to parse modelset/raw-data/repo-ecore-all/data/sysord/MAD/examples/com.sysord.mad.demo.tinylibrary/model/tinylibrary.ecore: expected identifier failed to parse package annotation line 7, column 44 current parser state: | `/>` | `  </eAnnotations>` parsing failed"
modelset/raw-data/repo-ecore-all/data/szocske19/dipterv/src/config/XMLType.ecore,false,false,false,"parse: failed to parse modelset/raw-data/repo-ecore-all/data/szocske19/dipterv/src/config/XMLType.ecore: unknown builtit class URL `http://www.eclipse.org/emf/2002/Ecore#//EFeatureMapEntry` failed to parse structural features failed to parse class `AnyType` line 17, column 90 current parser state: | `` | `      <eAnnotations source=""http:///org/eclipse/emf/ecore/util/ExtendedMetaData"">` parsing failed"
modelset/raw-data/repo-ecore-all/data/szocske19/openmodelica/onlab.openmodelica.metamodel/model/simulink.ecore,true,true,true,
modelset/raw-data/repo-ecore-all/data/szpatrik/Onlab/model/petrinet.ecore,true,true,true,
modelset/raw-data/repo-ecore-all/data/szschaler/ttc2014/TTC2014/models/classes.ecore,true,true,true,
modelset/raw-data/repo-ecore-all/data/tahriamal/SHEA/workspace/SHEA/A-SaloonECSA2016/src/main/resources/metamodel/EFM.ecore,false,false,false,"parse: failed to parse modelset/raw-data/repo-ecore-all/data/tahriamal/SHEA/workspace/SHEA/A-SaloonECSA2016/src/main/resources/metamodel/EFM.ecore: unsupported `eType` path `ecore:EClass Type.ecore#//Value` failed to parse structural features failed to parse class `Attribute` line 37, column 29 current parser state: | `` | `  </eClassifiers>` parsing failed"
modelset/raw-data/repo-ecore-all/data/takarabt/BPMN-Cmof2Ecore/fr.obeo.bpmn.cmof/model/BPMN20.ecore,false,false,false,"parse: failed to parse modelset/raw-data/repo-ecore-all/data/takarabt/BPMN-Cmof2Ecore/fr.obeo.bpmn.cmof/model/BPMN20.ecore: unsupported `eType` path `ecore:EClass http://www.eclipse.org/emf/2002/Ecore#//EObject` failed to parse structural features failed to parse class `Interface` line 12, column 79 current parser state: | `` | `  </eClassifiers>` parsing failed"
modelset/raw-data/repo-ecore-all/data/takarabt/BPMN-Cmof2Ecore/fr.obeo.bpmn.cmof/model/DI.ecore,false,false,false,"parse: failed to parse modelset/raw-data/repo-ecore-all/data/takarabt/BPMN-Cmof2Ecore/fr.obeo.bpmn.cmof/model/DI.ecore: unsupported `eType` path `ecore:EClass http://www.eclipse.org/emf/2002/Ecore#//EObject` failed to parse structural features failed to parse class `DiagramElement` line 17, column 41 current parser state: | `` | `    <eStructuralFeatures xsi:type=""ecore:EReference"" name=""style"" ordered=""false""` parsing failed"
modelset/raw-data/repo-ecore-all/data/tamasborbas/org.eclipse.viatra/cep/plugins/org.eclipse.viatra.cep.core.metamodels/models/Cep.ecore,false,false,false,"parse: failed to parse modelset/raw-data/repo-ecore-all/data/tamasborbas/org.eclipse.viatra/cep/plugins/org.eclipse.viatra.cep.core.metamodels/models/Cep.ecore: unsupported `eType` path `ecore:EClass Automaton.ecore#//Automaton` failed to parse structural features failed to parse class `EventPattern` line 11, column 121 current parser state: | `` | `    <eStructuralFeatures xsi:type=""ecore:EAttribute"" name=""id"" eType=""ecore:EDataType http://www.eclipse.org/emf/2002/Ecore#//EString""/>` parsing failed"
modelset/raw-data/repo-ecore-all/data/tamasborbas/org.eclipse.viatra/examples/library/library.ecore/model/library.ecore,true,true,true,
modelset/raw-data/repo-ecore-all/data/tamasborbas/org.eclipse.viatra/transformation/plugins/org.eclipse.viatra.transformation.tracer/model/transformationtrace.ecore,true,true,true,
modelset/raw-data/repo-ecore-all/data/tamasborbas/org.eclipse.viatra/transformation/plugins/org.eclipse.viatra.transformation.views/model/traceability.ecore,false,false,false,"parse: failed to parse modelset/raw-data/repo-ecore-all/data/tamasborbas/org.eclipse.viatra/transformation/plugins/org.eclipse.viatra.transformation.views/model/traceability.ecore: unsupported `eType` path `ecore:EClass http://www.eclipse.org/emf/2002/Ecore#//EObject` failed to parse structural features failed to parse class `Trace` line 12, column 95 current parser state: | `` | `    <eStructuralFeatures xsi:type=""ecore:EAttribute"" name=""id"" eType=""ecore:EDataType http://www.eclipse.org/emf/2002/Ecore#//EString""/>` parsing failed"
modelset/raw-data/repo-ecore-all/data/tbouete/idmTP1_MasterICE/IDM_Test/model/iDM_Test.ecore,true,true,true,
modelset/raw-data/repo-ecore-all/data/tchebs/xtext/org.xtext.example.entitydsl/model/generated/EntityDsl.ecore,true,true,true,
modelset/raw-data/repo-ecore-all/data/tdegueul/MetamodelExtensions/metamodelextensions.fsm/model/Fsm.ecore,true,true,true,
modelset/raw-data/repo-ecore-all/data/tdegueul/MetamodelExtensions/metamodelextensions.tfsm/model/Tfsm.ecore,false,false,false,"parse: failed to parse modelset/raw-data/repo-ecore-all/data/tdegueul/MetamodelExtensions/metamodelextensions.tfsm/model/Tfsm.ecore: unsupported `eType` path `../../metamodelextensions.fsm/model/Fsm.ecore#//FSM` line 6, column 18 current parser state: | `` | `  <eClassifiers xsi:type=""ecore:EClass"" name=""State"" eSuperTypes=""../../metamodelextensions.fsm/model/Fsm.ecore#//State"">` parsing failed"
modelset/raw-data/repo-ecore-all/data/tdegueul/ale-xbase/examples/FSM/model/FSM.ecore,true,true,true,
modelset/raw-data/repo-ecore-all/data/tdegueul/ale-xbase/examples/composition/GFSM/model/gfsm.ecore,false,false,false,"parse: failed to parse modelset/raw-data/repo-ecore-all/data/tdegueul/ale-xbase/examples/composition/GFSM/model/gfsm.ecore: expected tag `>` failed to parse class annotation failed to parse class `Guard` line 34, column 37 current parser state: | `/>` | `  </eClassifiers>` parsing failed"
modelset/raw-data/repo-ecore-all/data/tdegueul/ale-xbase/examples/composition/envfsm/BasicFsmEnv/model/basicFsmEnv.ecore,false,false,false,"parse: failed to parse modelset/raw-data/repo-ecore-all/data/tdegueul/ale-xbase/examples/composition/envfsm/BasicFsmEnv/model/basicFsmEnv.ecore: expected tag `>` failed to parse class annotation failed to parse class `Action` line 31, column 37 current parser state: | `/>` | `  </eClassifiers>` parsing failed"
modelset/raw-data/repo-ecore-all/data/tdegueul/ale-xbase/examples/composition/envfsm/BoolExpEnv/model/boolExpEnv.ecore,true,true,true,
modelset/raw-data/repo-ecore-all/data/tdegueul/ale-xbase/examples/composition/envfsm/SimpleALEnv/model/simpleALEnv.ecore,true,true,true,
modelset/raw-data/repo-ecore-all/data/tdegueul/ale-xbase/examples/composition/iot/org.xtext.activitydiagram.model/model/activitydiagram.ecore,false,false,false,"parse: failed to parse modelset/raw-data/repo-ecore-all/data/tdegueul/ale-xbase/examples/composition/iot/org.xtext.activitydiagram.model/model/activitydiagram.ecore: expected tag `>` failed to parse class annotation failed to parse class `Exp` line 64, column 37 current parser state: | `/>` | `  </eClassifiers>` parsing failed"
modelset/raw-data/repo-ecore-all/data/tdegueul/ale-xbase/examples/composition/simplea/model/simplea.ecore,false,false,false,"parse: failed to parse modelset/raw-data/repo-ecore-all/data/tdegueul/ale-xbase/examples/composition/simplea/model/simplea.ecore: expected tag `>` failed to parse class annotation failed to parse class `B` line 10, column 37 current parser state: | `/>` | `  </eClassifiers>` parsing failed"
modelset/raw-data/repo-ecore-all/data/tdegueul/ale-xbase/examples/composition/simpleb/model/simpleb.ecore,true,true,true,
modelset/raw-data/repo-ecore-all/data/tdegueul/ale-xbase/examples/composition/triple/ALE1/model/ale1.ecore,false,false,false,"parse: failed to parse modelset/raw-data/repo-ecore-all/data/tdegueul/ale-xbase/examples/composition/triple/ALE1/model/ale1.ecore: expected tag `>` failed to parse class annotation failed to parse class `RA1` line 11, column 37 current parser state: | `/>` | `  </eClassifiers>` parsing failed"
modelset/raw-data/repo-ecore-all/data/tdegueul/ale-xbase/examples/composition/triple/ALE2/model/ale2.ecore,false,false,false,"parse: failed to parse modelset/raw-data/repo-ecore-all/data/tdegueul/ale-xbase/examples/composition/triple/ALE2/model/ale2.ecore: expected tag `>` failed to parse class annotation failed to parse class `RB` line 9, column 37 current parser state: | `/>` | `  </eClassifiers>` parsing failed"
modelset/raw-data/repo-ecore-all/data/tdegueul/ale-xbase/examples/fUML/activitydiagram/org.modelexecution.operationalsemantics.ad/ad/activitydiagram.ecore,false,false,false,"parse: failed to parse modelset/raw-data/repo-ecore-all/data/tdegueul/ale-xbase/examples/fUML/activitydiagram/org.modelexecution.operationalsemantics.ad/ad/activitydiagram.ecore: expected tag `>` failed to parse class annotation failed to parse class `Activity` line 5, column 34 current parser state: | `/>` | `    <eStructuralFeatures xsi:type=""ecore:EReference"" name=""nodes"" upperBound=""-1""` parsing failed"
modelset/raw-data/repo-ecore-all/data/tdegueul/ale-xbase/examples/fUML/activitydiagram/org.modelexecution.operationalsemantics.adwithoutruntime/ad/adwithoutruntime.ecore,false,false,false,"parse: failed to parse modelset/raw-data/repo-ecore-all/data/tdegueul/ale-xbase/examples/fUML/activitydiagram/org.modelexecution.operationalsemantics.adwithoutruntime/ad/adwithoutruntime.ecore: expected tag `>` failed to parse class annotation failed to parse class `Activity` line 4, column 34 current parser state: | `/>` | `    <eStructuralFeatures xsi:type=""ecore:EReference"" name=""nodes"" upperBound=""-1"" eType=""//ActivityNode"" containment=""true"" eOpposite=""//ActivityNode/activity""/>` parsing failed"
modelset/raw-data/repo-ecore-all/data/tdegueul/ale-xbase/examples/fUML/implementations/MonolithicRevisitor/org.modelexecution.operationalsemantics.ad.clean/model/activitydiagram.ecore,true,true,true,
modelset/raw-data/repo-ecore-all/data/tdegueul/ale-xbase/examples/fUML/implementations/Visitor/org.modelexecution.operationalsemantics.advisitor/ad/activitydiagram.ecore,false,false,false,"parse: failed to parse modelset/raw-data/repo-ecore-all/data/tdegueul/ale-xbase/examples/fUML/implementations/Visitor/org.modelexecution.operationalsemantics.advisitor/ad/activitydiagram.ecore: expected tag `>` failed to parse class annotation failed to parse class `Activity` line 4, column 34 current parser state: | `/>` | `    <eStructuralFeatures xsi:type=""ecore:EReference"" name=""nodes"" upperBound=""-1"" eType=""//ActivityNode"" containment=""true"" eOpposite=""//ActivityNode/activity""/>` parsing failed"
modelset/raw-data/repo-ecore-all/data/tdegueul/ale-xbase/examples/simple/MODELS/boolexp/model/BoolExp.ecore,true,true,true,
modelset/raw-data/repo-ecore-all/data/tdegueul/ale-xbase/tests/testdata/multi/model/multi.ecore,true,true,true,
modelset/raw-data/repo-ecore-all/data/tdegueul/ecore-oa/exps/fr.inria.diverse.exp.model/model/Exp.ecore,true,true,true,
modelset/raw-data/repo-ecore-all/data/tdegueul/ecore-oa/fsm/fr.inria.diverse.fsm.model/model/fsm.ecore,true,true,true,
modelset/raw-data/repo-ecore-all/data/tdegueul/ecore-oa/fsm/fr.inria.diverse.gfsm.model/model/gfsm.ecore,false,false,false,"parse: failed to parse modelset/raw-data/repo-ecore-all/data/tdegueul/ecore-oa/fsm/fr.inria.diverse.gfsm.model/model/gfsm.ecore: unsupported `eType` path `ecore:EClass ../../fr.inria.diverse.expression.model/model/expression.ecore#//BooleanExpression` failed to parse structural features failed to parse class `GTransition` line 6, column 29 current parser state: | `` | `  </eClassifiers>` parsing failed"
modelset/raw-data/repo-ecore-all/data/tdegueul/ecore-oa/fsm/fr.inria.diverse.tfsm.model/model/tfsm.ecore,false,false,false,"parse: failed to parse modelset/raw-data/repo-ecore-all/data/tdegueul/ecore-oa/fsm/fr.inria.diverse.tfsm.model/model/tfsm.ecore: unsupported `eType` path `../../fr.inria.diverse.fsm.model/model/fsm.ecore#//FSM` line 7, column 18 current parser state: | `` | `  <eClassifiers xsi:type=""ecore:EClass"" name=""TimedState"" eSuperTypes=""../../fr.inria.diverse.fsm.model/model/fsm.ecore#//State"">` parsing failed"
modelset/raw-data/repo-ecore-all/data/tdegueul/gemoc-pirover/RCL/org.gemoc.rover.rcl/model/RCL.ecore,false,false,false,"parse: failed to parse modelset/raw-data/repo-ecore-all/data/tdegueul/gemoc-pirover/RCL/org.gemoc.rover.rcl/model/RCL.ecore: Missing attribute `eType` in structural feature `name` failed to parse structural features failed to parse class `RoverProgram` line 4, column 66 current parser state: | `` | `      <eType xsi:type=""ecore:EDataType"" href=""http://www.eclipse.org/emf/2002/Ecore#//EString""/>` parsing failed"
modelset/raw-data/repo-ecore-all/data/tdegueul/gemoc-pirover/RoverMelange/model-gen/ArduinoMLMT.ecore,false,false,false,"parse: failed to parse modelset/raw-data/repo-ecore-all/data/tdegueul/gemoc-pirover/RoverMelange/model-gen/ArduinoMLMT.ecore: unsupported `eType` path `//Project` failed to parse structural features failed to parse class `Board` line 4, column 132 current parser state: | `` | `  </eClassifiers>` parsing failed"
modelset/raw-data/repo-ecore-all/data/tdegueul/gemoc-pirover/RoverMelange/model-gen/RCLMT.ecore,false,false,false,"parse: failed to parse modelset/raw-data/repo-ecore-all/data/tdegueul/gemoc-pirover/RoverMelange/model-gen/RCLMT.ecore: unsupported `eType` path `//RoverValue` failed to parse class operation failed to parse class `RoverProgram` line 4, column 53 current parser state: | `` | `      <eAnnotations source=""aspect""/>` parsing failed"
modelset/raw-data/repo-ecore-all/data/tdegueul/gemoc-pirover/RoverMelange/model-gen/RasPiRoverMT.ecore,false,false,false,"parse: failed to parse modelset/raw-data/repo-ecore-all/data/tdegueul/gemoc-pirover/RoverMelange/model-gen/RasPiRoverMT.ecore: unsupported `eType` path `//DigitalPin` failed to parse structural features failed to parse class `RasPiBoard` line 4, column 130 current parser state: | `` | `    <eStructuralFeatures xsi:type=""ecore:EReference"" name=""analogPins"" upperBound=""-1"" eType=""//AnalogPin"" containment=""true""/>` parsing failed"
modelset/raw-data/repo-ecore-all/data/tdegueul/gemoc-pirover/RoverMelange/model-gen/UnitsMT.ecore,false,false,false,"parse: failed to parse modelset/raw-data/repo-ecore-all/data/tdegueul/gemoc-pirover/RoverMelange/model-gen/UnitsMT.ecore: expected tag `>` failed to parse operation annotation failed to parse class operation failed to parse class `Unit` line 10, column 36 current parser state: | `/>` | `      <eType xsi:type=""ecore:EDataType"" href=""http://www.eclipse.org/emf/2002/Ecore#//EString""/>` parsing failed"
modelset/raw-data/repo-ecore-all/data/tdegueul/gemoc-pirover/Units/org.modelexecution.units/model/units.ecore,false,false,false,"parse: failed to parse modelset/raw-data/repo-ecore-all/data/tdegueul/gemoc-pirover/Units/org.modelexecution.units/model/units.ecore: unsupported `eType` path `//Unit` line 9, column 97 current parser state: | `` | `  <eClassifiers xsi:type=""ecore:EClass"" name=""Centimeter"" eSuperTypes=""//MetricSystemUnit //LengthUnit""/>` parsing failed"
modelset/raw-data/repo-ecore-all/data/tdegueul/gemoc-pirover/rover.arduinoml/model/ArduinoML.ecore,false,false,false,"parse: failed to parse modelset/raw-data/repo-ecore-all/data/tdegueul/gemoc-pirover/rover.arduinoml/model/ArduinoML.ecore: unsupported `eType` path `//Project` failed to parse structural features failed to parse class `Board` line 4, column 132 current parser state: | `` | `  </eClassifiers>` parsing failed"
modelset/raw-data/repo-ecore-all/data/tdegueul/gemoc-pirover/rover.raspirover/model/RasPiRover.ecore,false,false,false,"parse: failed to parse modelset/raw-data/repo-ecore-all/data/tdegueul/gemoc-pirover/rover.raspirover/model/RasPiRover.ecore: unsupported `eType` path `//DigitalPin` failed to parse structural features failed to parse class `RasPiBoard` line 4, column 130 current parser state: | `` | `    <eStructuralFeatures xsi:type=""ecore:EReference"" name=""analogPins"" upperBound=""-1"" eType=""//AnalogPin"" containment=""true""/>` parsing failed"
modelset/raw-data/repo-ecore-all/data/tdegueul/gemoc-pirover/rover.rcl/model/RCL.ecore,false,false,false,"parse: failed to parse modelset/raw-data/repo-ecore-all/data/tdegueul/gemoc-pirover/rover.rcl/model/RCL.ecore: unsupported `eType` path `//RoverValue` failed to parse class operation failed to parse class `RoverProgram` line 4, column 53 current parser state: | `` | `      <eAnnotations source=""aspect""/>` parsing failed"
modelset/raw-data/repo-ecore-all/data/tdegueul/gemoc-pirover/rover.units/model/Units.ecore,false,false,false,"parse: failed to parse modelset/raw-data/repo-ecore-all/data/tdegueul/gemoc-pirover/rover.units/model/Units.ecore: expected tag `>` failed to parse operation annotation failed to parse class operation failed to parse class `Unit` line 10, column 36 current parser state: | `/>` | `      <eType xsi:type=""ecore:EDataType"" href=""http://www.eclipse.org/emf/2002/Ecore#//EString""/>` parsing failed"
modelset/raw-data/repo-ecore-all/data/tdegueul/k3sle-example-fsm/fr.inria.diverse.k3.sle.examples.fsm.metamodel/model/FSM.ecore,false,false,false,"parse: failed to parse modelset/raw-data/repo-ecore-all/data/tdegueul/k3sle-example-fsm/fr.inria.diverse.k3.sle.examples.fsm.metamodel/model/FSM.ecore: unsupported `eType` path `//State` failed to parse structural features failed to parse class `FSM` line 4, column 154 current parser state: | `` | `    <eStructuralFeatures xsi:type=""ecore:EReference"" name=""initialState"" lowerBound=""1"" eType=""//State""/>` parsing failed"
modelset/raw-data/repo-ecore-all/data/tdegueul/k3sle-examples/fr.inria.diverse.k3.sle.examples.logo.metamodel/model/Logo.ecore,false,false,false,"parse: failed to parse modelset/raw-data/repo-ecore-all/data/tdegueul/k3sle-examples/fr.inria.diverse.k3.sle.examples.logo.metamodel/model/Logo.ecore: unsupported `eType` path `//Instruction` failed to parse structural features failed to parse class `LogoProgram` line 4, column 132 current parser state: | `` | `  </eClassifiers>` parsing failed"
modelset/raw-data/repo-ecore-all/data/tdegueul/k3sle-examples/fr.inria.diverse.k3.sle.examples.timedfsm.metamodel/model/TimedFSM.ecore,false,false,false,"parse: failed to parse modelset/raw-data/repo-ecore-all/data/tdegueul/k3sle-examples/fr.inria.diverse.k3.sle.examples.timedfsm.metamodel/model/TimedFSM.ecore: unsupported `eType` path `//State` failed to parse structural features failed to parse class `FSM` line 4, column 154 current parser state: | `` | `    <eStructuralFeatures xsi:type=""ecore:EReference"" name=""initialState"" lowerBound=""1"" eType=""//State""/>` parsing failed"
modelset/raw-data/repo-ecore-all/data/tdegueul/modelanimation/multidimensional_trace_management/tests/fr.inria.diverse.trace.metamodel.generator.test/model_expected/activitydiagramtracemm.ecore,false,false,false,"parse: failed to parse modelset/raw-data/repo-ecore-all/data/tdegueul/modelanimation/multidimensional_trace_management/tests/fr.inria.diverse.trace.metamodel.generator.test/model_expected/activitydiagramtracemm.ecore: unsupported `eType` path `ecore:EClass ../model_inputs/activitydiagram.ecore#//BooleanBinaryExpression` failed to parse structural features failed to parse class `StaticObjectsPools` line 60, column 29 current parser state: | `` | `    <eStructuralFeatures xsi:type=""ecore:EReference"" name=""pool_StringValues"" upperBound=""-1""` parsing failed"
modelset/raw-data/repo-ecore-all/data/tdegueul/modelanimation/multidimensional_trace_management/tests/fr.inria.diverse.trace.metamodel.generator.test/model_expected/model2tracemm.ecore,false,false,false,"parse: failed to parse modelset/raw-data/repo-ecore-all/data/tdegueul/modelanimation/multidimensional_trace_management/tests/fr.inria.diverse.trace.metamodel.generator.test/model_expected/model2tracemm.ecore: unsupported `eType` path `ecore:EClass ../model_inputs/model2.ecore#//F` failed to parse structural features failed to parse class `StaticObjectsPools` line 26, column 83 current parser state: | `` | `  </eClassifiers>` parsing failed"
modelset/raw-data/repo-ecore-all/data/tdegueul/modelanimation/multidimensional_trace_management/tests/fr.inria.diverse.trace.metamodel.generator.test/model_expected/petrinettracemm.ecore,false,false,false,"parse: failed to parse modelset/raw-data/repo-ecore-all/data/tdegueul/modelanimation/multidimensional_trace_management/tests/fr.inria.diverse.trace.metamodel.generator.test/model_expected/petrinettracemm.ecore: unsupported `eType` path `ecore:EClass ../model_inputs/petrinet.ecore#//Transition` failed to parse structural features failed to parse class `StaticObjectsPools` line 22, column 94 current parser state: | `` | `    <eStructuralFeatures xsi:type=""ecore:EReference"" name=""pool_Nets"" upperBound=""-1""` parsing failed"
modelset/raw-data/repo-ecore-all/data/tdegueul/modelanimation/multidimensional_trace_management/tests/fr.inria.diverse.trace.plaink3.tracematerialextractor.test/inputs/TfsmExtended.ecore,false,false,false,"parse: failed to parse modelset/raw-data/repo-ecore-all/data/tdegueul/modelanimation/multidimensional_trace_management/tests/fr.inria.diverse.trace.plaink3.tracematerialextractor.test/inputs/TfsmExtended.ecore: expected tag `>` failed to parse operation annotation failed to parse class operation failed to parse class `TFSM` line 6, column 36 current parser state: | `/>` | `    </eOperations>` parsing failed"
modelset/raw-data/repo-ecore-all/data/tdegueul/modelanimation/multidimensional_trace_management/tests/fr.inria.diverse.trace.plugin.generator.test/inputs/tfsm.ecore,false,false,false,"parse: failed to parse modelset/raw-data/repo-ecore-all/data/tdegueul/modelanimation/multidimensional_trace_management/tests/fr.inria.diverse.trace.plugin.generator.test/inputs/tfsm.ecore: expected tag `>` failed to parse operation annotation failed to parse class operation failed to parse class `TFSM` line 5, column 36 current parser state: | `/>` | `    </eOperations>` parsing failed"
modelset/raw-data/repo-ecore-all/data/tdegueul/modelanimation/multidimensional_trace_management/tests/fr.inria.diverse.tracemm.xmof.slicer.test/modelSlice.ecore,false,false,false,"parse: failed to parse modelset/raw-data/repo-ecore-all/data/tdegueul/modelanimation/multidimensional_trace_management/tests/fr.inria.diverse.tracemm.xmof.slicer.test/modelSlice.ecore: unexpected content at package level line 2, column 1 current parser state: | `<xmi:XMI xmi:version=""2.0"" xmlns:xmi=""http://www.omg.org/XMI"" xmlns:xsi=""http://www.w3.org/2001/XMLSchema-instance"" xmlns:ecore=""http://www.eclipse.org/emf/2002/Ecore"">` | `  <ecore:EPackage name=""umlTrace"" nsURI=""umlTrace"" nsPrefix=""umlTrace"">` parsing failed"
modelset/raw-data/repo-ecore-all/data/tdegueul/modelanimation/multidimensional_trace_management/tests/fr.inria.diverse.tracemm.xmof.statesbuilder.test/model_inputs/ad/activitydiagramtracemm.ecore,false,false,false,"parse: failed to parse modelset/raw-data/repo-ecore-all/data/tdegueul/modelanimation/multidimensional_trace_management/tests/fr.inria.diverse.tracemm.xmof.statesbuilder.test/model_inputs/ad/activitydiagramtracemm.ecore: unsupported `eType` path `ecore:EClass activitydiagram.ecore#//BooleanValue` failed to parse structural features failed to parse class `StaticObjectsPools` line 60, column 29 current parser state: | `` | `    <eStructuralFeatures xsi:type=""ecore:EReference"" name=""pool_IntegerComparisonExpressions""` parsing failed"
modelset/raw-data/repo-ecore-all/data/tdegueul/revisitor-alacarte/abc/L1/model/L1.ecore,true,true,true,
modelset/raw-data/repo-ecore-all/data/tdegueul/revisitor-alacarte/abc/L2/model/L2.ecore,true,true,true,
modelset/raw-data/repo-ecore-all/data/tdegueul/revisitor-alacarte/envfsm/BasicFsmEnv/model/BasicFsm.ecore,false,false,false,"parse: failed to parse modelset/raw-data/repo-ecore-all/data/tdegueul/revisitor-alacarte/envfsm/BasicFsmEnv/model/BasicFsm.ecore: unknown builtit class URL `http://www.eclipse.org/emf/2002/Ecore#//EJavaObject` failed to parse structural features failed to parse class `VarDecl` line 34, column 144 current parser state: | `` | `  </eClassifiers>` parsing failed"
modelset/raw-data/repo-ecore-all/data/tdegueul/revisitor-alacarte/envfsm/BoolExpEnv/model/BoolExp.ecore,true,true,true,
modelset/raw-data/repo-ecore-all/data/tdegueul/revisitor-alacarte/envfsm/SimpleALEnv/model/SimpleAL.ecore,true,true,true,
modelset/raw-data/repo-ecore-all/data/tdegueul/revisitor-alacarte/modules/BasicFsm/model/BasicFsm.ecore,true,true,true,
modelset/raw-data/repo-ecore-all/data/tdegueul/revisitor-alacarte/modules/BoolExp/model/BoolExp.ecore,true,true,true,
modelset/raw-data/repo-ecore-all/data/templarad/iArch/jp.ac.kyushu.iarch.archdsl/model/generated/ArchDSL.ecore,true,true,true,
modelset/raw-data/repo-ecore-all/data/templarad/iArch/jp.ac.kyushu.iarch.model/model/Behavior.ecore,true,true,true,
modelset/raw-data/repo-ecore-all/data/templarad/iArch/jp.ac.kyushu.iarch.model/model/umlClass.ecore,true,false,false,"generate: [INFO  arachne] Starting code generation [INFO  arachne_codegen] Validating configuration [INFO  arachne_codegen] Parsing ecore metamodel: ""modelset/raw-data/repo-ecore-all/data/templarad/iArch/jp.ac.kyushu.iarch.model/model/umlClass.ecore"" [WARN  ecore_rs::parser::raw] `eOpposite` attributes are currently not supported, ignoring [WARN  ecore_rs::parser::raw] `eOpposite` attributes are currently not supported, ignoring [WARN  ecore_rs::parser::raw] `eOpposite` attributes are currently not supported, ignoring [WARN  ecore_rs::parser::raw] `eOpposite` attributes are currently not supported, ignoring [WARN  ecore_rs::parser::raw] `eOpposite` attributes are currently not supported, ignoring [WARN  ecore_rs::parser::raw] `eOpposite` attributes are currently not supported, ignoring [WARN  ecore_rs::parser::raw] `eOpposite` attributes are currently not supported, ignoring [WARN  ecore_rs::parser::raw] `eOpposite` attributes are currently not supported, ignoring [WARN  ecore_rs::parser::raw] `eOpposite` attributes are currently not supported, ignoring [WARN  ecore_rs::parser::raw] `eOpposite` attributes are currently not supported, ignoring [WARN  ecore_rs::parser::raw] `eOpposite` attributes are currently not supported, ignoring [WARN  ecore_rs::parser::raw] `eOpposite` attributes are currently not supported, ignoring [WARN  ecore_rs::parser::raw] `eOpposite` attributes are currently not supported, ignoring [WARN  ecore_rs::parser::raw] `eOpposite` attributes are currently not supported, ignoring [WARN  ecore_rs::parser::raw] `eOpposite` attributes are currently not supported, ignoring [WARN  ecore_rs::parser::raw] `eOpposite` attributes are currently not supported, ignoring [WARN  ecore_rs::parser::raw] `eOpposite` attributes are currently not supported, ignoring [WARN  ecore_rs::parser::raw] `eOpposite` attributes are currently not supported, ignoring [WARN  ecore_rs::parser::raw] `eOpposite` attributes are currently not supported, ignoring [WARN  ecore_rs::parser::raw] `eOpposite` attributes are currently not supported, ignoring [INFO  arachne_codegen] Generating Rust tokens [INFO  arachne_codegen] Generating classifiers...  thread 'main' (858184) panicked at arachne-codegen/src/codegen/feature/attribute.rs:65:37: Failed to parse type: String note: run with `RUST_BACKTRACE=1` environment variable to display a backtrace"
modelset/raw-data/repo-ecore-all/data/teodorov/ClockRDL/crd-language/model/ClockRDL.ecore,false,false,false,"parse: failed to parse modelset/raw-data/repo-ecore-all/data/teodorov/ClockRDL/crd-language/model/ClockRDL.ecore: unexpected content at package level line 2, column 1 current parser state: | `<xmi:XMI xmi:version=""2.0"" xmlns:xmi=""http://www.omg.org/XMI"" xmlns:xsi=""http://www.w3.org/2001/XMLSchema-instance""` | `    xmlns:ecore=""http://www.eclipse.org/emf/2002/Ecore"">` parsing failed"
modelset/raw-data/repo-ecore-all/data/teropa/stem/org.eclipse.stem.analysis.automaticexperiment/model/automaticexperiment.ecore,false,false,false,"parse: failed to parse modelset/raw-data/repo-ecore-all/data/teropa/stem/org.eclipse.stem.analysis.automaticexperiment/model/automaticexperiment.ecore: unsupported `eType` path `ecore:EClass ../../org.eclipse.stem.core/model/scenario.ecore#//Scenario` failed to parse structural features failed to parse class `AutomaticExperiment` line 8, column 91 current parser state: | `` | `    <eStructuralFeatures xsi:type=""ecore:EReference"" name=""parameters"" lowerBound=""1""` parsing failed"
modelset/raw-data/repo-ecore-all/data/teropa/stem/org.eclipse.stem.core/model/common.ecore,false,false,false,"parse: failed to parse modelset/raw-data/repo-ecore-all/data/teropa/stem/org.eclipse.stem.core/model/common.ecore: unexpected class content failed to parse class `Identifiable` line 38, column 5 current parser state: | `<eGenericSuperTypes eClassifier=""#//Comparable"">` | `      <eTypeArguments eClassifier=""#//Identifiable""/>` parsing failed"
modelset/raw-data/repo-ecore-all/data/teropa/stem/org.eclipse.stem.core/model/graph.ecore,false,false,false,"parse: failed to parse modelset/raw-data/repo-ecore-all/data/teropa/stem/org.eclipse.stem.core/model/graph.ecore: unsupported `eType` path `ecore:EClass model.ecore#//Decorator` failed to parse structural features failed to parse class `DynamicLabel` line 14, column 61 current parser state: | `` | `  </eClassifiers>` parsing failed"
modelset/raw-data/repo-ecore-all/data/teropa/stem/org.eclipse.stem.core/model/model.ecore,false,false,false,"parse: failed to parse modelset/raw-data/repo-ecore-all/data/teropa/stem/org.eclipse.stem.core/model/model.ecore: unknown builtit class URL `platform:/plugin/org.eclipse.emf.ecore/model/Ecore.ecore#//EBoolean` failed to parse class operation failed to parse class `Decorator` line 7, column 131 current parser state: | `` | `      <eParameters name=""time"" eType=""#//STEMTime""/>` parsing failed"
modelset/raw-data/repo-ecore-all/data/teropa/stem/org.eclipse.stem.core/model/trigger.ecore,false,false,false,"parse: failed to parse modelset/raw-data/repo-ecore-all/data/teropa/stem/org.eclipse.stem.core/model/trigger.ecore: unsupported `eType` path `ecore:EClass predicate.ecore#//Predicate` failed to parse structural features failed to parse class `Trigger` line 7, column 121 current parser state: | `` | `    <eStructuralFeatures xsi:type=""ecore:EReference"" name=""action"" eType=""ecore:EClass model.ecore#//Decorator""/>` parsing failed"
modelset/raw-data/repo-ecore-all/data/teropa/stem/org.eclipse.stem.definitions/model/edges.ecore,false,false,false,"parse: failed to parse modelset/raw-data/repo-ecore-all/data/teropa/stem/org.eclipse.stem.definitions/model/edges.ecore: unsupported `eType` path `../../org.eclipse.stem.core/model/graph.ecore#//EdgeLabel` line 7, column 140 current parser state: | `` | `  <eClassifiers xsi:type=""ecore:EClass"" name=""MigrationEdgeLabelValue"" eSuperTypes=""../../org.eclipse.stem.core/model/graph.ecore#//LabelValue"">` parsing failed"
modelset/raw-data/repo-ecore-all/data/teropa/stem/org.eclipse.stem.diseasemodels/model/standard.ecore,false,false,false,"parse: failed to parse modelset/raw-data/repo-ecore-all/data/teropa/stem/org.eclipse.stem.diseasemodels/model/standard.ecore: unknown builtit class URL `platform:/plugin/org.eclipse.emf.ecore/model/Ecore.ecore#//EDouble` failed to parse class operation failed to parse class `DiseaseModel` line 24, column 147 current parser state: | `` | `      <eParameters name=""timeDelta"" eType=""ecore:EDataType platform:/plugin/org.eclipse.emf.ecore/model/Ecore.ecore#//ELong""/>` parsing failed"
modelset/raw-data/repo-ecore-all/data/teropa/stem/org.eclipse.stem.diseasemodels.example/model/example.ecore,false,false,false,"parse: failed to parse modelset/raw-data/repo-ecore-all/data/teropa/stem/org.eclipse.stem.diseasemodels.example/model/example.ecore: unknown builtit class URL `platform:/plugin/org.eclipse.emf.ecore/model/Ecore.ecore#//EDouble` failed to parse structural features failed to parse class `ExampleDiseaseModel` line 9, column 36 current parser state: | `` | `    <eStructuralFeatures xsi:type=""ecore:EAttribute"" name=""modulationPeriod"" eType=""ecore:EDataType http://www.eclipse.org/emf/2002/Ecore#//EDouble""` parsing failed"
modelset/raw-data/repo-ecore-all/data/teropa/stem/org.eclipse.stem.diseasemodels.experimental/model/experimental.ecore,false,false,false,"parse: failed to parse modelset/raw-data/repo-ecore-all/data/teropa/stem/org.eclipse.stem.diseasemodels.experimental/model/experimental.ecore: unsupported `eType` path `../../org.eclipse.stem.diseasemodels/model/standard.ecore#//StochasticSEIRDiseaseModel` line 6, column 174 current parser state: | `` | `</ecore:EPackage>` parsing failed"
modelset/raw-data/repo-ecore-all/data/teropa/stem/org.eclipse.stem.diseasemodels.forcing/model/forcing.ecore,false,false,false,"parse: failed to parse modelset/raw-data/repo-ecore-all/data/teropa/stem/org.eclipse.stem.diseasemodels.forcing/model/forcing.ecore: unknown builtit class URL `platform:/plugin/org.eclipse.emf.ecore/model/Ecore.ecore#//EDouble` failed to parse structural features failed to parse class `ForcingDiseaseModel` line 9, column 36 current parser state: | `` | `    <eStructuralFeatures xsi:type=""ecore:EAttribute"" name=""modulationPeriod"" eType=""ecore:EDataType http://www.eclipse.org/emf/2002/Ecore#//EDouble""` parsing failed"
modelset/raw-data/repo-ecore-all/data/teropa/stem/org.eclipse.stem.diseasemodels.multipopulation/model/multipopulation.ecore,false,false,false,"parse: failed to parse modelset/raw-data/repo-ecore-all/data/teropa/stem/org.eclipse.stem.diseasemodels.multipopulation/model/multipopulation.ecore: unsupported `eType` path `ecore:EClass ../../org.eclipse.stem.core/model/common.ecore#//StringValueList` failed to parse structural features failed to parse class `MultiPopulationSIDiseaseModel` line 9, column 29 current parser state: | `` | `    <eStructuralFeatures xsi:type=""ecore:EReference"" name=""transmissionRate"" lowerBound=""1""` parsing failed"
modelset/raw-data/repo-ecore-all/data/teropa/stem/org.eclipse.stem.graphgenerators/model/graphgenerators.ecore,false,false,false,"parse: failed to parse modelset/raw-data/repo-ecore-all/data/teropa/stem/org.eclipse.stem.graphgenerators/model/graphgenerators.ecore: unsupported `eType` path `ecore:EClass ../../org.eclipse.stem.core/model/graph.ecore#//Graph` failed to parse class operation failed to parse class `GraphGenerator` line 7, column 110 current parser state: | `` | `  </eClassifiers>` parsing failed"
modelset/raw-data/repo-ecore-all/data/teropa/stem/org.eclipse.stem.internal.data/model/generatedplugin.ecore,false,false,false,"parse: failed to parse modelset/raw-data/repo-ecore-all/data/teropa/stem/org.eclipse.stem.internal.data/model/generatedplugin.ecore: unknown builtit class URL `http://www.eclipse.org/emf/2003/XMLType#//String` failed to parse structural features failed to parse class `DublinCore` line 12, column 82 current parser state: | `` | `      <eAnnotations source=""http:///org/eclipse/emf/ecore/util/ExtendedMetaData"">` parsing failed"
modelset/raw-data/repo-ecore-all/data/teropa/stem/org.eclipse.stem.populationmodels/model/standard.ecore,false,false,false,"parse: failed to parse modelset/raw-data/repo-ecore-all/data/teropa/stem/org.eclipse.stem.populationmodels/model/standard.ecore: unknown builtit class URL `platform:/plugin/org.eclipse.emf.ecore/model/Ecore.ecore#//EString` failed to parse structural features failed to parse class `PopulationModel` line 8, column 38 current parser state: | `` | `    <eStructuralFeatures xsi:type=""ecore:EAttribute"" name=""name"" eType=""ecore:EDataType platform:/plugin/org.eclipse.emf.ecore/model/Ecore.ecore#//EString""` parsing failed"
modelset/raw-data/repo-ecore-all/data/teropa/stem/org.eclipse.stem.solvers.fd/model/fd.ecore,false,false,false,"parse: failed to parse modelset/raw-data/repo-ecore-all/data/teropa/stem/org.eclipse.stem.solvers.fd/model/fd.ecore: unsupported `eType` path `../../org.eclipse.stem.core/model/solver.ecore#//Solver` line 6, column 136 current parser state: | `` | `</ecore:EPackage>` parsing failed"
modelset/raw-data/repo-ecore-all/data/teropa/stem/org.eclipse.stem.solvers.rk/model/rk.ecore,false,false,false,"parse: failed to parse modelset/raw-data/repo-ecore-all/data/teropa/stem/org.eclipse.stem.solvers.rk/model/rk.ecore: unknown builtit class URL `platform:/plugin/org.eclipse.emf.ecore/model/Ecore.ecore#//EDouble` failed to parse structural features failed to parse class `RungeKutta` line 8, column 37 current parser state: | `` | `  </eClassifiers>` parsing failed"
modelset/raw-data/repo-ecore-all/data/teropa/stem/org.eclipse.stem.tests.util/model/decorators.ecore,false,false,false,"parse: failed to parse modelset/raw-data/repo-ecore-all/data/teropa/stem/org.eclipse.stem.tests.util/model/decorators.ecore: unsupported `eType` path `../../org.eclipse.stem.core/model/model.ecore#//EdgeDecorator` line 10, column 18 current parser state: | `` | `  <eClassifiers xsi:type=""ecore:EClass"" name=""TestGraphDecorator1"" eSuperTypes=""../../org.eclipse.stem.core/model/model.ecore#//GraphDecorator""/>` parsing failed"
modelset/raw-data/repo-ecore-all/data/teropa/stem/org.eclipse.stem.tests.util/model/labels.ecore,false,false,false,"parse: failed to parse modelset/raw-data/repo-ecore-all/data/teropa/stem/org.eclipse.stem.tests.util/model/labels.ecore: unsupported `eType` path `../../org.eclipse.stem.core/model/graph.ecore#//DynamicEdgeLabel` line 8, column 18 current parser state: | `` | `  <eClassifiers xsi:type=""ecore:EClass"" name=""TestDynamicLabel1"" eSuperTypes=""../../org.eclipse.stem.core/model/graph.ecore#//DynamicLabel"">` parsing failed"
modelset/raw-data/repo-ecore-all/data/teropa/stem/org.eclipse.stem.transport/model/transport.ecore,false,false,false,"parse: failed to parse modelset/raw-data/repo-ecore-all/data/teropa/stem/org.eclipse.stem.transport/model/transport.ecore: unsupported `eType` path `../../org.eclipse.stem.definitions/model/edges.ecore#//MigrationEdge` line 9, column 18 current parser state: | `` | `  <eClassifiers xsi:type=""ecore:EClass"" name=""LoadUnloadEdgeLabel"" eSuperTypes=""../../org.eclipse.stem.definitions/model/edges.ecore#//MigrationEdgeLabel ../../org.eclipse.stem.core/model/graph.ecore#//DynamicLabel"">` parsing failed"
modelset/raw-data/repo-ecore-all/data/tetrabox/examples-behavioral-interface/languages/activitydiagram/org.gemoc.activitydiagram.sequential/model-gen/XActivityDiagramMT.ecore,false,false,false,"parse: failed to parse modelset/raw-data/repo-ecore-all/data/tetrabox/examples-behavioral-interface/languages/activitydiagram/org.gemoc.activitydiagram.sequential/model-gen/XActivityDiagramMT.ecore: expected tag `>` failed to parse operation annotation failed to parse class operation failed to parse class `NamedElement` line 5, column 36 current parser state: | `/>` | `    </eOperations>` parsing failed"
modelset/raw-data/repo-ecore-all/data/tetrabox/examples-behavioral-interface/languages/activitydiagram/org.gemoc.activitydiagram.sequential.model/ad/activitydiagram.ecore,true,true,true,
modelset/raw-data/repo-ecore-all/data/tetrabox/examples-behavioral-interface/languages/activitydiagram/org.gemoc.activitydiagram.sequential.xactivitydiagram/model/XActivityDiagram.ecore,false,false,false,"parse: failed to parse modelset/raw-data/repo-ecore-all/data/tetrabox/examples-behavioral-interface/languages/activitydiagram/org.gemoc.activitydiagram.sequential.xactivitydiagram/model/XActivityDiagram.ecore: expected tag `>` failed to parse operation annotation failed to parse class operation failed to parse class `NamedElement` line 5, column 36 current parser state: | `/>` | `    </eOperations>` parsing failed"
modelset/raw-data/repo-ecore-all/data/tetrabox/examples-behavioral-interface/languages/arduino/org.gemoc.arduino.sequential/model-gen/XArduinoMT.ecore,false,false,false,"parse: failed to parse modelset/raw-data/repo-ecore-all/data/tetrabox/examples-behavioral-interface/languages/arduino/org.gemoc.arduino.sequential/model-gen/XArduinoMT.ecore: Missing attribute `eType` in structural feature `name` failed to parse structural features failed to parse class `NamedElement` line 4, column 66 current parser state: | `` | `      <eType xsi:type=""ecore:EDataType"" href=""http://www.eclipse.org/emf/2002/Ecore#//EString""/>` parsing failed"
modelset/raw-data/repo-ecore-all/data/tetrabox/examples-behavioral-interface/languages/arduino/org.gemoc.arduino.sequential.model/model/arduino.ecore,false,false,false,"parse: failed to parse modelset/raw-data/repo-ecore-all/data/tetrabox/examples-behavioral-interface/languages/arduino/org.gemoc.arduino.sequential.model/model/arduino.ecore: Missing attribute `eType` in structural feature `name` failed to parse structural features failed to parse class `NamedElement` line 4, column 66 current parser state: | `` | `      <eType xsi:type=""ecore:EDataType"" href=""http://www.eclipse.org/emf/2002/Ecore#//EString""/>` parsing failed"
modelset/raw-data/repo-ecore-all/data/tetrabox/examples-behavioral-interface/languages/arduino/org.gemoc.arduino.sequential.xarduino/model/XArduino.ecore,false,false,false,"parse: failed to parse modelset/raw-data/repo-ecore-all/data/tetrabox/examples-behavioral-interface/languages/arduino/org.gemoc.arduino.sequential.xarduino/model/XArduino.ecore: Missing attribute `eType` in structural feature `name` failed to parse structural features failed to parse class `NamedElement` line 4, column 66 current parser state: | `` | `      <eType xsi:type=""ecore:EDataType"" href=""http://www.eclipse.org/emf/2002/Ecore#//EString""/>` parsing failed"
modelset/raw-data/repo-ecore-all/data/tetrabox/examples-behavioral-interface/languages/petrinet/org.tetrabox.examples.petrinet/model/petrinet.ecore,false,false,false,"parse: failed to parse modelset/raw-data/repo-ecore-all/data/tetrabox/examples-behavioral-interface/languages/petrinet/org.tetrabox.examples.petrinet/model/petrinet.ecore: expected tag `>` failed to parse structural feature annotation failed to parse structural features failed to parse class `Place` line 14, column 36 current parser state: | `/>` | `    </eStructuralFeatures>` parsing failed"
modelset/raw-data/repo-ecore-all/data/tetrabox/examples-behavioral-interface/languages/statemachines/org.tetrabox.examples.statemachines.abstractsyntax/model/statemachines.ecore,false,false,false,"parse: failed to parse modelset/raw-data/repo-ecore-all/data/tetrabox/examples-behavioral-interface/languages/statemachines/org.tetrabox.examples.statemachines.abstractsyntax/model/statemachines.ecore: unsupported `eType` path `//StateMachine` failed to parse structural features failed to parse class `CustomSystem` line 4, column 132 current parser state: | `` | `    <eStructuralFeatures xsi:type=""ecore:EReference"" name=""signals"" upperBound=""-1"" eType=""//Signal"" containment=""true""/>` parsing failed"
modelset/raw-data/repo-ecore-all/data/tetrabox/examples-behavioral-interface/languages/statemachines/org.tetrabox.examples.statemachines.interpretedstatemachines/model/InterpretedStateMachines.ecore,false,false,false,"parse: failed to parse modelset/raw-data/repo-ecore-all/data/tetrabox/examples-behavioral-interface/languages/statemachines/org.tetrabox.examples.statemachines.interpretedstatemachines/model/InterpretedStateMachines.ecore: unsupported `eType` path `//StateMachine` failed to parse structural features failed to parse class `CustomSystem` line 4, column 132 current parser state: | `` | `    <eStructuralFeatures xsi:type=""ecore:EReference"" name=""signals"" upperBound=""-1"" eType=""//Signal"" containment=""true""/>` parsing failed"
modelset/raw-data/repo-ecore-all/data/tetrabox/examples-behavioral-interface/languages/statemachines/org.tetrabox.examples.statemachines.melange/model-gen/InterpretedStateMachinesMT.ecore,false,false,false,"parse: failed to parse modelset/raw-data/repo-ecore-all/data/tetrabox/examples-behavioral-interface/languages/statemachines/org.tetrabox.examples.statemachines.melange/model-gen/InterpretedStateMachinesMT.ecore: unsupported `eType` path `//StateMachine` failed to parse structural features failed to parse class `CustomSystem` line 4, column 132 current parser state: | `` | `    <eStructuralFeatures xsi:type=""ecore:EReference"" name=""signals"" upperBound=""-1"" eType=""//Signal"" containment=""true""/>` parsing failed"
modelset/raw-data/repo-ecore-all/data/tetrabox/minijava/plugins/org.tetrabox.minijava.xminijava/model/XMiniJava.ecore,false,false,false,"parse: failed to parse modelset/raw-data/repo-ecore-all/data/tetrabox/minijava/plugins/org.tetrabox.minijava.xminijava/model/XMiniJava.ecore: expected tag `>` failed to parse operation annotation failed to parse class operation failed to parse class `Program` line 5, column 36 current parser state: | `/>` | `    </eOperations>` parsing failed"
modelset/raw-data/repo-ecore-all/data/tetrabox/minijava/plugins/org.tetrabox.minijava.xtext/model/generated/MiniJava.ecore,false,false,false,"parse: failed to parse modelset/raw-data/repo-ecore-all/data/tetrabox/minijava/plugins/org.tetrabox.minijava.xtext/model/generated/MiniJava.ecore: Missing attribute `eType` in structural feature `name` failed to parse structural features failed to parse class `Program` line 4, column 66 current parser state: | `` | `      <eType xsi:type=""ecore:EDataType"" href=""http://www.eclipse.org/emf/2002/Ecore#//EString""/>` parsing failed"
modelset/raw-data/repo-ecore-all/data/tetrabox/minitl/plugins/org.tetrabox.example.minitl.model/examples/output.ecore,true,true,true,
modelset/raw-data/repo-ecore-all/data/tetrabox/statemachines/plugins/org.tetrabox.examples.statemachines.abstractsyntax/model/statemachines.ecore,false,false,false,"parse: failed to parse modelset/raw-data/repo-ecore-all/data/tetrabox/statemachines/plugins/org.tetrabox.examples.statemachines.abstractsyntax/model/statemachines.ecore: unsupported `eType` path `//almostuml/StateMachine` failed to parse structural features failed to parse class `CustomSystem` line 4, column 142 current parser state: | `` | `    <eStructuralFeatures xsi:type=""ecore:EReference"" name=""events"" upperBound=""-1"" eType=""//CustomEvent"" containment=""true""/>` parsing failed"
modelset/raw-data/repo-ecore-all/data/tetrabox/statemachines/plugins/org.tetrabox.examples.statemachines.executiondata/model/statemachinesexecutiondata.ecore,false,false,false,"parse: failed to parse modelset/raw-data/repo-ecore-all/data/tetrabox/statemachines/plugins/org.tetrabox.examples.statemachines.executiondata/model/statemachinesexecutiondata.ecore: Missing attribute `eType` in structural feature `event` failed to parse structural features failed to parse class `EventOccurrence` line 4, column 82 current parser state: | `` | `      <eType xsi:type=""ecore:EClass"" href=""../../org.tetrabox.examples.statemachines.abstractsyntax/model/statemachines.ecore#//CustomEvent""/>` parsing failed"
modelset/raw-data/repo-ecore-all/data/tetrabox/statemachines/plugins/org.tetrabox.examples.statemachines.interpretedstatemachines/model/InterpretedStateMachines.ecore,false,false,false,"parse: failed to parse modelset/raw-data/repo-ecore-all/data/tetrabox/statemachines/plugins/org.tetrabox.examples.statemachines.interpretedstatemachines/model/InterpretedStateMachines.ecore: expected tag `>` failed to parse operation annotation failed to parse class operation failed to parse class `CustomSystem` line 5, column 36 current parser state: | `/>` | `      <eParameters name=""args"" upperBound=""-1"">` parsing failed"
modelset/raw-data/repo-ecore-all/data/tetrabox/statemachines/plugins/org.tetrabox.examples.statemachines.melange/model-gen/InterpretedStateMachinesMT.ecore,false,false,false,"parse: failed to parse modelset/raw-data/repo-ecore-all/data/tetrabox/statemachines/plugins/org.tetrabox.examples.statemachines.melange/model-gen/InterpretedStateMachinesMT.ecore: expected tag `>` failed to parse operation annotation failed to parse class operation failed to parse class `CustomSystem` line 5, column 36 current parser state: | `/>` | `      <eParameters name=""args"" upperBound=""-1"">` parsing failed"
modelset/raw-data/repo-ecore-all/data/tfisher1226/ARIES/bookshop2/bookshop2-shipper/bookshop2-shipper-service/src/main/resources/model/sgiusa/infosgi.ecore,false,false,false,"parse: failed to parse modelset/raw-data/repo-ecore-all/data/tfisher1226/ARIES/bookshop2/bookshop2-shipper/bookshop2-shipper-service/src/main/resources/model/sgiusa/infosgi.ecore: unexpected content at package level line 2, column 1 current parser state: | `<xmi:XMI xmi:version=""2.0""` | `    xmlns:xmi=""http://www.omg.org/XMI"" xmlns:xsi=""http://www.w3.org/2001/XMLSchema-instance""` parsing failed"
modelset/raw-data/repo-ecore-all/data/tgfranck/archifiguredelegates/com.archimatetool.model/model/archimate.ecore,false,false,false,"parse: failed to parse modelset/raw-data/repo-ecore-all/data/tgfranck/archifiguredelegates/com.archimatetool.model/model/archimate.ecore: unexpected `eClassifiers` attribute `serializable` line 5, column 27 current parser state: | `/>` | `  <eClassifiers xsi:type=""ecore:EClass"" name=""Adapter"" abstract=""true"" interface=""true"">` parsing failed"
modelset/raw-data/repo-ecore-all/data/thalissonoliveira/fixonto/caracteristica/model/caracteristica.ecore,false,false,false,"parse: failed to parse modelset/raw-data/repo-ecore-all/data/thalissonoliveira/fixonto/caracteristica/model/caracteristica.ecore: unknown builtit class URL `http://www.eclipse.org/emf/2002/Ecore#//EBooleanObject` failed to parse structural features failed to parse class `LPS` line 32, column 162 current parser state: | `` | `    <eStructuralFeatures xsi:type=""ecore:EAttribute"" name=""nome"" eType=""ecore:EDataType http://www.eclipse.org/emf/2002/Ecore#//EString""/>` parsing failed"
modelset/raw-data/repo-ecore-all/data/thalissonoliveira/fixonto/tags/STABLE_VERSION_19_01/caracteristica/model/caracteristica.ecore,false,false,false,"parse: failed to parse modelset/raw-data/repo-ecore-all/data/thalissonoliveira/fixonto/tags/STABLE_VERSION_19_01/caracteristica/model/caracteristica.ecore: unknown builtit class URL `http://www.eclipse.org/emf/2002/Ecore#//EBooleanObject` failed to parse structural features failed to parse class `LPS` line 30, column 162 current parser state: | `` | `    <eStructuralFeatures xsi:type=""ecore:EAttribute"" name=""nome"" eType=""ecore:EDataType http://www.eclipse.org/emf/2002/Ecore#//EString""/>` parsing failed"
modelset/raw-data/repo-ecore-all/data/thalissonoliveira/fixturecfm/caracteristica/model/caracteristica.ecore,false,false,false,"parse: failed to parse modelset/raw-data/repo-ecore-all/data/thalissonoliveira/fixturecfm/caracteristica/model/caracteristica.ecore: unknown builtit class URL `http://www.eclipse.org/emf/2002/Ecore#//EIntegerObject` failed to parse structural features failed to parse class `VariacaoDois` line 96, column 89 current parser state: | `` | `    <eStructuralFeatures xsi:type=""ecore:EAttribute"" name=""cardinalidadeMaximaOr""` parsing failed"
modelset/raw-data/repo-ecore-all/data/thallgren/recore/model/Ecore.ecore,false,false,false,"parse: failed to parse modelset/raw-data/repo-ecore-all/data/thallgren/recore/model/Ecore.ecore: unexpected content at package level line 2, column 1 current parser state: | `<EPackage xmlns:xmi=""http://www.omg.org/XMI"" xmlns:xsi=""http://www.w3.org/2001/XMLSchema-instance""` | `    xmlns=""http://www.eclipse.org/emf/2002/Ecore"" name=""ecore"" nsURI=""http://www.eclipse.org/emf/2002/Ecore"" nsPrefix=""ecore"">` parsing failed"
modelset/raw-data/repo-ecore-all/data/thesnapdragon/msc-thesis/code/hu.bme.mit.plcspec.testsuitegenerator/src/hu/bme/mit/plcspec/testsuitegenerator/testing/testSuite.ecore,true,true,true,
modelset/raw-data/repo-ecore-all/data/thm-mni-ii/JooMDD/de.thm.icampus.joomdd.ejsl.parent/de.thm.icampus.joomdd.ejsl/constraints/EJSL.ecore,true,true,true,
modelset/raw-data/repo-ecore-all/data/threadedblue/fhir-emf/gen/main/java/org/w3/_1999/xhtml/impl/xhtml.ecore,false,false,false,"parse: failed to parse modelset/raw-data/repo-ecore-all/data/threadedblue/fhir-emf/gen/main/java/org/w3/_1999/xhtml/impl/xhtml.ecore: unknown builtit class URL `http://www.eclipse.org/emf/2003/XMLType#//NMTOKENS` failed to parse structural features failed to parse class `AbbrType` line 12, column 142 current parser state: | `` | `      <eAnnotations source=""http:///org/eclipse/emf/ecore/util/ExtendedMetaData"">` parsing failed"
modelset/raw-data/repo-ecore-all/data/threadedblue/sds4emf/model/test.ecore,false,false,false,"parse: failed to parse modelset/raw-data/repo-ecore-all/data/threadedblue/sds4emf/model/test.ecore: unsupported `eType` path `ecore:EClass http://www.eclipse.org/emf/2002/Ecore#//EObject` failed to parse structural features failed to parse class `CClass` line 20, column 142 current parser state: | `` | `  </eClassifiers>` parsing failed"
modelset/raw-data/repo-ecore-all/data/tiagojrg/BX-Tools-CaseStudies/CaseStudies/A2B/echo/files/B.ecore,true,true,true,
modelset/raw-data/repo-ecore-all/data/tiagojrg/BX-Tools-CaseStudies/CaseStudies/A2Batt/echo/files/B.ecore,true,true,true,
modelset/raw-data/repo-ecore-all/data/tienguyen9/TDT4250_assignment1/model/tDT4250_asssignment1_2.ecore,true,false,false,"generate: [INFO  arachne] Starting code generation [INFO  arachne_codegen] Validating configuration [INFO  arachne_codegen] Parsing ecore metamodel: ""modelset/raw-data/repo-ecore-all/data/tienguyen9/TDT4250_assignment1/model/tDT4250_asssignment1_2.ecore"" [INFO  arachne_codegen] Generating Rust tokens [INFO  arachne_codegen] Generating classifiers...  thread 'main' (859899) panicked at arachne-codegen/src/codegen/feature/attribute.rs:65:37: Failed to parse type: Program_credits note: run with `RUST_BACKTRACE=1` environment variable to display a backtrace"
modelset/raw-data/repo-ecore-all/data/tienguyen9/TDT4250_assignment3/TDT4250_asssignment1_2/model/tDT4250_asssignment1_2.ecore,true,false,false,"generate: [INFO  arachne] Starting code generation [INFO  arachne_codegen] Validating configuration [INFO  arachne_codegen] Parsing ecore metamodel: ""modelset/raw-data/repo-ecore-all/data/tienguyen9/TDT4250_assignment3/TDT4250_asssignment1_2/model/tDT4250_asssignment1_2.ecore"" [INFO  arachne_codegen] Generating Rust tokens [INFO  arachne_codegen] Generating classifiers...  thread 'main' (859905) panicked at arachne-codegen/src/codegen/feature/attribute.rs:65:37: Failed to parse type: Program_credits note: run with `RUST_BACKTRACE=1` environment variable to display a backtrace"
modelset/raw-data/repo-ecore-all/data/timeraider4u/kefax/workspace/at.jku.weiner.xtexttest/model/generated/XtextTest.ecore,true,true,true,
modelset/raw-data/repo-ecore-all/data/timeraider4u/softwaretraces/io.github.timeraider4u.softwaretraces/model/SoftwareTraces.ecore,true,true,true,
modelset/raw-data/repo-ecore-all/data/timmychan97/TDT4250-delivery/assignment1/model/studyPlan.ecore,false,false,false,"parse: failed to parse modelset/raw-data/repo-ecore-all/data/timmychan97/TDT4250-delivery/assignment1/model/studyPlan.ecore: expected tag `""` parsing a value for xml attribute `name` failed to parse class literal failed to parse class `SeasonEnum` line 90, column 25 current parser state: | `r"" literal=""Vår""/>` | `    <eLiterals name=""Høst"" value=""1"" literal=""Høst""/>` parsing failed"
modelset/raw-data/repo-ecore-all/data/titouanc/softarch/assignment4/FamiliesToPerson/ExtendedFamilies.ecore,true,true,true,
modelset/raw-data/repo-ecore-all/data/titouanc/softarch/assignment4/FamiliesToPerson/Families.ecore,true,true,true,
modelset/raw-data/repo-ecore-all/data/tiziasan/MDE/it.univaq.disim.mde.matchingplugin/Model/family.ecore,true,true,true,
modelset/raw-data/repo-ecore-all/data/tobiasf670/MBSE/dk.dtu.compute.mbse.petrinet/model/petrinet.ecore,true,true,true,
modelset/raw-data/repo-ecore-all/data/tobiasg28/Uni-Zeugs-TSD/swa-lab2-generator/bin/metamodel/metamodel.ecore,false,false,false,"parse: failed to parse modelset/raw-data/repo-ecore-all/data/tobiasg28/Uni-Zeugs-TSD/swa-lab2-generator/bin/metamodel/metamodel.ecore: unknown builtit class URL `http://www.eclipse.org/emf/2002/Ecore#//EBooleanObject` failed to parse structural features failed to parse class `HibernateAnnotation` line 28, column 148 current parser state: | `` | `    <eStructuralFeatures xsi:type=""ecore:EAttribute"" name=""cascade"" eType=""#//HibernateCascadeTypes""/>` parsing failed"
modelset/raw-data/repo-ecore-all/data/tobiashoppe/stammbaum/de.familytree.model/model/familytree.ecore,false,false,false,"parse: failed to parse modelset/raw-data/repo-ecore-all/data/tobiashoppe/stammbaum/de.familytree.model/model/familytree.ecore: unknown builtit class URL `http://www.eclipse.org/emf/2002/Ecore#//EDate` failed to parse structural features failed to parse class `Person` line 13, column 143 current parser state: | `` | `    <eStructuralFeatures xsi:type=""ecore:EAttribute"" name=""nameOfBirth"" eType=""ecore:EDataType http://www.eclipse.org/emf/2002/Ecore#//EString""/>` parsing failed"
modelset/raw-data/repo-ecore-all/data/tobmayr/ame_lab/examples/petrinet/language_workbench/org.modelexecution.xmof.examples.petrinet/model/petrinet.ecore,false,false,false,"parse: failed to parse modelset/raw-data/repo-ecore-all/data/tobmayr/ame_lab/examples/petrinet/language_workbench/org.modelexecution.xmof.examples.petrinet/model/petrinet.ecore: unsupported `eType` path `//Place` failed to parse structural features failed to parse class `Net` line 4, column 120 current parser state: | `` | `    <eStructuralFeatures xsi:type=""ecore:EReference"" name=""transitions"" upperBound=""-1"" eType=""//Transition"" containment=""true""/>` parsing failed"
modelset/raw-data/repo-ecore-all/data/tobmayr/ame_lab/examples/petrinet2/language_workbench/org.modelexecution.xmof.examples.petrinet2/model/petrinet2.ecore,true,true,true,
modelset/raw-data/repo-ecore-all/data/tolland/chefclipse/libs/emfjson/examples/org.eclipselabs.emfjson.example/model/library.ecore,false,false,false,"parse: failed to parse modelset/raw-data/repo-ecore-all/data/tolland/chefclipse/libs/emfjson/examples/org.eclipselabs.emfjson.example/model/library.ecore: unknown builtit class URL `http://www.eclipse.org/emf/2002/Ecore#//EDate` failed to parse structural features failed to parse class `Item` line 12, column 140 current parser state: | `` | `  </eClassifiers>` parsing failed"
modelset/raw-data/repo-ecore-all/data/tolland/chefclipse/libs/emfjson/tests/org.eclipselabs.emfjson.junit/model/model.ecore,false,false,false,"parse: failed to parse modelset/raw-data/repo-ecore-all/data/tolland/chefclipse/libs/emfjson/tests/org.eclipselabs.emfjson.junit/model/model.ecore: unknown builtit class URL `http://www.eclipse.org/emf/2002/Ecore#//EDate` failed to parse structural features failed to parse class `User` line 11, column 142 current parser state: | `` | `    <eStructuralFeatures xsi:type=""ecore:EAttribute"" name=""sex"" eType=""#//Sex""/>` parsing failed"
modelset/raw-data/repo-ecore-all/data/tolland/chefclipse/org.limepepper.chefclipse/model/ExtendedPO2.ecore,true,false,false,"generate: [INFO  arachne] Starting code generation [INFO  arachne_codegen] Validating configuration [INFO  arachne_codegen] Parsing ecore metamodel: ""modelset/raw-data/repo-ecore-all/data/tolland/chefclipse/org.limepepper.chefclipse/model/ExtendedPO2.ecore"" [WARN  ecore_rs::parser::raw] `eOpposite` attributes are currently not supported, ignoring [WARN  ecore_rs::parser::raw] `eOpposite` attributes are currently not supported, ignoring [WARN  ecore_rs::parser::raw] `eOpposite` attributes are currently not supported, ignoring [WARN  ecore_rs::parser::raw] XML-level class literal redefinition for `literal` from `2` to `` [WARN  ecore_rs::parser::raw] `eOpposite` attributes are currently not supported, ignoring [INFO  arachne_codegen] Generating Rust tokens [INFO  arachne_codegen] Generating classifiers...  thread 'main' (861226) panicked at arachne-codegen/src/codegen/feature/attribute.rs:65:37: Failed to parse type: Date note: run with `RUST_BACKTRACE=1` environment variable to display a backtrace"
modelset/raw-data/repo-ecore-all/data/tomirio619/DES-robot-3/robot.ev3/model/generated/Dsl.ecore,true,true,true,
modelset/raw-data/repo-ecore-all/data/tommyettinger/kobold/kobold.parent/kobold/model/generated/Kobold.ecore,true,true,true,
modelset/raw-data/repo-ecore-all/data/tonlongphuoc/DSL4Wearable/iotwearable.model/model/iotw.ecore,true,false,false,"generate: [INFO  arachne] Starting code generation [INFO  arachne_codegen] Validating configuration [INFO  arachne_codegen] Parsing ecore metamodel: ""modelset/raw-data/repo-ecore-all/data/tonlongphuoc/DSL4Wearable/iotwearable.model/model/iotw.ecore"" [WARN  ecore_rs::parser::raw] `eOpposite` attributes are currently not supported, ignoring [WARN  ecore_rs::parser::raw] `eOpposite` attributes are currently not supported, ignoring [WARN  ecore_rs::parser::raw] `eOpposite` attributes are currently not supported, ignoring [WARN  ecore_rs::parser::raw] `eOpposite` attributes are currently not supported, ignoring [WARN  ecore_rs::parser::raw] `eOpposite` attributes are currently not supported, ignoring [WARN  ecore_rs::parser::raw] `eOpposite` attributes are currently not supported, ignoring [WARN  ecore_rs::parser::raw] `eOpposite` attributes are currently not supported, ignoring [WARN  ecore_rs::parser::raw] `eOpposite` attributes are currently not supported, ignoring [WARN  ecore_rs::parser::raw] XML-level class literal redefinition for `literal` from `1` to `Manhattan` [INFO  arachne_codegen] Generating Rust tokens [INFO  arachne_codegen] Generating classifiers...  thread 'main' (861549) panicked at arachne-codegen/src/codegen/feature/attribute.rs:65:37: Failed to parse type: Rectangle note: run with `RUST_BACKTRACE=1` environment variable to display a backtrace"
modelset/raw-data/repo-ecore-all/data/traysa/ITU_SMDP/Lab01/Workspace/dk.itu.smdp.lab01/family.ecore,true,true,true,
modelset/raw-data/repo-ecore-all/data/tsahom/dsl_cours/statemachine/model/statemachine.ecore,true,true,true,
modelset/raw-data/repo-ecore-all/data/tsimec/lab1_me_ws2016/model/statesml.ecore,true,true,true,
modelset/raw-data/repo-ecore-all/data/tsogtoo/Lab08/Dasgal5a/model/Library.ecore,true,true,true,
modelset/raw-data/repo-ecore-all/data/tub-aset/daf/dafcore/src/main/emf/de/jpwinkler/daf/doors/Doors.ecore,false,false,false,"parse: failed to parse modelset/raw-data/repo-ecore-all/data/tub-aset/daf/dafcore/src/main/emf/de/jpwinkler/daf/doors/Doors.ecore: unexpected operation attribute `eExceptions` failed to parse class operation failed to parse class `DoorsLink` line 65, column 102 current parser state: | `/>` | `        <eOperations name=""resolve"" eType=""#//DoorsObject"" eExceptions=""#//DoorsLinkResolveException"">` parsing failed"
modelset/raw-data/repo-ecore-all/data/tue-mdse/ocl-dataset/dataset/repos/CoWolf/CoWolf/de.uni_stuttgart.iste.cowolf.model.component_diagram/model/component_diagram.ecore,false,false,false,"parse: failed to parse modelset/raw-data/repo-ecore-all/data/tue-mdse/ocl-dataset/dataset/repos/CoWolf/CoWolf/de.uni_stuttgart.iste.cowolf.model.component_diagram/model/component_diagram.ecore: unsupported `eType` path `../../de.uni_stuttgart.iste.cowolf.model/model/CommonBase.ecore#//IDBase` line 19, column 18 current parser state: | `` | `  <eClassifiers xsi:type=""ecore:EClass"" name=""Connector"" eSuperTypes=""../../de.uni_stuttgart.iste.cowolf.model/model/CommonBase.ecore#//IDBase"">` parsing failed"
modelset/raw-data/repo-ecore-all/data/tue-mdse/ocl-dataset/dataset/repos/CoWolf/CoWolf/de.uni_stuttgart.iste.cowolf.model.ctmc/model/CTMC.ecore,false,false,false,"parse: failed to parse modelset/raw-data/repo-ecore-all/data/tue-mdse/ocl-dataset/dataset/repos/CoWolf/CoWolf/de.uni_stuttgart.iste.cowolf.model.ctmc/model/CTMC.ecore: unsupported `eType` path `../../de.uni_stuttgart.iste.cowolf.model/model/CommonBase.ecore#//IDBase` line 25, column 18 current parser state: | `` | `  <eClassifiers xsi:type=""ecore:EClass"" name=""State"" eSuperTypes=""../../de.uni_stuttgart.iste.cowolf.model/model/CommonBase.ecore#//IDBase"">` parsing failed"
modelset/raw-data/repo-ecore-all/data/tue-mdse/ocl-dataset/dataset/repos/CoWolf/CoWolf/de.uni_stuttgart.iste.cowolf.model.dtmc/model/DTMC.ecore,false,false,false,"parse: failed to parse modelset/raw-data/repo-ecore-all/data/tue-mdse/ocl-dataset/dataset/repos/CoWolf/CoWolf/de.uni_stuttgart.iste.cowolf.model.dtmc/model/DTMC.ecore: unsupported `eType` path `../../de.uni_stuttgart.iste.cowolf.model/model/CommonBase.ecore#//IDBase` line 25, column 18 current parser state: | `` | `  <eClassifiers xsi:type=""ecore:EClass"" name=""State"" eSuperTypes=""../../de.uni_stuttgart.iste.cowolf.model/model/CommonBase.ecore#//IDBase"">` parsing failed"
modelset/raw-data/repo-ecore-all/data/tue-mdse/ocl-dataset/dataset/repos/CoWolf/CoWolf/de.uni_stuttgart.iste.cowolf.model.fault_tree/model/FaultTree.ecore,false,false,false,"parse: failed to parse modelset/raw-data/repo-ecore-all/data/tue-mdse/ocl-dataset/dataset/repos/CoWolf/CoWolf/de.uni_stuttgart.iste.cowolf.model.fault_tree/model/FaultTree.ecore: unsupported `eType` path `../../de.uni_stuttgart.iste.cowolf.model/model/CommonBase.ecore#//IDBase` line 43, column 18 current parser state: | `` | `  <eClassifiers xsi:type=""ecore:EClass"" name=""Event"" abstract=""true"" eSuperTypes=""../../de.uni_stuttgart.iste.cowolf.model/model/CommonBase.ecore#//IDBase"">` parsing failed"
modelset/raw-data/repo-ecore-all/data/tue-mdse/ocl-dataset/dataset/repos/DECENTSoftwareAssessment/DECENT.Meta/model/Traces.ecore,false,false,false,"parse: failed to parse modelset/raw-data/repo-ecore-all/data/tue-mdse/ocl-dataset/dataset/repos/DECENTSoftwareAssessment/DECENT.Meta/model/Traces.ecore: unsupported `eType` path `ecore:EClass http://www.eclipse.org/emf/2002/Ecore#//EObject` failed to parse structural features failed to parse class `Trace` line 10, column 79 current parser state: | `` | `    <eStructuralFeatures xsi:type=""ecore:EReference"" name=""target"" lowerBound=""1""` parsing failed"
modelset/raw-data/repo-ecore-all/data/tue-mdse/ocl-dataset/dataset/repos/DavidZaf/Lab3/ATL_DEMO_WS16/metamodels/Book.ecore,false,false,false,"parse: failed to parse modelset/raw-data/repo-ecore-all/data/tue-mdse/ocl-dataset/dataset/repos/DavidZaf/Lab3/ATL_DEMO_WS16/metamodels/Book.ecore: unsupported `eType` path `ecore:EClass http://www.eclipse.org/emf/2002/Ecore#//EObject` failed to parse structural features failed to parse class `Book` line 11, column 143 current parser state: | `` | `  </eClassifiers>` parsing failed"
modelset/raw-data/repo-ecore-all/data/tue-mdse/ocl-dataset/dataset/repos/FH-SE-Master/Model-Driven-Engineering/Übung 2/at.fh-hagenberg.swml.solution/model/solution_ohne_ocl.ecore,true,true,true,
modelset/raw-data/repo-ecore-all/data/tue-mdse/ocl-dataset/dataset/repos/FURCAS-dev/FURCAS/DSLEngineering/com.sap.furcas.test/featureFixtures/NestedPackageLookUp.ecore,false,false,false,"parse: failed to parse modelset/raw-data/repo-ecore-all/data/tue-mdse/ocl-dataset/dataset/repos/FURCAS-dev/FURCAS/DSLEngineering/com.sap.furcas.test/featureFixtures/NestedPackageLookUp.ecore: unexpected package content line 10, column 3 current parser state: | `<eSubpackages name=""nested"" nsURI=""http://www.furcas.org/TCS/featuretests/template/NestedPackageLookUp/nested""` | `      nsPrefix=""nested"">` parsing failed"
modelset/raw-data/repo-ecore-all/data/tue-mdse/ocl-dataset/dataset/repos/FURCAS-dev/FURCAS/DSLEngineering/com.sap.furcas.test/scenarioFixtures/ExpressionAbstract.ecore,true,false,false,"generate: [INFO  arachne] Starting code generation [INFO  arachne_codegen] Validating configuration [INFO  arachne_codegen] Parsing ecore metamodel: ""modelset/raw-data/repo-ecore-all/data/tue-mdse/ocl-dataset/dataset/repos/FURCAS-dev/FURCAS/DSLEngineering/com.sap.furcas.test/scenarioFixtures/ExpressionAbstract.ecore"" [INFO  arachne_codegen] Generating Rust tokens [INFO  arachne_codegen] Generating classifiers...  thread 'main' (862541) panicked at arachne-codegen/src/codegen/feature/attribute.rs:65:37: Failed to parse type: String note: run with `RUST_BACKTRACE=1` environment variable to display a backtrace"
modelset/raw-data/repo-ecore-all/data/tue-mdse/ocl-dataset/dataset/repos/FURCAS-dev/FURCAS/DSLEngineering/com.sap.furcas.test/scenarioFixtures/ExpressionWithSynthesizedAttributes.ecore,true,true,true,
modelset/raw-data/repo-ecore-all/data/tue-mdse/ocl-dataset/dataset/repos/FURCAS-dev/FURCAS/DSLEngineering/com.sap.furcas.test/scenarioFixtures/XPathReduced.ecore,false,false,false,"parse: failed to parse modelset/raw-data/repo-ecore-all/data/tue-mdse/ocl-dataset/dataset/repos/FURCAS-dev/FURCAS/DSLEngineering/com.sap.furcas.test/scenarioFixtures/XPathReduced.ecore: unknown builtit class URL `XPath.ecore#//String` failed to parse structural features failed to parse class `LocatedElement` line 8, column 70 current parser state: | `` | `    <eStructuralFeatures xsi:type=""ecore:EAttribute"" name=""commentsBefore"" unique=""false""` parsing failed"
modelset/raw-data/repo-ecore-all/data/tue-mdse/ocl-dataset/dataset/repos/FURCAS-dev/FURCAS/EMFEnhancements/de.hpi.sam.petriNet/model/petriNet.ecore,true,true,true,
modelset/raw-data/repo-ecore-all/data/tue-mdse/ocl-dataset/dataset/repos/Gabitchov/org.eclipse.papyrus/extraplugins/robotml/org.eclipse.papyrus.robotml/model/ecore.ecore,false,false,false,"parse: failed to parse modelset/raw-data/repo-ecore-all/data/tue-mdse/ocl-dataset/dataset/repos/Gabitchov/org.eclipse.papyrus/extraplugins/robotml/org.eclipse.papyrus.robotml/model/ecore.ecore: unexpected class content failed to parse class `EEList` line 406, column 5 current parser state: | `<eTypeParameters name=""E""/>` | `  </eClassifiers>` parsing failed"
modelset/raw-data/repo-ecore-all/data/tue-mdse/ocl-dataset/dataset/repos/Gabitchov/org.eclipse.papyrus/tests/junit/plugins/customization/org.eclipse.papyrus.customization.properties.tests/resources/Sample.ecore,true,true,true,
modelset/raw-data/repo-ecore-all/data/tue-mdse/ocl-dataset/dataset/repos/MDEGroup/MDEForge/mdeforge/githubmetamodels/ABC.ecore,true,true,true,
modelset/raw-data/repo-ecore-all/data/tue-mdse/ocl-dataset/dataset/repos/MDEGroup/MDEForge/mdeforge/githubmetamodels/ACG.ecore,false,false,false,"parse: failed to parse modelset/raw-data/repo-ecore-all/data/tue-mdse/ocl-dataset/dataset/repos/MDEGroup/MDEForge/mdeforge/githubmetamodels/ACG.ecore: unexpected content at package level line 2, column 1 current parser state: | `<xmi:XMI xmi:version=""2.0"" xmlns:xmi=""http://www.omg.org/XMI"" xmlns:xsi=""http://www.w3.org/2001/XMLSchema-instance"" xmlns:ecore=""http://www.eclipse.org/emf/2002/Ecore"">` | `  <ecore:EPackage name=""ACG"" nsURI=""http://www.eclipse.org/m2m/atl/2007/ACG"" nsPrefix=""acg"">` parsing failed"
modelset/raw-data/repo-ecore-all/data/tue-mdse/ocl-dataset/dataset/repos/MDEGroup/MDEForge/mdeforge/githubmetamodels/AML.ecore,false,false,false,"parse: failed to parse modelset/raw-data/repo-ecore-all/data/tue-mdse/ocl-dataset/dataset/repos/MDEGroup/MDEForge/mdeforge/githubmetamodels/AML.ecore: unsupported `eType` path `ecore:EClass http://www.eclipse.org/emf/2002/Ecore#//EObject` failed to parse structural features failed to parse class `AggregationRule` line 15, column 51 current parser state: | `` | `      <eAnnotations source=""http://www.eclipse.org/emf/2002/GenModel"">` parsing failed"
modelset/raw-data/repo-ecore-all/data/tue-mdse/ocl-dataset/dataset/repos/MDEGroup/MDEForge/mdeforge/githubmetamodels/ASMLogo.ecore,false,false,false,"parse: failed to parse modelset/raw-data/repo-ecore-all/data/tue-mdse/ocl-dataset/dataset/repos/MDEGroup/MDEForge/mdeforge/githubmetamodels/ASMLogo.ecore: unexpected package content line 7, column 3 current parser state: | `<eSubpackages name=""ASM"" nsURI=""http://www.kermeta.org/kmLogo/ASM"" nsPrefix=""ASM"">` | `    <eClassifiers xsi:type=""ecore:EClass"" name=""Instruction"" abstract=""true""/>` parsing failed"
modelset/raw-data/repo-ecore-all/data/tue-mdse/ocl-dataset/dataset/repos/MDEGroup/MDEForge/mdeforge/githubmetamodels/AddressBook.ecore,true,true,true,
modelset/raw-data/repo-ecore-all/data/tue-mdse/ocl-dataset/dataset/repos/MDEGroup/MDEForge/mdeforge/githubmetamodels/Altarica.ecore,false,false,false,"parse: failed to parse modelset/raw-data/repo-ecore-all/data/tue-mdse/ocl-dataset/dataset/repos/MDEGroup/MDEForge/mdeforge/githubmetamodels/Altarica.ecore: unsupported `eType` path `ecore:EClass http://www.eclipse.org/emf/2002/Ecore#//EObject` failed to parse structural features failed to parse class `IfThenElse` line 201, column 29 current parser state: | `` | `    <eStructuralFeatures xsi:type=""ecore:EReference"" name=""else"" eType=""ecore:EClass http://www.eclipse.org/emf/2002/Ecore#//EObject""` parsing failed"
modelset/raw-data/repo-ecore-all/data/tue-mdse/ocl-dataset/dataset/repos/MDEGroup/MDEForge/mdeforge/githubmetamodels/ApplauseDsl.ecore,true,true,true,
modelset/raw-data/repo-ecore-all/data/tue-mdse/ocl-dataset/dataset/repos/MDEGroup/MDEForge/mdeforge/githubmetamodels/Arithmetics.ecore,false,false,false,"parse: failed to parse modelset/raw-data/repo-ecore-all/data/tue-mdse/ocl-dataset/dataset/repos/MDEGroup/MDEForge/mdeforge/githubmetamodels/Arithmetics.ecore: unknown builtit class URL `http://www.eclipse.org/emf/2002/Ecore#//EBigDecimal` failed to parse structural features failed to parse class `NumberLiteral` line 56, column 144 current parser state: | `` | `  </eClassifiers>` parsing failed"
modelset/raw-data/repo-ecore-all/data/tue-mdse/ocl-dataset/dataset/repos/MDEGroup/MDEForge/mdeforge/githubmetamodels/BIBTEXML.ecore,false,false,false,"parse: failed to parse modelset/raw-data/repo-ecore-all/data/tue-mdse/ocl-dataset/dataset/repos/MDEGroup/MDEForge/mdeforge/githubmetamodels/BIBTEXML.ecore: unknown builtit class URL `http://www.eclipse.org/emf/2003/XMLType#//String` failed to parse structural features failed to parse class `ArticleType` line 15, column 82 current parser state: | `` | `      <eAnnotations source=""http://www.eclipse.org/emf/2002/GenModel"">` parsing failed"
modelset/raw-data/repo-ecore-all/data/tue-mdse/ocl-dataset/dataset/repos/MDEGroup/MDEForge/mdeforge/githubmetamodels/BPM.ecore,true,true,true,
modelset/raw-data/repo-ecore-all/data/tue-mdse/ocl-dataset/dataset/repos/MDEGroup/MDEForge/mdeforge/githubmetamodels/Before.ecore,true,true,true,
modelset/raw-data/repo-ecore-all/data/tue-mdse/ocl-dataset/dataset/repos/MDEGroup/MDEForge/mdeforge/githubmetamodels/Cal.ecore,false,false,false,"parse: failed to parse modelset/raw-data/repo-ecore-all/data/tue-mdse/ocl-dataset/dataset/repos/MDEGroup/MDEForge/mdeforge/githubmetamodels/Cal.ecore: unsupported `eType` path `ecore:EClass http://www.eclipse.org/emf/2002/Ecore#//EObject` failed to parse structural features failed to parse class `AstNamespace` line 20, column 98 current parser state: | `` | `    <eStructuralFeatures xsi:type=""ecore:EReference"" name=""annotations"" upperBound=""-1""` parsing failed"
modelset/raw-data/repo-ecore-all/data/tue-mdse/ocl-dataset/dataset/repos/MDEGroup/MDEForge/mdeforge/githubmetamodels/CloudML.ecore,false,false,false,"parse: failed to parse modelset/raw-data/repo-ecore-all/data/tue-mdse/ocl-dataset/dataset/repos/MDEGroup/MDEForge/mdeforge/githubmetamodels/CloudML.ecore: unexpected package content line 4, column 3 current parser state: | `<eSubpackages name=""core"" nsURI=""http://cloudml.net/core"" nsPrefix=""net.cloudml.core"">` | `    <eClassifiers xsi:type=""ecore:EClass"" name=""CloudMLElement"" abstract=""true"" interface=""true""/>` parsing failed"
modelset/raw-data/repo-ecore-all/data/tue-mdse/ocl-dataset/dataset/repos/MDEGroup/MDEForge/mdeforge/githubmetamodels/Company.ecore,false,false,false,"parse: failed to parse modelset/raw-data/repo-ecore-all/data/tue-mdse/ocl-dataset/dataset/repos/MDEGroup/MDEForge/mdeforge/githubmetamodels/Company.ecore: unknown builtit class URL `http://www.eclipse.org/emf/2002/Ecore#//EDate` failed to parse structural features failed to parse class `PurchaseOrder` line 51, column 137 current parser state: | `` | `    <eStructuralFeatures xsi:type=""ecore:EReference"" name=""supplier"" lowerBound=""1""` parsing failed"
modelset/raw-data/repo-ecore-all/data/tue-mdse/ocl-dataset/dataset/repos/MDEGroup/MDEForge/mdeforge/githubmetamodels/Copy of library.ecore,false,false,false,"parse: failed to parse modelset/raw-data/repo-ecore-all/data/tue-mdse/ocl-dataset/dataset/repos/MDEGroup/MDEForge/mdeforge/githubmetamodels/Copy of library.ecore: unexpected package attribute `xmi:id` expected one of `name` `nsURI` `nsPrefix` `xmi:version` `xmlns:xmi` `xmlns:xsi` `xmlns:ecore` line 5, column 5 current parser state: | `name=""library"" nsURI=""platform:/plugin/org.eclipse.emf/js4emf/examples/library/library.ecore""` | `    nsPrefix=""library"">` parsing failed"
modelset/raw-data/repo-ecore-all/data/tue-mdse/ocl-dataset/dataset/repos/MDEGroup/MDEForge/mdeforge/githubmetamodels/Courses.ecore,true,true,true,
modelset/raw-data/repo-ecore-all/data/tue-mdse/ocl-dataset/dataset/repos/MDEGroup/MDEForge/mdeforge/githubmetamodels/DB.ecore,false,false,false,"parse: failed to parse modelset/raw-data/repo-ecore-all/data/tue-mdse/ocl-dataset/dataset/repos/MDEGroup/MDEForge/mdeforge/githubmetamodels/DB.ecore: unknown builtit class URL `http://www.eclipse.org/emf/2003/XMLType#//String` failed to parse structural features failed to parse class `CriticsReviewType` line 25, column 82 current parser state: | `` | `      <eAnnotations source=""http:///org/eclipse/emf/ecore/util/ExtendedMetaData"">` parsing failed"
modelset/raw-data/repo-ecore-all/data/tue-mdse/ocl-dataset/dataset/repos/MDEGroup/MDEForge/mdeforge/githubmetamodels/DFA.ecore,true,true,true,
modelset/raw-data/repo-ecore-all/data/tue-mdse/ocl-dataset/dataset/repos/MDEGroup/MDEForge/mdeforge/githubmetamodels/DSML.ecore,false,false,false,"parse: failed to parse modelset/raw-data/repo-ecore-all/data/tue-mdse/ocl-dataset/dataset/repos/MDEGroup/MDEForge/mdeforge/githubmetamodels/DSML.ecore: unexpected package content line 4, column 3 current parser state: | `<eSubpackages name=""web"" nsURI=""dsml.web"" nsPrefix=""dsml"">` | `    <eClassifiers xsi:type=""ecore:EClass"" name=""Website"">` parsing failed"
modelset/raw-data/repo-ecore-all/data/tue-mdse/ocl-dataset/dataset/repos/MDEGroup/MDEForge/mdeforge/githubmetamodels/DdlDsl.ecore,true,true,true,
modelset/raw-data/repo-ecore-all/data/tue-mdse/ocl-dataset/dataset/repos/MDEGroup/MDEForge/mdeforge/githubmetamodels/DefaultName.ecore,false,false,false,"parse: failed to parse modelset/raw-data/repo-ecore-all/data/tue-mdse/ocl-dataset/dataset/repos/MDEGroup/MDEForge/mdeforge/githubmetamodels/DefaultName.ecore: unexpected package content line 280, column 3 current parser state: | `<eSubpackages name=""behaviortree"" nsURI=""defaultname"" nsPrefix=""be.behaviortree.model""/>` | `</ecore:EPackage>` parsing failed"
modelset/raw-data/repo-ecore-all/data/tue-mdse/ocl-dataset/dataset/repos/MDEGroup/MDEForge/mdeforge/githubmetamodels/Demo1.ecore,false,false,false,"parse: failed to parse modelset/raw-data/repo-ecore-all/data/tue-mdse/ocl-dataset/dataset/repos/MDEGroup/MDEForge/mdeforge/githubmetamodels/Demo1.ecore: unsupported `eType` path `ecore:EClass http://www.eclipse.org/emf/2002/Ecore#//EObject` failed to parse structural features failed to parse class `Rule` line 18, column 29 current parser state: | `` | `  </eClassifiers>` parsing failed"
modelset/raw-data/repo-ecore-all/data/tue-mdse/ocl-dataset/dataset/repos/MDEGroup/MDEForge/mdeforge/githubmetamodels/DeviceModelingLanguage.ecore,true,true,true,
modelset/raw-data/repo-ecore-all/data/tue-mdse/ocl-dataset/dataset/repos/MDEGroup/MDEForge/mdeforge/githubmetamodels/DiVA.ecore,true,false,false,"generate: [INFO  arachne] Starting code generation [INFO  arachne_codegen] Validating configuration [INFO  arachne_codegen] Parsing ecore metamodel: ""modelset/raw-data/repo-ecore-all/data/tue-mdse/ocl-dataset/dataset/repos/MDEGroup/MDEForge/mdeforge/githubmetamodels/DiVA.ecore"" [WARN  ecore_rs::parser::raw] `eOpposite` attributes are currently not supported, ignoring [WARN  ecore_rs::parser::raw] `eOpposite` attributes are currently not supported, ignoring [WARN  ecore_rs::parser::raw] `eOpposite` attributes are currently not supported, ignoring [WARN  ecore_rs::parser::raw] `eOpposite` attributes are currently not supported, ignoring [INFO  arachne_codegen] Generating Rust tokens [INFO  arachne_codegen] Generating classifiers...  thread 'main' (865789) panicked at arachne-codegen/src/codegen/feature/attribute.rs:65:37: Failed to parse type: String note: run with `RUST_BACKTRACE=1` environment variable to display a backtrace"
modelset/raw-data/repo-ecore-all/data/tue-mdse/ocl-dataset/dataset/repos/MDEGroup/MDEForge/mdeforge/githubmetamodels/DiVA_visitor.ecore,false,false,false,"parse: failed to parse modelset/raw-data/repo-ecore-all/data/tue-mdse/ocl-dataset/dataset/repos/MDEGroup/MDEForge/mdeforge/githubmetamodels/DiVA_visitor.ecore: unexpected operation content failed to parse class operation failed to parse class `VariabilityModel` line 15, column 7 current parser state: | `<eGenericType eTypeParameter=""#//VariabilityModel/accept/R""/>` | `      <eTypeParameters name=""C""/>` parsing failed"
modelset/raw-data/repo-ecore-all/data/tue-mdse/ocl-dataset/dataset/repos/MDEGroup/MDEForge/mdeforge/githubmetamodels/DocBook.ecore,false,false,false,"parse: failed to parse modelset/raw-data/repo-ecore-all/data/tue-mdse/ocl-dataset/dataset/repos/MDEGroup/MDEForge/mdeforge/githubmetamodels/DocBook.ecore: unknown builtit class URL `http://www.eclipse.org/emf/2003/XMLType#//NCName` failed to parse structural features failed to parse class `AddressType` line 28, column 155 current parser state: | `` | `      <eAnnotations source=""http:///org/eclipse/emf/ecore/util/ExtendedMetaData"">` parsing failed"
modelset/raw-data/repo-ecore-all/data/tue-mdse/ocl-dataset/dataset/repos/MDEGroup/MDEForge/mdeforge/githubmetamodels/EcdarText.ecore,false,false,false,"parse: failed to parse modelset/raw-data/repo-ecore-all/data/tue-mdse/ocl-dataset/dataset/repos/MDEGroup/MDEForge/mdeforge/githubmetamodels/EcdarText.ecore: unsupported `eType` path `ecore:EClass http://www.eclipse.org/emf/2002/Ecore#//EObject` failed to parse structural features failed to parse class `ETReference` line 451, column 138 current parser state: | `` | `  </eClassifiers>` parsing failed"
modelset/raw-data/repo-ecore-all/data/tue-mdse/ocl-dataset/dataset/repos/MDEGroup/MDEForge/mdeforge/githubmetamodels/Employee.ecore,true,true,true,
modelset/raw-data/repo-ecore-all/data/tue-mdse/ocl-dataset/dataset/repos/MDEGroup/MDEForge/mdeforge/githubmetamodels/Entity.ecore,false,false,false,"parse: failed to parse modelset/raw-data/repo-ecore-all/data/tue-mdse/ocl-dataset/dataset/repos/MDEGroup/MDEForge/mdeforge/githubmetamodels/Entity.ecore: unknown builtit class URL `http://www.eclipse.org/emf/2002/Ecore#//EBooleanObject` failed to parse structural features failed to parse class `Entity` line 12, column 150 current parser state: | `` | `    <eStructuralFeatures xsi:type=""ecore:EReference"" name=""relationships"" upperBound=""-1""` parsing failed"
modelset/raw-data/repo-ecore-all/data/tue-mdse/ocl-dataset/dataset/repos/MDEGroup/MDEForge/mdeforge/githubmetamodels/ExtendedPO.ecore,true,false,false,"generate: [INFO  arachne] Starting code generation [INFO  arachne_codegen] Validating configuration [INFO  arachne_codegen] Parsing ecore metamodel: ""modelset/raw-data/repo-ecore-all/data/tue-mdse/ocl-dataset/dataset/repos/MDEGroup/MDEForge/mdeforge/githubmetamodels/ExtendedPO.ecore"" [WARN  ecore_rs::parser::raw] `eOpposite` attributes are currently not supported, ignoring [WARN  ecore_rs::parser::raw] `eOpposite` attributes are currently not supported, ignoring [WARN  ecore_rs::parser::raw] `eOpposite` attributes are currently not supported, ignoring [WARN  ecore_rs::parser::raw] `eOpposite` attributes are currently not supported, ignoring [INFO  arachne_codegen] Generating Rust tokens [INFO  arachne_codegen] Generating classifiers...  thread 'main' (866080) panicked at arachne-codegen/src/codegen/feature/attribute.rs:65:37: Failed to parse type: Date note: run with `RUST_BACKTRACE=1` environment variable to display a backtrace"
modelset/raw-data/repo-ecore-all/data/tue-mdse/ocl-dataset/dataset/repos/MDEGroup/MDEForge/mdeforge/githubmetamodels/ExtendedPO2.ecore,true,false,false,"generate: [INFO  arachne] Starting code generation [INFO  arachne_codegen] Validating configuration [INFO  arachne_codegen] Parsing ecore metamodel: ""modelset/raw-data/repo-ecore-all/data/tue-mdse/ocl-dataset/dataset/repos/MDEGroup/MDEForge/mdeforge/githubmetamodels/ExtendedPO2.ecore"" [WARN  ecore_rs::parser::raw] `eOpposite` attributes are currently not supported, ignoring [WARN  ecore_rs::parser::raw] `eOpposite` attributes are currently not supported, ignoring [WARN  ecore_rs::parser::raw] `eOpposite` attributes are currently not supported, ignoring [WARN  ecore_rs::parser::raw] `eOpposite` attributes are currently not supported, ignoring [INFO  arachne_codegen] Generating Rust tokens [INFO  arachne_codegen] Generating classifiers...  thread 'main' (866086) panicked at arachne-codegen/src/codegen/feature/attribute.rs:65:37: Failed to parse type: Date note: run with `RUST_BACKTRACE=1` environment variable to display a backtrace"
modelset/raw-data/repo-ecore-all/data/tue-mdse/ocl-dataset/dataset/repos/MDEGroup/MDEForge/mdeforge/githubmetamodels/Families.ecore,true,true,true,
modelset/raw-data/repo-ecore-all/data/tue-mdse/ocl-dataset/dataset/repos/MDEGroup/MDEForge/mdeforge/githubmetamodels/Features.ecore,true,true,true,
modelset/raw-data/repo-ecore-all/data/tue-mdse/ocl-dataset/dataset/repos/MDEGroup/MDEForge/mdeforge/githubmetamodels/FlatQVT.ecore,false,false,false,"parse: failed to parse modelset/raw-data/repo-ecore-all/data/tue-mdse/ocl-dataset/dataset/repos/MDEGroup/MDEForge/mdeforge/githubmetamodels/FlatQVT.ecore: unexpected package attribute `xmi:id` expected one of `name` `nsURI` `nsPrefix` `xmi:version` `xmlns:xmi` `xmlns:xsi` `xmlns:ecore` line 2, column 193 current parser state: | `name=""FlatQVT"" nsURI=""http://schema.omg.org/spec/QVT/1.1/flatqvt.xml"" nsPrefix=""flatqvt"">` | `  <eClassifiers xsi:type=""ecore:EClass"" xmi:id=""ImperativeOCL.AltExp"" name=""AltExp"" eSuperTypes=""ImperativeOCL.ImperativeExpression"">` parsing failed"
modelset/raw-data/repo-ecore-all/data/tue-mdse/ocl-dataset/dataset/repos/MDEGroup/MDEForge/mdeforge/githubmetamodels/FlowDesigner.ecore,false,false,false,"parse: failed to parse modelset/raw-data/repo-ecore-all/data/tue-mdse/ocl-dataset/dataset/repos/MDEGroup/MDEForge/mdeforge/githubmetamodels/FlowDesigner.ecore: unexpected structural feature attribute `eKeys` failed to parse structural features failed to parse class `Source` line 28, column 67 current parser state: | `/>` | `  </eClassifiers>` parsing failed"
modelset/raw-data/repo-ecore-all/data/tue-mdse/ocl-dataset/dataset/repos/MDEGroup/MDEForge/mdeforge/githubmetamodels/GSML.ecore,true,true,true,
modelset/raw-data/repo-ecore-all/data/tue-mdse/ocl-dataset/dataset/repos/MDEGroup/MDEForge/mdeforge/githubmetamodels/GWPNV2.ecore,false,false,false,"parse: failed to parse modelset/raw-data/repo-ecore-all/data/tue-mdse/ocl-dataset/dataset/repos/MDEGroup/MDEForge/mdeforge/githubmetamodels/GWPNV2.ecore: unsupported `eType` path `//Net` failed to parse structural features failed to parse class `Place` line 4, column 135 current parser state: | `` | `    <eStructuralFeatures xsi:type=""ecore:EReference"" name=""out"" upperBound=""-1"" eType=""//PTArc"" eOpposite=""//PTArc/src""/>` parsing failed"
modelset/raw-data/repo-ecore-all/data/tue-mdse/ocl-dataset/dataset/repos/MDEGroup/MDEForge/mdeforge/githubmetamodels/GraphVizDot.ecore,true,true,true,
modelset/raw-data/repo-ecore-all/data/tue-mdse/ocl-dataset/dataset/repos/MDEGroup/MDEForge/mdeforge/githubmetamodels/Greetings.ecore,true,true,true,
modelset/raw-data/repo-ecore-all/data/tue-mdse/ocl-dataset/dataset/repos/MDEGroup/MDEForge/mdeforge/githubmetamodels/HSM.ecore,false,false,false,"parse: failed to parse modelset/raw-data/repo-ecore-all/data/tue-mdse/ocl-dataset/dataset/repos/MDEGroup/MDEForge/mdeforge/githubmetamodels/HSM.ecore: unexpected package attribute `xmi:id` expected one of `name` `nsURI` `nsPrefix` `xmi:version` `xmlns:xmi` `xmlns:xsi` `xmlns:ecore` line 3, column 70 current parser state: | `name=""HSM"" nsURI=""HSM"" nsPrefix=""hsm"">` | `  <eClassifiers xsi:type=""ecore:EClass"" name=""StateMachine"">` parsing failed"
modelset/raw-data/repo-ecore-all/data/tue-mdse/ocl-dataset/dataset/repos/MDEGroup/MDEForge/mdeforge/githubmetamodels/HTML.ecore,true,false,false,"generate: [INFO  arachne] Starting code generation [INFO  arachne_codegen] Validating configuration [INFO  arachne_codegen] Parsing ecore metamodel: ""modelset/raw-data/repo-ecore-all/data/tue-mdse/ocl-dataset/dataset/repos/MDEGroup/MDEForge/mdeforge/githubmetamodels/HTML.ecore"" [WARN  ecore_rs::parser::raw] Structural feature `head` sets `ordered` while `upperBound=1`; this has no effect [WARN  ecore_rs::parser::raw] `eOpposite` attributes are currently not supported, ignoring [WARN  ecore_rs::parser::raw] Structural feature `body` sets `ordered` while `upperBound=1`; this has no effect [WARN  ecore_rs::parser::raw] `eOpposite` attributes are currently not supported, ignoring [WARN  ecore_rs::parser::raw] Structural feature `value` sets `ordered` while `upperBound=1`; this has no effect [WARN  ecore_rs::parser::raw] Structural feature `value` sets `unique` while `upperBound=1`; this has no effect [WARN  ecore_rs::parser::raw] `eOpposite` attributes are currently not supported, ignoring [WARN  ecore_rs::parser::raw] Structural feature `parent` sets `ordered` while `upperBound=1`; this has no effect [WARN  ecore_rs::parser::raw] `eOpposite` attributes are currently not supported, ignoring [WARN  ecore_rs::parser::raw] `eOpposite` attributes are currently not supported, ignoring [WARN  ecore_rs::parser::raw] Structural feature `html` sets `ordered` while `upperBound=1`; this has no effect [WARN  ecore_rs::parser::raw] `eOpposite` attributes are currently not supported, ignoring [WARN  ecore_rs::parser::raw] Structural feature `head` sets `ordered` while `upperBound=1`; this has no effect [WARN  ecore_rs::parser::raw] `eOpposite` attributes are currently not supported, ignoring [WARN  ecore_rs::parser::raw] Structural feature `rel` sets `ordered` while `upperBound=1`; this has no effect [WARN  ecore_rs::parser::raw] Structural feature `rel` sets `unique` while `upperBound=1`; this has no effect [WARN  ecore_rs::parser::raw] Structural feature `title` sets `ordered` while `upperBound=1`; this has no effect [WARN  ecore_rs::parser::raw] Structural feature `title` sets `unique` while `upperBound=1`; this has no effect [WARN  ecore_rs::parser::raw] Structural feature `ahref` sets `ordered` while `upperBound=1`; this has no effect [WARN  ecore_rs::parser::raw] Structural feature `ahref` sets `unique` while `upperBound=1`; this has no effect [WARN  ecore_rs::parser::raw] Structural feature `type` sets `ordered` while `upperBound=1`; this has no effect [WARN  ecore_rs::parser::raw] Structural feature `type` sets `unique` while `upperBound=1`; this has no effect [WARN  ecore_rs::parser::raw] Structural feature `background` sets `ordered` while `upperBound=1`; this has no effect [WARN  ecore_rs::parser::raw] Structural feature `background` sets `unique` while `upperBound=1`; this has no effect [WARN  ecore_rs::parser::raw] Structural feature `bgcolor` sets `ordered` while `upperBound=1`; this has no effect [WARN  ecore_rs::parser::raw] Structural feature `bgcolor` sets `unique` while `upperBound=1`; this has no effect [WARN  ecore_rs::parser::raw] Structural feature `text` sets `ordered` while `upperBound=1`; this has no effect [WARN  ecore_rs::parser::raw] Structural feature `text` sets `unique` while `upperBound=1`; this has no effect [WARN  ecore_rs::parser::raw] Structural feature `link` sets `ordered` while `upperBound=1`; this has no effect [WARN  ecore_rs::parser::raw] Structural feature `link` sets `unique` while `upperBound=1`; this has no effect [WARN  ecore_rs::parser::raw] Structural feature `alink` sets `ordered` while `upperBound=1`; this has no effect [WARN  ecore_rs::parser::raw] Structural feature `alink` sets `unique` while `upperBound=1`; this has no effect [WARN  ecore_rs::parser::raw] Structural feature `vlink` sets `ordered` while `upperBound=1`; this has no effect [WARN  ecore_rs::parser::raw] Structural feature `vlink` sets `unique` while `upperBound=1`; this has no effect [WARN  ecore_rs::parser: [output truncated after 4000 chars]"
modelset/raw-data/repo-ecore-all/data/tue-mdse/ocl-dataset/dataset/repos/MDEGroup/MDEForge/mdeforge/githubmetamodels/Hello.ecore,true,true,true,
modelset/raw-data/repo-ecore-all/data/tue-mdse/ocl-dataset/dataset/repos/MDEGroup/MDEForge/mdeforge/githubmetamodels/HelloBuck.ecore,true,true,true,
modelset/raw-data/repo-ecore-all/data/tue-mdse/ocl-dataset/dataset/repos/MDEGroup/MDEForge/mdeforge/githubmetamodels/HelloScoping.ecore,true,true,true,
modelset/raw-data/repo-ecore-all/data/tue-mdse/ocl-dataset/dataset/repos/MDEGroup/MDEForge/mdeforge/githubmetamodels/IOI.ecore,true,true,true,
modelset/raw-data/repo-ecore-all/data/tue-mdse/ocl-dataset/dataset/repos/MDEGroup/MDEForge/mdeforge/githubmetamodels/InternalSM.ecore,false,false,false,"parse: failed to parse modelset/raw-data/repo-ecore-all/data/tue-mdse/ocl-dataset/dataset/repos/MDEGroup/MDEForge/mdeforge/githubmetamodels/InternalSM.ecore: unsupported `eType` path `ecore:EClass CEPMeta.ecore#//Event` failed to parse structural features failed to parse class `State` line 19, column 124 current parser state: | `` | `  </eClassifiers>` parsing failed"
modelset/raw-data/repo-ecore-all/data/tue-mdse/ocl-dataset/dataset/repos/MDEGroup/MDEForge/mdeforge/githubmetamodels/Java.ecore,false,false,false,"parse: failed to parse modelset/raw-data/repo-ecore-all/data/tue-mdse/ocl-dataset/dataset/repos/MDEGroup/MDEForge/mdeforge/githubmetamodels/Java.ecore: unexpected package attribute `xmi:id` expected one of `name` `nsURI` `nsPrefix` `xmi:version` `xmlns:xmi` `xmlns:xsi` `xmlns:ecore` line 5, column 5 current parser state: | `name=""java"" nsURI=""http://www.emftext.org/java"" nsPrefix=""java"">` | `  <eSubpackages xmi:id=""_Wosmsdz1Ed2bJ_pQViWxFg"" name=""annotations"" nsURI=""http://www.emftext.org/java/annotations""` parsing failed"
modelset/raw-data/repo-ecore-all/data/tue-mdse/ocl-dataset/dataset/repos/MDEGroup/MDEForge/mdeforge/githubmetamodels/JavaVMTypes.ecore,false,false,false,"parse: failed to parse modelset/raw-data/repo-ecore-all/data/tue-mdse/ocl-dataset/dataset/repos/MDEGroup/MDEForge/mdeforge/githubmetamodels/JavaVMTypes.ecore: unexpected operation content failed to parse class operation failed to parse class `JvmDeclaredType` line 45, column 7 current parser state: | `<eGenericType eClassifier=""#//Iterable"">` | `        <eTypeArguments eClassifier=""#//JvmOperation""/>` parsing failed"
modelset/raw-data/repo-ecore-all/data/tue-mdse/ocl-dataset/dataset/repos/MDEGroup/MDEForge/mdeforge/githubmetamodels/Junitresult.ecore,false,false,false,"parse: failed to parse modelset/raw-data/repo-ecore-all/data/tue-mdse/ocl-dataset/dataset/repos/MDEGroup/MDEForge/mdeforge/githubmetamodels/Junitresult.ecore: unknown builtit class URL `http://www.eclipse.org/emf/2002/Ecore#//EDate` failed to parse structural features failed to parse class `Testsuite` line 14, column 142 current parser state: | `` | `    <eStructuralFeatures xsi:type=""ecore:EAttribute"" name=""time"" eType=""ecore:EDataType http://www.eclipse.org/emf/2002/Ecore#//EDouble""/>` parsing failed"
modelset/raw-data/repo-ecore-all/data/tue-mdse/ocl-dataset/dataset/repos/MDEGroup/MDEForge/mdeforge/githubmetamodels/L3.ecore,false,false,false,"parse: failed to parse modelset/raw-data/repo-ecore-all/data/tue-mdse/ocl-dataset/dataset/repos/MDEGroup/MDEForge/mdeforge/githubmetamodels/L3.ecore: unsupported `eType` path `ecore:EClass platform:/plugin/org.eclipse.uml2.uml/model/UML.ecore#//Component` failed to parse structural features failed to parse class `BuildComponent` line 10, column 112 current parser state: | `` | `  </eClassifiers>` parsing failed"
modelset/raw-data/repo-ecore-all/data/tue-mdse/ocl-dataset/dataset/repos/MDEGroup/MDEForge/mdeforge/githubmetamodels/LibraryInteractionModel.ecore,false,false,false,"parse: failed to parse modelset/raw-data/repo-ecore-all/data/tue-mdse/ocl-dataset/dataset/repos/MDEGroup/MDEForge/mdeforge/githubmetamodels/LibraryInteractionModel.ecore: unknown builtit class URL `http://www.eclipse.org/emf/2002/Ecore#//EDate` failed to parse structural features failed to parse class `Reservation` line 51, column 135 current parser state: | `` | `    <eStructuralFeatures xsi:type=""ecore:EReference"" name=""client"" lowerBound=""1""` parsing failed"
modelset/raw-data/repo-ecore-all/data/tue-mdse/ocl-dataset/dataset/repos/MDEGroup/MDEForge/mdeforge/githubmetamodels/MTLCST.ecore,false,false,false,"parse: failed to parse modelset/raw-data/repo-ecore-all/data/tue-mdse/ocl-dataset/dataset/repos/MDEGroup/MDEForge/mdeforge/githubmetamodels/MTLCST.ecore: unknown builtit class URL `platform:/plugin/org.eclipse.emf.ecore/model/Ecore.ecore#//EInt` failed to parse structural features failed to parse class `CSTNode` line 7, column 164 current parser state: | `` | `    <eStructuralFeatures xsi:type=""ecore:EAttribute"" name=""endPosition"" eType=""ecore:EDataType platform:/plugin/org.eclipse.emf.ecore/model/Ecore.ecore#//EInt""/>` parsing failed"
modelset/raw-data/repo-ecore-all/data/tue-mdse/ocl-dataset/dataset/repos/MDEGroup/MDEForge/mdeforge/githubmetamodels/MiniJava.ecore,true,false,false,"generate: timeout after 120s: /arachne/target/release/arachne generate modelset/raw-data/repo-ecore-all/data/tue-mdse/ocl-dataset/dataset/repos/MDEGroup/MDEForge/mdeforge/githubmetamodels/MiniJava.ecore -o /var/folders/24/3kt9vzrj6qzd_r760kn9ybsm0000gn/T/arachne-modelset-kd53r1ae/generated-00464 -p modelset-00464-aa1dc6c6 [INFO  arachne] Starting code generation [INFO  arachne_codegen] Validating configuration [INFO  arachne_codegen] Parsing ecore metamodel: ""modelset/raw-data/repo-ecore-all/data/tue-mdse/ocl-dataset/dataset/repos/MDEGroup/MDEForge/mdeforge/githubmetamodels/MiniJava.ecore"" [INFO  arachne_codegen] Generating Rust tokens"
modelset/raw-data/repo-ecore-all/data/tue-mdse/ocl-dataset/dataset/repos/MDEGroup/MDEForge/mdeforge/githubmetamodels/Mitra.ecore,false,false,false,"parse: failed to parse modelset/raw-data/repo-ecore-all/data/tue-mdse/ocl-dataset/dataset/repos/MDEGroup/MDEForge/mdeforge/githubmetamodels/Mitra.ecore: unsupported `eType` path `ecore:EClass http://www.eclipse.org/emf/2002/Ecore#//EClassifier` failed to parse structural features failed to parse class `ReferenceType` line 181, column 147 current parser state: | `` | `  </eClassifiers>` parsing failed"
modelset/raw-data/repo-ecore-all/data/tue-mdse/ocl-dataset/dataset/repos/MDEGroup/MDEForge/mdeforge/githubmetamodels/NHSM.ecore,false,false,false,"parse: failed to parse modelset/raw-data/repo-ecore-all/data/tue-mdse/ocl-dataset/dataset/repos/MDEGroup/MDEForge/mdeforge/githubmetamodels/NHSM.ecore: unexpected package attribute `xmi:id` expected one of `name` `nsURI` `nsPrefix` `xmi:version` `xmlns:xmi` `xmlns:xsi` `xmlns:ecore` line 3, column 71 current parser state: | `name=""NHSM"" nsURI=""NHSM"" nsPrefix=""nhsm"">` | `  <eClassifiers xsi:type=""ecore:EClass"" name=""StateMachine"">` parsing failed"
modelset/raw-data/repo-ecore-all/data/tue-mdse/ocl-dataset/dataset/repos/MDEGroup/MDEForge/mdeforge/githubmetamodels/NQC.ecore,true,false,false,"generate: timeout after 120s: /arachne/target/release/arachne generate modelset/raw-data/repo-ecore-all/data/tue-mdse/ocl-dataset/dataset/repos/MDEGroup/MDEForge/mdeforge/githubmetamodels/NQC.ecore -o /var/folders/24/3kt9vzrj6qzd_r760kn9ybsm0000gn/T/arachne-modelset-kd53r1ae/generated-00467 -p modelset-00467-d3859fb1 [INFO  arachne] Starting code generation [INFO  arachne_codegen] Validating configuration [INFO  arachne_codegen] Parsing ecore metamodel: ""modelset/raw-data/repo-ecore-all/data/tue-mdse/ocl-dataset/dataset/repos/MDEGroup/MDEForge/mdeforge/githubmetamodels/NQC.ecore"" [WARN  ecore_rs::parser::raw] XML-level class literal redefinition for `literal` from `13` to `bitand` [WARN  ecore_rs::parser::raw] XML-level class literal redefinition for `literal` from `14` to `bitor` [WARN  ecore_rs::parser::raw] Structural feature `Name` sets `ordered` while `upperBound=1`; this has no effect [WARN  ecore_rs::parser::raw] Structural feature `Name` sets `unique` while `upperBound=1`; this has no effect [WARN  ecore_rs::parser::raw] Structural feature `Name` sets `ordered` while `upperBound=1`; this has no effect [WARN  ecore_rs::parser::raw] Structural feature `Name` sets `unique` while `upperBound=1`; this has no effect [WARN  ecore_rs::parser::raw] Structural feature `Name` sets `ordered` while `upperBound=1`; this has no effect [WARN  ecore_rs::parser::raw] Structural feature `Name` sets `unique` while `upperBound=1`; this has no effect [WARN  ecore_rs::parser::raw] Structural feature `Name` sets `ordered` while `upperBound=1`; this has no effect [WARN  ecore_rs::parser::raw] Structural feature `Name` sets `unique` while `upperBound=1`; this has no effect [WARN  ecore_rs::parser::raw] Structural feature `Name` sets `ordered` while `upperBound=1`; this has no effect [WARN  ecore_rs::parser::raw] Structural feature `Name` sets `unique` while `upperBound=1`; this has no effect [WARN  ecore_rs::parser::raw] Structural feature `Label` sets `ordered` while `upperBound=1`; this has no effect [WARN  ecore_rs::parser::raw] Structural feature `Label` sets `unique` while `upperBound=1`; this has no effect [WARN  ecore_rs::parser::raw] Structural feature `Label` sets `ordered` while `upperBound=1`; this has no effect [WARN  ecore_rs::parser::raw] Structural feature `Variable` sets `ordered` while `upperBound=1`; this has no effect [WARN  ecore_rs::parser::raw] Structural feature `Expression` sets `ordered` while `upperBound=1`; this has no effect [WARN  ecore_rs::parser::raw] Structural feature `Task` sets `ordered` while `upperBound=1`; this has no effect [WARN  ecore_rs::parser::raw] Structural feature `Task` sets `ordered` while `upperBound=1`; this has no effect [WARN  ecore_rs::parser::raw] Structural feature `Body` sets `ordered` while `upperBound=1`; this has no effect [WARN  ecore_rs::parser::raw] Structural feature `Condition` sets `ordered` while `upperBound=1`; this has no effect [WARN  ecore_rs::parser::raw] Structural feature `Initialization` sets `ordered` while `upperBound=1`; this has no effect [WARN  ecore_rs::parser::raw] Structural feature `Condition` sets `ordered` while `upperBound=1`; this has no effect [WARN  ecore_rs::parser::raw] Structural feature `Update` sets `ordered` while `upperBound=1`; this has no effect [WARN  ecore_rs::parser::raw] Structural feature `JumpLabel` sets `ordered` while `upperBound=1`; this has no effect [WARN  ecore_rs::parser::raw] Structural feature `Condition` sets `ordered` while `upperBound=1`; this has no effect [WARN  ecore_rs::parser::raw] Structural feature `Consequence` sets `ordered` while `upperBound=1`; this has no effect [WARN  ecore_rs::parser::raw] Structural feature `Alternative` sets `ordered` while `upperBound=1`; this has no effect [WARN  ecore_rs::parser::raw] Structural feature `Condition` sets `ordered` while `upperBound=1`; this has no effect [WARN  ecore_rs::parser::raw] Structural feature `Condition` sets `ordered` while `upperBound=1`; this has no effect [WARN  ecore_rs::parser::raw] Structural feature `Body` sets `ordered` while `upperBound=1`; this has no effect [WARN  ecore_rs::parser::raw] Structural feature `IsDefault` sets `ordered` while `upperBound=1`; this has no effect [WARN  ecore_rs::parser::raw] Structural feature `IsDefault` sets `uni [output truncated after 4000 chars]"
modelset/raw-data/repo-ecore-all/data/tue-mdse/ocl-dataset/dataset/repos/MDEGroup/MDEForge/mdeforge/githubmetamodels/OCL.ecore,false,false,false,"parse: failed to parse modelset/raw-data/repo-ecore-all/data/tue-mdse/ocl-dataset/dataset/repos/MDEGroup/MDEForge/mdeforge/githubmetamodels/OCL.ecore: unexpected package content line 4, column 3 current parser state: | `<eSubpackages name=""types"" nsURI=""http://www.eclipse.org/ocl/1.1.0/OCL/Types"" nsPrefix=""ocl.types"">` | `    <eClassifiers xsi:type=""ecore:EClass"" name=""AnyType"">` parsing failed"
modelset/raw-data/repo-ecore-all/data/tue-mdse/ocl-dataset/dataset/repos/MDEGroup/MDEForge/mdeforge/githubmetamodels/OCLCST.ecore,false,false,false,"parse: failed to parse modelset/raw-data/repo-ecore-all/data/tue-mdse/ocl-dataset/dataset/repos/MDEGroup/MDEForge/mdeforge/githubmetamodels/OCLCST.ecore: unexpected package content line 4, column 3 current parser state: | `<eSubpackages name=""cst"" nsURI=""http://www.eclipse.org/ocl/1.1.0/OCL/CST"" nsPrefix=""ocl.cst"">` | `    <eClassifiers xsi:type=""ecore:EClass"" name=""CSTNode"" abstract=""true"">` parsing failed"
modelset/raw-data/repo-ecore-all/data/tue-mdse/ocl-dataset/dataset/repos/MDEGroup/MDEForge/mdeforge/githubmetamodels/OCLStates.ecore,true,true,true,
modelset/raw-data/repo-ecore-all/data/tue-mdse/ocl-dataset/dataset/repos/MDEGroup/MDEForge/mdeforge/githubmetamodels/OO_concept.ecore,true,true,true,
modelset/raw-data/repo-ecore-all/data/tue-mdse/ocl-dataset/dataset/repos/MDEGroup/MDEForge/mdeforge/githubmetamodels/OO_concept_initial.ecore,true,true,true,
modelset/raw-data/repo-ecore-all/data/tue-mdse/ocl-dataset/dataset/repos/MDEGroup/MDEForge/mdeforge/githubmetamodels/PDL1.ecore,true,true,true,
modelset/raw-data/repo-ecore-all/data/tue-mdse/ocl-dataset/dataset/repos/MDEGroup/MDEForge/mdeforge/githubmetamodels/PDL2.ecore,true,true,true,
modelset/raw-data/repo-ecore-all/data/tue-mdse/ocl-dataset/dataset/repos/MDEGroup/MDEForge/mdeforge/githubmetamodels/PP.ecore,true,false,false,"generate: timeout after 120s: /arachne/target/release/arachne generate modelset/raw-data/repo-ecore-all/data/tue-mdse/ocl-dataset/dataset/repos/MDEGroup/MDEForge/mdeforge/githubmetamodels/PP.ecore -o /var/folders/24/3kt9vzrj6qzd_r760kn9ybsm0000gn/T/arachne-modelset-kd53r1ae/generated-00475 -p modelset-00475-782b8cea [INFO  arachne] Starting code generation [INFO  arachne_codegen] Validating configuration [INFO  arachne_codegen] Parsing ecore metamodel: ""modelset/raw-data/repo-ecore-all/data/tue-mdse/ocl-dataset/dataset/repos/MDEGroup/MDEForge/mdeforge/githubmetamodels/PP.ecore"" [INFO  arachne_codegen] Generating Rust tokens"
modelset/raw-data/repo-ecore-all/data/tue-mdse/ocl-dataset/dataset/repos/MDEGroup/MDEForge/mdeforge/githubmetamodels/People.ecore,true,true,true,
modelset/raw-data/repo-ecore-all/data/tue-mdse/ocl-dataset/dataset/repos/MDEGroup/MDEForge/mdeforge/githubmetamodels/People1.ecore,true,true,true,
modelset/raw-data/repo-ecore-all/data/tue-mdse/ocl-dataset/dataset/repos/MDEGroup/MDEForge/mdeforge/githubmetamodels/PetriNets.ecore,true,true,true,
modelset/raw-data/repo-ecore-all/data/tue-mdse/ocl-dataset/dataset/repos/MDEGroup/MDEForge/mdeforge/githubmetamodels/Pivot.ecore,false,false,false,"parse: failed to parse modelset/raw-data/repo-ecore-all/data/tue-mdse/ocl-dataset/dataset/repos/MDEGroup/MDEForge/mdeforge/githubmetamodels/Pivot.ecore: unknown builtit class URL `http://www.eclipse.org/emf/2002/Ecore#//EDiagnosticChain` failed to parse class operation failed to parse class `BooleanLiteralExp` line 143, column 121 current parser state: | `` | `      <eParameters name=""context"">` parsing failed"
modelset/raw-data/repo-ecore-all/data/tue-mdse/ocl-dataset/dataset/repos/MDEGroup/MDEForge/mdeforge/githubmetamodels/PokerLeague.ecore,false,false,false,"parse: failed to parse modelset/raw-data/repo-ecore-all/data/tue-mdse/ocl-dataset/dataset/repos/MDEGroup/MDEForge/mdeforge/githubmetamodels/PokerLeague.ecore: unknown builtit class URL `http://www.eclipse.org/emf/2002/Ecore#//EDate` failed to parse structural features failed to parse class `Competition` line 61, column 142 current parser state: | `` | `    <eStructuralFeatures xsi:type=""ecore:EAttribute"" name=""endDate"" eType=""ecore:EDataType http://www.eclipse.org/emf/2002/Ecore#//EDate""/>` parsing failed"
modelset/raw-data/repo-ecore-all/data/tue-mdse/ocl-dataset/dataset/repos/MDEGroup/MDEForge/mdeforge/githubmetamodels/QVTOperationalCST.ecore,false,false,false,"parse: failed to parse modelset/raw-data/repo-ecore-all/data/tue-mdse/ocl-dataset/dataset/repos/MDEGroup/MDEForge/mdeforge/githubmetamodels/QVTOperationalCST.ecore: unexpected package content line 6, column 3 current parser state: | `<eSubpackages name=""cst"" nsURI=""http://www.eclipse.org/QVT2/1.0.0/Operational/cst""` | `      nsPrefix=""qvtoperational.cst"">` parsing failed"
modelset/raw-data/repo-ecore-all/data/tue-mdse/ocl-dataset/dataset/repos/MDEGroup/MDEForge/mdeforge/githubmetamodels/RDBMSMM.ecore,true,false,false,"generate: [INFO  arachne] Starting code generation [INFO  arachne_codegen] Validating configuration [INFO  arachne_codegen] Parsing ecore metamodel: ""modelset/raw-data/repo-ecore-all/data/tue-mdse/ocl-dataset/dataset/repos/MDEGroup/MDEForge/mdeforge/githubmetamodels/RDBMSMM.ecore"" [INFO  arachne_codegen] Generating Rust tokens [INFO  arachne_codegen] Generating classifiers...  thread 'main' (882110) panicked at arachne-codegen/src/codegen/feature/attribute.rs:65:37: Failed to parse type: String note: run with `RUST_BACKTRACE=1` environment variable to display a backtrace"
modelset/raw-data/repo-ecore-all/data/tue-mdse/ocl-dataset/dataset/repos/MDEGroup/MDEForge/mdeforge/githubmetamodels/RefUML.ecore,false,false,false,"parse: failed to parse modelset/raw-data/repo-ecore-all/data/tue-mdse/ocl-dataset/dataset/repos/MDEGroup/MDEForge/mdeforge/githubmetamodels/RefUML.ecore: expected identifier failed to parse class operation failed to parse class `Element` line 73, column 83 current parser state: | `>` | `        <eAnnotations source=""http://www.eclipse.org/emf/2002/GenModel"">` parsing failed"
modelset/raw-data/repo-ecore-all/data/tue-mdse/ocl-dataset/dataset/repos/MDEGroup/MDEForge/mdeforge/githubmetamodels/Relational.ecore,true,true,true,
modelset/raw-data/repo-ecore-all/data/tue-mdse/ocl-dataset/dataset/repos/MDEGroup/MDEForge/mdeforge/githubmetamodels/RoyalAndLoyal.ecore,false,false,false,"parse: failed to parse modelset/raw-data/repo-ecore-all/data/tue-mdse/ocl-dataset/dataset/repos/MDEGroup/MDEForge/mdeforge/githubmetamodels/RoyalAndLoyal.ecore: unknown builtit class URL `http://www.eclipse.org/emf/2002/Ecore#//EDoubleObject` failed to parse structural features failed to parse class `Transaction` line 35, column 147 current parser state: | `` | `    <eStructuralFeatures xsi:type=""ecore:EAttribute"" name=""points"" eType=""ecore:EDataType http://www.eclipse.org/emf/2002/Ecore#//EIntegerObject""/>` parsing failed"
modelset/raw-data/repo-ecore-all/data/tue-mdse/ocl-dataset/dataset/repos/MDEGroup/MDEForge/mdeforge/githubmetamodels/RunHALL.ecore,false,false,false,"parse: failed to parse modelset/raw-data/repo-ecore-all/data/tue-mdse/ocl-dataset/dataset/repos/MDEGroup/MDEForge/mdeforge/githubmetamodels/RunHALL.ecore: unexpected package content line 92, column 3 current parser state: | `<eSubpackages name=""Geometry"" nsURI=""HALL.Geometry"" nsPrefix=""Geometry"">` | `    <eClassifiers xsi:type=""ecore:EClass"" name=""Color"">` parsing failed"
modelset/raw-data/repo-ecore-all/data/tue-mdse/ocl-dataset/dataset/repos/MDEGroup/MDEForge/mdeforge/githubmetamodels/SOS.ecore,false,false,false,"parse: failed to parse modelset/raw-data/repo-ecore-all/data/tue-mdse/ocl-dataset/dataset/repos/MDEGroup/MDEForge/mdeforge/githubmetamodels/SOS.ecore: unexpected package content line 59, column 3 current parser state: | `<eSubpackages name=""adtmm"" nsURI=""SOS.adtmm"" nsPrefix=""adtmm"">` | `    <eClassifiers xsi:type=""ecore:EClass"" name=""ADT"">` parsing failed"
modelset/raw-data/repo-ecore-all/data/tue-mdse/ocl-dataset/dataset/repos/MDEGroup/MDEForge/mdeforge/githubmetamodels/SemanticDB.ecore,true,false,false,"generate: [INFO  arachne] Starting code generation [INFO  arachne_codegen] Validating configuration [INFO  arachne_codegen] Parsing ecore metamodel: ""modelset/raw-data/repo-ecore-all/data/tue-mdse/ocl-dataset/dataset/repos/MDEGroup/MDEForge/mdeforge/githubmetamodels/SemanticDB.ecore"" [WARN  ecore_rs::parser::raw] `eOpposite` attributes are currently not supported, ignoring [WARN  ecore_rs::parser::raw] `eOpposite` attributes are currently not supported, ignoring [WARN  ecore_rs::parser::raw] `eOpposite` attributes are currently not supported, ignoring [WARN  ecore_rs::parser::raw] `eOpposite` attributes are currently not supported, ignoring [INFO  arachne_codegen] Generating Rust tokens [INFO  arachne_codegen] Generating classifiers...  thread 'main' (882341) panicked at arachne-codegen/src/codegen/feature/attribute.rs:65:37: Failed to parse type: PersistentProperties note: run with `RUST_BACKTRACE=1` environment variable to display a backtrace"
modelset/raw-data/repo-ecore-all/data/tue-mdse/ocl-dataset/dataset/repos/MDEGroup/MDEForge/mdeforge/githubmetamodels/ServiceFeatureModel.ecore,false,false,false,"parse: failed to parse modelset/raw-data/repo-ecore-all/data/tue-mdse/ocl-dataset/dataset/repos/MDEGroup/MDEForge/mdeforge/githubmetamodels/ServiceFeatureModel.ecore: unknown builtit class URL `http://www.eclipse.org/emf/2002/Ecore#//EDiagnosticChain` failed to parse class operation failed to parse class `ServiceFeature` line 19, column 120 current parser state: | `` | `      <eParameters name=""context"">` parsing failed"
modelset/raw-data/repo-ecore-all/data/tue-mdse/ocl-dataset/dataset/repos/MDEGroup/MDEForge/mdeforge/githubmetamodels/SimpleExpressions.ecore,true,true,true,
modelset/raw-data/repo-ecore-all/data/tue-mdse/ocl-dataset/dataset/repos/MDEGroup/MDEForge/mdeforge/githubmetamodels/SimplePDL.ecore,true,true,true,
modelset/raw-data/repo-ecore-all/data/tue-mdse/ocl-dataset/dataset/repos/MDEGroup/MDEForge/mdeforge/githubmetamodels/SimpleUML.ecore,true,true,true,
modelset/raw-data/repo-ecore-all/data/tue-mdse/ocl-dataset/dataset/repos/MDEGroup/MDEForge/mdeforge/githubmetamodels/SmachDSL.ecore,true,true,true,
modelset/raw-data/repo-ecore-all/data/tue-mdse/ocl-dataset/dataset/repos/MDEGroup/MDEForge/mdeforge/githubmetamodels/SmallJava.ecore,true,true,true,
modelset/raw-data/repo-ecore-all/data/tue-mdse/ocl-dataset/dataset/repos/MDEGroup/MDEForge/mdeforge/githubmetamodels/SqliteModel.ecore,false,false,false,"parse: failed to parse modelset/raw-data/repo-ecore-all/data/tue-mdse/ocl-dataset/dataset/repos/MDEGroup/MDEForge/mdeforge/githubmetamodels/SqliteModel.ecore: unknown builtit class URL `http://www.eclipse.org/emf/2002/Ecore#//EBigDecimal` failed to parse structural features failed to parse class `NumericLiteral` line 408, column 145 current parser state: | `` | `  </eClassifiers>` parsing failed"
modelset/raw-data/repo-ecore-all/data/tue-mdse/ocl-dataset/dataset/repos/MDEGroup/MDEForge/mdeforge/githubmetamodels/State.ecore,false,false,false,"parse: failed to parse modelset/raw-data/repo-ecore-all/data/tue-mdse/ocl-dataset/dataset/repos/MDEGroup/MDEForge/mdeforge/githubmetamodels/State.ecore: unknown builtit class URL `http://www.eclipse.org/emf/2002/Ecore#//EDoubleObject` failed to parse structural features failed to parse class `State` line 27, column 149 current parser state: | `` | `  </eClassifiers>` parsing failed"
modelset/raw-data/repo-ecore-all/data/tue-mdse/ocl-dataset/dataset/repos/MDEGroup/MDEForge/mdeforge/githubmetamodels/StateDiagram.ecore,true,true,true,
modelset/raw-data/repo-ecore-all/data/tue-mdse/ocl-dataset/dataset/repos/MDEGroup/MDEForge/mdeforge/githubmetamodels/TefkatTrace.ecore,false,false,false,"parse: failed to parse modelset/raw-data/repo-ecore-all/data/tue-mdse/ocl-dataset/dataset/repos/MDEGroup/MDEForge/mdeforge/githubmetamodels/TefkatTrace.ecore: unsupported `eType` path `ecore:EClass http://www.eclipse.org/emf/2002/Ecore#//EObject` failed to parse structural features failed to parse class `Trace` line 11, column 79 current parser state: | `` | `    <eStructuralFeatures xsi:type=""ecore:EReference"" name=""rules"" unique=""false"" lowerBound=""1""` parsing failed"
modelset/raw-data/repo-ecore-all/data/tue-mdse/ocl-dataset/dataset/repos/MDEGroup/MDEForge/mdeforge/githubmetamodels/Trace.ecore,false,false,false,"parse: failed to parse modelset/raw-data/repo-ecore-all/data/tue-mdse/ocl-dataset/dataset/repos/MDEGroup/MDEForge/mdeforge/githubmetamodels/Trace.ecore: unsupported `eType` path `ecore:EClass http://www.eclipse.org/emf/2002/Ecore#//EObject` failed to parse structural features failed to parse class `TraceItem` line 18, column 79 current parser state: | `` | `    <eStructuralFeatures xsi:type=""ecore:EAttribute"" name=""kind"" eType=""ecore:EDataType http://www.eclipse.org/emf/2002/Ecore#//EString""/>` parsing failed"
modelset/raw-data/repo-ecore-all/data/tue-mdse/ocl-dataset/dataset/repos/MDEGroup/MDEForge/mdeforge/githubmetamodels/Transformation.ecore,false,false,false,"parse: failed to parse modelset/raw-data/repo-ecore-all/data/tue-mdse/ocl-dataset/dataset/repos/MDEGroup/MDEForge/mdeforge/githubmetamodels/Transformation.ecore: unsupported `eType` path `ecore:EClass http://www.eclipse.org/emf/2002/Ecore#//EPackage` failed to parse structural features failed to parse class `MetamodelDeclaration` line 14, column 80 current parser state: | `` | `  </eClassifiers>` parsing failed"
modelset/raw-data/repo-ecore-all/data/tue-mdse/ocl-dataset/dataset/repos/MDEGroup/MDEForge/mdeforge/githubmetamodels/VisualInterface.ecore,false,false,false,"parse: failed to parse modelset/raw-data/repo-ecore-all/data/tue-mdse/ocl-dataset/dataset/repos/MDEGroup/MDEForge/mdeforge/githubmetamodels/VisualInterface.ecore: unknown builtit class URL `http://www.eclipse.org/emf/2002/Ecore#//EBooleanObject` failed to parse structural features failed to parse class `Shape` line 37, column 151 current parser state: | `` | `    <eStructuralFeatures xsi:type=""ecore:EAttribute"" name=""alpha"" eType=""ecore:EDataType http://www.eclipse.org/emf/2002/Ecore#//EDoubleObject""/>` parsing failed"
modelset/raw-data/repo-ecore-all/data/tue-mdse/ocl-dataset/dataset/repos/MDEGroup/MDEForge/mdeforge/githubmetamodels/Worthwhile.ecore,false,false,false,"parse: failed to parse modelset/raw-data/repo-ecore-all/data/tue-mdse/ocl-dataset/dataset/repos/MDEGroup/MDEForge/mdeforge/githubmetamodels/Worthwhile.ecore: unexpected package content line 6, column 3 current parser state: | `<eSubpackages name=""kit"" nsURI=""http://kit.edu"" nsPrefix=""edu.kit"">` | `    <eSubpackages name=""iti"" nsURI=""http://iti.kit.edu"" nsPrefix=""edu.kit.iti"">` parsing failed"
modelset/raw-data/repo-ecore-all/data/tue-mdse/ocl-dataset/dataset/repos/MDEGroup/MDEForge/mdeforge/githubmetamodels/WorthwhilePlain.ecore,false,false,false,"parse: failed to parse modelset/raw-data/repo-ecore-all/data/tue-mdse/ocl-dataset/dataset/repos/MDEGroup/MDEForge/mdeforge/githubmetamodels/WorthwhilePlain.ecore: unknown builtit class URL `http://www.eclipse.org/emf/2002/Ecore#//EBigInteger` failed to parse structural features failed to parse class `IntegerLiteral` line 399, column 101 current parser state: | `` | `  </eClassifiers>` parsing failed"
modelset/raw-data/repo-ecore-all/data/tue-mdse/ocl-dataset/dataset/repos/MDEGroup/MDEForge/mdeforge/githubmetamodels/XMLType.ecore,false,false,false,"parse: failed to parse modelset/raw-data/repo-ecore-all/data/tue-mdse/ocl-dataset/dataset/repos/MDEGroup/MDEForge/mdeforge/githubmetamodels/XMLType.ecore: unknown builtit class URL `http://www.eclipse.org/emf/2002/Ecore#//EFeatureMapEntry` failed to parse structural features failed to parse class `AnyType` line 17, column 90 current parser state: | `` | `      <eAnnotations source=""http:///org/eclipse/emf/ecore/util/ExtendedMetaData"">` parsing failed"
modelset/raw-data/repo-ecore-all/data/tue-mdse/ocl-dataset/dataset/repos/MDEGroup/MDEForge/mdeforge/githubmetamodels/ZestGraph.ecore,true,true,true,
modelset/raw-data/repo-ecore-all/data/tue-mdse/ocl-dataset/dataset/repos/MDEGroup/MDEForge/mdeforge/githubmetamodels/aadl2.ecore,false,false,false,"parse: failed to parse modelset/raw-data/repo-ecore-all/data/tue-mdse/ocl-dataset/dataset/repos/MDEGroup/MDEForge/mdeforge/githubmetamodels/aadl2.ecore: expected identifier failed to parse class operation failed to parse class `Element` line 17, column 119 current parser state: | `>` | `        <eAnnotations source=""http://www.eclipse.org/emf/2002/GenModel"">` parsing failed"
modelset/raw-data/repo-ecore-all/data/tue-mdse/ocl-dataset/dataset/repos/MDEGroup/MDEForge/mdeforge/githubmetamodels/accounting.ecore,false,false,false,"parse: failed to parse modelset/raw-data/repo-ecore-all/data/tue-mdse/ocl-dataset/dataset/repos/MDEGroup/MDEForge/mdeforge/githubmetamodels/accounting.ecore: unknown builtit class URL `http://www.eclipse.org/emf/2002/Ecore#//EDiagnosticChain` failed to parse class operation failed to parse class `Order` line 6, column 125 current parser state: | `` | `      <eParameters name=""context"">` parsing failed"
modelset/raw-data/repo-ecore-all/data/tue-mdse/ocl-dataset/dataset/repos/MDEGroup/MDEForge/mdeforge/githubmetamodels/aggregator_1.0.0.ecore,false,false,false,"parse: failed to parse modelset/raw-data/repo-ecore-all/data/tue-mdse/ocl-dataset/dataset/repos/MDEGroup/MDEForge/mdeforge/githubmetamodels/aggregator_1.0.0.ecore: unexpected structural feature attribute `eKeys` failed to parse structural features failed to parse class `Aggregator` line 19, column 81 current parser state: | `/>` | `    <eStructuralFeatures xsi:type=""ecore:EReference"" name=""buildmaster"" eType=""#//Contact""` parsing failed"
modelset/raw-data/repo-ecore-all/data/tue-mdse/ocl-dataset/dataset/repos/MDEGroup/MDEForge/mdeforge/githubmetamodels/application.ecore,false,false,false,"parse: failed to parse modelset/raw-data/repo-ecore-all/data/tue-mdse/ocl-dataset/dataset/repos/MDEGroup/MDEForge/mdeforge/githubmetamodels/application.ecore: unknown builtit class URL `http://www.eclipse.org/emf/2002/Ecore#//EIntegerObject` failed to parse class operation failed to parse class `Source` line 6, column 125 current parser state: | `` | `    <eOperations name=""start""/>` parsing failed"
modelset/raw-data/repo-ecore-all/data/tue-mdse/ocl-dataset/dataset/repos/MDEGroup/MDEForge/mdeforge/githubmetamodels/apromore.ecore,true,true,true,
modelset/raw-data/repo-ecore-all/data/tue-mdse/ocl-dataset/dataset/repos/MDEGroup/MDEForge/mdeforge/githubmetamodels/archi.ecore,false,false,false,"parse: failed to parse modelset/raw-data/repo-ecore-all/data/tue-mdse/ocl-dataset/dataset/repos/MDEGroup/MDEForge/mdeforge/githubmetamodels/archi.ecore: unexpected package content line 57, column 3 current parser state: | `<eSubpackages name=""extension"" nsURI=""http://www.tocea.com/codewatch/architecture/extension""` | `      nsPrefix=""extension"">` parsing failed"
modelset/raw-data/repo-ecore-all/data/tue-mdse/ocl-dataset/dataset/repos/MDEGroup/MDEForge/mdeforge/githubmetamodels/atl_types.ecore,false,false,false,"parse: failed to parse modelset/raw-data/repo-ecore-all/data/tue-mdse/ocl-dataset/dataset/repos/MDEGroup/MDEForge/mdeforge/githubmetamodels/atl_types.ecore: unsupported `eType` path `ecore:EClass http://www.eclipse.org/emf/2002/Ecore#//EObject` failed to parse structural features failed to parse class `EnumType` line 35, column 152 current parser state: | `` | `  </eClassifiers>` parsing failed"
modelset/raw-data/repo-ecore-all/data/tue-mdse/ocl-dataset/dataset/repos/MDEGroup/MDEForge/mdeforge/githubmetamodels/bowling.ecore,false,false,false,"parse: failed to parse modelset/raw-data/repo-ecore-all/data/tue-mdse/ocl-dataset/dataset/repos/MDEGroup/MDEForge/mdeforge/githubmetamodels/bowling.ecore: unknown builtit class URL `http://www.eclipse.org/emf/2002/Ecore#//EDate` failed to parse structural features failed to parse class `Player` line 8, column 144 current parser state: | `` | `    <eStructuralFeatures xsi:type=""ecore:EAttribute"" name=""height"" eType=""ecore:EDataType http://www.eclipse.org/emf/2002/Ecore#//EDouble""/>` parsing failed"
modelset/raw-data/repo-ecore-all/data/tue-mdse/ocl-dataset/dataset/repos/MDEGroup/MDEForge/mdeforge/githubmetamodels/builds.ecore,false,false,false,"parse: failed to parse modelset/raw-data/repo-ecore-all/data/tue-mdse/ocl-dataset/dataset/repos/MDEGroup/MDEForge/mdeforge/githubmetamodels/builds.ecore: unexpected `eClassifiers` attribute `serializable` line 12, column 27 current parser state: | `/>` | `  <eClassifiers xsi:type=""ecore:EClass"" name=""StringToStringMap"" instanceClassName=""java.util.Map$Entry"">` parsing failed"
modelset/raw-data/repo-ecore-all/data/tue-mdse/ocl-dataset/dataset/repos/MDEGroup/MDEForge/mdeforge/githubmetamodels/caltrop.ecore,false,false,false,"parse: failed to parse modelset/raw-data/repo-ecore-all/data/tue-mdse/ocl-dataset/dataset/repos/MDEGroup/MDEForge/mdeforge/githubmetamodels/caltrop.ecore: unexpected class content failed to parse class `CaltropActorImpl` line 5, column 5 current parser state: | `<eTypeParameters name=""P"">` | `      <eBounds eClassifier=""ecore:EClass actor.ecore#//AbstractIOPort""/>` parsing failed"
modelset/raw-data/repo-ecore-all/data/tue-mdse/ocl-dataset/dataset/repos/MDEGroup/MDEForge/mdeforge/githubmetamodels/carnot.ecore,false,false,false,"parse: failed to parse modelset/raw-data/repo-ecore-all/data/tue-mdse/ocl-dataset/dataset/repos/MDEGroup/MDEForge/mdeforge/githubmetamodels/carnot.ecore: unknown builtit class URL `http://www.eclipse.org/emf/2003/XMLType#//Double` failed to parse structural features failed to parse class `Coordinates` line 12, column 27 current parser state: | `` | `      <eAnnotations source=""http://www.eclipse.org/emf/2002/GenModel"">` parsing failed"
modelset/raw-data/repo-ecore-all/data/tue-mdse/ocl-dataset/dataset/repos/MDEGroup/MDEForge/mdeforge/githubmetamodels/cascadenotall.ecore,false,false,false,"parse: failed to parse modelset/raw-data/repo-ecore-all/data/tue-mdse/ocl-dataset/dataset/repos/MDEGroup/MDEForge/mdeforge/githubmetamodels/cascadenotall.ecore: unknown builtit class URL `http://www.eclipse.org/emf/2003/XMLType#//String` failed to parse structural features failed to parse class `Book` line 13, column 82 current parser state: | `` | `      <eAnnotations source=""http:///org/eclipse/emf/ecore/util/ExtendedMetaData"">` parsing failed"
modelset/raw-data/repo-ecore-all/data/tue-mdse/ocl-dataset/dataset/repos/MDEGroup/MDEForge/mdeforge/githubmetamodels/data.ecore,false,false,false,"parse: failed to parse modelset/raw-data/repo-ecore-all/data/tue-mdse/ocl-dataset/dataset/repos/MDEGroup/MDEForge/mdeforge/githubmetamodels/data.ecore: unknown builtit class URL `http://www.eclipse.org/emf/2002/Ecore#//EDate` failed to parse structural features failed to parse class `Person` line 30, column 144 current parser state: | `` | `    <eStructuralFeatures xsi:type=""ecore:EReference"" name=""persons"" upperBound=""-1""` parsing failed"
modelset/raw-data/repo-ecore-all/data/tue-mdse/ocl-dataset/dataset/repos/MDEGroup/MDEForge/mdeforge/githubmetamodels/datatypes.ecore,true,true,true,
modelset/raw-data/repo-ecore-all/data/tue-mdse/ocl-dataset/dataset/repos/MDEGroup/MDEForge/mdeforge/githubmetamodels/dbl.ecore,false,false,false,"parse: failed to parse modelset/raw-data/repo-ecore-all/data/tue-mdse/ocl-dataset/dataset/repos/MDEGroup/MDEForge/mdeforge/githubmetamodels/dbl.ecore: unknown builtit class URL `http://www.eclipse.org/emf/2002/Ecore#//EBigInteger` failed to parse structural features failed to parse class `TestStatement` line 532, column 86 current parser state: | `` | `  </eClassifiers>` parsing failed"
modelset/raw-data/repo-ecore-all/data/tue-mdse/ocl-dataset/dataset/repos/MDEGroup/MDEForge/mdeforge/githubmetamodels/dbschema.ecore,true,true,true,
modelset/raw-data/repo-ecore-all/data/tue-mdse/ocl-dataset/dataset/repos/MDEGroup/MDEForge/mdeforge/githubmetamodels/demo.ecore,false,false,false,"parse: failed to parse modelset/raw-data/repo-ecore-all/data/tue-mdse/ocl-dataset/dataset/repos/MDEGroup/MDEForge/mdeforge/githubmetamodels/demo.ecore: unknown builtit class URL `http://www.eclipse.org/emf/2002/Ecore#//EDate` failed to parse structural features failed to parse class `Employee` line 21, column 141 current parser state: | `` | `  </eClassifiers>` parsing failed"
modelset/raw-data/repo-ecore-all/data/tue-mdse/ocl-dataset/dataset/repos/MDEGroup/MDEForge/mdeforge/githubmetamodels/dgraph.ecore,false,false,false,"parse: failed to parse modelset/raw-data/repo-ecore-all/data/tue-mdse/ocl-dataset/dataset/repos/MDEGroup/MDEForge/mdeforge/githubmetamodels/dgraph.ecore: unknown builtit class URL `http://www.eclipse.org/emf/2002/Ecore#//EIntegerObject` failed to parse structural features failed to parse class `Edge` line 23, column 148 current parser state: | `` | `    <eStructuralFeatures xsi:type=""ecore:EReference"" name=""source"" eType=""#//Node""` parsing failed"
modelset/raw-data/repo-ecore-all/data/tue-mdse/ocl-dataset/dataset/repos/MDEGroup/MDEForge/mdeforge/githubmetamodels/discovery.ecore,true,false,false,"generate: [INFO  arachne] Starting code generation [INFO  arachne_codegen] Validating configuration [INFO  arachne_codegen] Parsing ecore metamodel: ""modelset/raw-data/repo-ecore-all/data/tue-mdse/ocl-dataset/dataset/repos/MDEGroup/MDEForge/mdeforge/githubmetamodels/discovery.ecore"" [INFO  arachne_codegen] Generating Rust tokens [INFO  arachne_codegen] Generating classifiers...  thread 'main' (884463) panicked at arachne-codegen/src/codegen/feature/attribute.rs:65:37: Failed to parse type: ECFIServiceInfo note: run with `RUST_BACKTRACE=1` environment variable to display a backtrace"
modelset/raw-data/repo-ecore-all/data/tue-mdse/ocl-dataset/dataset/repos/MDEGroup/MDEForge/mdeforge/githubmetamodels/doc.ecore,false,false,false,"parse: failed to parse modelset/raw-data/repo-ecore-all/data/tue-mdse/ocl-dataset/dataset/repos/MDEGroup/MDEForge/mdeforge/githubmetamodels/doc.ecore: unexpected package content line 10, column 3 current parser state: | `<eSubpackages name=""map"" nsURI=""urn:openscada:doc:map"" nsPrefix=""map"">` | `    <eClassifiers xsi:type=""ecore:EClass"" name=""Map"" eSuperTypes=""#//map/MapContainer"">` parsing failed"
modelset/raw-data/repo-ecore-all/data/tue-mdse/ocl-dataset/dataset/repos/MDEGroup/MDEForge/mdeforge/githubmetamodels/documentation.ecore,true,true,true,
modelset/raw-data/repo-ecore-all/data/tue-mdse/ocl-dataset/dataset/repos/MDEGroup/MDEForge/mdeforge/githubmetamodels/dtmc.ecore,true,true,true,
modelset/raw-data/repo-ecore-all/data/tue-mdse/ocl-dataset/dataset/repos/MDEGroup/MDEForge/mdeforge/githubmetamodels/e2.ecore,false,false,false,"parse: failed to parse modelset/raw-data/repo-ecore-all/data/tue-mdse/ocl-dataset/dataset/repos/MDEGroup/MDEForge/mdeforge/githubmetamodels/e2.ecore: unknown builtit class URL `http://www.eclipse.org/emf/2002/Ecore#//EDate` failed to parse structural features failed to parse class `Lecture` line 8, column 152 current parser state: | `` | `    <eStructuralFeatures xsi:type=""ecore:EReference"" name=""Content"" lowerBound=""1""` parsing failed"
modelset/raw-data/repo-ecore-all/data/tue-mdse/ocl-dataset/dataset/repos/MDEGroup/MDEForge/mdeforge/githubmetamodels/easyflow.ecore,false,false,false,"parse: failed to parse modelset/raw-data/repo-ecore-all/data/tue-mdse/ocl-dataset/dataset/repos/MDEGroup/MDEForge/mdeforge/githubmetamodels/easyflow.ecore: unexpected operation content failed to parse class operation failed to parse class `Workflow` line 30, column 7 current parser state: | `<eGenericType eClassifier=""ecore:EDataType http://www.eclipse.org/emf/2002/Ecore#//EEList"">` | `        <eTypeArguments eClassifier=""#//SplittingEvent""/>` parsing failed"
modelset/raw-data/repo-ecore-all/data/tue-mdse/ocl-dataset/dataset/repos/MDEGroup/MDEForge/mdeforge/githubmetamodels/eclectic.frontend.ecore,false,false,false,"parse: failed to parse modelset/raw-data/repo-ecore-all/data/tue-mdse/ocl-dataset/dataset/repos/MDEGroup/MDEForge/mdeforge/githubmetamodels/eclectic.frontend.ecore: unexpected package content line 7, column 3 current parser state: | `<eSubpackages name=""script"" nsURI=""http://eclectic.org/frontend/scriptL"" nsPrefix=""ec_frontend_scriptL"">` | `    <eClassifiers xsi:type=""ecore:EClass"" name=""ScriptedTransformation"" eSuperTypes=""#//core/TransformationDefinition"">` parsing failed"
modelset/raw-data/repo-ecore-all/data/tue-mdse/ocl-dataset/dataset/repos/MDEGroup/MDEForge/mdeforge/githubmetamodels/edatatypeColumn.ecore,false,false,false,"parse: failed to parse modelset/raw-data/repo-ecore-all/data/tue-mdse/ocl-dataset/dataset/repos/MDEGroup/MDEForge/mdeforge/githubmetamodels/edatatypeColumn.ecore: unknown builtit class URL `http://www.eclipse.org/emf/2003/XMLType#//String` failed to parse structural features failed to parse class `Book` line 40, column 97 current parser state: | `` | `      <eAnnotations source=""http:///org/eclipse/emf/ecore/util/ExtendedMetaData"">` parsing failed"
modelset/raw-data/repo-ecore-all/data/tue-mdse/ocl-dataset/dataset/repos/MDEGroup/MDEForge/mdeforge/githubmetamodels/editormodel.ecore,false,false,false,"parse: failed to parse modelset/raw-data/repo-ecore-all/data/tue-mdse/ocl-dataset/dataset/repos/MDEGroup/MDEForge/mdeforge/githubmetamodels/editormodel.ecore: unsupported `eType` path `ecore:EClass coremodel.ecore#//CoreModel` failed to parse structural features failed to parse class `Diagram` line 7, column 121 current parser state: | `` | `    <eStructuralFeatures xsi:type=""ecore:EReference"" name=""notes"" upperBound=""-1""` parsing failed"
modelset/raw-data/repo-ecore-all/data/tue-mdse/ocl-dataset/dataset/repos/MDEGroup/MDEForge/mdeforge/githubmetamodels/education.ecore,true,true,true,
modelset/raw-data/repo-ecore-all/data/tue-mdse/ocl-dataset/dataset/repos/MDEGroup/MDEForge/mdeforge/githubmetamodels/emf.uuid.library.example.ecore,true,true,true,
modelset/raw-data/repo-ecore-all/data/tue-mdse/ocl-dataset/dataset/repos/MDEGroup/MDEForge/mdeforge/githubmetamodels/epo2.ecore,true,false,false,"generate: [INFO  arachne] Starting code generation [INFO  arachne_codegen] Validating configuration [INFO  arachne_codegen] Parsing ecore metamodel: ""modelset/raw-data/repo-ecore-all/data/tue-mdse/ocl-dataset/dataset/repos/MDEGroup/MDEForge/mdeforge/githubmetamodels/epo2.ecore"" [WARN  ecore_rs::parser::raw] `eOpposite` attributes are currently not supported, ignoring [WARN  ecore_rs::parser::raw] `eOpposite` attributes are currently not supported, ignoring [WARN  ecore_rs::parser::raw] `eOpposite` attributes are currently not supported, ignoring [WARN  ecore_rs::parser::raw] `eOpposite` attributes are currently not supported, ignoring [INFO  arachne_codegen] Generating Rust tokens [INFO  arachne_codegen] Generating classifiers...  thread 'main' (885252) panicked at arachne-codegen/src/codegen/feature/attribute.rs:65:37: Failed to parse type: Date note: run with `RUST_BACKTRACE=1` environment variable to display a backtrace"
modelset/raw-data/repo-ecore-all/data/tue-mdse/ocl-dataset/dataset/repos/MDEGroup/MDEForge/mdeforge/githubmetamodels/evolved.ecore,true,true,true,
modelset/raw-data/repo-ecore-all/data/tue-mdse/ocl-dataset/dataset/repos/MDEGroup/MDEForge/mdeforge/githubmetamodels/example.ecore,true,true,true,
modelset/raw-data/repo-ecore-all/data/tue-mdse/ocl-dataset/dataset/repos/MDEGroup/MDEForge/mdeforge/githubmetamodels/expressions.ecore,false,false,false,"parse: failed to parse modelset/raw-data/repo-ecore-all/data/tue-mdse/ocl-dataset/dataset/repos/MDEGroup/MDEForge/mdeforge/githubmetamodels/expressions.ecore: unsupported `eType` path `idl.ecore#//FileRegion` line 6, column 113 current parser state: | `` | `  <eClassifiers xsi:type=""ecore:EClass"" name=""ConstExpression"" eSuperTypes=""#//Expression"">` parsing failed"
modelset/raw-data/repo-ecore-all/data/tue-mdse/ocl-dataset/dataset/repos/MDEGroup/MDEForge/mdeforge/githubmetamodels/extlibrary.ecore,false,false,false,"parse: failed to parse modelset/raw-data/repo-ecore-all/data/tue-mdse/ocl-dataset/dataset/repos/MDEGroup/MDEForge/mdeforge/githubmetamodels/extlibrary.ecore: unknown builtit class URL `http://www.eclipse.org/emf/2002/Ecore#//EDate` failed to parse structural features failed to parse class `Item` line 48, column 148 current parser state: | `` | `  </eClassifiers>` parsing failed"
modelset/raw-data/repo-ecore-all/data/tue-mdse/ocl-dataset/dataset/repos/MDEGroup/MDEForge/mdeforge/githubmetamodels/fUML.ecore,false,false,false,"parse: failed to parse modelset/raw-data/repo-ecore-all/data/tue-mdse/ocl-dataset/dataset/repos/MDEGroup/MDEForge/mdeforge/githubmetamodels/fUML.ecore: unexpected package content line 4, column 3 current parser state: | `<eSubpackages name=""Syntax"" nsURI=""http://www.modelexecution.org/fuml/syntax"" nsPrefix=""fUML.Syntax"">` | `    <eSubpackages name=""CommonBehaviors"" nsURI=""http://www.modelexecution.org/fuml/syntax/commonbehaviors""` parsing failed"
modelset/raw-data/repo-ecore-all/data/tue-mdse/ocl-dataset/dataset/repos/MDEGroup/MDEForge/mdeforge/githubmetamodels/family.ecore,false,false,false,"parse: failed to parse modelset/raw-data/repo-ecore-all/data/tue-mdse/ocl-dataset/dataset/repos/MDEGroup/MDEForge/mdeforge/githubmetamodels/family.ecore: expected tag `>` failed to parse package annotation line 4, column 38 current parser state: | `/>` | `  <eClassifiers xsi:type=""ecore:EClass"" name=""person"">` parsing failed"
modelset/raw-data/repo-ecore-all/data/tue-mdse/ocl-dataset/dataset/repos/MDEGroup/MDEForge/mdeforge/githubmetamodels/featuremodel.ecore,true,true,true,
modelset/raw-data/repo-ecore-all/data/tue-mdse/ocl-dataset/dataset/repos/MDEGroup/MDEForge/mdeforge/githubmetamodels/fl.ecore,false,false,false,"parse: failed to parse modelset/raw-data/repo-ecore-all/data/tue-mdse/ocl-dataset/dataset/repos/MDEGroup/MDEForge/mdeforge/githubmetamodels/fl.ecore: unknown builtit class URL `http://www.eclipse.org/emf/2003/XMLType#//String` failed to parse structural features failed to parse class `Apply` line 14, column 154 current parser state: | `` | `      <eAnnotations source=""http:///org/eclipse/emf/ecore/util/ExtendedMetaData"">` parsing failed"
modelset/raw-data/repo-ecore-all/data/tue-mdse/ocl-dataset/dataset/repos/MDEGroup/MDEForge/mdeforge/githubmetamodels/flat11.ecore,false,false,false,"parse: failed to parse modelset/raw-data/repo-ecore-all/data/tue-mdse/ocl-dataset/dataset/repos/MDEGroup/MDEForge/mdeforge/githubmetamodels/flat11.ecore: unknown builtit class URL `http://www.eclipse.org/emf/2002/Ecore#//EFeatureMapEntry` failed to parse structural features failed to parse class `DocumentRoot` line 20, column 90 current parser state: | `` | `      <eAnnotations source=""http:///org/eclipse/emf/ecore/util/ExtendedMetaData"">` parsing failed"
modelset/raw-data/repo-ecore-all/data/tue-mdse/ocl-dataset/dataset/repos/MDEGroup/MDEForge/mdeforge/githubmetamodels/frontend.core.ecore,false,false,false,"parse: failed to parse modelset/raw-data/repo-ecore-all/data/tue-mdse/ocl-dataset/dataset/repos/MDEGroup/MDEForge/mdeforge/githubmetamodels/frontend.core.ecore: unknown builtit class URL `http://www.eclipse.org/emf/2002/Ecore#//EIntegerObject` failed to parse structural features failed to parse class `PotencyAnnotation` line 39, column 162 current parser state: | `` | `  </eClassifiers>` parsing failed"
modelset/raw-data/repo-ecore-all/data/tue-mdse/ocl-dataset/dataset/repos/MDEGroup/MDEForge/mdeforge/githubmetamodels/fsm-noOpposite.ecore,true,true,true,
modelset/raw-data/repo-ecore-all/data/tue-mdse/ocl-dataset/dataset/repos/MDEGroup/MDEForge/mdeforge/githubmetamodels/gbind.ecore,false,false,false,"parse: failed to parse modelset/raw-data/repo-ecore-all/data/tue-mdse/ocl-dataset/dataset/repos/MDEGroup/MDEForge/mdeforge/githubmetamodels/gbind.ecore: unexpected package content line 6, column 3 current parser state: | `<eSubpackages name=""simpleocl"" nsURI=""http://soft.vub.ac.be/simpleocl/2011/SimpleOCL""` | `      nsPrefix=""simpleocl"">` parsing failed"
modelset/raw-data/repo-ecore-all/data/tue-mdse/ocl-dataset/dataset/repos/MDEGroup/MDEForge/mdeforge/githubmetamodels/gedcoml.ecore,true,true,true,
modelset/raw-data/repo-ecore-all/data/tue-mdse/ocl-dataset/dataset/repos/MDEGroup/MDEForge/mdeforge/githubmetamodels/genericity_dsl.ecore,false,false,false,"parse: failed to parse modelset/raw-data/repo-ecore-all/data/tue-mdse/ocl-dataset/dataset/repos/MDEGroup/MDEForge/mdeforge/githubmetamodels/genericity_dsl.ecore: unexpected content at package level line 2, column 1 current parser state: | `<xmi:XMI xmi:version=""2.0"" xmlns:xmi=""http://www.omg.org/XMI"" xmlns:xsi=""http://www.w3.org/2001/XMLSchema-instance"" xmlns:ecore=""http://www.eclipse.org/emf/2002/Ecore"">` | `  <ecore:EPackage name=""genericity_dsl"" nsURI=""http://genericity/genericity_dsl"" nsPrefix=""genericity_dsl"">` parsing failed"
modelset/raw-data/repo-ecore-all/data/tue-mdse/ocl-dataset/dataset/repos/MDEGroup/MDEForge/mdeforge/githubmetamodels/gmfgraph_1.30.ecore,true,true,true,
modelset/raw-data/repo-ecore-all/data/tue-mdse/ocl-dataset/dataset/repos/MDEGroup/MDEForge/mdeforge/githubmetamodels/gradingsystem.ecore,true,true,true,
modelset/raw-data/repo-ecore-all/data/tue-mdse/ocl-dataset/dataset/repos/MDEGroup/MDEForge/mdeforge/githubmetamodels/graphO.ecore,true,true,true,
modelset/raw-data/repo-ecore-all/data/tue-mdse/ocl-dataset/dataset/repos/MDEGroup/MDEForge/mdeforge/githubmetamodels/hockeyleague.ecore,true,true,true,
modelset/raw-data/repo-ecore-all/data/tue-mdse/ocl-dataset/dataset/repos/MDEGroup/MDEForge/mdeforge/githubmetamodels/house.ecore,true,true,true,
modelset/raw-data/repo-ecore-all/data/tue-mdse/ocl-dataset/dataset/repos/MDEGroup/MDEForge/mdeforge/githubmetamodels/inputMetamodel.ecore,true,true,true,
modelset/raw-data/repo-ecore-all/data/tue-mdse/ocl-dataset/dataset/repos/MDEGroup/MDEForge/mdeforge/githubmetamodels/jamopp.ecore,false,false,false,"parse: failed to parse modelset/raw-data/repo-ecore-all/data/tue-mdse/ocl-dataset/dataset/repos/MDEGroup/MDEForge/mdeforge/githubmetamodels/jamopp.ecore: unexpected package attribute `xmi:id` expected one of `name` `nsURI` `nsPrefix` `xmi:version` `xmlns:xmi` `xmlns:xsi` `xmlns:ecore` line 3, column 90 current parser state: | `name=""java"" nsURI=""http://www.emftext.org/java""` | `    nsPrefix=""java"">` parsing failed"
modelset/raw-data/repo-ecore-all/data/tue-mdse/ocl-dataset/dataset/repos/MDEGroup/MDEForge/mdeforge/githubmetamodels/java5.ecore,false,false,false,"parse: failed to parse modelset/raw-data/repo-ecore-all/data/tue-mdse/ocl-dataset/dataset/repos/MDEGroup/MDEForge/mdeforge/githubmetamodels/java5.ecore: unknown builtit class URL `http://www.eclipse.org/emf/2002/Ecore#//EBooleanObject` failed to parse structural features failed to parse class `MethodRefParameter` line 301, column 151 current parser state: | `` | `    <eStructuralFeatures xsi:type=""ecore:EReference"" name=""type"" eType=""#//NamedElementRef""` parsing failed"
modelset/raw-data/repo-ecore-all/data/tue-mdse/ocl-dataset/dataset/repos/MDEGroup/MDEForge/mdeforge/githubmetamodels/javaz.ecore,true,true,true,
modelset/raw-data/repo-ecore-all/data/tue-mdse/ocl-dataset/dataset/repos/MDEGroup/MDEForge/mdeforge/githubmetamodels/jpdl32.ecore,false,false,false,"parse: failed to parse modelset/raw-data/repo-ecore-all/data/tue-mdse/ocl-dataset/dataset/repos/MDEGroup/MDEForge/mdeforge/githubmetamodels/jpdl32.ecore: unknown builtit class URL `http://www.eclipse.org/emf/2002/Ecore#//EFeatureMapEntry` failed to parse structural features failed to parse class `ActionType` line 15, column 90 current parser state: | `` | `      <eAnnotations source=""http:///org/eclipse/emf/ecore/util/ExtendedMetaData"">` parsing failed"
modelset/raw-data/repo-ecore-all/data/tue-mdse/ocl-dataset/dataset/repos/MDEGroup/MDEForge/mdeforge/githubmetamodels/jsflibraryregistry.ecore,false,false,false,"parse: failed to parse modelset/raw-data/repo-ecore-all/data/tue-mdse/ocl-dataset/dataset/repos/MDEGroup/MDEForge/mdeforge/githubmetamodels/jsflibraryregistry.ecore: unknown builtit class URL `http://www.eclipse.org/emf/2002/Ecore#//EEList` failed to parse class operation failed to parse class `JSFLibraryRegistry` line 10, column 133 current parser state: | `` | `      <eParameters name=""name"" lowerBound=""1"" eType=""ecore:EDataType http://www.eclipse.org/emf/2002/Ecore#//EString""/>` parsing failed"
modelset/raw-data/repo-ecore-all/data/tue-mdse/ocl-dataset/dataset/repos/MDEGroup/MDEForge/mdeforge/githubmetamodels/jsm.ecore,false,false,false,"parse: failed to parse modelset/raw-data/repo-ecore-all/data/tue-mdse/ocl-dataset/dataset/repos/MDEGroup/MDEForge/mdeforge/githubmetamodels/jsm.ecore: unknown builtit class URL `http://www.eclipse.org/emf/2002/Ecore#//EByteArray` failed to parse structural features failed to parse class `MResource` line 33, column 145 current parser state: | `` | `  </eClassifiers>` parsing failed"
modelset/raw-data/repo-ecore-all/data/tue-mdse/ocl-dataset/dataset/repos/MDEGroup/MDEForge/mdeforge/githubmetamodels/kermeta.ecore,false,false,false,"parse: failed to parse modelset/raw-data/repo-ecore-all/data/tue-mdse/ocl-dataset/dataset/repos/MDEGroup/MDEForge/mdeforge/githubmetamodels/kermeta.ecore: unexpected package content line 4, column 3 current parser state: | `<eSubpackages name=""kermeta"" nsURI=""http://www.kermeta.org/kermeta/2_1_0//org/kermeta""` | `      nsPrefix=""org_kermeta"">` parsing failed"
modelset/raw-data/repo-ecore-all/data/tue-mdse/ocl-dataset/dataset/repos/MDEGroup/MDEForge/mdeforge/githubmetamodels/kermeta_java.ecore,false,false,false,"parse: failed to parse modelset/raw-data/repo-ecore-all/data/tue-mdse/ocl-dataset/dataset/repos/MDEGroup/MDEForge/mdeforge/githubmetamodels/kermeta_java.ecore: unexpected package content line 11, column 3 current parser state: | `<eSubpackages name=""language"" nsURI=""http://www.kermeta.org/kermeta/1_2_0//kermeta/language""` | `      nsPrefix=""kermeta_language"">` parsing failed"
modelset/raw-data/repo-ecore-all/data/tue-mdse/ocl-dataset/dataset/repos/MDEGroup/MDEForge/mdeforge/githubmetamodels/lib.ecore,true,true,true,
modelset/raw-data/repo-ecore-all/data/tue-mdse/ocl-dataset/dataset/repos/MDEGroup/MDEForge/mdeforge/githubmetamodels/library.ecore,true,true,true,
modelset/raw-data/repo-ecore-all/data/tue-mdse/ocl-dataset/dataset/repos/MDEGroup/MDEForge/mdeforge/githubmetamodels/library.orig.ecore,false,false,false,"parse: failed to parse modelset/raw-data/repo-ecore-all/data/tue-mdse/ocl-dataset/dataset/repos/MDEGroup/MDEForge/mdeforge/githubmetamodels/library.orig.ecore: unexpected package attribute `xmi:id` expected one of `name` `nsURI` `nsPrefix` `xmi:version` `xmlns:xmi` `xmlns:xsi` `xmlns:ecore` line 5, column 5 current parser state: | `name=""library"" nsURI=""platform:/plugin/org.eclipse.emf/js4emf/examples/library/library.ecore""` | `    nsPrefix=""library"">` parsing failed"
modelset/raw-data/repo-ecore-all/data/tue-mdse/ocl-dataset/dataset/repos/MDEGroup/MDEForge/mdeforge/githubmetamodels/library07.ecore,true,true,true,
modelset/raw-data/repo-ecore-all/data/tue-mdse/ocl-dataset/dataset/repos/MDEGroup/MDEForge/mdeforge/githubmetamodels/lims.ecore,false,false,false,"parse: failed to parse modelset/raw-data/repo-ecore-all/data/tue-mdse/ocl-dataset/dataset/repos/MDEGroup/MDEForge/mdeforge/githubmetamodels/lims.ecore: unknown builtit class URL `http://www.eclipse.org/emf/2002/Ecore#//EDate` failed to parse structural features failed to parse class `Run` line 44, column 152 current parser state: | `` | `    <eStructuralFeatures xsi:type=""ecore:EReference"" name=""sequenced"" upperBound=""-1""` parsing failed"
modelset/raw-data/repo-ecore-all/data/tue-mdse/ocl-dataset/dataset/repos/MDEGroup/MDEForge/mdeforge/githubmetamodels/majordomo.ecore,false,false,false,"parse: failed to parse modelset/raw-data/repo-ecore-all/data/tue-mdse/ocl-dataset/dataset/repos/MDEGroup/MDEForge/mdeforge/githubmetamodels/majordomo.ecore: expected tag `>` failed to parse package annotation line 4, column 48 current parser state: | `references=""#//Comparator"">` | `    <details key=""GT: Greater than""/>` parsing failed"
modelset/raw-data/repo-ecore-all/data/tue-mdse/ocl-dataset/dataset/repos/MDEGroup/MDEForge/mdeforge/githubmetamodels/menus.ecore,false,false,false,"parse: failed to parse modelset/raw-data/repo-ecore-all/data/tue-mdse/ocl-dataset/dataset/repos/MDEGroup/MDEForge/mdeforge/githubmetamodels/menus.ecore: unknown builtit class URL `http://www.eclipse.org/emf/2002/Ecore#//EDate` failed to parse structural features failed to parse class `Person` line 13, column 144 current parser state: | `` | `  </eClassifiers>` parsing failed"
modelset/raw-data/repo-ecore-all/data/tue-mdse/ocl-dataset/dataset/repos/MDEGroup/MDEForge/mdeforge/githubmetamodels/metamodel.ecore,false,false,false,"parse: failed to parse modelset/raw-data/repo-ecore-all/data/tue-mdse/ocl-dataset/dataset/repos/MDEGroup/MDEForge/mdeforge/githubmetamodels/metamodel.ecore: unknown builtit class URL `http://www.eclipse.org/emf/2002/Ecore#//EBooleanObject` failed to parse structural features failed to parse class `HibernateAnnotation` line 28, column 148 current parser state: | `` | `    <eStructuralFeatures xsi:type=""ecore:EAttribute"" name=""cascade"" eType=""#//HibernateCascadeTypes""/>` parsing failed"
modelset/raw-data/repo-ecore-all/data/tue-mdse/ocl-dataset/dataset/repos/MDEGroup/MDEForge/mdeforge/githubmetamodels/metamodel@runtime.ecore,false,false,false,"parse: failed to parse modelset/raw-data/repo-ecore-all/data/tue-mdse/ocl-dataset/dataset/repos/MDEGroup/MDEForge/mdeforge/githubmetamodels/metamodel@runtime.ecore: unexpected package content line 34, column 3 current parser state: | `<eSubpackages name=""instance"" nsURI=""http://art/instance"" nsPrefix=""instance"">` | `    <eClassifiers xsi:type=""ecore:EClass"" name=""ComponentInstance"" abstract=""true""` parsing failed"
modelset/raw-data/repo-ecore-all/data/tue-mdse/ocl-dataset/dataset/repos/MDEGroup/MDEForge/mdeforge/githubmetamodels/metric.ecore,false,false,false,"parse: failed to parse modelset/raw-data/repo-ecore-all/data/tue-mdse/ocl-dataset/dataset/repos/MDEGroup/MDEForge/mdeforge/githubmetamodels/metric.ecore: unknown builtit class URL `http://www.eclipse.org/emf/2002/Ecore#//EDoubleObject` failed to parse structural features failed to parse class `Metric` line 11, column 146 current parser state: | `` | `  </eClassifiers>` parsing failed"
modelset/raw-data/repo-ecore-all/data/tue-mdse/ocl-dataset/dataset/repos/MDEGroup/MDEForge/mdeforge/githubmetamodels/min_uml1.ecore,true,true,true,
modelset/raw-data/repo-ecore-all/data/tue-mdse/ocl-dataset/dataset/repos/MDEGroup/MDEForge/mdeforge/githubmetamodels/min_uml2.ecore,true,true,true,
modelset/raw-data/repo-ecore-all/data/tue-mdse/ocl-dataset/dataset/repos/MDEGroup/MDEForge/mdeforge/githubmetamodels/mm-db.fel.ecore,false,false,false,"parse: failed to parse modelset/raw-data/repo-ecore-all/data/tue-mdse/ocl-dataset/dataset/repos/MDEGroup/MDEForge/mdeforge/githubmetamodels/mm-db.fel.ecore: unexpected package content line 6, column 3 current parser state: | `<eSubpackages name=""rdb"" nsURI=""http://www.collectionspro.eu/jam/mm/rdb"" nsPrefix=""mmrdb"">` | `    <eClassifiers xsi:type=""ecore:EClass"" name=""ModelRoot"">` parsing failed"
modelset/raw-data/repo-ecore-all/data/tue-mdse/ocl-dataset/dataset/repos/MDEGroup/MDEForge/mdeforge/githubmetamodels/mprologTermReference.ecore,true,true,true,
modelset/raw-data/repo-ecore-all/data/tue-mdse/ocl-dataset/dataset/repos/MDEGroup/MDEForge/mdeforge/githubmetamodels/mt.ecore,false,false,false,"parse: failed to parse modelset/raw-data/repo-ecore-all/data/tue-mdse/ocl-dataset/dataset/repos/MDEGroup/MDEForge/mdeforge/githubmetamodels/mt.ecore: unexpected package content line 13, column 3 current parser state: | `<eSubpackages name=""core"" nsURI=""http://www.eclipse.org/acceleo/mt/2.6.0/core"" nsPrefix=""core"">` | `    <eClassifiers xsi:type=""ecore:EClass"" name=""ASTNode"" abstract=""true"">` parsing failed"
modelset/raw-data/repo-ecore-all/data/tue-mdse/ocl-dataset/dataset/repos/MDEGroup/MDEForge/mdeforge/githubmetamodels/odemcustom.ecore,false,false,false,"parse: failed to parse modelset/raw-data/repo-ecore-all/data/tue-mdse/ocl-dataset/dataset/repos/MDEGroup/MDEForge/mdeforge/githubmetamodels/odemcustom.ecore: unknown builtit class URL `http://www.eclipse.org/emf/2002/Ecore#//EBigInteger` failed to parse structural features failed to parse class `TestStatement` line 532, column 86 current parser state: | `` | `  </eClassifiers>` parsing failed"
modelset/raw-data/repo-ecore-all/data/tue-mdse/ocl-dataset/dataset/repos/MDEGroup/MDEForge/mdeforge/githubmetamodels/org.eclipse.gmf.graphdef.jar_models.gmfgraph.ecore,true,true,true,
modelset/raw-data/repo-ecore-all/data/tue-mdse/ocl-dataset/dataset/repos/MDEGroup/MDEForge/mdeforge/githubmetamodels/p2.ecore,false,false,false,"parse: failed to parse modelset/raw-data/repo-ecore-all/data/tue-mdse/ocl-dataset/dataset/repos/MDEGroup/MDEForge/mdeforge/githubmetamodels/p2.ecore: unexpected class content failed to parse class `ArtifactRepository` line 14, column 5 current parser state: | `<eGenericSuperTypes eClassifier=""#//Repository"">` | `      <eTypeArguments eClassifier=""#//IArtifactKey""/>` parsing failed"
modelset/raw-data/repo-ecore-all/data/tue-mdse/ocl-dataset/dataset/repos/MDEGroup/MDEForge/mdeforge/githubmetamodels/petri.ecore,true,true,true,
modelset/raw-data/repo-ecore-all/data/tue-mdse/ocl-dataset/dataset/repos/MDEGroup/MDEForge/mdeforge/githubmetamodels/plsql.ecore,false,false,false,"parse: failed to parse modelset/raw-data/repo-ecore-all/data/tue-mdse/ocl-dataset/dataset/repos/MDEGroup/MDEForge/mdeforge/githubmetamodels/plsql.ecore: unexpected package content line 6, column 3 current parser state: | `<eSubpackages name=""statement"" nsURI=""http://gts.inf.um.es/modernization/plsql/statement""` | `      nsPrefix=""statement"">` parsing failed"
modelset/raw-data/repo-ecore-all/data/tue-mdse/ocl-dataset/dataset/repos/MDEGroup/MDEForge/mdeforge/githubmetamodels/prolog.ecore,true,true,true,
modelset/raw-data/repo-ecore-all/data/tue-mdse/ocl-dataset/dataset/repos/MDEGroup/MDEForge/mdeforge/githubmetamodels/qm.ecore,false,false,false,"parse: failed to parse modelset/raw-data/repo-ecore-all/data/tue-mdse/ocl-dataset/dataset/repos/MDEGroup/MDEForge/mdeforge/githubmetamodels/qm.ecore: unknown builtit class URL `http://www.eclipse.org/emf/2003/XMLType#//Double` failed to parse structural features failed to parse class `QualityModel` line 29, column 110 current parser state: | `` | `    <eStructuralFeatures xsi:type=""ecore:EAttribute"" name=""schoolGradeBoundary3"" lowerBound=""1""` parsing failed"
modelset/raw-data/repo-ecore-all/data/tue-mdse/ocl-dataset/dataset/repos/MDEGroup/MDEForge/mdeforge/githubmetamodels/rdb.ecore,true,false,false,"generate: [INFO  arachne] Starting code generation [INFO  arachne_codegen] Validating configuration [INFO  arachne_codegen] Parsing ecore metamodel: ""modelset/raw-data/repo-ecore-all/data/tue-mdse/ocl-dataset/dataset/repos/MDEGroup/MDEForge/mdeforge/githubmetamodels/rdb.ecore"" [WARN  ecore_rs::parser::raw] `eOpposite` attributes are currently not supported, ignoring [WARN  ecore_rs::parser::raw] `eOpposite` attributes are currently not supported, ignoring [WARN  ecore_rs::parser::raw] `eOpposite` attributes are currently not supported, ignoring [WARN  ecore_rs::parser::raw] `eOpposite` attributes are currently not supported, ignoring [WARN  ecore_rs::parser::raw] `eOpposite` attributes are currently not supported, ignoring [WARN  ecore_rs::parser::raw] `eOpposite` attributes are currently not supported, ignoring [WARN  ecore_rs::parser::raw] `eOpposite` attributes are currently not supported, ignoring [WARN  ecore_rs::parser::raw] `eOpposite` attributes are currently not supported, ignoring [WARN  ecore_rs::parser::raw] `eOpposite` attributes are currently not supported, ignoring [WARN  ecore_rs::parser::raw] `eOpposite` attributes are currently not supported, ignoring [WARN  ecore_rs::parser::raw] XML-level class literal redefinition for `literal` from `3` to `ZERO_ONE` [WARN  ecore_rs::parser::raw] XML-level class literal redefinition for `literal` from `4` to `ZERO_MANY` [WARN  ecore_rs::parser::raw] XML-level class literal redefinition for `literal` from `5` to `ONE_MANY` [INFO  arachne_codegen] Generating Rust tokens [INFO  arachne_codegen] Generating classifiers...  thread 'main' (891048) panicked at arachne-codegen/src/codegen/feature/attribute.rs:65:37: Failed to parse type: Rectangle note: run with `RUST_BACKTRACE=1` environment variable to display a backtrace"
modelset/raw-data/repo-ecore-all/data/tue-mdse/ocl-dataset/dataset/repos/MDEGroup/MDEForge/mdeforge/githubmetamodels/rental.ecore,false,false,false,"parse: failed to parse modelset/raw-data/repo-ecore-all/data/tue-mdse/ocl-dataset/dataset/repos/MDEGroup/MDEForge/mdeforge/githubmetamodels/rental.ecore: unknown builtit class URL `http://www.eclipse.org/emf/2002/Ecore#//EDate` failed to parse class operation failed to parse class `RentalAgency` line 24, column 103 current parser state: | `` | `      <eParameters name=""to"" eType=""ecore:EDataType http://www.eclipse.org/emf/2002/Ecore#//EDate""/>` parsing failed"
modelset/raw-data/repo-ecore-all/data/tue-mdse/ocl-dataset/dataset/repos/MDEGroup/MDEForge/mdeforge/githubmetamodels/rentalSample.ecore,false,false,false,"parse: failed to parse modelset/raw-data/repo-ecore-all/data/tue-mdse/ocl-dataset/dataset/repos/MDEGroup/MDEForge/mdeforge/githubmetamodels/rentalSample.ecore: unknown builtit class URL `http://www.eclipse.org/emf/2002/Ecore#//EDate` failed to parse class operation failed to parse class `RentalAgency` line 15, column 103 current parser state: | `` | `      <eParameters name=""to"" eType=""ecore:EDataType http://www.eclipse.org/emf/2002/Ecore#//EDate""/>` parsing failed"
modelset/raw-data/repo-ecore-all/data/tue-mdse/ocl-dataset/dataset/repos/MDEGroup/MDEForge/mdeforge/githubmetamodels/rentalSansGmfAnnot.ecore,false,false,false,"parse: failed to parse modelset/raw-data/repo-ecore-all/data/tue-mdse/ocl-dataset/dataset/repos/MDEGroup/MDEForge/mdeforge/githubmetamodels/rentalSansGmfAnnot.ecore: unknown builtit class URL `http://www.eclipse.org/emf/2002/Ecore#//EDate` failed to parse class operation failed to parse class `RentalAgency` line 9, column 103 current parser state: | `` | `      <eParameters name=""to"" eType=""ecore:EDataType http://www.eclipse.org/emf/2002/Ecore#//EDate""/>` parsing failed"
modelset/raw-data/repo-ecore-all/data/tue-mdse/ocl-dataset/dataset/repos/MDEGroup/MDEForge/mdeforge/githubmetamodels/reviews.ecore,false,false,false,"parse: failed to parse modelset/raw-data/repo-ecore-all/data/tue-mdse/ocl-dataset/dataset/repos/MDEGroup/MDEForge/mdeforge/githubmetamodels/reviews.ecore: unexpected structural feature attribute `eKeys` failed to parse structural features failed to parse class `Repository` line 77, column 79 current parser state: | `/>` | `    <eStructuralFeatures xsi:type=""ecore:EAttribute"" name=""taskRepositoryUrl"" eType=""ecore:EDataType http://www.eclipse.org/emf/2002/Ecore#//EString""/>` parsing failed"
modelset/raw-data/repo-ecore-all/data/tue-mdse/ocl-dataset/dataset/repos/MDEGroup/MDEForge/mdeforge/githubmetamodels/rhs.ecore,false,false,false,"parse: failed to parse modelset/raw-data/repo-ecore-all/data/tue-mdse/ocl-dataset/dataset/repos/MDEGroup/MDEForge/mdeforge/githubmetamodels/rhs.ecore: unexpected package attribute `xmi:id` expected one of `name` `nsURI` `nsPrefix` `xmi:version` `xmlns:xmi` `xmlns:xsi` `xmlns:ecore` line 5, column 5 current parser state: | `name=""rhs"" nsURI=""http://rhs"" nsPrefix=""rhs"">` | `  <eClassifiers xsi:type=""ecore:EClass"" xmi:id=""_FdJqMAUuEd-X4OyfLBk2rg"" name=""C1"">` parsing failed"
modelset/raw-data/repo-ecore-all/data/tue-mdse/ocl-dataset/dataset/repos/MDEGroup/MDEForge/mdeforge/githubmetamodels/robot.ecore,false,false,false,"parse: failed to parse modelset/raw-data/repo-ecore-all/data/tue-mdse/ocl-dataset/dataset/repos/MDEGroup/MDEForge/mdeforge/githubmetamodels/robot.ecore: unknown builtit class URL `http://www.eclipse.org/emf/2002/Ecore#//EIntegerObject` failed to parse structural features failed to parse class `TInteger` line 61, column 147 current parser state: | `` | `  </eClassifiers>` parsing failed"
modelset/raw-data/repo-ecore-all/data/tue-mdse/ocl-dataset/dataset/repos/MDEGroup/MDEForge/mdeforge/githubmetamodels/rules_core.ecore,true,true,true,
modelset/raw-data/repo-ecore-all/data/tue-mdse/ocl-dataset/dataset/repos/MDEGroup/MDEForge/mdeforge/githubmetamodels/samples.ecore,true,true,true,
modelset/raw-data/repo-ecore-all/data/tue-mdse/ocl-dataset/dataset/repos/MDEGroup/MDEForge/mdeforge/githubmetamodels/schoolIncqDerived.ecore,true,true,true,
modelset/raw-data/repo-ecore-all/data/tue-mdse/ocl-dataset/dataset/repos/MDEGroup/MDEForge/mdeforge/githubmetamodels/schoollibrary.ecore,false,false,false,"parse: failed to parse modelset/raw-data/repo-ecore-all/data/tue-mdse/ocl-dataset/dataset/repos/MDEGroup/MDEForge/mdeforge/githubmetamodels/schoollibrary.ecore: unsupported `eType` path `library.ecore#//Book` line 9, column 104 current parser state: | `` | `  <eClassifiers xsi:type=""ecore:EClass"" name=""SchoolLibrary"" eSuperTypes=""library.ecore#//Library"">` parsing failed"
modelset/raw-data/repo-ecore-all/data/tue-mdse/ocl-dataset/dataset/repos/MDEGroup/MDEForge/mdeforge/githubmetamodels/selflet.ecore,false,false,false,"parse: failed to parse modelset/raw-data/repo-ecore-all/data/tue-mdse/ocl-dataset/dataset/repos/MDEGroup/MDEForge/mdeforge/githubmetamodels/selflet.ecore: unknown builtit class URL `http://www.eclipse.org/emf/2003/XMLType#//String` failed to parse structural features failed to parse class `Ability` line 26, column 82 current parser state: | `` | `      <eAnnotations source=""http:///org/eclipse/emf/ecore/util/ExtendedMetaData"">` parsing failed"
modelset/raw-data/repo-ecore-all/data/tue-mdse/ocl-dataset/dataset/repos/MDEGroup/MDEForge/mdeforge/githubmetamodels/simTL4J.ecore,false,false,false,"parse: failed to parse modelset/raw-data/repo-ecore-all/data/tue-mdse/ocl-dataset/dataset/repos/MDEGroup/MDEForge/mdeforge/githubmetamodels/simTL4J.ecore: unexpected package content line 6, column 3 current parser state: | `<eSubpackages name=""annotations"" nsURI=""http://www.emftext.org/simTL4J/annotations""` | `      nsPrefix=""annotations"">` parsing failed"
modelset/raw-data/repo-ecore-all/data/tue-mdse/ocl-dataset/dataset/repos/MDEGroup/MDEForge/mdeforge/githubmetamodels/smach.ecore,false,false,false,"parse: failed to parse modelset/raw-data/repo-ecore-all/data/tue-mdse/ocl-dataset/dataset/repos/MDEGroup/MDEForge/mdeforge/githubmetamodels/smach.ecore: unsupported `eType` path `ros.ecore#//Node` line 24, column 18 current parser state: | `` | `  <eClassifiers xsi:type=""ecore:EClass"" name=""SMACHTransition"">` parsing failed"
modelset/raw-data/repo-ecore-all/data/tue-mdse/ocl-dataset/dataset/repos/MDEGroup/MDEForge/mdeforge/githubmetamodels/smm.ecore,true,false,false,"generate: [INFO  arachne] Starting code generation [INFO  arachne_codegen] Validating configuration [INFO  arachne_codegen] Parsing ecore metamodel: ""modelset/raw-data/repo-ecore-all/data/tue-mdse/ocl-dataset/dataset/repos/MDEGroup/MDEForge/mdeforge/githubmetamodels/smm.ecore"" [WARN  ecore_rs::parser::raw] `eOpposite` attributes are currently not supported, ignoring [WARN  ecore_rs::parser::raw] `eOpposite` attributes are currently not supported, ignoring [WARN  ecore_rs::parser::raw] `eOpposite` attributes are currently not supported, ignoring [WARN  ecore_rs::parser::raw] `eOpposite` attributes are currently not supported, ignoring [WARN  ecore_rs::parser::raw] `eOpposite` attributes are currently not supported, ignoring [WARN  ecore_rs::parser::raw] `eOpposite` attributes are currently not supported, ignoring [WARN  ecore_rs::parser::raw] `eOpposite` attributes are currently not supported, ignoring [WARN  ecore_rs::parser::raw] `eOpposite` attributes are currently not supported, ignoring [WARN  ecore_rs::parser::raw] `eOpposite` attributes are currently not supported, ignoring [WARN  ecore_rs::parser::raw] `eOpposite` attributes are currently not supported, ignoring [WARN  ecore_rs::parser::raw] `eOpposite` attributes are currently not supported, ignoring [WARN  ecore_rs::parser::raw] `eOpposite` attributes are currently not supported, ignoring [WARN  ecore_rs::parser::raw] `eOpposite` attributes are currently not supported, ignoring [WARN  ecore_rs::parser::raw] `eOpposite` attributes are currently not supported, ignoring [WARN  ecore_rs::parser::raw] `eOpposite` attributes are currently not supported, ignoring [WARN  ecore_rs::parser::raw] `eOpposite` attributes are currently not supported, ignoring [WARN  ecore_rs::parser::raw] `eOpposite` attributes are currently not supported, ignoring [WARN  ecore_rs::parser::raw] `eOpposite` attributes are currently not supported, ignoring [WARN  ecore_rs::parser::raw] `eOpposite` attributes are currently not supported, ignoring [WARN  ecore_rs::parser::raw] `eOpposite` attributes are currently not supported, ignoring [WARN  ecore_rs::parser::raw] `eOpposite` attributes are currently not supported, ignoring [WARN  ecore_rs::parser::raw] `eOpposite` attributes are currently not supported, ignoring [WARN  ecore_rs::parser::raw] `eOpposite` attributes are currently not supported, ignoring [WARN  ecore_rs::parser::raw] `eOpposite` attributes are currently not supported, ignoring [WARN  ecore_rs::parser::raw] `eOpposite` attributes are currently not supported, ignoring [WARN  ecore_rs::parser::raw] `eOpposite` attributes are currently not supported, ignoring [WARN  ecore_rs::parser::raw] `eOpposite` attributes are currently not supported, ignoring [WARN  ecore_rs::parser::raw] `eOpposite` attributes are currently not supported, ignoring [WARN  ecore_rs::parser::raw] `eOpposite` attributes are currently not supported, ignoring [WARN  ecore_rs::parser::raw] `eOpposite` attributes are currently not supported, ignoring [WARN  ecore_rs::parser::raw] `eOpposite` attributes are currently not supported, ignoring [WARN  ecore_rs::parser::raw] `eOpposite` attributes are currently not supported, ignoring [INFO  arachne_codegen] Generating Rust tokens [INFO  arachne_codegen] Generating classifiers...  thread 'main' (891654) panicked at arachne-codegen/src/codegen/feature/attribute.rs:65:37: Failed to parse type: Date note: run with `RUST_BACKTRACE=1` environment variable to display a backtrace"
modelset/raw-data/repo-ecore-all/data/tue-mdse/ocl-dataset/dataset/repos/MDEGroup/MDEForge/mdeforge/githubmetamodels/sooml.ecore,true,true,true,
modelset/raw-data/repo-ecore-all/data/tue-mdse/ocl-dataset/dataset/repos/MDEGroup/MDEForge/mdeforge/githubmetamodels/soopl.ecore,true,true,true,
modelset/raw-data/repo-ecore-all/data/tue-mdse/ocl-dataset/dataset/repos/MDEGroup/MDEForge/mdeforge/githubmetamodels/spem2.ecore,false,false,false,"parse: failed to parse modelset/raw-data/repo-ecore-all/data/tue-mdse/ocl-dataset/dataset/repos/MDEGroup/MDEForge/mdeforge/githubmetamodels/spem2.ecore: unknown builtit class URL `http://www.eclipse.org/emf/2002/Ecore#//EDate` failed to parse structural features failed to parse class `DescribableElement` line 172, column 143 current parser state: | `` | `    <eStructuralFeatures xsi:type=""ecore:EAttribute"" name=""changeDescription"" eType=""ecore:EDataType http://www.eclipse.org/emf/2002/Ecore#//EString""/>` parsing failed"
modelset/raw-data/repo-ecore-all/data/tue-mdse/ocl-dataset/dataset/repos/MDEGroup/MDEForge/mdeforge/githubmetamodels/thingml.ecore,true,false,false,"generate: timeout after 120s: /arachne/target/release/arachne generate modelset/raw-data/repo-ecore-all/data/tue-mdse/ocl-dataset/dataset/repos/MDEGroup/MDEForge/mdeforge/githubmetamodels/thingml.ecore -o /var/folders/24/3kt9vzrj6qzd_r760kn9ybsm0000gn/T/arachne-modelset-kd53r1ae/generated-00604 -p modelset-00604-7464e9ff [INFO  arachne] Starting code generation [INFO  arachne_codegen] Validating configuration [INFO  arachne_codegen] Parsing ecore metamodel: ""modelset/raw-data/repo-ecore-all/data/tue-mdse/ocl-dataset/dataset/repos/MDEGroup/MDEForge/mdeforge/githubmetamodels/thingml.ecore"" [WARN  ecore_rs::parser::raw] `eOpposite` attributes are currently not supported, ignoring [WARN  ecore_rs::parser::raw] `eOpposite` attributes are currently not supported, ignoring [WARN  ecore_rs::parser::raw] `eOpposite` attributes are currently not supported, ignoring [WARN  ecore_rs::parser::raw] `eOpposite` attributes are currently not supported, ignoring [WARN  ecore_rs::parser::raw] `eOpposite` attributes are currently not supported, ignoring [WARN  ecore_rs::parser::raw] `eOpposite` attributes are currently not supported, ignoring [WARN  ecore_rs::parser::raw] `eOpposite` attributes are currently not supported, ignoring [WARN  ecore_rs::parser::raw] `eOpposite` attributes are currently not supported, ignoring [INFO  arachne_codegen] Generating Rust tokens"
modelset/raw-data/repo-ecore-all/data/tue-mdse/ocl-dataset/dataset/repos/MDEGroup/MDEForge/mdeforge/githubmetamodels/toe.ecore,true,true,true,
modelset/raw-data/repo-ecore-all/data/tue-mdse/ocl-dataset/dataset/repos/MDEGroup/MDEForge/mdeforge/githubmetamodels/tp5.ecore,false,false,false,"parse: failed to parse modelset/raw-data/repo-ecore-all/data/tue-mdse/ocl-dataset/dataset/repos/MDEGroup/MDEForge/mdeforge/githubmetamodels/tp5.ecore: expected identifier failed to parse package annotation line 7, column 34 current parser state: | `/>` | `    <details key=""line=dash""/>` parsing failed"
modelset/raw-data/repo-ecore-all/data/tue-mdse/ocl-dataset/dataset/repos/MDEGroup/MDEForge/mdeforge/githubmetamodels/tp6.ecore,false,false,false,"parse: failed to parse modelset/raw-data/repo-ecore-all/data/tue-mdse/ocl-dataset/dataset/repos/MDEGroup/MDEForge/mdeforge/githubmetamodels/tp6.ecore: expected identifier failed to parse package annotation line 7, column 34 current parser state: | `/>` | `    <details key=""line=dash""/>` parsing failed"
modelset/raw-data/repo-ecore-all/data/tue-mdse/ocl-dataset/dataset/repos/MDEGroup/MDEForge/mdeforge/githubmetamodels/traces.ecore,false,false,false,"parse: failed to parse modelset/raw-data/repo-ecore-all/data/tue-mdse/ocl-dataset/dataset/repos/MDEGroup/MDEForge/mdeforge/githubmetamodels/traces.ecore: unsupported `eType` path `ecore:EClass http://www.eclipse.org/emf/2002/Ecore#//EObject` failed to parse structural features failed to parse class `TraceElement` line 26, column 139 current parser state: | `` | `  </eClassifiers>` parsing failed"
modelset/raw-data/repo-ecore-all/data/tue-mdse/ocl-dataset/dataset/repos/MDEGroup/MDEForge/mdeforge/githubmetamodels/training.ecore,false,false,false,"parse: failed to parse modelset/raw-data/repo-ecore-all/data/tue-mdse/ocl-dataset/dataset/repos/MDEGroup/MDEForge/mdeforge/githubmetamodels/training.ecore: unknown builtit class URL `http://www.eclipse.org/emf/2002/Ecore#//EDate` failed to parse structural features failed to parse class `Session` line 9, column 137 current parser state: | `` | `    <eStructuralFeatures xsi:type=""ecore:EReference"" name=""trainer"" lowerBound=""1""` parsing failed"
modelset/raw-data/repo-ecore-all/data/tue-mdse/ocl-dataset/dataset/repos/MDEGroup/MDEForge/mdeforge/githubmetamodels/transformr.ecore,false,false,false,"parse: failed to parse modelset/raw-data/repo-ecore-all/data/tue-mdse/ocl-dataset/dataset/repos/MDEGroup/MDEForge/mdeforge/githubmetamodels/transformr.ecore: unsupported `eType` path `ecore:EClass http://www.eclipse.org/emf/2002/Ecore#//EClass` failed to parse class operation failed to parse class `Node` line 10, column 103 current parser state: | `` | `    </eOperations>` parsing failed"
modelset/raw-data/repo-ecore-all/data/tue-mdse/ocl-dataset/dataset/repos/MDEGroup/MDEForge/mdeforge/githubmetamodels/ube.ecore,true,true,true,
modelset/raw-data/repo-ecore-all/data/tue-mdse/ocl-dataset/dataset/repos/MDEGroup/MDEForge/mdeforge/githubmetamodels/uma.ecore,false,false,false,"parse: failed to parse modelset/raw-data/repo-ecore-all/data/tue-mdse/ocl-dataset/dataset/repos/MDEGroup/MDEForge/mdeforge/githubmetamodels/uma.ecore: unknown builtit class URL `http://www.eclipse.org/emf/2003/XMLType#//String` failed to parse structural features failed to parse class `ActivityDescription` line 14, column 147 current parser state: | `` | `      <eAnnotations source=""http://www.eclipse.org/emf/2002/GenModel"">` parsing failed"
modelset/raw-data/repo-ecore-all/data/tue-mdse/ocl-dataset/dataset/repos/MDEGroup/MDEForge/mdeforge/githubmetamodels/uml-trace.ecore,false,false,false,"parse: failed to parse modelset/raw-data/repo-ecore-all/data/tue-mdse/ocl-dataset/dataset/repos/MDEGroup/MDEForge/mdeforge/githubmetamodels/uml-trace.ecore: unsupported `eType` path `ecore:EClass platform:/plugin/org.eclipse.uml2.uml/model/UML.ecore#//Class` failed to parse structural features failed to parse class `TraceElement` line 6, column 93 current parser state: | `` | `    <eStructuralFeatures xsi:type=""ecore:EReference"" name=""target"" lowerBound=""1""` parsing failed"
modelset/raw-data/repo-ecore-all/data/tue-mdse/ocl-dataset/dataset/repos/MDEGroup/MDEForge/mdeforge/githubmetamodels/viewers.ecore,true,true,true,
modelset/raw-data/repo-ecore-all/data/tue-mdse/ocl-dataset/dataset/repos/MDEGroup/MDEForge/mdeforge/githubmetamodels/web_service.ecore,true,true,true,
modelset/raw-data/repo-ecore-all/data/tue-mdse/ocl-dataset/dataset/repos/MDEGroup/MDEForge/mdeforge/githubmetamodels/xmof.ecore,false,false,false,"parse: failed to parse modelset/raw-data/repo-ecore-all/data/tue-mdse/ocl-dataset/dataset/repos/MDEGroup/MDEForge/mdeforge/githubmetamodels/xmof.ecore: unexpected package attribute `xsi:schemaLocation` expected one of `name` `nsURI` `nsPrefix` `xmi:version` `xmlns:xmi` `xmlns:xsi` `xmlns:ecore` line 4, column 5 current parser state: | `name=""xmof"" nsURI=""http://www.modelexecution.org/xmof"" nsPrefix=""xmof"">` | `  <eSubpackages name=""Syntax"" nsURI=""http://www.modelexecution.org/xmof/syntax"" nsPrefix=""fUML.Syntax"">` parsing failed"
modelset/raw-data/repo-ecore-all/data/tue-mdse/ocl-dataset/dataset/repos/MDEGroup/MDEForge/mdeforge/githubmetamodels/xpdl.ecore,false,false,false,"parse: failed to parse modelset/raw-data/repo-ecore-all/data/tue-mdse/ocl-dataset/dataset/repos/MDEGroup/MDEForge/mdeforge/githubmetamodels/xpdl.ecore: unknown builtit class URL `http://www.eclipse.org/emf/2003/XMLType#//String` failed to parse structural features failed to parse class `DataTypeType` line 57, column 145 current parser state: | `` | `      <eAnnotations source=""http:///org/eclipse/emf/ecore/util/ExtendedMetaData"">` parsing failed"
modelset/raw-data/repo-ecore-all/data/tue-mdse/ocl-dataset/dataset/repos/MDEGroup/MDEForge/mdeforge/githubmetamodels/xpdl1.ecore,false,false,false,"parse: failed to parse modelset/raw-data/repo-ecore-all/data/tue-mdse/ocl-dataset/dataset/repos/MDEGroup/MDEForge/mdeforge/githubmetamodels/xpdl1.ecore: unknown builtit class URL `http://www.eclipse.org/emf/2003/XMLType#//NMTOKEN` failed to parse structural features failed to parse class `ActivitySetType` line 68, column 153 current parser state: | `` | `      <eAnnotations source=""http:///org/eclipse/emf/ecore/util/ExtendedMetaData"">` parsing failed"
modelset/raw-data/repo-ecore-all/data/tue-mdse/ocl-dataset/dataset/repos/MDEGroup/QMM-COMLAN-data/validation-subjects/metamodels/101companies.ecore,true,true,true,
modelset/raw-data/repo-ecore-all/data/tue-mdse/ocl-dataset/dataset/repos/MDEGroup/QMM-COMLAN-data/validation-subjects/metamodels/B.ecore,true,true,true,
modelset/raw-data/repo-ecore-all/data/tue-mdse/ocl-dataset/dataset/repos/MDEGroup/QMM-COMLAN-data/validation-subjects/metamodels/BPM.ecore,true,true,true,
modelset/raw-data/repo-ecore-all/data/tue-mdse/ocl-dataset/dataset/repos/MDEGroup/QMM-COMLAN-data/validation-subjects/metamodels/Book.ecore,true,false,false,"generate: [INFO  arachne] Starting code generation [INFO  arachne_codegen] Validating configuration [INFO  arachne_codegen] Parsing ecore metamodel: ""modelset/raw-data/repo-ecore-all/data/tue-mdse/ocl-dataset/dataset/repos/MDEGroup/QMM-COMLAN-data/validation-subjects/metamodels/Book.ecore"" [INFO  arachne_codegen] Generating Rust tokens [INFO  arachne_codegen] Generating classifiers...  thread 'main' (897670) panicked at arachne-codegen/src/codegen/feature/attribute.rs:65:37: Failed to parse type: Point note: run with `RUST_BACKTRACE=1` environment variable to display a backtrace"
modelset/raw-data/repo-ecore-all/data/tue-mdse/ocl-dataset/dataset/repos/MDEGroup/QMM-COMLAN-data/validation-subjects/metamodels/CFG.ecore,false,false,false,"parse: failed to parse modelset/raw-data/repo-ecore-all/data/tue-mdse/ocl-dataset/dataset/repos/MDEGroup/QMM-COMLAN-data/validation-subjects/metamodels/CFG.ecore: expected tag `>` failed to parse package annotation line 6, column 37 current parser state: | `/>` | `  <eClassifiers xsi:type=""ecore:EClass"" name=""cfg"">` parsing failed"
modelset/raw-data/repo-ecore-all/data/tue-mdse/ocl-dataset/dataset/repos/MDEGroup/QMM-COMLAN-data/validation-subjects/metamodels/DefaultName.ecore,false,false,false,"parse: failed to parse modelset/raw-data/repo-ecore-all/data/tue-mdse/ocl-dataset/dataset/repos/MDEGroup/QMM-COMLAN-data/validation-subjects/metamodels/DefaultName.ecore: unexpected package content line 280, column 3 current parser state: | `<eSubpackages name=""behaviortree"" nsURI=""defaultname"" nsPrefix=""be.behaviortree.model""/>` | `</ecore:EPackage>` parsing failed"
modelset/raw-data/repo-ecore-all/data/tue-mdse/ocl-dataset/dataset/repos/MDEGroup/QMM-COMLAN-data/validation-subjects/metamodels/Entity.ecore,false,false,false,"parse: failed to parse modelset/raw-data/repo-ecore-all/data/tue-mdse/ocl-dataset/dataset/repos/MDEGroup/QMM-COMLAN-data/validation-subjects/metamodels/Entity.ecore: unknown builtit class URL `http://www.eclipse.org/emf/2002/Ecore#//EBooleanObject` failed to parse structural features failed to parse class `Entity` line 12, column 150 current parser state: | `` | `    <eStructuralFeatures xsi:type=""ecore:EReference"" name=""relationships"" upperBound=""-1""` parsing failed"
modelset/raw-data/repo-ecore-all/data/tue-mdse/ocl-dataset/dataset/repos/MDEGroup/QMM-COMLAN-data/validation-subjects/metamodels/Feature.ecore,false,false,false,"parse: failed to parse modelset/raw-data/repo-ecore-all/data/tue-mdse/ocl-dataset/dataset/repos/MDEGroup/QMM-COMLAN-data/validation-subjects/metamodels/Feature.ecore: unsupported `eType` path `ecore:EClass identification.ecore#//SimpleIdentifier` failed to parse structural features failed to parse class `AnnotatedSimpleFeature` line 8, column 71 current parser state: | `` | `  </eClassifiers>` parsing failed"
modelset/raw-data/repo-ecore-all/data/tue-mdse/ocl-dataset/dataset/repos/MDEGroup/QMM-COMLAN-data/validation-subjects/metamodels/Features.ecore,true,true,true,
modelset/raw-data/repo-ecore-all/data/tue-mdse/ocl-dataset/dataset/repos/MDEGroup/QMM-COMLAN-data/validation-subjects/metamodels/GraphEditorModel.ecore,true,true,true,
modelset/raw-data/repo-ecore-all/data/tue-mdse/ocl-dataset/dataset/repos/MDEGroup/QMM-COMLAN-data/validation-subjects/metamodels/HTML.ecore,true,false,false,"generate: [INFO  arachne] Starting code generation [INFO  arachne_codegen] Validating configuration [INFO  arachne_codegen] Parsing ecore metamodel: ""modelset/raw-data/repo-ecore-all/data/tue-mdse/ocl-dataset/dataset/repos/MDEGroup/QMM-COMLAN-data/validation-subjects/metamodels/HTML.ecore"" [WARN  ecore_rs::parser::raw] Structural feature `head` sets `ordered` while `upperBound=1`; this has no effect [WARN  ecore_rs::parser::raw] `eOpposite` attributes are currently not supported, ignoring [WARN  ecore_rs::parser::raw] Structural feature `body` sets `ordered` while `upperBound=1`; this has no effect [WARN  ecore_rs::parser::raw] `eOpposite` attributes are currently not supported, ignoring [WARN  ecore_rs::parser::raw] Structural feature `value` sets `ordered` while `upperBound=1`; this has no effect [WARN  ecore_rs::parser::raw] Structural feature `value` sets `unique` while `upperBound=1`; this has no effect [WARN  ecore_rs::parser::raw] `eOpposite` attributes are currently not supported, ignoring [WARN  ecore_rs::parser::raw] Structural feature `parent` sets `ordered` while `upperBound=1`; this has no effect [WARN  ecore_rs::parser::raw] `eOpposite` attributes are currently not supported, ignoring [WARN  ecore_rs::parser::raw] `eOpposite` attributes are currently not supported, ignoring [WARN  ecore_rs::parser::raw] Structural feature `html` sets `ordered` while `upperBound=1`; this has no effect [WARN  ecore_rs::parser::raw] `eOpposite` attributes are currently not supported, ignoring [WARN  ecore_rs::parser::raw] Structural feature `head` sets `ordered` while `upperBound=1`; this has no effect [WARN  ecore_rs::parser::raw] `eOpposite` attributes are currently not supported, ignoring [WARN  ecore_rs::parser::raw] Structural feature `rel` sets `ordered` while `upperBound=1`; this has no effect [WARN  ecore_rs::parser::raw] Structural feature `rel` sets `unique` while `upperBound=1`; this has no effect [WARN  ecore_rs::parser::raw] Structural feature `title` sets `ordered` while `upperBound=1`; this has no effect [WARN  ecore_rs::parser::raw] Structural feature `title` sets `unique` while `upperBound=1`; this has no effect [WARN  ecore_rs::parser::raw] Structural feature `ahref` sets `ordered` while `upperBound=1`; this has no effect [WARN  ecore_rs::parser::raw] Structural feature `ahref` sets `unique` while `upperBound=1`; this has no effect [WARN  ecore_rs::parser::raw] Structural feature `type` sets `ordered` while `upperBound=1`; this has no effect [WARN  ecore_rs::parser::raw] Structural feature `type` sets `unique` while `upperBound=1`; this has no effect [WARN  ecore_rs::parser::raw] Structural feature `background` sets `ordered` while `upperBound=1`; this has no effect [WARN  ecore_rs::parser::raw] Structural feature `background` sets `unique` while `upperBound=1`; this has no effect [WARN  ecore_rs::parser::raw] Structural feature `bgcolor` sets `ordered` while `upperBound=1`; this has no effect [WARN  ecore_rs::parser::raw] Structural feature `bgcolor` sets `unique` while `upperBound=1`; this has no effect [WARN  ecore_rs::parser::raw] Structural feature `text` sets `ordered` while `upperBound=1`; this has no effect [WARN  ecore_rs::parser::raw] Structural feature `text` sets `unique` while `upperBound=1`; this has no effect [WARN  ecore_rs::parser::raw] Structural feature `link` sets `ordered` while `upperBound=1`; this has no effect [WARN  ecore_rs::parser::raw] Structural feature `link` sets `unique` while `upperBound=1`; this has no effect [WARN  ecore_rs::parser::raw] Structural feature `alink` sets `ordered` while `upperBound=1`; this has no effect [WARN  ecore_rs::parser::raw] Structural feature `alink` sets `unique` while `upperBound=1`; this has no effect [WARN  ecore_rs::parser::raw] Structural feature `vlink` sets `ordered` while `upperBound=1`; this has no effect [WARN  ecore_rs::parser::raw] Structural feature `vlink` sets `unique` while `upperBound=1`; this has no effect [WARN  ecore [output truncated after 4000 chars]"
modelset/raw-data/repo-ecore-all/data/tue-mdse/ocl-dataset/dataset/repos/MDEGroup/QMM-COMLAN-data/validation-subjects/metamodels/Notation.ecore,false,false,false,"parse: failed to parse modelset/raw-data/repo-ecore-all/data/tue-mdse/ocl-dataset/dataset/repos/MDEGroup/QMM-COMLAN-data/validation-subjects/metamodels/Notation.ecore: unknown builtit class URL `http://www.eclipse.org/emf/2002/Ecore#//EJavaObject` failed to parse structural features failed to parse class `View` line 19, column 27 current parser state: | `` | `    <eStructuralFeatures xsi:type=""ecore:EReference"" name=""diagrammableElement"" eType=""ecore:EClass http://www.eclipse.org/emf/2002/Ecore#//EObject""/>` parsing failed"
modelset/raw-data/repo-ecore-all/data/tue-mdse/ocl-dataset/dataset/repos/MDEGroup/QMM-COMLAN-data/validation-subjects/metamodels/OCL.ecore,false,false,false,"parse: failed to parse modelset/raw-data/repo-ecore-all/data/tue-mdse/ocl-dataset/dataset/repos/MDEGroup/QMM-COMLAN-data/validation-subjects/metamodels/OCL.ecore: unexpected package content line 4, column 3 current parser state: | `<eSubpackages name=""types"" nsURI=""http://www.eclipse.org/ocl/1.1.0/OCL/Types"" nsPrefix=""ocl.types"">` | `    <eClassifiers xsi:type=""ecore:EClass"" name=""AnyType"">` parsing failed"
modelset/raw-data/repo-ecore-all/data/tue-mdse/ocl-dataset/dataset/repos/MDEGroup/QMM-COMLAN-data/validation-subjects/metamodels/PP.ecore,true,false,false,"generate: timeout after 120s: /arachne/target/release/arachne generate modelset/raw-data/repo-ecore-all/data/tue-mdse/ocl-dataset/dataset/repos/MDEGroup/QMM-COMLAN-data/validation-subjects/metamodels/PP.ecore -o /var/folders/24/3kt9vzrj6qzd_r760kn9ybsm0000gn/T/arachne-modelset-kd53r1ae/generated-00632 -p modelset-00632-99e2497b [INFO  arachne] Starting code generation [INFO  arachne_codegen] Validating configuration [INFO  arachne_codegen] Parsing ecore metamodel: ""modelset/raw-data/repo-ecore-all/data/tue-mdse/ocl-dataset/dataset/repos/MDEGroup/QMM-COMLAN-data/validation-subjects/metamodels/PP.ecore"" [INFO  arachne_codegen] Generating Rust tokens"
modelset/raw-data/repo-ecore-all/data/tue-mdse/ocl-dataset/dataset/repos/MDEGroup/QMM-COMLAN-data/validation-subjects/metamodels/PetriNetModel.ecore,true,true,true,
modelset/raw-data/repo-ecore-all/data/tue-mdse/ocl-dataset/dataset/repos/MDEGroup/QMM-COMLAN-data/validation-subjects/metamodels/RefOntoUML.ecore,false,false,false,"parse: failed to parse modelset/raw-data/repo-ecore-all/data/tue-mdse/ocl-dataset/dataset/repos/MDEGroup/QMM-COMLAN-data/validation-subjects/metamodels/RefOntoUML.ecore: expected identifier failed to parse class operation failed to parse class `Element` line 54, column 119 current parser state: | `>` | `        <eAnnotations source=""http://www.eclipse.org/emf/2002/GenModel"">` parsing failed"
modelset/raw-data/repo-ecore-all/data/tue-mdse/ocl-dataset/dataset/repos/MDEGroup/QMM-COMLAN-data/validation-subjects/metamodels/SmartHouse.ecore,false,false,false,"parse: failed to parse modelset/raw-data/repo-ecore-all/data/tue-mdse/ocl-dataset/dataset/repos/MDEGroup/QMM-COMLAN-data/validation-subjects/metamodels/SmartHouse.ecore: unknown builtit class URL `http://www.eclipse.org/emf/2002/Ecore#//EBigDecimal` failed to parse structural features failed to parse class `House` line 23, column 101 current parser state: | `` | `    <eStructuralFeatures xsi:type=""ecore:EAttribute"" name=""time"" ordered=""false"" lowerBound=""1""` parsing failed"
modelset/raw-data/repo-ecore-all/data/tue-mdse/ocl-dataset/dataset/repos/MDEGroup/QMM-COMLAN-data/validation-subjects/metamodels/Standard.ecore,false,false,false,"parse: failed to parse modelset/raw-data/repo-ecore-all/data/tue-mdse/ocl-dataset/dataset/repos/MDEGroup/QMM-COMLAN-data/validation-subjects/metamodels/Standard.ecore: unsupported `eType` path `ecore:EClass platform:/plugin/org.eclipse.uml2.uml/model/UML.ecore#//Class` failed to parse structural features failed to parse class `Auxiliary` line 8, column 108 current parser state: | `` | `  </eClassifiers>` parsing failed"
modelset/raw-data/repo-ecore-all/data/tue-mdse/ocl-dataset/dataset/repos/MDEGroup/QMM-COMLAN-data/validation-subjects/metamodels/Trace.ecore,false,false,false,"parse: failed to parse modelset/raw-data/repo-ecore-all/data/tue-mdse/ocl-dataset/dataset/repos/MDEGroup/QMM-COMLAN-data/validation-subjects/metamodels/Trace.ecore: unsupported `eType` path `ecore:EClass http://www.eclipse.org/emf/2002/Ecore#//EObject` failed to parse structural features failed to parse class `TraceItem` line 18, column 79 current parser state: | `` | `    <eStructuralFeatures xsi:type=""ecore:EAttribute"" name=""kind"" eType=""ecore:EDataType http://www.eclipse.org/emf/2002/Ecore#//EString""/>` parsing failed"
modelset/raw-data/repo-ecore-all/data/tue-mdse/ocl-dataset/dataset/repos/MDEGroup/QMM-COMLAN-data/validation-subjects/metamodels/VorkursDomain.ecore,true,true,true,
modelset/raw-data/repo-ecore-all/data/tue-mdse/ocl-dataset/dataset/repos/MDEGroup/QMM-COMLAN-data/validation-subjects/metamodels/adaptiveSystem.ecore,true,true,true,
modelset/raw-data/repo-ecore-all/data/tue-mdse/ocl-dataset/dataset/repos/MDEGroup/QMM-COMLAN-data/validation-subjects/metamodels/atomic.ecore,true,true,true,
modelset/raw-data/repo-ecore-all/data/tue-mdse/ocl-dataset/dataset/repos/MDEGroup/QMM-COMLAN-data/validation-subjects/metamodels/books.ecore,false,false,false,"parse: failed to parse modelset/raw-data/repo-ecore-all/data/tue-mdse/ocl-dataset/dataset/repos/MDEGroup/QMM-COMLAN-data/validation-subjects/metamodels/books.ecore: unsupported `eType` path `ecore:EClass writers.ecore#//Writer` failed to parse structural features failed to parse class `Book` line 16, column 95 current parser state: | `` | `  </eClassifiers>` parsing failed"
modelset/raw-data/repo-ecore-all/data/tue-mdse/ocl-dataset/dataset/repos/MDEGroup/QMM-COMLAN-data/validation-subjects/metamodels/documentation.ecore,true,true,true,
modelset/raw-data/repo-ecore-all/data/tue-mdse/ocl-dataset/dataset/repos/MDEGroup/QMM-COMLAN-data/validation-subjects/metamodels/eclectic.frontend.ecore,false,false,false,"parse: failed to parse modelset/raw-data/repo-ecore-all/data/tue-mdse/ocl-dataset/dataset/repos/MDEGroup/QMM-COMLAN-data/validation-subjects/metamodels/eclectic.frontend.ecore: unexpected package content line 7, column 3 current parser state: | `<eSubpackages name=""script"" nsURI=""http://eclectic.org/frontend/scriptL"" nsPrefix=""ec_frontend_scriptL"">` | `    <eClassifiers xsi:type=""ecore:EClass"" name=""ScriptedTransformation"" eSuperTypes=""#//core/TransformationDefinition"">` parsing failed"
modelset/raw-data/repo-ecore-all/data/tue-mdse/ocl-dataset/dataset/repos/MDEGroup/QMM-COMLAN-data/validation-subjects/metamodels/ej-ast.ecore,true,false,false,"generate: timeout after 120s: /arachne/target/release/arachne generate modelset/raw-data/repo-ecore-all/data/tue-mdse/ocl-dataset/dataset/repos/MDEGroup/QMM-COMLAN-data/validation-subjects/metamodels/ej-ast.ecore -o /var/folders/24/3kt9vzrj6qzd_r760kn9ybsm0000gn/T/arachne-modelset-kd53r1ae/generated-00644 -p modelset-00644-81af94e0 [INFO  arachne] Starting code generation [INFO  arachne_codegen] Validating configuration [INFO  arachne_codegen] Parsing ecore metamodel: ""modelset/raw-data/repo-ecore-all/data/tue-mdse/ocl-dataset/dataset/repos/MDEGroup/QMM-COMLAN-data/validation-subjects/metamodels/ej-ast.ecore"" [INFO  arachne_codegen] Generating Rust tokens"
modelset/raw-data/repo-ecore-all/data/tue-mdse/ocl-dataset/dataset/repos/MDEGroup/QMM-COMLAN-data/validation-subjects/metamodels/fxg.ecore,false,false,false,"parse: failed to parse modelset/raw-data/repo-ecore-all/data/tue-mdse/ocl-dataset/dataset/repos/MDEGroup/QMM-COMLAN-data/validation-subjects/metamodels/fxg.ecore: unexpected class content failed to parse class `Graphic` line 14, column 5 current parser state: | `<eGenericSuperTypes eClassifier=""#//ContainerElement"">` | `      <eTypeArguments eClassifier=""#//FXGElement""/>` parsing failed"
modelset/raw-data/repo-ecore-all/data/tue-mdse/ocl-dataset/dataset/repos/MDEGroup/QMM-COMLAN-data/validation-subjects/metamodels/graphiti.ecore,false,false,false,"parse: failed to parse modelset/raw-data/repo-ecore-all/data/tue-mdse/ocl-dataset/dataset/repos/MDEGroup/QMM-COMLAN-data/validation-subjects/metamodels/graphiti.ecore: unexpected package content line 20, column 3 current parser state: | `<eSubpackages name=""pictograms"" nsURI=""http://eclipse.org/graphiti/mm/pictograms""` | `      nsPrefix=""pi"">` parsing failed"
modelset/raw-data/repo-ecore-all/data/tue-mdse/ocl-dataset/dataset/repos/MDEGroup/QMM-COMLAN-data/validation-subjects/metamodels/hExample_1_RHS.ecore,true,true,true,
modelset/raw-data/repo-ecore-all/data/tue-mdse/ocl-dataset/dataset/repos/MDEGroup/QMM-COMLAN-data/validation-subjects/metamodels/hExample_3_RHS.ecore,true,true,true,
modelset/raw-data/repo-ecore-all/data/tue-mdse/ocl-dataset/dataset/repos/MDEGroup/QMM-COMLAN-data/validation-subjects/metamodels/hExample_6_LHS.ecore,true,true,true,
modelset/raw-data/repo-ecore-all/data/tue-mdse/ocl-dataset/dataset/repos/MDEGroup/QMM-COMLAN-data/validation-subjects/metamodels/hockeyleague.ecore,true,true,true,
modelset/raw-data/repo-ecore-all/data/tue-mdse/ocl-dataset/dataset/repos/MDEGroup/QMM-COMLAN-data/validation-subjects/metamodels/jsflibraryregistry.ecore,false,false,false,"parse: failed to parse modelset/raw-data/repo-ecore-all/data/tue-mdse/ocl-dataset/dataset/repos/MDEGroup/QMM-COMLAN-data/validation-subjects/metamodels/jsflibraryregistry.ecore: unknown builtit class URL `http://www.eclipse.org/emf/2002/Ecore#//EEList` failed to parse class operation failed to parse class `JSFLibraryRegistry` line 10, column 133 current parser state: | `` | `      <eParameters name=""name"" lowerBound=""1"" eType=""ecore:EDataType http://www.eclipse.org/emf/2002/Ecore#//EString""/>` parsing failed"
modelset/raw-data/repo-ecore-all/data/tue-mdse/ocl-dataset/dataset/repos/MDEGroup/QMM-COMLAN-data/validation-subjects/metamodels/mprologTermReference.ecore,true,true,true,
modelset/raw-data/repo-ecore-all/data/tue-mdse/ocl-dataset/dataset/repos/MDEGroup/QMM-COMLAN-data/validation-subjects/metamodels/petrinet2.ecore,true,true,true,
modelset/raw-data/repo-ecore-all/data/tue-mdse/ocl-dataset/dataset/repos/MDEGroup/QMM-COMLAN-data/validation-subjects/metamodels/schoolIncqDerived.ecore,true,true,true,
modelset/raw-data/repo-ecore-all/data/tue-mdse/ocl-dataset/dataset/repos/MDEGroup/QMM-COMLAN-data/validation-subjects/metamodels/simpleGraph.ecore,false,false,false,"parse: failed to parse modelset/raw-data/repo-ecore-all/data/tue-mdse/ocl-dataset/dataset/repos/MDEGroup/QMM-COMLAN-data/validation-subjects/metamodels/simpleGraph.ecore: unknown builtit class URL `http://www.eclipse.org/emf/2002/Ecore#//EJavaObject` failed to parse structural features failed to parse class `Parameter` line 41, column 144 current parser state: | `` | `  </eClassifiers>` parsing failed"
modelset/raw-data/repo-ecore-all/data/tue-mdse/ocl-dataset/dataset/repos/MDEGroup/QMM-COMLAN-data/validation-subjects/metamodels/swml.ecore,false,false,false,"parse: failed to parse modelset/raw-data/repo-ecore-all/data/tue-mdse/ocl-dataset/dataset/repos/MDEGroup/QMM-COMLAN-data/validation-subjects/metamodels/swml.ecore: unknown builtit class URL `http://www.eclipse.org/emf/2002/Ecore#//EByteArray` failed to parse structural features failed to parse class `Icon` line 57, column 158 current parser state: | `` | `  </eClassifiers>` parsing failed"
modelset/raw-data/repo-ecore-all/data/tue-mdse/ocl-dataset/dataset/repos/MDEGroup/QMM-COMLAN-data/validation-subjects/metamodels/tar.ecore,true,true,true,
modelset/raw-data/repo-ecore-all/data/tue-mdse/ocl-dataset/dataset/repos/MDEGroup/QMM-COMLAN-data/validation-subjects/metamodels/uisut.ecore,true,true,true,
modelset/raw-data/repo-ecore-all/data/tue-mdse/ocl-dataset/dataset/repos/MDEGroup/QMM-COMLAN-data/validation-subjects/metamodels/web_service.ecore,true,true,true,
modelset/raw-data/repo-ecore-all/data/tue-mdse/ocl-dataset/dataset/repos/Mialus/M2/ibm/ATL_Logo2Java_20152/Metamodels/ASMLogo.ecore,true,false,false,"generate: [INFO  arachne] Starting code generation [INFO  arachne_codegen] Validating configuration [INFO  arachne_codegen] Parsing ecore metamodel: ""modelset/raw-data/repo-ecore-all/data/tue-mdse/ocl-dataset/dataset/repos/Mialus/M2/ibm/ATL_Logo2Java_20152/Metamodels/ASMLogo.ecore"" [WARN  ecore_rs::parser::raw] `eOpposite` attributes are currently not supported, ignoring [WARN  ecore_rs::parser::raw] `eOpposite` attributes are currently not supported, ignoring [INFO  arachne_codegen] Generating Rust tokens [INFO  arachne_codegen] Generating classifiers...  thread 'main' (911203) panicked at arachne-codegen/src/codegen/feature/attribute.rs:65:37: Failed to parse type: Integer note: run with `RUST_BACKTRACE=1` environment variable to display a backtrace"
modelset/raw-data/repo-ecore-all/data/tue-mdse/ocl-dataset/dataset/repos/Model-Engineering-AG-34/model-engineering-ws14/assignment1/ModelEngineeringUE1/model/forms.ecore,false,false,false,"parse: failed to parse modelset/raw-data/repo-ecore-all/data/tue-mdse/ocl-dataset/dataset/repos/Model-Engineering-AG-34/model-engineering-ws14/assignment1/ModelEngineeringUE1/model/forms.ecore: unknown builtit class URL `http://www.eclipse.org/emf/2002/Ecore#//EBigInteger` failed to parse structural features failed to parse class `Relationship` line 87, column 86 current parser state: | `` | `    <eStructuralFeatures xsi:type=""ecore:EAttribute"" name=""upperBound"" lowerBound=""1""` parsing failed"
modelset/raw-data/repo-ecore-all/data/tue-mdse/ocl-dataset/dataset/repos/ModelWriter/Demonstrations/eu.modelwriter.demonstration.alloyinecore/test/AnnotationTest.ecore,false,false,false,"parse: failed to parse modelset/raw-data/repo-ecore-all/data/tue-mdse/ocl-dataset/dataset/repos/ModelWriter/Demonstrations/eu.modelwriter.demonstration.alloyinecore/test/AnnotationTest.ecore: expected tag `<details` failed to parse package annotation line 5, column 5 current parser state: | `<eAnnotations source=""www.sub.annotation.test"" references=""#//SubPackage/SubTestClass"">` | `      <details key=""testKey"" value=""testValue""/>` parsing failed"
modelset/raw-data/repo-ecore-all/data/tue-mdse/ocl-dataset/dataset/repos/ModelWriter/Demonstrations/eu.modelwriter.demonstration.alloyinecore/test/Test.ecore,false,false,false,"parse: failed to parse modelset/raw-data/repo-ecore-all/data/tue-mdse/ocl-dataset/dataset/repos/ModelWriter/Demonstrations/eu.modelwriter.demonstration.alloyinecore/test/Test.ecore: expected tag `source` failed to parse structural feature annotation failed to parse structural features failed to parse class `Library` line 25, column 20 current parser state: | `/>` | `    </eStructuralFeatures>` parsing failed"
modelset/raw-data/repo-ecore-all/data/tue-mdse/ocl-dataset/dataset/repos/ModelWriter/Demonstrations/org.eclipse.ocl.examples.project.oclinecoretutorial/model/Test.ecore,true,true,true,
modelset/raw-data/repo-ecore-all/data/tue-mdse/ocl-dataset/dataset/repos/ModelWriter/Demonstrations/org.eclipse.ocl.examples.project.oclinecoretutorial/model/Tutorial.ecore,false,false,false,"parse: failed to parse modelset/raw-data/repo-ecore-all/data/tue-mdse/ocl-dataset/dataset/repos/ModelWriter/Demonstrations/org.eclipse.ocl.examples.project.oclinecoretutorial/model/Tutorial.ecore: unknown builtit class URL `http://www.eclipse.org/emf/2002/Ecore#//EBigInteger` failed to parse structural features failed to parse class `Book` line 36, column 86 current parser state: | `` | `    <eStructuralFeatures xsi:type=""ecore:EReference"" name=""library"" eType=""#//Library""` parsing failed"
modelset/raw-data/repo-ecore-all/data/tue-mdse/ocl-dataset/dataset/repos/ModelWriter/UC-TR-03/clafer4emf/ECore Models/trip.ecore,true,true,true,
modelset/raw-data/repo-ecore-all/data/tue-mdse/ocl-dataset/dataset/repos/ModelWriter/UC-TR-03/clafer4emf/com.clafer4emf.transformations.test/test.ecore,true,true,true,
modelset/raw-data/repo-ecore-all/data/tue-mdse/ocl-dataset/dataset/repos/ModelWriter/WP3/Source/eu.modelwriter.core.alloyinecore/src/test/resources/out/bookstore.ecore,false,false,false,"parse: failed to parse modelset/raw-data/repo-ecore-all/data/tue-mdse/ocl-dataset/dataset/repos/ModelWriter/WP3/Source/eu.modelwriter.core.alloyinecore/src/test/resources/out/bookstore.ecore: expected tag `>` failed to parse class annotation failed to parse class `BookStore` line 4, column 47 current parser state: | `references=""//Book"">` | `      <details value=""value""/>` parsing failed"
modelset/raw-data/repo-ecore-all/data/tue-mdse/ocl-dataset/dataset/repos/ModelWriter/WP3/Source/eu.modelwriter.core.alloyinecore.mapping/Tutorial.ecore,false,false,false,"parse: failed to parse modelset/raw-data/repo-ecore-all/data/tue-mdse/ocl-dataset/dataset/repos/ModelWriter/WP3/Source/eu.modelwriter.core.alloyinecore.mapping/Tutorial.ecore: unknown builtit class URL `http://www.eclipse.org/emf/2002/Ecore#//EBigInteger` failed to parse structural features failed to parse class `Book` line 20, column 101 current parser state: | `` | `    <eStructuralFeatures xsi:type=""ecore:EReference"" name=""library"" ordered=""false""` parsing failed"
modelset/raw-data/repo-ecore-all/data/tue-mdse/ocl-dataset/dataset/repos/ModelWriter/WP3/Source/eu.modelwriter.core.alloyinecore.mapping/test/My.ecore,false,false,false,"parse: failed to parse modelset/raw-data/repo-ecore-all/data/tue-mdse/ocl-dataset/dataset/repos/ModelWriter/WP3/Source/eu.modelwriter.core.alloyinecore.mapping/test/My.ecore: unexpected class content failed to parse class `C` line 5, column 5 current parser state: | `<eTypeParameters name=""CT"">` | `      <eBounds eClassifier=""ecore:EDataType http://www.eclipse.org/emf/2002/Ecore#//EDate""/>` parsing failed"
modelset/raw-data/repo-ecore-all/data/tue-mdse/ocl-dataset/dataset/repos/ModelWriter/WP3/Source/eu.modelwriter.core.alloyinecore.mapping/testTemp/AnnotationTestTemp.ecore,false,false,false,"parse: failed to parse modelset/raw-data/repo-ecore-all/data/tue-mdse/ocl-dataset/dataset/repos/ModelWriter/WP3/Source/eu.modelwriter.core.alloyinecore.mapping/testTemp/AnnotationTestTemp.ecore: expected tag `<details` failed to parse package annotation line 4, column 5 current parser state: | `<eAnnotations source=""www.sub.annotation.test"" references=""//SubPackage/SubTestClass"">` | `      <details key=""testKey"" value=""testValue""/>` parsing failed"
modelset/raw-data/repo-ecore-all/data/tue-mdse/ocl-dataset/dataset/repos/ModelWriter/WP3/Source/eu.modelwriter.core.alloyinecore.mapping/testTemp/AttrTestTemp.ecore,false,false,false,"parse: failed to parse modelset/raw-data/repo-ecore-all/data/tue-mdse/ocl-dataset/dataset/repos/ModelWriter/WP3/Source/eu.modelwriter.core.alloyinecore.mapping/testTemp/AttrTestTemp.ecore: Missing attribute `eType` in structural feature `testAttr` failed to parse structural features failed to parse class `TestClass` line 10, column 214 current parser state: | `` | `      <eAnnotations source=""http://www.modelwriter.eu/alloyinecore/visibility"">` parsing failed"
modelset/raw-data/repo-ecore-all/data/tue-mdse/ocl-dataset/dataset/repos/ModelWriter/WP3/Source/eu.modelwriter.core.alloyinecore.mapping/testTemp/EcoreTemp.ecore,false,false,false,"parse: failed to parse modelset/raw-data/repo-ecore-all/data/tue-mdse/ocl-dataset/dataset/repos/ModelWriter/WP3/Source/eu.modelwriter.core.alloyinecore.mapping/testTemp/EcoreTemp.ecore: unsupported `eType` path `//EBoolean` failed to parse structural features failed to parse class `EAttribute` line 7, column 100 current parser state: | `` | `    <eStructuralFeatures xsi:type=""ecore:EReference"" name=""eAttributeType"" ordered=""false"" lowerBound=""1"" eType=""//EDataType"" changeable=""false"" volatile=""true"" transient=""true"" derived=""true""/>` parsing failed"
modelset/raw-data/repo-ecore-all/data/tue-mdse/ocl-dataset/dataset/repos/ModelWriter/WP3/Source/eu.modelwriter.core.alloyinecore.mapping/testTemp/OperationTestTemp.ecore,false,false,false,"parse: failed to parse modelset/raw-data/repo-ecore-all/data/tue-mdse/ocl-dataset/dataset/repos/ModelWriter/WP3/Source/eu.modelwriter.core.alloyinecore.mapping/testTemp/OperationTestTemp.ecore: unexpected operation attribute `eExceptions` failed to parse class operation failed to parse class `TestClass` line 10, column 117 current parser state: | `>` | `      <eAnnotations source=""http://www.modelwriter.eu/alloyinecore/visibility"">` parsing failed"
modelset/raw-data/repo-ecore-all/data/tue-mdse/ocl-dataset/dataset/repos/NicolasR/CAR/robots/model/robot.ecore,false,false,false,"parse: failed to parse modelset/raw-data/repo-ecore-all/data/tue-mdse/ocl-dataset/dataset/repos/NicolasR/CAR/robots/model/robot.ecore: unknown builtit class URL `http://www.eclipse.org/emf/2002/Ecore#//EIntegerObject` failed to parse structural features failed to parse class `TInteger` line 61, column 147 current parser state: | `` | `  </eClassifiers>` parsing failed"
modelset/raw-data/repo-ecore-all/data/tue-mdse/ocl-dataset/dataset/repos/SINTEF-9012/cloudml-dsl/org.cloudml.dsl/model/CloudML-2.0.ecore,false,false,false,"parse: failed to parse modelset/raw-data/repo-ecore-all/data/tue-mdse/ocl-dataset/dataset/repos/SINTEF-9012/cloudml-dsl/org.cloudml.dsl/model/CloudML-2.0.ecore: unexpected package content line 8, column 3 current parser state: | `<eSubpackages name=""core"" nsURI=""http://cloudml.net/core"" nsPrefix=""net.cloudml.core"">` | `    <eAnnotations source=""http://www.eclipse.org/emf/2002/Ecore"">` parsing failed"
modelset/raw-data/repo-ecore-all/data/tue-mdse/ocl-dataset/dataset/repos/SOM-Research/EMFtoCSP/plugins/fr.inria.atlanmod.emftocsp.examples/samples/ecore/eShopOCLSAT.ecore,true,true,true,
modelset/raw-data/repo-ecore-all/data/tue-mdse/ocl-dataset/dataset/repos/SOM-Research/emf-rest/emf-rest-demos/old-version/Demo/models/Example.ecore,true,true,true,
modelset/raw-data/repo-ecore-all/data/tue-mdse/ocl-dataset/dataset/repos/SQuAT-Team/kamp-test/Commons/de.uka.ipd.sdq.units/model/Units.ecore,true,true,true,
modelset/raw-data/repo-ecore-all/data/tue-mdse/ocl-dataset/dataset/repos/SQuAT-Team/kamp-test/PCM/org.palladiosimulator.pcm.rsa/features/Ecore.ecore,false,false,false,"parse: failed to parse modelset/raw-data/repo-ecore-all/data/tue-mdse/ocl-dataset/dataset/repos/SQuAT-Team/kamp-test/PCM/org.palladiosimulator.pcm.rsa/features/Ecore.ecore: Missing attribute `eType` in structural feature `instanceClass` failed to parse structural features failed to parse class `EClassifier` line 110, column 57 current parser state: | `` | `      <eGenericType eClassifier=""#//EJavaClass"">` parsing failed"
modelset/raw-data/repo-ecore-all/data/tue-mdse/ocl-dataset/dataset/repos/Skabbkladden/TDT4250/e2/model/e2.ecore,false,false,false,"parse: failed to parse modelset/raw-data/repo-ecore-all/data/tue-mdse/ocl-dataset/dataset/repos/Skabbkladden/TDT4250/e2/model/e2.ecore: unknown builtit class URL `http://www.eclipse.org/emf/2002/Ecore#//EDate` failed to parse structural features failed to parse class `Lecture` line 13, column 152 current parser state: | `` | `    <eStructuralFeatures xsi:type=""ecore:EReference"" name=""Content"" lowerBound=""1""` parsing failed"
modelset/raw-data/repo-ecore-all/data/tue-mdse/ocl-dataset/dataset/repos/ThitGaRang/moliz/org.modelexecution.fuml.trace.uml2/model/statesmodel.ecore,false,false,false,"parse: failed to parse modelset/raw-data/repo-ecore-all/data/tue-mdse/ocl-dataset/dataset/repos/ThitGaRang/moliz/org.modelexecution.fuml.trace.uml2/model/statesmodel.ecore: unsupported `eType` path `ecore:EClass tracemodel_uml.ecore#//ValueSnapshot` failed to parse structural features failed to parse class `State` line 13, column 68 current parser state: | `` | `  </eClassifiers>` parsing failed"
modelset/raw-data/repo-ecore-all/data/tue-mdse/ocl-dataset/dataset/repos/ablunk/dmx/dev-plugins/hub.sam.dmx/resources/dbl.ecore,true,false,false,"generate: timeout after 120s: /arachne/target/release/arachne generate modelset/raw-data/repo-ecore-all/data/tue-mdse/ocl-dataset/dataset/repos/ablunk/dmx/dev-plugins/hub.sam.dmx/resources/dbl.ecore -o /var/folders/24/3kt9vzrj6qzd_r760kn9ybsm0000gn/T/arachne-modelset-kd53r1ae/generated-00683 -p modelset-00683-441d94a3 [INFO  arachne] Starting code generation [INFO  arachne_codegen] Validating configuration [INFO  arachne_codegen] Parsing ecore metamodel: ""modelset/raw-data/repo-ecore-all/data/tue-mdse/ocl-dataset/dataset/repos/ablunk/dmx/dev-plugins/hub.sam.dmx/resources/dbl.ecore"" [WARN  ecore_rs::parser::raw] `eOpposite` attributes are currently not supported, ignoring [WARN  ecore_rs::parser::raw] `eOpposite` attributes are currently not supported, ignoring [INFO  arachne_codegen] Generating Rust tokens"
modelset/raw-data/repo-ecore-all/data/tue-mdse/ocl-dataset/dataset/repos/ablunk/dmx/dev-plugins/hub.sam.tef.ecore/models/Ecore.ecore,false,false,false,"parse: failed to parse modelset/raw-data/repo-ecore-all/data/tue-mdse/ocl-dataset/dataset/repos/ablunk/dmx/dev-plugins/hub.sam.tef.ecore/models/Ecore.ecore: Missing attribute `eType` in structural feature `instanceClass` failed to parse structural features failed to parse class `EClassifier` line 110, column 57 current parser state: | `` | `      <eGenericType eClassifier=""#//EJavaClass"">` parsing failed"
modelset/raw-data/repo-ecore-all/data/tue-mdse/ocl-dataset/dataset/repos/adilinam/QVTdCaseStudy/org.eclipse.ocl/model/OCLCST.ecore,false,false,false,"parse: failed to parse modelset/raw-data/repo-ecore-all/data/tue-mdse/ocl-dataset/dataset/repos/adilinam/QVTdCaseStudy/org.eclipse.ocl/model/OCLCST.ecore: unexpected package content line 4, column 3 current parser state: | `<eSubpackages name=""cst"" nsURI=""http://www.eclipse.org/ocl/1.1.0/OCL/CST"" nsPrefix=""ocl.cst"">` | `    <eClassifiers xsi:type=""ecore:EClass"" name=""CSTNode"" abstract=""true"">` parsing failed"
modelset/raw-data/repo-ecore-all/data/tue-mdse/ocl-dataset/dataset/repos/adilinam/QVTdCaseStudy/org.eclipse.ocl.examples.impactanalyzer.testmodel.company/model/company.ecore,false,false,false,"parse: failed to parse modelset/raw-data/repo-ecore-all/data/tue-mdse/ocl-dataset/dataset/repos/adilinam/QVTdCaseStudy/org.eclipse.ocl.examples.impactanalyzer.testmodel.company/model/company.ecore: unknown builtit class URL `primitivetypes.ecore#//String` failed to parse structural features failed to parse class `Employee` line 23, column 121 current parser state: | `` | `    <eStructuralFeatures xsi:type=""ecore:EAttribute"" name=""age"" eType=""ecore:EDataType primitivetypes.ecore#//Integer""/>` parsing failed"
modelset/raw-data/repo-ecore-all/data/tue-mdse/ocl-dataset/dataset/repos/adilinam/QVTdCaseStudy/org.eclipse.ocl.examples.xtext.tests/model/OCLinEcoreTutorialForPivot.ecore,false,false,false,"parse: failed to parse modelset/raw-data/repo-ecore-all/data/tue-mdse/ocl-dataset/dataset/repos/adilinam/QVTdCaseStudy/org.eclipse.ocl.examples.xtext.tests/model/OCLinEcoreTutorialForPivot.ecore: unknown builtit class URL `http://www.eclipse.org/emf/2002/Ecore#//EBigInteger` failed to parse structural features failed to parse class `Book` line 36, column 86 current parser state: | `` | `    <eStructuralFeatures xsi:type=""ecore:EReference"" name=""library"" eType=""#//Library""` parsing failed"
modelset/raw-data/repo-ecore-all/data/tue-mdse/ocl-dataset/dataset/repos/adilinam/QVTdCaseStudy/org.eclipse.ocl.examples.xtext.tests/src/org/eclipse/ocl/examples/test/xtext/models/Bug477283B.ecore,false,false,false,"parse: failed to parse modelset/raw-data/repo-ecore-all/data/tue-mdse/ocl-dataset/dataset/repos/adilinam/QVTdCaseStudy/org.eclipse.ocl.examples.xtext.tests/src/org/eclipse/ocl/examples/test/xtext/models/Bug477283B.ecore: unsupported `eType` path `ecore:EClass Bug477283A.ecore#//asub/ASub` failed to parse structural features failed to parse class `B` line 5, column 116 current parser state: | `` | `  </eClassifiers>` parsing failed"
modelset/raw-data/repo-ecore-all/data/tue-mdse/ocl-dataset/dataset/repos/adilinam/QVTdCaseStudy/org.eclipse.ocl.examples.xtext.tests/src/org/eclipse/ocl/examples/test/xtext/models/OCL.ecore,false,false,false,"parse: failed to parse modelset/raw-data/repo-ecore-all/data/tue-mdse/ocl-dataset/dataset/repos/adilinam/QVTdCaseStudy/org.eclipse.ocl.examples.xtext.tests/src/org/eclipse/ocl/examples/test/xtext/models/OCL.ecore: unexpected package content line 4, column 3 current parser state: | `<eSubpackages name=""types"" nsURI=""http://www.eclipse.org/ocl/1.1.0/OCL/Types"" nsPrefix=""ocl.types"">` | `    <eClassifiers xsi:type=""ecore:EClass"" name=""AnyType"">` parsing failed"
modelset/raw-data/repo-ecore-all/data/tue-mdse/ocl-dataset/dataset/repos/adilinam/QVTdCaseStudy/org.eclipse.qvt.declarative.emof.emof/model/EMOF.ecore,false,false,false,"parse: failed to parse modelset/raw-data/repo-ecore-all/data/tue-mdse/ocl-dataset/dataset/repos/adilinam/QVTdCaseStudy/org.eclipse.qvt.declarative.emof.emof/model/EMOF.ecore: unexpected package attribute `xmi:id` expected one of `name` `nsURI` `nsPrefix` `xmi:version` `xmlns:xmi` `xmlns:xsi` `xmlns:ecore` line 5, column 5 current parser state: | `name=""EMOF"" nsURI=""http://schema.omg.org/spec/MOF/2.0/emof.xml"" nsPrefix=""emof"">` | `  <eClassifiers xsi:type=""ecore:EDataType"" xmi:id=""PrimitiveTypes.Boolean"" name=""Boolean""` parsing failed"
modelset/raw-data/repo-ecore-all/data/tue-mdse/ocl-dataset/dataset/repos/adilinam/QVTdCaseStudy/org.eclipse.qvt.declarative.test.emof/src/org/eclipse/qvt/declarative/test/emof/omg20070708Ecore/emof.ecore,true,false,false,"generate: [INFO  arachne] Starting code generation [INFO  arachne_codegen] Validating configuration [INFO  arachne_codegen] Parsing ecore metamodel: ""modelset/raw-data/repo-ecore-all/data/tue-mdse/ocl-dataset/dataset/repos/adilinam/QVTdCaseStudy/org.eclipse.qvt.declarative.test.emof/src/org/eclipse/qvt/declarative/test/emof/omg20070708Ecore/emof.ecore"" [WARN  ecore_rs::parser::raw] `eOpposite` attributes are currently not supported, ignoring [WARN  ecore_rs::parser::raw] `eOpposite` attributes are currently not supported, ignoring [WARN  ecore_rs::parser::raw] `eOpposite` attributes are currently not supported, ignoring [WARN  ecore_rs::parser::raw] `eOpposite` attributes are currently not supported, ignoring [WARN  ecore_rs::parser::raw] `eOpposite` attributes are currently not supported, ignoring [WARN  ecore_rs::parser::raw] `eOpposite` attributes are currently not supported, ignoring [WARN  ecore_rs::parser::raw] `eOpposite` attributes are currently not supported, ignoring [WARN  ecore_rs::parser::raw] `eOpposite` attributes are currently not supported, ignoring [WARN  ecore_rs::parser::raw] `eOpposite` attributes are currently not supported, ignoring [WARN  ecore_rs::parser::raw] `eOpposite` attributes are currently not supported, ignoring [WARN  ecore_rs::parser::raw] `eOpposite` attributes are currently not supported, ignoring [WARN  ecore_rs::parser::raw] `eOpposite` attributes are currently not supported, ignoring [INFO  arachne_codegen] Generating Rust tokens [INFO  arachne_codegen] Generating classifiers...  thread 'main' (916847) panicked at arachne-codegen/src/codegen/feature/attribute.rs:65:37: Failed to parse type: String note: run with `RUST_BACKTRACE=1` environment variable to display a backtrace"
modelset/raw-data/repo-ecore-all/data/tue-mdse/ocl-dataset/dataset/repos/adilinam/QVTdCaseStudy/org.eclipse.qvtd.build.etl.tests/src/org/eclipse/qvtd/build/etl/tests/HSV2HLS/HSV2HLS.ecore,false,false,false,"parse: failed to parse modelset/raw-data/repo-ecore-all/data/tue-mdse/ocl-dataset/dataset/repos/adilinam/QVTdCaseStudy/org.eclipse.qvtd.build.etl.tests/src/org/eclipse/qvtd/build/etl/tests/HSV2HLS/HSV2HLS.ecore: unsupported `eType` path `ecore:EClass HSVTree.ecore#//HSVNode` failed to parse structural features failed to parse class `HSVNode2HLSNode` line 11, column 125 current parser state: | `` | `      <eAnnotations source=""http://schema.omg.org/spec/MOF/2.0/emof.xml#Property.oppositeUpper"">` parsing failed"
modelset/raw-data/repo-ecore-all/data/tue-mdse/ocl-dataset/dataset/repos/adilinam/QVTdCaseStudy/org.eclipse.qvtd.build.etl.tests/src/org/eclipse/qvtd/build/etl/tests/UmlToRdbms/SimpleUML.ecore,true,true,true,
modelset/raw-data/repo-ecore-all/data/tue-mdse/ocl-dataset/dataset/repos/adilinam/QVTdCaseStudy/org.eclipse.qvtd.build.etl.tests/src/org/eclipse/qvtd/build/etl/tests/UmlToRdbms/SimpleUMLtoRDBMS.ecore,false,false,false,"parse: failed to parse modelset/raw-data/repo-ecore-all/data/tue-mdse/ocl-dataset/dataset/repos/adilinam/QVTdCaseStudy/org.eclipse.qvtd.build.etl.tests/src/org/eclipse/qvtd/build/etl/tests/UmlToRdbms/SimpleUMLtoRDBMS.ecore: unsupported `eType` path `ecore:EClass SimpleUML.ecore#//Association` failed to parse structural features failed to parse class `AssociationToForeignKey` line 9, column 124 current parser state: | `` | `      <eAnnotations source=""http://schema.omg.org/spec/MOF/2.0/emof.xml#Property.oppositeUpper"">` parsing failed"
modelset/raw-data/repo-ecore-all/data/tue-mdse/ocl-dataset/dataset/repos/adilinam/QVTdCaseStudy/org.eclipse.qvtd.cs2as.compiler.tests/src/org/eclipse/qvtd/cs2as/compiler/tests/models/example2/ClassesCS.ecore,false,false,false,"parse: failed to parse modelset/raw-data/repo-ecore-all/data/tue-mdse/ocl-dataset/dataset/repos/adilinam/QVTdCaseStudy/org.eclipse.qvtd.cs2as.compiler.tests/src/org/eclipse/qvtd/cs2as/compiler/tests/models/example2/ClassesCS.ecore: unsupported `eType` path `ecore:EClass http://www.eclipse.org/emf/2002/Ecore#//EObject` failed to parse structural features failed to parse class `ElementCS` line 6, column 135 current parser state: | `` | `  </eClassifiers>` parsing failed"
modelset/raw-data/repo-ecore-all/data/tue-mdse/ocl-dataset/dataset/repos/adilinam/QVTdCaseStudy/org.eclipse.qvtd.xtext.qvtcore.tests/src/org/eclipse/qvtd/xtext/qvtcore/tests/Class2RDBMS/SimpleRDBMS.ecore,true,true,true,
modelset/raw-data/repo-ecore-all/data/tue-mdse/ocl-dataset/dataset/repos/adilinam/QVTdCaseStudy/org.eclipse.qvtd.xtext.qvtimperative.tests/src/org/eclipse/qvtd/xtext/qvtimperative/tests/ClassesCS2AS/ClassesCS2AS.ecore,false,false,false,"parse: failed to parse modelset/raw-data/repo-ecore-all/data/tue-mdse/ocl-dataset/dataset/repos/adilinam/QVTdCaseStudy/org.eclipse.qvtd.xtext.qvtimperative.tests/src/org/eclipse/qvtd/xtext/qvtimperative/tests/ClassesCS2AS/ClassesCS2AS.ecore: unsupported `eType` path `ecore:EClass ClassesCS.ecore#//PackageCS` failed to parse structural features failed to parse class `PackageCS2Package` line 11, column 59 current parser state: | `` | `    <eStructuralFeatures xsi:type=""ecore:EReference"" name=""package"" lowerBound=""1""` parsing failed"
modelset/raw-data/repo-ecore-all/data/tue-mdse/ocl-dataset/dataset/repos/adilinam/QVTdCaseStudy/org.eclipse.qvtd.xtext.qvtimperative.tests/src/org/eclipse/qvtd/xtext/qvtimperative/tests/HSV2HLS/HSV2HLS.ecore,false,false,false,"parse: failed to parse modelset/raw-data/repo-ecore-all/data/tue-mdse/ocl-dataset/dataset/repos/adilinam/QVTdCaseStudy/org.eclipse.qvtd.xtext.qvtimperative.tests/src/org/eclipse/qvtd/xtext/qvtimperative/tests/HSV2HLS/HSV2HLS.ecore: unsupported `eType` path `ecore:EClass HSVTree.ecore#//HSVNode` failed to parse structural features failed to parse class `HSVNode2HLSNode` line 11, column 126 current parser state: | `` | `    <eStructuralFeatures xsi:type=""ecore:EReference"" name=""hls"" lowerBound=""1"" eType=""ecore:EClass HLSTree.ecore#//HLSNode""/>` parsing failed"
modelset/raw-data/repo-ecore-all/data/tue-mdse/ocl-dataset/dataset/repos/adilinam/QVTdCaseStudy/org.eclipse.qvtd.xtext.qvtimperative.tests/src/org/eclipse/qvtd/xtext/qvtimperative/tests/SimpleUML2RDBMS/SimpleRDBMS.ecore,true,true,true,
modelset/raw-data/repo-ecore-all/data/tue-mdse/ocl-dataset/dataset/repos/adilinam/QVTdCaseStudy/org.eclipse.qvtd.xtext.qvtimperative.tests/src/org/eclipse/qvtd/xtext/qvtimperative/tests/Tree2TallTree/Tree2TallTree.ecore,false,false,false,"parse: failed to parse modelset/raw-data/repo-ecore-all/data/tue-mdse/ocl-dataset/dataset/repos/adilinam/QVTdCaseStudy/org.eclipse.qvtd.xtext.qvtimperative.tests/src/org/eclipse/qvtd/xtext/qvtimperative/tests/Tree2TallTree/Tree2TallTree.ecore: unsupported `eType` path `ecore:EClass Tree.ecore#//Node` failed to parse structural features failed to parse class `Node2TallNode` line 11, column 121 current parser state: | `` | `    <eStructuralFeatures xsi:type=""ecore:EReference"" name=""tallNode"" lowerBound=""1""` parsing failed"
modelset/raw-data/repo-ecore-all/data/tue-mdse/ocl-dataset/dataset/repos/adilinam/QVTo-QVTd-OCL/org.eclipse.ocl.examples.xtext.tests/model/SysML_ValueTypes_QUDV.ecore,false,false,false,"parse: failed to parse modelset/raw-data/repo-ecore-all/data/tue-mdse/ocl-dataset/dataset/repos/adilinam/QVTo-QVTd-OCL/org.eclipse.ocl.examples.xtext.tests/model/SysML_ValueTypes_QUDV.ecore: unsupported `eType` path `//PrimitiveValueTypes/Number` failed to parse structural features failed to parse class `ROOT_RESOURCE_SHAPE_CONTAINER` line 12, column 157 current parser state: | `` | `    <eStructuralFeatures xsi:type=""ecore:EReference"" name=""quantityKind"" ordered=""false"" upperBound=""-1"" eType=""//UnitAndQuantityKind/QuantityKind"" containment=""true""/>` parsing failed"
modelset/raw-data/repo-ecore-all/data/tue-mdse/ocl-dataset/dataset/repos/adilinam/QVTo-QVTd-OCL/org.eclipse.ocl.examples.xtext.tests/src/org/eclipse/ocl/examples/test/xtext/models/RoyalAndLoyal.ecore,false,false,false,"parse: failed to parse modelset/raw-data/repo-ecore-all/data/tue-mdse/ocl-dataset/dataset/repos/adilinam/QVTo-QVTd-OCL/org.eclipse.ocl.examples.xtext.tests/src/org/eclipse/ocl/examples/test/xtext/models/RoyalAndLoyal.ecore: unknown builtit class URL `http://www.eclipse.org/emf/2002/Ecore#//EDoubleObject` failed to parse structural features failed to parse class `Transaction` line 31, column 147 current parser state: | `` | `    <eStructuralFeatures xsi:type=""ecore:EAttribute"" name=""points"" eType=""ecore:EDataType http://www.eclipse.org/emf/2002/Ecore#//EIntegerObject""/>` parsing failed"
modelset/raw-data/repo-ecore-all/data/tue-mdse/ocl-dataset/dataset/repos/adilinam/QVTo-QVTd-OCL/org.eclipse.ocl.examples.xtext.tests/src/org/eclipse/ocl/examples/test/xtext/models/States.ecore,true,true,true,
modelset/raw-data/repo-ecore-all/data/tue-mdse/ocl-dataset/dataset/repos/adilinam/QVTo-QVTd-OCL/org.eclipse.ocl.xtext.essentialocl/model/EssentialOCLCS.ecore,false,false,false,"parse: failed to parse modelset/raw-data/repo-ecore-all/data/tue-mdse/ocl-dataset/dataset/repos/adilinam/QVTo-QVTd-OCL/org.eclipse.ocl.xtext.essentialocl/model/EssentialOCLCS.ecore: unsupported `eType` path `ecore:EClass ../../org.eclipse.ocl.xtext.base/model/BaseCS.ecore#//PathNameCS` failed to parse structural features failed to parse class `AbstractNameExpCS` line 16, column 29 current parser state: | `` | `    <eStructuralFeatures xsi:type=""ecore:EReference"" name=""ownedRoundBracketedClause""` parsing failed"
modelset/raw-data/repo-ecore-all/data/tue-mdse/ocl-dataset/dataset/repos/adilinam/QVTo-QVTd-OCL/org.eclipse.qvt/model/ecore/EssentialOCL.ecore,false,false,false,"parse: failed to parse modelset/raw-data/repo-ecore-all/data/tue-mdse/ocl-dataset/dataset/repos/adilinam/QVTo-QVTd-OCL/org.eclipse.qvt/model/ecore/EssentialOCL.ecore: unexpected package attribute `xmi:id` expected one of `name` `nsURI` `nsPrefix` `xmi:version` `xmlns:xmi` `xmlns:xsi` `xmlns:ecore` line 3, column 79 current parser state: | `name=""EssentialOCL"" nsURI=""http://www.omg.org/spec/QVT/20151201/EssentialOCL""` | `    nsPrefix=""essentialocl"">` parsing failed"
modelset/raw-data/repo-ecore-all/data/tue-mdse/ocl-dataset/dataset/repos/adilinam/QVTo-QVTd-OCL/org.eclipse.qvt/model/traditionalEcore/EssentialOCL.ecore,false,false,false,"parse: failed to parse modelset/raw-data/repo-ecore-all/data/tue-mdse/ocl-dataset/dataset/repos/adilinam/QVTo-QVTd-OCL/org.eclipse.qvt/model/traditionalEcore/EssentialOCL.ecore: unexpected package attribute `xmi:id` expected one of `name` `nsURI` `nsPrefix` `xmi:version` `xmlns:xmi` `xmlns:xsi` `xmlns:ecore` line 2, column 198 current parser state: | `name=""EssentialOCL"" nsURI=""http://schema.omg.org/spec/QVT/1.1/essentialocl.xml"" nsPrefix=""essentialocl"">` | `  <eClassifiers xsi:type=""ecore:EClass"" xmi:id=""EssentialOCL.AnyType"" name=""AnyType"">` parsing failed"
modelset/raw-data/repo-ecore-all/data/tue-mdse/ocl-dataset/dataset/repos/adilinam/QVTo-QVTd-OCL/org.eclipse.qvt/model/traditionalEcore/ImperativeOCL.ecore,false,false,false,"parse: failed to parse modelset/raw-data/repo-ecore-all/data/tue-mdse/ocl-dataset/dataset/repos/adilinam/QVTo-QVTd-OCL/org.eclipse.qvt/model/traditionalEcore/ImperativeOCL.ecore: unexpected package attribute `xmi:id` expected one of `name` `nsURI` `nsPrefix` `xmi:version` `xmlns:xmi` `xmlns:xsi` `xmlns:ecore` line 2, column 199 current parser state: | `name=""ImperativeOCL"" nsURI=""http://schema.omg.org/spec/QVT/1.1/imperativeocl.xml"" nsPrefix=""imperativeocl"">` | `  <eClassifiers xsi:type=""ecore:EClass"" xmi:id=""ImperativeOCL.AltExp"" name=""AltExp"" eSuperTypes=""ImperativeOCL.ImperativeExpression"">` parsing failed"
modelset/raw-data/repo-ecore-all/data/tue-mdse/ocl-dataset/dataset/repos/adilinam/QVTo-QVTd-OCL/org.eclipse.qvt/model/traditionalEcore/QVT.ecore,false,false,false,"parse: failed to parse modelset/raw-data/repo-ecore-all/data/tue-mdse/ocl-dataset/dataset/repos/adilinam/QVTo-QVTd-OCL/org.eclipse.qvt/model/traditionalEcore/QVT.ecore: unexpected content at package level line 2, column 1 current parser state: | `<xmi:XMI xmi:version=""2.0"" xmlns:xmi=""http://www.omg.org/XMI"" xmlns:xsi=""http://www.w3.org/2001/XMLSchema-instance"" xmlns:ecore=""http://www.eclipse.org/emf/2002/Ecore"">` | `  <ecore:EPackage xmi:id=""EMOF"" name=""EMOF"" nsURI=""http://schema.omg.org/spec/MOF/2.0/emof.xml"" nsPrefix=""emof"">` parsing failed"
modelset/raw-data/repo-ecore-all/data/tue-mdse/ocl-dataset/dataset/repos/adilinam/QVTo-QVTd-OCL/org.eclipse.qvt.declarative.parser/model/QVTCST.ecore,false,false,false,"parse: failed to parse modelset/raw-data/repo-ecore-all/data/tue-mdse/ocl-dataset/dataset/repos/adilinam/QVTo-QVTd-OCL/org.eclipse.qvt.declarative.parser/model/QVTCST.ecore: unexpected package content line 6, column 3 current parser state: | `<eSubpackages name=""cst"" nsURI=""http://www.eclipse.org/qvt/1.0/QVTcst"" nsPrefix=""eqvtrcst"">` | `    <eClassifiers xsi:type=""ecore:EClass"" name=""ErrorNode"">` parsing failed"
modelset/raw-data/repo-ecore-all/data/tue-mdse/ocl-dataset/dataset/repos/adilinam/QVTo-QVTd-OCL/org.eclipse.qvt.declarative.parser.qvtcore/model/QVTcCST.ecore,false,false,false,"parse: failed to parse modelset/raw-data/repo-ecore-all/data/tue-mdse/ocl-dataset/dataset/repos/adilinam/QVTo-QVTd-OCL/org.eclipse.qvt.declarative.parser.qvtcore/model/QVTcCST.ecore: unexpected package content line 6, column 3 current parser state: | `<eSubpackages name=""cst"" nsURI=""http://www.eclipse.org/qvt/1.0/QVTCorecst"" nsPrefix=""qvtccst"">` | `    <eClassifiers xsi:type=""ecore:EClass"" name=""AreaCS"" abstract=""true"" eSuperTypes=""../../org.eclipse.qvt.declarative.parser/model/QVTCST.ecore#//cst/IdentifiedCS"">` parsing failed"
modelset/raw-data/repo-ecore-all/data/tue-mdse/ocl-dataset/dataset/repos/adilinam/QVTo-QVTd-OCL/org.eclipse.qvt.declarative.test.emof/src/org/eclipse/qvt/declarative/test/emof/omg20070708Ecore/imperativeocl.ecore,false,false,false,"parse: failed to parse modelset/raw-data/repo-ecore-all/data/tue-mdse/ocl-dataset/dataset/repos/adilinam/QVTo-QVTd-OCL/org.eclipse.qvt.declarative.test.emof/src/org/eclipse/qvt/declarative/test/emof/omg20070708Ecore/imperativeocl.ecore: unsupported `eType` path `ecore:EClass essentialocl.ecore#//OclExpression` failed to parse structural features failed to parse class `AssignExp` line 8, column 85 current parser state: | `` | `    <eStructuralFeatures xsi:type=""ecore:EReference"" name=""left"" lowerBound=""1"" eType=""ecore:EClass essentialocl.ecore#//OclExpression""` parsing failed"
modelset/raw-data/repo-ecore-all/data/tue-mdse/ocl-dataset/dataset/repos/adilinam/QVTo-QVTd-OCL/org.eclipse.qvtd.build.etl.tests/model/QVTcDataDependencyGraph.ecore,false,false,false,"parse: failed to parse modelset/raw-data/repo-ecore-all/data/tue-mdse/ocl-dataset/dataset/repos/adilinam/QVTo-QVTd-OCL/org.eclipse.qvtd.build.etl.tests/model/QVTcDataDependencyGraph.ecore: unsupported `eType` path `ecore:EClass http://www.eclipse.org/emf/2002/Ecore#//EObject` failed to parse structural features failed to parse class `DataTypeNode` line 12, column 79 current parser state: | `` | `    <eStructuralFeatures xsi:type=""ecore:EReference"" name=""type"" lowerBound=""1"" eType=""ecore:EClass http://www.eclipse.org/emf/2002/Ecore#//EObject""/>` parsing failed"
modelset/raw-data/repo-ecore-all/data/tue-mdse/ocl-dataset/dataset/repos/adilinam/QVTo-QVTd-OCL/org.eclipse.qvtd.build.etl.tests/src/org/eclipse/qvtd/build/etl/tests/Families2Persons/Persons.ecore,true,true,true,
modelset/raw-data/repo-ecore-all/data/tue-mdse/ocl-dataset/dataset/repos/adilinam/QVTo-QVTd-OCL/org.eclipse.qvtd.build.etl.tests/src/org/eclipse/qvtd/build/etl/tests/HSV2HLS/HSVTree.ecore,true,false,false,"generate: [INFO  arachne] Starting code generation [INFO  arachne_codegen] Validating configuration [INFO  arachne_codegen] Parsing ecore metamodel: ""modelset/raw-data/repo-ecore-all/data/tue-mdse/ocl-dataset/dataset/repos/adilinam/QVTo-QVTd-OCL/org.eclipse.qvtd.build.etl.tests/src/org/eclipse/qvtd/build/etl/tests/HSV2HLS/HSVTree.ecore"" [WARN  ecore_rs::parser::raw] `eOpposite` attributes are currently not supported, ignoring [WARN  ecore_rs::parser::raw] `eOpposite` attributes are currently not supported, ignoring [INFO  arachne_codegen] Generating Rust tokens [INFO  arachne_codegen] Generating classifiers...  thread 'main' (918719) panicked at arachne-codegen/src/codegen/feature/attribute.rs:65:37: Failed to parse type: HSV note: run with `RUST_BACKTRACE=1` environment variable to display a backtrace"
modelset/raw-data/repo-ecore-all/data/tue-mdse/ocl-dataset/dataset/repos/adilinam/QVTo-QVTd-OCL/org.eclipse.qvtd.cs2as.compiler.tests/src/org/eclipse/qvtd/cs2as/compiler/tests/models/example3/KiamaCS.ecore,false,false,false,"parse: failed to parse modelset/raw-data/repo-ecore-all/data/tue-mdse/ocl-dataset/dataset/repos/adilinam/QVTo-QVTd-OCL/org.eclipse.qvtd.cs2as.compiler.tests/src/org/eclipse/qvtd/cs2as/compiler/tests/models/example3/KiamaCS.ecore: unsupported `eType` path `ecore:EClass http://www.eclipse.org/emf/2002/Ecore#//EObject` failed to parse structural features failed to parse class `BaseCS` line 19, column 135 current parser state: | `` | `  </eClassifiers>` parsing failed"
modelset/raw-data/repo-ecore-all/data/tue-mdse/ocl-dataset/dataset/repos/adilinam/QVTo-QVTd-OCL/org.eclipse.qvtd.xtext.qvtcore.tests/src/org/eclipse/qvtd/xtext/qvtcore/tests/Class2RDBMS/UMLtoRDBMS.ecore,false,false,false,"parse: failed to parse modelset/raw-data/repo-ecore-all/data/tue-mdse/ocl-dataset/dataset/repos/adilinam/QVTo-QVTd-OCL/org.eclipse.qvtd.xtext.qvtcore.tests/src/org/eclipse/qvtd/xtext/qvtcore/tests/Class2RDBMS/UMLtoRDBMS.ecore: unsupported `eType` path `ecore:EClass SimpleUML.ecore#//Association` failed to parse structural features failed to parse class `AssociationToForeignKey` line 13, column 125 current parser state: | `` | `    <eStructuralFeatures xsi:type=""ecore:EReference"" name=""foreignKey"" eType=""ecore:EClass SimpleRDBMS.ecore#//ForeignKey""/>` parsing failed"
modelset/raw-data/repo-ecore-all/data/tue-mdse/ocl-dataset/dataset/repos/adilinam/QVTo-QVTd-OCL/org.eclipse.qvtd.xtext.qvtcore.tests/src/org/eclipse/qvtd/xtext/qvtcore/tests/models/SimpleRdbms.ecore,true,true,true,
modelset/raw-data/repo-ecore-all/data/tue-mdse/ocl-dataset/dataset/repos/adilinam/QVTo-QVTd-OCL/org.eclipse.qvtd.xtext.qvtimperative.tests/src/org/eclipse/qvtd/xtext/qvtimperative/tests/HSV2HLS/HLSTree.ecore,true,false,false,"generate: [INFO  arachne] Starting code generation [INFO  arachne_codegen] Validating configuration [INFO  arachne_codegen] Parsing ecore metamodel: ""modelset/raw-data/repo-ecore-all/data/tue-mdse/ocl-dataset/dataset/repos/adilinam/QVTo-QVTd-OCL/org.eclipse.qvtd.xtext.qvtimperative.tests/src/org/eclipse/qvtd/xtext/qvtimperative/tests/HSV2HLS/HLSTree.ecore"" [WARN  ecore_rs::parser::raw] `eOpposite` attributes are currently not supported, ignoring [WARN  ecore_rs::parser::raw] `eOpposite` attributes are currently not supported, ignoring [INFO  arachne_codegen] Generating Rust tokens [INFO  arachne_codegen] Generating classifiers...  thread 'main' (918935) panicked at arachne-codegen/src/codegen/feature/attribute.rs:65:37: Failed to parse type: HLS note: run with `RUST_BACKTRACE=1` environment variable to display a backtrace"
modelset/raw-data/repo-ecore-all/data/tue-mdse/ocl-dataset/dataset/repos/adilinam/QVTo-QVTd-OCL/org.eclipse.qvto.examples.pivot.qvtoperational/model/QVTOperational.ecore,false,false,false,"parse: failed to parse modelset/raw-data/repo-ecore-all/data/tue-mdse/ocl-dataset/dataset/repos/adilinam/QVTo-QVTd-OCL/org.eclipse.qvto.examples.pivot.qvtoperational/model/QVTOperational.ecore: unexpected package attribute `xmi:id` expected one of `name` `nsURI` `nsPrefix` `xmi:version` `xmlns:xmi` `xmlns:xsi` `xmlns:ecore` line 3, column 81 current parser state: | `name=""qvtoperational"" nsURI=""http://www.eclipse.org/qvt/pivot/1.0/QVTOperational""` | `    nsPrefix=""qvtoperational"">` parsing failed"
modelset/raw-data/repo-ecore-all/data/tue-mdse/ocl-dataset/dataset/repos/adisandro/MMINT/examples/NECSIS14/CD-NECSIS14_ClassDiagram.ecore,false,false,false,"parse: failed to parse modelset/raw-data/repo-ecore-all/data/tue-mdse/ocl-dataset/dataset/repos/adisandro/MMINT/examples/NECSIS14/CD-NECSIS14_ClassDiagram.ecore: expected tag `>` failed to parse class annotation failed to parse class `ClassDiagram` line 6, column 39 current parser state: | `/>` | `    <eStructuralFeatures xsi:type=""ecore:EReference"" name=""classes"" upperBound=""-1""` parsing failed"
modelset/raw-data/repo-ecore-all/data/tue-mdse/ocl-dataset/dataset/repos/adisandro/MMINT/plugins/Types/ClassDiagram/edu.toronto.cs.se.modelepedia.classdiagram/model/classdiagram.ecore,false,false,false,"parse: failed to parse modelset/raw-data/repo-ecore-all/data/tue-mdse/ocl-dataset/dataset/repos/adisandro/MMINT/plugins/Types/ClassDiagram/edu.toronto.cs.se.modelepedia.classdiagram/model/classdiagram.ecore: expected tag `>` failed to parse class annotation failed to parse class `ClassDiagram` line 11, column 39 current parser state: | `/>` | `    <eStructuralFeatures xsi:type=""ecore:EReference"" name=""classes"" upperBound=""-1""` parsing failed"
modelset/raw-data/repo-ecore-all/data/tue-mdse/ocl-dataset/dataset/repos/adisandro/MMINT/tests/edu.toronto.cs.se.modelepedia.tests/model/kleisli/NECSIS14_DatabaseSchema.ecore,false,false,false,"parse: failed to parse modelset/raw-data/repo-ecore-all/data/tue-mdse/ocl-dataset/dataset/repos/adisandro/MMINT/tests/edu.toronto.cs.se.modelepedia.tests/model/kleisli/NECSIS14_DatabaseSchema.ecore: expected tag `>` failed to parse class annotation failed to parse class `DatabaseSchema` line 11, column 39 current parser state: | `/>` | `    <eStructuralFeatures xsi:type=""ecore:EReference"" name=""tables"" upperBound=""-1""` parsing failed"
modelset/raw-data/repo-ecore-all/data/tue-mdse/ocl-dataset/dataset/repos/adolfosbh/cs2as/oclDependencyAnalysis/example/example2/ClassesCS.ecore,true,true,true,
modelset/raw-data/repo-ecore-all/data/tue-mdse/ocl-dataset/dataset/repos/adolfosbh/cs2as/oclDependencyAnalysis/example/example3/KiamaCS.ecore,true,true,true,
modelset/raw-data/repo-ecore-all/data/tue-mdse/ocl-dataset/dataset/repos/adolfosbh/cs2as/oclDependencyAnalysis.tests/src/ocldependencyanalysis/tests/TargetMM1.ecore,true,true,true,
modelset/raw-data/repo-ecore-all/data/tue-mdse/ocl-dataset/dataset/repos/adolfosbh/cs2as/org.spoofax.example.companies.as/model/Company.ecore,true,true,true,
modelset/raw-data/repo-ecore-all/data/tue-mdse/ocl-dataset/dataset/repos/adolfosbh/cs2as/org.xtext.example.abnf/model/Ecore.ecore,false,false,false,"parse: failed to parse modelset/raw-data/repo-ecore-all/data/tue-mdse/ocl-dataset/dataset/repos/adolfosbh/cs2as/org.xtext.example.abnf/model/Ecore.ecore: Missing attribute `eType` in structural feature `instanceClass` failed to parse structural features failed to parse class `EClassifier` line 108, column 57 current parser state: | `` | `      <eGenericType eClassifier=""#//EJavaClass"">` parsing failed"
modelset/raw-data/repo-ecore-all/data/tue-mdse/ocl-dataset/dataset/repos/adolfosbh/cs2as/org.xtext.example.companies/model/generated/Companies.ecore,false,false,false,"parse: failed to parse modelset/raw-data/repo-ecore-all/data/tue-mdse/ocl-dataset/dataset/repos/adolfosbh/cs2as/org.xtext.example.companies/model/generated/Companies.ecore: unsupported `eType` path `ecore:EClass ../Company.ecore#//Visitable` failed to parse structural features failed to parse class `CSTrace` line 35, column 27 current parser state: | `` | `  </eClassifiers>` parsing failed"
modelset/raw-data/repo-ecore-all/data/tue-mdse/ocl-dataset/dataset/repos/adolfosbh/cs2as/org.xtext.example.delphi/model/generated/Delphi.ecore,false,false,false,"parse: failed to parse modelset/raw-data/repo-ecore-all/data/tue-mdse/ocl-dataset/dataset/repos/adolfosbh/cs2as/org.xtext.example.delphi/model/generated/Delphi.ecore: unsupported `eType` path `ecore:EClass ../astm.ecore#//Visitable` failed to parse structural features failed to parse class `CSTrace` line 647, column 27 current parser state: | `` | `  </eClassifiers>` parsing failed"
modelset/raw-data/repo-ecore-all/data/tue-mdse/ocl-dataset/dataset/repos/adolfosbh/cs2as/org.xtext.example.plsql/model/generated/DDL.ecore,true,true,true,
modelset/raw-data/repo-ecore-all/data/tue-mdse/ocl-dataset/dataset/repos/adolfosbh/cs2as/uk.ac.york.cs.asbh.lang.cs2as/model/SourceMM1.ecore,false,false,false,"parse: failed to parse modelset/raw-data/repo-ecore-all/data/tue-mdse/ocl-dataset/dataset/repos/adolfosbh/cs2as/uk.ac.york.cs.asbh.lang.cs2as/model/SourceMM1.ecore: unsupported `eType` path `ecore:EClass http://www.eclipse.org/emf/2002/Ecore#//EObject` failed to parse structural features failed to parse class `SElement` line 31, column 27 current parser state: | `` | `  </eClassifiers>` parsing failed"
modelset/raw-data/repo-ecore-all/data/tue-mdse/ocl-dataset/dataset/repos/adolfosbh/cs2as/uk.ac.york.cs.asbh.lang.cs2as/model/TargetMM1.ecore,true,true,true,
modelset/raw-data/repo-ecore-all/data/tue-mdse/ocl-dataset/dataset/repos/adolfosbh/cs2as/uk.ac.york.cs.miniocl.xtext/model/generated/MiniOCL.ecore,true,true,true,
modelset/raw-data/repo-ecore-all/data/tue-mdse/ocl-dataset/dataset/repos/ajgustafsson/mde/petrinet/se.chalmers.cse.mde2014.petrinet.graphicalEditor/model/petrinet.ecore,true,true,true,
modelset/raw-data/repo-ecore-all/data/tue-mdse/ocl-dataset/dataset/repos/andymcr/webgen/uk.ac.man.cs.mdsd.webgen.model/model/website.ecore,false,false,false,"parse: failed to parse modelset/raw-data/repo-ecore-all/data/tue-mdse/ocl-dataset/dataset/repos/andymcr/webgen/uk.ac.man.cs.mdsd.webgen.model/model/website.ecore: unsupported `eType` path `ecore:EClass ../../uk.ac.man.cs.mdsd.criteria.model/model/Criteria.ecore#//Expression` failed to parse structural features failed to parse class `Attribute` line 297, column 29 current parser state: | `` | `    <eStructuralFeatures xsi:type=""ecore:EAttribute"" name=""placeholder"" ordered=""false""` parsing failed"
modelset/raw-data/repo-ecore-all/data/tue-mdse/ocl-dataset/dataset/repos/antoniogarmendia/Hawk-EMFSplitter_Integration/org.miso.mondo.wt.cs/patterns/StateMachineUnnamed.ecore,false,false,false,"parse: failed to parse modelset/raw-data/repo-ecore-all/data/tue-mdse/ocl-dataset/dataset/repos/antoniogarmendia/Hawk-EMFSplitter_Integration/org.miso.mondo.wt.cs/patterns/StateMachineUnnamed.ecore: unknown builtit class URL `http://www.eclipse.org/emf/2002/Ecore#//EJavaObject` failed to parse structural features failed to parse class `StateVertex` line 12, column 143 current parser state: | `` | `    <eStructuralFeatures xsi:type=""ecore:EReference"" name=""outgoing"" upperBound=""-1""` parsing failed"
modelset/raw-data/repo-ecore-all/data/tue-mdse/ocl-dataset/dataset/repos/arnobl/kompren/kompren-examples/eclipseProjectTemplate/sampleEcore.ecore,true,true,true,
modelset/raw-data/repo-ecore-all/data/tue-mdse/ocl-dataset/dataset/repos/arnobl/kompren/kompren-examples/examples.strictEcore/src/test/java/model/sample1.ecore,true,true,true,
modelset/raw-data/repo-ecore-all/data/tue-mdse/ocl-dataset/dataset/repos/awortmann/xmontiarc/ur1.diverse.automata.model/ur1.diverse.automata.model/automata.ecore,false,false,false,"parse: failed to parse modelset/raw-data/repo-ecore-all/data/tue-mdse/ocl-dataset/dataset/repos/awortmann/xmontiarc/ur1.diverse.automata.model/ur1.diverse.automata.model/automata.ecore: unsupported `eType` path `//State` failed to parse structural features failed to parse class `Automaton` line 4, column 120 current parser state: | `` | `    <eStructuralFeatures xsi:type=""ecore:EReference"" name=""transitions"" upperBound=""-1"" eType=""//Transition"" containment=""true""/>` parsing failed"
modelset/raw-data/repo-ecore-all/data/tue-mdse/ocl-dataset/dataset/repos/cfollet/projet_idm/models/StateMachine.ecore,true,false,false,"generate: [INFO  arachne] Starting code generation [INFO  arachne_codegen] Validating configuration [INFO  arachne_codegen] Parsing ecore metamodel: ""modelset/raw-data/repo-ecore-all/data/tue-mdse/ocl-dataset/dataset/repos/cfollet/projet_idm/models/StateMachine.ecore"" [WARN  ecore_rs::parser::raw] `eOpposite` attributes are currently not supported, ignoring [WARN  ecore_rs::parser::raw] `eOpposite` attributes are currently not supported, ignoring [INFO  arachne_codegen] Generating Rust tokens [ERROR arachne] Error: Failed to find a root class in `SimplStateMachine` package"
modelset/raw-data/repo-ecore-all/data/tue-mdse/ocl-dataset/dataset/repos/cproinger/context-manager/ctxmngr/model/ctxmngr.ecore,false,false,false,"parse: failed to parse modelset/raw-data/repo-ecore-all/data/tue-mdse/ocl-dataset/dataset/repos/cproinger/context-manager/ctxmngr/model/ctxmngr.ecore: unsupported `eType` path `ecore:EClass ../../mngr/model/mngr.ecore#//Manager` failed to parse structural features failed to parse class `ContextManager` line 16, column 69 current parser state: | `` | `    <eStructuralFeatures xsi:type=""ecore:EReference"" name=""remoteFirings"" upperBound=""-1""` parsing failed"
modelset/raw-data/repo-ecore-all/data/tue-mdse/ocl-dataset/dataset/repos/d3sreq/foam-tool/org.foam.models/models/tracemap.ecore,false,false,false,"parse: failed to parse modelset/raw-data/repo-ecore-all/data/tue-mdse/ocl-dataset/dataset/repos/d3sreq/foam-tool/org.foam.models/models/tracemap.ecore: unexpected class content failed to parse class `TraceEntry` line 5, column 5 current parser state: | `<eTypeParameters name=""K""/>` | `    <eTypeParameters name=""V""/>` parsing failed"
modelset/raw-data/repo-ecore-all/data/tue-mdse/ocl-dataset/dataset/repos/damenac/puzzle/examples/demo-ICSR/puzzle.empirical.hierarchicalDomains/metamodels/fsm.ecore,false,false,false,"parse: failed to parse modelset/raw-data/repo-ecore-all/data/tue-mdse/ocl-dataset/dataset/repos/damenac/puzzle/examples/demo-ICSR/puzzle.empirical.hierarchicalDomains/metamodels/fsm.ecore: expected tag `>` failed to parse structural feature annotation failed to parse structural features failed to parse class `Transition` line 39, column 38 current parser state: | `/>` | `    </eStructuralFeatures>` parsing failed"
modelset/raw-data/repo-ecore-all/data/tue-mdse/ocl-dataset/dataset/repos/damenac/puzzle/examples/demo-ICSR/puzzle.examples.fsm.harel.metamodel/models/fsmHarel.ecore,false,false,false,"parse: failed to parse modelset/raw-data/repo-ecore-all/data/tue-mdse/ocl-dataset/dataset/repos/damenac/puzzle/examples/demo-ICSR/puzzle.examples.fsm.harel.metamodel/models/fsmHarel.ecore: unsupported `eType` path `//Region` failed to parse structural features failed to parse class `StateMachine` line 4, column 122 current parser state: | `` | `  </eClassifiers>` parsing failed"
modelset/raw-data/repo-ecore-all/data/tue-mdse/ocl-dataset/dataset/repos/damenac/puzzle/examples/demo-ICSR/puzzle.examples.fsm.rhapsody.metamodel/models/fsmRhapsody.ecore,false,false,false,"parse: failed to parse modelset/raw-data/repo-ecore-all/data/tue-mdse/ocl-dataset/dataset/repos/damenac/puzzle/examples/demo-ICSR/puzzle.examples.fsm.rhapsody.metamodel/models/fsmRhapsody.ecore: unsupported `eType` path `//Region` failed to parse structural features failed to parse class `StateMachine` line 4, column 122 current parser state: | `` | `  </eClassifiers>` parsing failed"
modelset/raw-data/repo-ecore-all/data/tue-mdse/ocl-dataset/dataset/repos/damenac/puzzle/examples/empirical-study/puzzle.empirical.study/githubmetamodels/ApplauseDsl.ecore,true,true,true,
modelset/raw-data/repo-ecore-all/data/tue-mdse/ocl-dataset/dataset/repos/damenac/puzzle/examples/empirical-study/puzzle.empirical.study/githubmetamodels/Cal.ecore,false,false,false,"parse: failed to parse modelset/raw-data/repo-ecore-all/data/tue-mdse/ocl-dataset/dataset/repos/damenac/puzzle/examples/empirical-study/puzzle.empirical.study/githubmetamodels/Cal.ecore: unsupported `eType` path `ecore:EClass http://www.eclipse.org/emf/2002/Ecore#//EObject` failed to parse structural features failed to parse class `AstNamespace` line 20, column 98 current parser state: | `` | `    <eStructuralFeatures xsi:type=""ecore:EReference"" name=""annotations"" upperBound=""-1""` parsing failed"
modelset/raw-data/repo-ecore-all/data/tue-mdse/ocl-dataset/dataset/repos/damenac/puzzle/examples/empirical-study/puzzle.empirical.study/githubmetamodels/DdlDsl.ecore,true,true,true,
modelset/raw-data/repo-ecore-all/data/tue-mdse/ocl-dataset/dataset/repos/damenac/puzzle/examples/empirical-study/puzzle.empirical.study/githubmetamodels/EcdarText.ecore,false,false,false,"parse: failed to parse modelset/raw-data/repo-ecore-all/data/tue-mdse/ocl-dataset/dataset/repos/damenac/puzzle/examples/empirical-study/puzzle.empirical.study/githubmetamodels/EcdarText.ecore: unsupported `eType` path `ecore:EClass http://www.eclipse.org/emf/2002/Ecore#//EObject` failed to parse structural features failed to parse class `ETReference` line 451, column 138 current parser state: | `` | `  </eClassifiers>` parsing failed"
modelset/raw-data/repo-ecore-all/data/tue-mdse/ocl-dataset/dataset/repos/damenac/puzzle/examples/empirical-study/puzzle.empirical.study/githubmetamodels/FlowGraph.ecore,true,true,true,
modelset/raw-data/repo-ecore-all/data/tue-mdse/ocl-dataset/dataset/repos/damenac/puzzle/examples/empirical-study/puzzle.empirical.study/githubmetamodels/Freemind.ecore,false,false,false,"parse: failed to parse modelset/raw-data/repo-ecore-all/data/tue-mdse/ocl-dataset/dataset/repos/damenac/puzzle/examples/empirical-study/puzzle.empirical.study/githubmetamodels/Freemind.ecore: unknown builtit class URL `http://www.eclipse.org/emf/2003/XMLType#//String` failed to parse structural features failed to parse class `ArrowlinkType` line 14, column 140 current parser state: | `` | `      <eAnnotations source=""http:///org/eclipse/emf/ecore/util/ExtendedMetaData"">` parsing failed"
modelset/raw-data/repo-ecore-all/data/tue-mdse/ocl-dataset/dataset/repos/damenac/puzzle/examples/empirical-study/puzzle.empirical.study/githubmetamodels/JDTAST.ecore,false,false,false,"parse: failed to parse modelset/raw-data/repo-ecore-all/data/tue-mdse/ocl-dataset/dataset/repos/damenac/puzzle/examples/empirical-study/puzzle.empirical.study/githubmetamodels/JDTAST.ecore: unexpected content at package level line 2, column 1 current parser state: | `<xmi:XMI xmi:version=""2.0"" xmlns:xmi=""http://www.omg.org/XMI"" xmlns:xsi=""http://www.w3.org/2001/XMLSchema-instance""` | `    xmlns:ecore=""http://www.eclipse.org/emf/2002/Ecore"">` parsing failed"
modelset/raw-data/repo-ecore-all/data/tue-mdse/ocl-dataset/dataset/repos/damenac/puzzle/examples/empirical-study/puzzle.empirical.study/githubmetamodels/JavaVMTypes.ecore,false,false,false,"parse: failed to parse modelset/raw-data/repo-ecore-all/data/tue-mdse/ocl-dataset/dataset/repos/damenac/puzzle/examples/empirical-study/puzzle.empirical.study/githubmetamodels/JavaVMTypes.ecore: unexpected operation content failed to parse class operation failed to parse class `JvmDeclaredType` line 45, column 7 current parser state: | `<eGenericType eClassifier=""#//Iterable"">` | `        <eTypeArguments eClassifier=""#//JvmOperation""/>` parsing failed"
modelset/raw-data/repo-ecore-all/data/tue-mdse/ocl-dataset/dataset/repos/damenac/puzzle/examples/empirical-study/puzzle.empirical.study/githubmetamodels/MTLCST.ecore,false,false,false,"parse: failed to parse modelset/raw-data/repo-ecore-all/data/tue-mdse/ocl-dataset/dataset/repos/damenac/puzzle/examples/empirical-study/puzzle.empirical.study/githubmetamodels/MTLCST.ecore: unknown builtit class URL `platform:/plugin/org.eclipse.emf.ecore/model/Ecore.ecore#//EInt` failed to parse structural features failed to parse class `CSTNode` line 7, column 164 current parser state: | `` | `    <eStructuralFeatures xsi:type=""ecore:EAttribute"" name=""endPosition"" eType=""ecore:EDataType platform:/plugin/org.eclipse.emf.ecore/model/Ecore.ecore#//EInt""/>` parsing failed"
modelset/raw-data/repo-ecore-all/data/tue-mdse/ocl-dataset/dataset/repos/damenac/puzzle/examples/empirical-study/puzzle.empirical.study/githubmetamodels/People.ecore,true,true,true,
modelset/raw-data/repo-ecore-all/data/tue-mdse/ocl-dataset/dataset/repos/damenac/puzzle/examples/empirical-study/puzzle.empirical.study/githubmetamodels/PetriNet.ecore,true,true,true,
modelset/raw-data/repo-ecore-all/data/tue-mdse/ocl-dataset/dataset/repos/damenac/puzzle/examples/empirical-study/puzzle.empirical.study/githubmetamodels/SimpleUML.ecore,true,true,true,
modelset/raw-data/repo-ecore-all/data/tue-mdse/ocl-dataset/dataset/repos/damenac/puzzle/examples/empirical-study/puzzle.empirical.study/githubmetamodels/SmallJava.ecore,true,true,true,
modelset/raw-data/repo-ecore-all/data/tue-mdse/ocl-dataset/dataset/repos/damenac/puzzle/examples/empirical-study/puzzle.empirical.study/githubmetamodels/backbone.ecore,true,true,true,
modelset/raw-data/repo-ecore-all/data/tue-mdse/ocl-dataset/dataset/repos/damenac/puzzle/examples/empirical-study/puzzle.empirical.study/githubmetamodels/bootstrap.ecore,true,true,true,
modelset/raw-data/repo-ecore-all/data/tue-mdse/ocl-dataset/dataset/repos/damenac/puzzle/examples/empirical-study/puzzle.empirical.study/githubmetamodels/dbl.ecore,false,false,false,"parse: failed to parse modelset/raw-data/repo-ecore-all/data/tue-mdse/ocl-dataset/dataset/repos/damenac/puzzle/examples/empirical-study/puzzle.empirical.study/githubmetamodels/dbl.ecore: unknown builtit class URL `http://www.eclipse.org/emf/2002/Ecore#//EBigInteger` failed to parse structural features failed to parse class `TestStatement` line 532, column 86 current parser state: | `` | `  </eClassifiers>` parsing failed"
modelset/raw-data/repo-ecore-all/data/tue-mdse/ocl-dataset/dataset/repos/damenac/puzzle/examples/empirical-study/puzzle.empirical.study/githubmetamodels/decobat.ecore,false,false,false,"parse: failed to parse modelset/raw-data/repo-ecore-all/data/tue-mdse/ocl-dataset/dataset/repos/damenac/puzzle/examples/empirical-study/puzzle.empirical.study/githubmetamodels/decobat.ecore: unknown builtit class URL `http://www.eclipse.org/emf/2002/Ecore#//EDate` failed to parse structural features failed to parse class `Project` line 8, column 140 current parser state: | `` | `    <eStructuralFeatures xsi:type=""ecore:EAttribute"" name=""closed"" eType=""ecore:EDataType http://www.eclipse.org/emf/2002/Ecore#//EDate""/>` parsing failed"
modelset/raw-data/repo-ecore-all/data/tue-mdse/ocl-dataset/dataset/repos/damenac/puzzle/examples/empirical-study/puzzle.empirical.study/githubmetamodels/education.ecore,true,true,true,
modelset/raw-data/repo-ecore-all/data/tue-mdse/ocl-dataset/dataset/repos/damenac/puzzle/examples/empirical-study/puzzle.empirical.study/githubmetamodels/epo2.ecore,true,false,false,"generate: [INFO  arachne] Starting code generation [INFO  arachne_codegen] Validating configuration [INFO  arachne_codegen] Parsing ecore metamodel: ""modelset/raw-data/repo-ecore-all/data/tue-mdse/ocl-dataset/dataset/repos/damenac/puzzle/examples/empirical-study/puzzle.empirical.study/githubmetamodels/epo2.ecore"" [WARN  ecore_rs::parser::raw] `eOpposite` attributes are currently not supported, ignoring [WARN  ecore_rs::parser::raw] `eOpposite` attributes are currently not supported, ignoring [WARN  ecore_rs::parser::raw] `eOpposite` attributes are currently not supported, ignoring [WARN  ecore_rs::parser::raw] `eOpposite` attributes are currently not supported, ignoring [INFO  arachne_codegen] Generating Rust tokens [INFO  arachne_codegen] Generating classifiers...  thread 'main' (923552) panicked at arachne-codegen/src/codegen/feature/attribute.rs:65:37: Failed to parse type: Date note: run with `RUST_BACKTRACE=1` environment variable to display a backtrace"
modelset/raw-data/repo-ecore-all/data/tue-mdse/ocl-dataset/dataset/repos/damenac/puzzle/examples/empirical-study/puzzle.empirical.study/githubmetamodels/etunit.ecore,false,false,false,"parse: failed to parse modelset/raw-data/repo-ecore-all/data/tue-mdse/ocl-dataset/dataset/repos/damenac/puzzle/examples/empirical-study/puzzle.empirical.study/githubmetamodels/etunit.ecore: unknown builtit class URL `http://www.eclipse.org/emf/2002/Ecore#//EFeatureMapEntry` failed to parse structural features failed to parse class `DocumentRoot` line 19, column 90 current parser state: | `` | `      <eAnnotations source=""http:///org/eclipse/emf/ecore/util/ExtendedMetaData"">` parsing failed"
modelset/raw-data/repo-ecore-all/data/tue-mdse/ocl-dataset/dataset/repos/damenac/puzzle/examples/empirical-study/puzzle.empirical.study/githubmetamodels/graph.ecore,true,false,false,"generate: [INFO  arachne] Starting code generation [INFO  arachne_codegen] Validating configuration [INFO  arachne_codegen] Parsing ecore metamodel: ""modelset/raw-data/repo-ecore-all/data/tue-mdse/ocl-dataset/dataset/repos/damenac/puzzle/examples/empirical-study/puzzle.empirical.study/githubmetamodels/graph.ecore"" [INFO  arachne_codegen] Generating Rust tokens [INFO  arachne_codegen] Generating classifiers...  thread 'main' (923564) panicked at arachne-codegen/src/codegen/feature/attribute.rs:65:37: Failed to parse type: Image note: run with `RUST_BACKTRACE=1` environment variable to display a backtrace"
modelset/raw-data/repo-ecore-all/data/tue-mdse/ocl-dataset/dataset/repos/damenac/puzzle/examples/empirical-study/puzzle.empirical.study/githubmetamodels/house.ecore,true,true,true,
modelset/raw-data/repo-ecore-all/data/tue-mdse/ocl-dataset/dataset/repos/damenac/puzzle/examples/empirical-study/puzzle.empirical.study/githubmetamodels/jamopp.ecore,false,false,false,"parse: failed to parse modelset/raw-data/repo-ecore-all/data/tue-mdse/ocl-dataset/dataset/repos/damenac/puzzle/examples/empirical-study/puzzle.empirical.study/githubmetamodels/jamopp.ecore: unexpected package attribute `xmi:id` expected one of `name` `nsURI` `nsPrefix` `xmi:version` `xmlns:xmi` `xmlns:xsi` `xmlns:ecore` line 3, column 90 current parser state: | `name=""java"" nsURI=""http://www.emftext.org/java""` | `    nsPrefix=""java"">` parsing failed"
modelset/raw-data/repo-ecore-all/data/tue-mdse/ocl-dataset/dataset/repos/damenac/puzzle/examples/empirical-study/puzzle.empirical.study/githubmetamodels/majordomo.ecore,false,false,false,"parse: failed to parse modelset/raw-data/repo-ecore-all/data/tue-mdse/ocl-dataset/dataset/repos/damenac/puzzle/examples/empirical-study/puzzle.empirical.study/githubmetamodels/majordomo.ecore: expected tag `>` failed to parse package annotation line 4, column 48 current parser state: | `references=""#//Comparator"">` | `    <details key=""GT: Greater than""/>` parsing failed"
modelset/raw-data/repo-ecore-all/data/tue-mdse/ocl-dataset/dataset/repos/damenac/puzzle/examples/empirical-study/puzzle.empirical.study/githubmetamodels/metric.ecore,false,false,false,"parse: failed to parse modelset/raw-data/repo-ecore-all/data/tue-mdse/ocl-dataset/dataset/repos/damenac/puzzle/examples/empirical-study/puzzle.empirical.study/githubmetamodels/metric.ecore: unknown builtit class URL `http://www.eclipse.org/emf/2002/Ecore#//EDoubleObject` failed to parse structural features failed to parse class `Metric` line 11, column 146 current parser state: | `` | `  </eClassifiers>` parsing failed"
modelset/raw-data/repo-ecore-all/data/tue-mdse/ocl-dataset/dataset/repos/damenac/puzzle/examples/empirical-study/puzzle.empirical.study/githubmetamodels/min_uml1.ecore,true,true,true,
modelset/raw-data/repo-ecore-all/data/tue-mdse/ocl-dataset/dataset/repos/damenac/puzzle/examples/empirical-study/puzzle.empirical.study/githubmetamodels/reviews.ecore,false,false,false,"parse: failed to parse modelset/raw-data/repo-ecore-all/data/tue-mdse/ocl-dataset/dataset/repos/damenac/puzzle/examples/empirical-study/puzzle.empirical.study/githubmetamodels/reviews.ecore: unexpected structural feature attribute `eKeys` failed to parse structural features failed to parse class `Repository` line 77, column 79 current parser state: | `/>` | `    <eStructuralFeatures xsi:type=""ecore:EAttribute"" name=""taskRepositoryUrl"" eType=""ecore:EDataType http://www.eclipse.org/emf/2002/Ecore#//EString""/>` parsing failed"
modelset/raw-data/repo-ecore-all/data/tue-mdse/ocl-dataset/dataset/repos/damenac/puzzle/examples/empirical-study/puzzle.empirical.study/githubmetamodels/smach.ecore,false,false,false,"parse: failed to parse modelset/raw-data/repo-ecore-all/data/tue-mdse/ocl-dataset/dataset/repos/damenac/puzzle/examples/empirical-study/puzzle.empirical.study/githubmetamodels/smach.ecore: unsupported `eType` path `ros.ecore#//Node` line 24, column 18 current parser state: | `` | `  <eClassifiers xsi:type=""ecore:EClass"" name=""SMACHTransition"">` parsing failed"
modelset/raw-data/repo-ecore-all/data/tue-mdse/ocl-dataset/dataset/repos/damenac/puzzle/examples/empirical-study/puzzle.empirical.study/githubmetamodels/tp5.ecore,false,false,false,"parse: failed to parse modelset/raw-data/repo-ecore-all/data/tue-mdse/ocl-dataset/dataset/repos/damenac/puzzle/examples/empirical-study/puzzle.empirical.study/githubmetamodels/tp5.ecore: expected identifier failed to parse package annotation line 7, column 34 current parser state: | `/>` | `    <details key=""line=dash""/>` parsing failed"
modelset/raw-data/repo-ecore-all/data/tue-mdse/ocl-dataset/dataset/repos/damenac/puzzle/examples/empirical-study/puzzle.empirical.study/githubmetamodels/training.ecore,false,false,false,"parse: failed to parse modelset/raw-data/repo-ecore-all/data/tue-mdse/ocl-dataset/dataset/repos/damenac/puzzle/examples/empirical-study/puzzle.empirical.study/githubmetamodels/training.ecore: unknown builtit class URL `http://www.eclipse.org/emf/2002/Ecore#//EDate` failed to parse structural features failed to parse class `Session` line 9, column 137 current parser state: | `` | `    <eStructuralFeatures xsi:type=""ecore:EReference"" name=""trainer"" lowerBound=""1""` parsing failed"
modelset/raw-data/repo-ecore-all/data/tue-mdse/ocl-dataset/dataset/repos/damenac/puzzle/examples/empirical-study/puzzle.empirical.study/githubmetamodels/xmof.ecore,false,false,false,"parse: failed to parse modelset/raw-data/repo-ecore-all/data/tue-mdse/ocl-dataset/dataset/repos/damenac/puzzle/examples/empirical-study/puzzle.empirical.study/githubmetamodels/xmof.ecore: unexpected package attribute `xsi:schemaLocation` expected one of `name` `nsURI` `nsPrefix` `xmi:version` `xmlns:xmi` `xmlns:xsi` `xmlns:ecore` line 4, column 5 current parser state: | `name=""xmof"" nsURI=""http://www.modelexecution.org/xmof"" nsPrefix=""xmof"">` | `  <eSubpackages name=""Syntax"" nsURI=""http://www.modelexecution.org/xmof/syntax"" nsPrefix=""fUML.Syntax"">` parsing failed"
modelset/raw-data/repo-ecore-all/data/tue-mdse/ocl-dataset/dataset/repos/damenac/puzzle/examples/empirical-study/puzzle.empirical.study/temp/ABC.ecore,true,true,true,
modelset/raw-data/repo-ecore-all/data/tue-mdse/ocl-dataset/dataset/repos/damenac/puzzle/examples/empirical-study/puzzle.empirical.study/temp/arduino.ecore,false,false,false,"parse: failed to parse modelset/raw-data/repo-ecore-all/data/tue-mdse/ocl-dataset/dataset/repos/damenac/puzzle/examples/empirical-study/puzzle.empirical.study/temp/arduino.ecore: unsupported `eType` path `ecore:EClass http://www.eclipse.org/emf/2002/Ecore#//EObject` failed to parse structural features failed to parse class `Precondition1` line 80, column 29 current parser state: | `` | `  </eClassifiers>` parsing failed"
modelset/raw-data/repo-ecore-all/data/tue-mdse/ocl-dataset/dataset/repos/damenac/puzzle/examples/empirical-study/puzzle.empirical.study/temp/atl_types.ecore,false,false,false,"parse: failed to parse modelset/raw-data/repo-ecore-all/data/tue-mdse/ocl-dataset/dataset/repos/damenac/puzzle/examples/empirical-study/puzzle.empirical.study/temp/atl_types.ecore: unsupported `eType` path `ecore:EClass http://www.eclipse.org/emf/2002/Ecore#//EObject` failed to parse structural features failed to parse class `EnumType` line 35, column 152 current parser state: | `` | `  </eClassifiers>` parsing failed"
modelset/raw-data/repo-ecore-all/data/tue-mdse/ocl-dataset/dataset/repos/damenac/puzzle/examples/fsm-logo-flowchart/puzzle.examples.overlap.flowchart.metamodel/models/flowchart.ecore,false,false,false,"parse: failed to parse modelset/raw-data/repo-ecore-all/data/tue-mdse/ocl-dataset/dataset/repos/damenac/puzzle/examples/fsm-logo-flowchart/puzzle.examples.overlap.flowchart.metamodel/models/flowchart.ecore: Missing attribute `eType` in structural feature `name` failed to parse structural features failed to parse class `NamedElement` line 4, column 66 current parser state: | `` | `      <eType xsi:type=""ecore:EDataType"" href=""http://www.eclipse.org/emf/2002/Ecore#//EString""/>` parsing failed"
modelset/raw-data/repo-ecore-all/data/tue-mdse/ocl-dataset/dataset/repos/damenac/puzzle/examples/fsm-logo-flowchart/puzzle.examples.overlap.logo.metamodel/models/logo.ecore,false,false,false,"parse: failed to parse modelset/raw-data/repo-ecore-all/data/tue-mdse/ocl-dataset/dataset/repos/damenac/puzzle/examples/fsm-logo-flowchart/puzzle.examples.overlap.logo.metamodel/models/logo.ecore: unsupported `eType` path `//VarDecl` failed to parse structural features failed to parse class `LogoProgram` line 4, column 125 current parser state: | `` | `    <eStructuralFeatures xsi:type=""ecore:EReference"" name=""instructions"" upperBound=""-1"" eType=""//Instruction"" containment=""true""/>` parsing failed"
modelset/raw-data/repo-ecore-all/data/tue-mdse/ocl-dataset/dataset/repos/damenac/puzzle/examples/logo/fr.inria.diverse.examples.logo.complete.syntax/models/Logo.ecore,true,true,true,
modelset/raw-data/repo-ecore-all/data/tue-mdse/ocl-dataset/dataset/repos/damenac/puzzle/examples/logo/fr.inria.diverse.examples.logo.primitives.syntax/models/Primitives.ecore,false,false,false,"parse: failed to parse modelset/raw-data/repo-ecore-all/data/tue-mdse/ocl-dataset/dataset/repos/damenac/puzzle/examples/logo/fr.inria.diverse.examples.logo.primitives.syntax/models/Primitives.ecore: expected tag `>` failed to parse class annotation failed to parse class `Expression` line 28, column 36 current parser state: | `/>` | `    <eOperations name=""eval"" eType=""ecore:EDataType http://www.eclipse.org/emf/2002/Ecore#//EJavaObject"">` parsing failed"
modelset/raw-data/repo-ecore-all/data/tue-mdse/ocl-dataset/dataset/repos/damenac/puzzle/examples/modularization/fr.inria.diverse.examples.logo.syntax/models/Logo.ecore,false,false,false,"parse: failed to parse modelset/raw-data/repo-ecore-all/data/tue-mdse/ocl-dataset/dataset/repos/damenac/puzzle/examples/modularization/fr.inria.diverse.examples.logo.syntax/models/Logo.ecore: unsupported `eType` path `//Primitive` failed to parse structural features failed to parse class `LogoProgram` line 4, column 128 current parser state: | `` | `  </eClassifiers>` parsing failed"
modelset/raw-data/repo-ecore-all/data/tue-mdse/ocl-dataset/dataset/repos/damenac/puzzle/examples/modularized-state-machines/fr.inria.diverse.puzzle.examples.fsm.syntax/models/fsm-provided.ecore,false,false,false,"parse: failed to parse modelset/raw-data/repo-ecore-all/data/tue-mdse/ocl-dataset/dataset/repos/damenac/puzzle/examples/modularized-state-machines/fr.inria.diverse.puzzle.examples.fsm.syntax/models/fsm-provided.ecore: expected tag `>` failed to parse class annotation failed to parse class `StateMachine` line 5, column 36 current parser state: | `/>` | `  </eClassifiers>` parsing failed"
modelset/raw-data/repo-ecore-all/data/tue-mdse/ocl-dataset/dataset/repos/damenac/puzzle/examples/modularized-state-machines/fr.inria.diverse.puzzle.examples.hfsm.syntax/models/hfsm.ecore,false,false,false,"parse: failed to parse modelset/raw-data/repo-ecore-all/data/tue-mdse/ocl-dataset/dataset/repos/damenac/puzzle/examples/modularized-state-machines/fr.inria.diverse.puzzle.examples.hfsm.syntax/models/hfsm.ecore: expected tag `>` failed to parse class annotation failed to parse class `State` line 5, column 36 current parser state: | `/>` | `    <eStructuralFeatures xsi:type=""ecore:EReference"" name=""ownedRegions"" upperBound=""-1""` parsing failed"
modelset/raw-data/repo-ecore-all/data/tue-mdse/ocl-dataset/dataset/repos/damenac/puzzle/examples/protocol-languages/fr.inria.diverse.puzzle.abc/models/ABC.ecore,false,false,false,"parse: failed to parse modelset/raw-data/repo-ecore-all/data/tue-mdse/ocl-dataset/dataset/repos/damenac/puzzle/examples/protocol-languages/fr.inria.diverse.puzzle.abc/models/ABC.ecore: unsupported `eType` path `//B` failed to parse structural features failed to parse class `A` line 4, column 113 current parser state: | `` | `  </eClassifiers>` parsing failed"
modelset/raw-data/repo-ecore-all/data/tue-mdse/ocl-dataset/dataset/repos/damenac/puzzle/examples/uml/fr.inria.diverse.puzzle.uml.activities.metamodel/models/Activities-provided.ecore,false,false,false,"parse: failed to parse modelset/raw-data/repo-ecore-all/data/tue-mdse/ocl-dataset/dataset/repos/damenac/puzzle/examples/uml/fr.inria.diverse.puzzle.uml.activities.metamodel/models/Activities-provided.ecore: Missing attribute `eType` in structural feature `isReadOnly` failed to parse structural features failed to parse class `Activity` line 4, column 72 current parser state: | `` | `      <eType xsi:type=""ecore:EDataType"" href=""http://www.eclipse.org/emf/2002/Ecore#//EBoolean""/>` parsing failed"
modelset/raw-data/repo-ecore-all/data/tue-mdse/ocl-dataset/dataset/repos/damenac/puzzle/examples/uml/fr.inria.diverse.puzzle.uml.activities.metamodel/models/Activities.ecore,false,false,false,"parse: failed to parse modelset/raw-data/repo-ecore-all/data/tue-mdse/ocl-dataset/dataset/repos/damenac/puzzle/examples/uml/fr.inria.diverse.puzzle.uml.activities.metamodel/models/Activities.ecore: unexpected package content line 5, column 3 current parser state: | `<eSubpackages name=""FundamentalActivities"" nsURI=""http://fr.inria.diverse.puzzle.uml/Activities/FundamentalActivities""` | `      nsPrefix=""FundamentalActivities"">` parsing failed"
modelset/raw-data/repo-ecore-all/data/tue-mdse/ocl-dataset/dataset/repos/damenac/puzzle/examples/uml/fr.inria.diverse.puzzle.uml.classes.metamodel/models/Classes.ecore,false,false,false,"parse: failed to parse modelset/raw-data/repo-ecore-all/data/tue-mdse/ocl-dataset/dataset/repos/damenac/puzzle/examples/uml/fr.inria.diverse.puzzle.uml.classes.metamodel/models/Classes.ecore: unexpected package content line 5, column 3 current parser state: | `<eSubpackages name=""Kernel"" nsURI=""http://fr.inria.diverse.puzzle.uml/Classes/Kernel""` | `      nsPrefix=""Kernel"">` parsing failed"
modelset/raw-data/repo-ecore-all/data/tue-mdse/ocl-dataset/dataset/repos/damenac/puzzle/examples/uml/fr.inria.diverse.puzzle.uml.commonbehaviors.metamodel/models/CommonBehavior.ecore,false,false,false,"parse: failed to parse modelset/raw-data/repo-ecore-all/data/tue-mdse/ocl-dataset/dataset/repos/damenac/puzzle/examples/uml/fr.inria.diverse.puzzle.uml.commonbehaviors.metamodel/models/CommonBehavior.ecore: unexpected package content line 3, column 3 current parser state: | `<eSubpackages name=""BasicBehavior"" nsURI=""http://fr.inria.diverse.puzzle.uml/CommonBehavior/BasicBehavior"" nsPrefix=""BasicBehavior"">` | `    <eClassifiers xsi:type=""ecore:EClass"" name=""BehavioredClassifier"" eSuperTypes=""//BasicBehavior/Classifier"">` parsing failed"
modelset/raw-data/repo-ecore-all/data/tue-mdse/ocl-dataset/dataset/repos/damenac/puzzle/examples/uml/fr.inria.diverse.puzzle.uml.composedLanguage/composition-gen/CompleteDSL.ecore,false,false,false,"parse: failed to parse modelset/raw-data/repo-ecore-all/data/tue-mdse/ocl-dataset/dataset/repos/damenac/puzzle/examples/uml/fr.inria.diverse.puzzle.uml.composedLanguage/composition-gen/CompleteDSL.ecore: unsupported `eType` path `//Comment` failed to parse structural features failed to parse class `Element` line 4, column 164 current parser state: | `` | `    <eStructuralFeatures xsi:type=""ecore:EReference"" name=""ownedElement"" upperBound=""-1"" eType=""//Element"" containment=""true"" eOpposite=""//Element/owner""/>` parsing failed"
modelset/raw-data/repo-ecore-all/data/tue-mdse/ocl-dataset/dataset/repos/damenac/puzzle/examples/uml/fr.inria.diverse.puzzle.uml.statemachines.metamodel/models/StateMachines-provided.ecore,false,false,false,"parse: failed to parse modelset/raw-data/repo-ecore-all/data/tue-mdse/ocl-dataset/dataset/repos/damenac/puzzle/examples/uml/fr.inria.diverse.puzzle.uml.statemachines.metamodel/models/StateMachines-provided.ecore: unsupported `eType` path `//Region` failed to parse structural features failed to parse class `StateMachine` line 4, column 136 current parser state: | `` | `    <eStructuralFeatures xsi:type=""ecore:EReference"" name=""connectionPoint"" upperBound=""-1"" eType=""//Pseudostate"" containment=""true""/>` parsing failed"
modelset/raw-data/repo-ecore-all/data/tue-mdse/ocl-dataset/dataset/repos/damenac/puzzle/examples/uml/fr.inria.diverse.puzzle.uml.statemachines.metamodel/models/StateMachines.ecore,false,false,false,"parse: failed to parse modelset/raw-data/repo-ecore-all/data/tue-mdse/ocl-dataset/dataset/repos/damenac/puzzle/examples/uml/fr.inria.diverse.puzzle.uml.statemachines.metamodel/models/StateMachines.ecore: unexpected package content line 3, column 3 current parser state: | `<eSubpackages name=""BehaviorStateMachines"" nsURI=""http://fr.inria.diverse.puzzle.uml/StateMachines/BehaviorStateMachines"" nsPrefix=""BehaviorStateMachines"">` | `    <eClassifiers xsi:type=""ecore:EClass"" name=""Behavior"" abstract=""true"">` parsing failed"
modelset/raw-data/repo-ecore-all/data/tue-mdse/ocl-dataset/dataset/repos/damenac/puzzle/plugins/fr.inria.diverse.puzzle.merge/data-test/fsmcore.ecore,false,false,false,"parse: failed to parse modelset/raw-data/repo-ecore-all/data/tue-mdse/ocl-dataset/dataset/repos/damenac/puzzle/plugins/fr.inria.diverse.puzzle.merge/data-test/fsmcore.ecore: unsupported `eType` path `ecore:EClass fsmcore-Required.ecore#//Program` failed to parse structural features failed to parse class `State` line 12, column 29 current parser state: | `` | `    <eStructuralFeatures xsi:type=""ecore:EReference"" name=""incoming"" upperBound=""-1""` parsing failed"
modelset/raw-data/repo-ecore-all/data/tue-mdse/ocl-dataset/dataset/repos/damenac/puzzle/plugins/fr.inria.diverse.puzzle.metrics/temp/CFG.ecore,false,false,false,"parse: failed to parse modelset/raw-data/repo-ecore-all/data/tue-mdse/ocl-dataset/dataset/repos/damenac/puzzle/plugins/fr.inria.diverse.puzzle.metrics/temp/CFG.ecore: expected tag `>` failed to parse package annotation line 6, column 37 current parser state: | `/>` | `  <eClassifiers xsi:type=""ecore:EClass"" name=""cfg"">` parsing failed"
modelset/raw-data/repo-ecore-all/data/tue-mdse/ocl-dataset/dataset/repos/damenac/puzzle/plugins/fr.inria.diverse.puzzle.metrics/temp/ClassMM.ecore,true,false,false,"generate: [INFO  arachne] Starting code generation [INFO  arachne_codegen] Validating configuration [INFO  arachne_codegen] Parsing ecore metamodel: ""modelset/raw-data/repo-ecore-all/data/tue-mdse/ocl-dataset/dataset/repos/damenac/puzzle/plugins/fr.inria.diverse.puzzle.metrics/temp/ClassMM.ecore"" [INFO  arachne_codegen] Generating Rust tokens [INFO  arachne_codegen] Generating classifiers...  thread 'main' (924610) panicked at arachne-codegen/src/codegen/feature/attribute.rs:65:37: Failed to parse type: String note: run with `RUST_BACKTRACE=1` environment variable to display a backtrace"
modelset/raw-data/repo-ecore-all/data/tue-mdse/ocl-dataset/dataset/repos/damenac/puzzle/plugins/fr.inria.diverse.puzzle.metrics/temp/FlatQVT.ecore,false,false,false,"parse: failed to parse modelset/raw-data/repo-ecore-all/data/tue-mdse/ocl-dataset/dataset/repos/damenac/puzzle/plugins/fr.inria.diverse.puzzle.metrics/temp/FlatQVT.ecore: unexpected package attribute `xmi:id` expected one of `name` `nsURI` `nsPrefix` `xmi:version` `xmlns:xmi` `xmlns:xsi` `xmlns:ecore` line 2, column 193 current parser state: | `name=""FlatQVT"" nsURI=""http://schema.omg.org/spec/QVT/1.1/flatqvt.xml"" nsPrefix=""flatqvt"">` | `  <eClassifiers xsi:type=""ecore:EClass"" xmi:id=""ImperativeOCL.AltExp"" name=""AltExp"" eSuperTypes=""ImperativeOCL.ImperativeExpression"">` parsing failed"
modelset/raw-data/repo-ecore-all/data/tue-mdse/ocl-dataset/dataset/repos/damenac/puzzle/plugins/fr.inria.diverse.puzzle.metrics/temp/HelloScoping.ecore,true,true,true,
modelset/raw-data/repo-ecore-all/data/tue-mdse/ocl-dataset/dataset/repos/damenac/puzzle/plugins/fr.inria.diverse.puzzle.metrics/temp/JKind.ecore,false,false,false,"parse: failed to parse modelset/raw-data/repo-ecore-all/data/tue-mdse/ocl-dataset/dataset/repos/damenac/puzzle/plugins/fr.inria.diverse.puzzle.metrics/temp/JKind.ecore: unknown builtit class URL `http://www.eclipse.org/emf/2002/Ecore#//EBigInteger` failed to parse structural features failed to parse class `SubrangeType` line 74, column 142 current parser state: | `` | `    <eStructuralFeatures xsi:type=""ecore:EAttribute"" name=""high"" eType=""ecore:EDataType http://www.eclipse.org/emf/2002/Ecore#//EBigInteger""/>` parsing failed"
modelset/raw-data/repo-ecore-all/data/tue-mdse/ocl-dataset/dataset/repos/damenac/puzzle/plugins/fr.inria.diverse.puzzle.metrics/temp/NHSM.ecore,false,false,false,"parse: failed to parse modelset/raw-data/repo-ecore-all/data/tue-mdse/ocl-dataset/dataset/repos/damenac/puzzle/plugins/fr.inria.diverse.puzzle.metrics/temp/NHSM.ecore: unexpected package attribute `xmi:id` expected one of `name` `nsURI` `nsPrefix` `xmi:version` `xmlns:xmi` `xmlns:xsi` `xmlns:ecore` line 3, column 71 current parser state: | `name=""NHSM"" nsURI=""NHSM"" nsPrefix=""nhsm"">` | `  <eClassifiers xsi:type=""ecore:EClass"" name=""StateMachine"">` parsing failed"
modelset/raw-data/repo-ecore-all/data/tue-mdse/ocl-dataset/dataset/repos/damenac/puzzle/plugins/fr.inria.diverse.puzzle.metrics/temp/Notation.ecore,false,false,false,"parse: failed to parse modelset/raw-data/repo-ecore-all/data/tue-mdse/ocl-dataset/dataset/repos/damenac/puzzle/plugins/fr.inria.diverse.puzzle.metrics/temp/Notation.ecore: unknown builtit class URL `http://www.eclipse.org/emf/2002/Ecore#//EJavaObject` failed to parse structural features failed to parse class `View` line 19, column 27 current parser state: | `` | `    <eStructuralFeatures xsi:type=""ecore:EReference"" name=""diagrammableElement"" eType=""ecore:EClass http://www.eclipse.org/emf/2002/Ecore#//EObject""/>` parsing failed"
modelset/raw-data/repo-ecore-all/data/tue-mdse/ocl-dataset/dataset/repos/damenac/puzzle/plugins/fr.inria.diverse.puzzle.metrics/temp/OO_concept.ecore,true,true,true,
modelset/raw-data/repo-ecore-all/data/tue-mdse/ocl-dataset/dataset/repos/damenac/puzzle/plugins/fr.inria.diverse.puzzle.metrics/temp/Pivot.ecore,false,false,false,"parse: failed to parse modelset/raw-data/repo-ecore-all/data/tue-mdse/ocl-dataset/dataset/repos/damenac/puzzle/plugins/fr.inria.diverse.puzzle.metrics/temp/Pivot.ecore: unknown builtit class URL `http://www.eclipse.org/emf/2002/Ecore#//EDiagnosticChain` failed to parse class operation failed to parse class `BooleanLiteralExp` line 143, column 121 current parser state: | `` | `      <eParameters name=""context"">` parsing failed"
modelset/raw-data/repo-ecore-all/data/tue-mdse/ocl-dataset/dataset/repos/damenac/puzzle/plugins/fr.inria.diverse.puzzle.metrics/temp/RunHALL.ecore,false,false,false,"parse: failed to parse modelset/raw-data/repo-ecore-all/data/tue-mdse/ocl-dataset/dataset/repos/damenac/puzzle/plugins/fr.inria.diverse.puzzle.metrics/temp/RunHALL.ecore: unexpected package content line 92, column 3 current parser state: | `<eSubpackages name=""Geometry"" nsURI=""HALL.Geometry"" nsPrefix=""Geometry"">` | `    <eClassifiers xsi:type=""ecore:EClass"" name=""Color"">` parsing failed"
modelset/raw-data/repo-ecore-all/data/tue-mdse/ocl-dataset/dataset/repos/damenac/puzzle/plugins/fr.inria.diverse.puzzle.metrics/temp/SOS.ecore,false,false,false,"parse: failed to parse modelset/raw-data/repo-ecore-all/data/tue-mdse/ocl-dataset/dataset/repos/damenac/puzzle/plugins/fr.inria.diverse.puzzle.metrics/temp/SOS.ecore: unexpected package content line 59, column 3 current parser state: | `<eSubpackages name=""adtmm"" nsURI=""SOS.adtmm"" nsPrefix=""adtmm"">` | `    <eClassifiers xsi:type=""ecore:EClass"" name=""ADT"">` parsing failed"
modelset/raw-data/repo-ecore-all/data/tue-mdse/ocl-dataset/dataset/repos/damenac/puzzle/plugins/fr.inria.diverse.puzzle.metrics/temp/State.ecore,false,false,false,"parse: failed to parse modelset/raw-data/repo-ecore-all/data/tue-mdse/ocl-dataset/dataset/repos/damenac/puzzle/plugins/fr.inria.diverse.puzzle.metrics/temp/State.ecore: unknown builtit class URL `http://www.eclipse.org/emf/2002/Ecore#//EDoubleObject` failed to parse structural features failed to parse class `State` line 27, column 149 current parser state: | `` | `  </eClassifiers>` parsing failed"
modelset/raw-data/repo-ecore-all/data/tue-mdse/ocl-dataset/dataset/repos/damenac/puzzle/plugins/fr.inria.diverse.puzzle.metrics/temp/TefkatTrace.ecore,false,false,false,"parse: failed to parse modelset/raw-data/repo-ecore-all/data/tue-mdse/ocl-dataset/dataset/repos/damenac/puzzle/plugins/fr.inria.diverse.puzzle.metrics/temp/TefkatTrace.ecore: unsupported `eType` path `ecore:EClass http://www.eclipse.org/emf/2002/Ecore#//EObject` failed to parse structural features failed to parse class `Trace` line 11, column 79 current parser state: | `` | `    <eStructuralFeatures xsi:type=""ecore:EReference"" name=""rules"" unique=""false"" lowerBound=""1""` parsing failed"
modelset/raw-data/repo-ecore-all/data/tue-mdse/ocl-dataset/dataset/repos/damenac/puzzle/plugins/fr.inria.diverse.puzzle.metrics/temp/TreeMapViewer.ecore,true,true,true,
modelset/raw-data/repo-ecore-all/data/tue-mdse/ocl-dataset/dataset/repos/damenac/puzzle/plugins/fr.inria.diverse.puzzle.metrics/temp/WorthwhilePlain.ecore,false,false,false,"parse: failed to parse modelset/raw-data/repo-ecore-all/data/tue-mdse/ocl-dataset/dataset/repos/damenac/puzzle/plugins/fr.inria.diverse.puzzle.metrics/temp/WorthwhilePlain.ecore: unknown builtit class URL `http://www.eclipse.org/emf/2002/Ecore#//EBigInteger` failed to parse structural features failed to parse class `IntegerLiteral` line 399, column 101 current parser state: | `` | `  </eClassifiers>` parsing failed"
modelset/raw-data/repo-ecore-all/data/tue-mdse/ocl-dataset/dataset/repos/damenac/puzzle/plugins/fr.inria.diverse.puzzle.metrics/temp/aggregator_0.9.0.ecore,false,false,false,"parse: failed to parse modelset/raw-data/repo-ecore-all/data/tue-mdse/ocl-dataset/dataset/repos/damenac/puzzle/plugins/fr.inria.diverse.puzzle.metrics/temp/aggregator_0.9.0.ecore: unexpected structural feature attribute `eKeys` failed to parse structural features failed to parse class `Aggregator` line 19, column 81 current parser state: | `/>` | `    <eStructuralFeatures xsi:type=""ecore:EReference"" name=""buildmaster"" eType=""#//Contact""` parsing failed"
modelset/raw-data/repo-ecore-all/data/tue-mdse/ocl-dataset/dataset/repos/damenac/puzzle/plugins/fr.inria.diverse.puzzle.metrics/temp/archimate.ecore,false,false,false,"parse: failed to parse modelset/raw-data/repo-ecore-all/data/tue-mdse/ocl-dataset/dataset/repos/damenac/puzzle/plugins/fr.inria.diverse.puzzle.metrics/temp/archimate.ecore: unexpected `eClassifiers` attribute `serializable` line 7, column 27 current parser state: | `/>` | `  <eClassifiers xsi:type=""ecore:EClass"" name=""Adapter"" abstract=""true"" interface=""true"">` parsing failed"
modelset/raw-data/repo-ecore-all/data/tue-mdse/ocl-dataset/dataset/repos/damenac/puzzle/plugins/fr.inria.diverse.puzzle.metrics/temp/contentfwk.ecore,false,false,false,"parse: failed to parse modelset/raw-data/repo-ecore-all/data/tue-mdse/ocl-dataset/dataset/repos/damenac/puzzle/plugins/fr.inria.diverse.puzzle.metrics/temp/contentfwk.ecore: unsupported `eType` path `ecore:EClass http://www.eclipse.org/emf/2002/Ecore#//EObject` failed to parse structural features failed to parse class `EnterpriseArchitecture` line 16, column 29 current parser state: | `` | `  </eClassifiers>` parsing failed"
modelset/raw-data/repo-ecore-all/data/tue-mdse/ocl-dataset/dataset/repos/damenac/puzzle/plugins/fr.inria.diverse.puzzle.metrics/temp/data.ecore,false,false,false,"parse: failed to parse modelset/raw-data/repo-ecore-all/data/tue-mdse/ocl-dataset/dataset/repos/damenac/puzzle/plugins/fr.inria.diverse.puzzle.metrics/temp/data.ecore: unknown builtit class URL `http://www.eclipse.org/emf/2002/Ecore#//EDate` failed to parse structural features failed to parse class `Person` line 30, column 144 current parser state: | `` | `    <eStructuralFeatures xsi:type=""ecore:EReference"" name=""persons"" upperBound=""-1""` parsing failed"
modelset/raw-data/repo-ecore-all/data/tue-mdse/ocl-dataset/dataset/repos/damenac/puzzle/plugins/fr.inria.diverse.puzzle.metrics/temp/di.ecore,false,false,false,"parse: failed to parse modelset/raw-data/repo-ecore-all/data/tue-mdse/ocl-dataset/dataset/repos/damenac/puzzle/plugins/fr.inria.diverse.puzzle.metrics/temp/di.ecore: unknown builtit class URL `platform:/plugin/org.eclipse.emf.ecore/model/Ecore.ecore#//EInt` failed to parse structural features failed to parse class `Shape` line 11, column 152 current parser state: | `` | `    <eStructuralFeatures xsi:type=""ecore:EAttribute"" name=""y"" eType=""ecore:EDataType platform:/plugin/org.eclipse.emf.ecore/model/Ecore.ecore#//EInt""/>` parsing failed"
modelset/raw-data/repo-ecore-all/data/tue-mdse/ocl-dataset/dataset/repos/damenac/puzzle/plugins/fr.inria.diverse.puzzle.metrics/temp/discovery.ecore,true,false,false,"generate: [INFO  arachne] Starting code generation [INFO  arachne_codegen] Validating configuration [INFO  arachne_codegen] Parsing ecore metamodel: ""modelset/raw-data/repo-ecore-all/data/tue-mdse/ocl-dataset/dataset/repos/damenac/puzzle/plugins/fr.inria.diverse.puzzle.metrics/temp/discovery.ecore"" [INFO  arachne_codegen] Generating Rust tokens [INFO  arachne_codegen] Generating classifiers...  thread 'main' (925253) panicked at arachne-codegen/src/codegen/feature/attribute.rs:65:37: Failed to parse type: ECFIServiceInfo note: run with `RUST_BACKTRACE=1` environment variable to display a backtrace"
modelset/raw-data/repo-ecore-all/data/tue-mdse/ocl-dataset/dataset/repos/damenac/puzzle/plugins/fr.inria.diverse.puzzle.metrics/temp/ej-ast.ecore,true,false,false,"generate: timeout after 120s: /arachne/target/release/arachne generate modelset/raw-data/repo-ecore-all/data/tue-mdse/ocl-dataset/dataset/repos/damenac/puzzle/plugins/fr.inria.diverse.puzzle.metrics/temp/ej-ast.ecore -o /var/folders/24/3kt9vzrj6qzd_r760kn9ybsm0000gn/T/arachne-modelset-kd53r1ae/generated-00817 -p modelset-00817-11d5043b [INFO  arachne] Starting code generation [INFO  arachne_codegen] Validating configuration [INFO  arachne_codegen] Parsing ecore metamodel: ""modelset/raw-data/repo-ecore-all/data/tue-mdse/ocl-dataset/dataset/repos/damenac/puzzle/plugins/fr.inria.diverse.puzzle.metrics/temp/ej-ast.ecore"" [INFO  arachne_codegen] Generating Rust tokens"
modelset/raw-data/repo-ecore-all/data/tue-mdse/ocl-dataset/dataset/repos/damenac/puzzle/plugins/fr.inria.diverse.puzzle.metrics/temp/evolved.ecore,true,true,true,
modelset/raw-data/repo-ecore-all/data/tue-mdse/ocl-dataset/dataset/repos/damenac/puzzle/plugins/fr.inria.diverse.puzzle.metrics/temp/featureDiagram.ecore,false,false,false,"parse: failed to parse modelset/raw-data/repo-ecore-all/data/tue-mdse/ocl-dataset/dataset/repos/damenac/puzzle/plugins/fr.inria.diverse.puzzle.metrics/temp/featureDiagram.ecore: expected tag `>` failed to parse package annotation line 19, column 43 current parser state: | `/>` | `  <eClassifiers xsi:type=""ecore:EClass"" name=""FeatureDiagram"" eSuperTypes=""#//FeatureElement"">` parsing failed"
modelset/raw-data/repo-ecore-all/data/tue-mdse/ocl-dataset/dataset/repos/damenac/puzzle/plugins/fr.inria.diverse.puzzle.metrics/temp/feature_old.ecore,true,true,true,
modelset/raw-data/repo-ecore-all/data/tue-mdse/ocl-dataset/dataset/repos/damenac/puzzle/plugins/fr.inria.diverse.puzzle.metrics/temp/gradingsystem.ecore,true,true,true,
modelset/raw-data/repo-ecore-all/data/tue-mdse/ocl-dataset/dataset/repos/damenac/puzzle/plugins/fr.inria.diverse.puzzle.metrics/temp/library.ecore,true,true,true,
modelset/raw-data/repo-ecore-all/data/tue-mdse/ocl-dataset/dataset/repos/damenac/puzzle/plugins/fr.inria.diverse.puzzle.metrics/temp/library_eve.ecore,false,false,false,"parse: failed to parse modelset/raw-data/repo-ecore-all/data/tue-mdse/ocl-dataset/dataset/repos/damenac/puzzle/plugins/fr.inria.diverse.puzzle.metrics/temp/library_eve.ecore: unexpected package content line 24, column 3 current parser state: | `<eSubpackages name=""borrowables"" nsURI=""borrowables"" nsPrefix=""borrowables"">` | `    <eClassifiers xsi:type=""ecore:EClass"" name=""CD"" eSuperTypes=""#//Borrowable""/>` parsing failed"
modelset/raw-data/repo-ecore-all/data/tue-mdse/ocl-dataset/dataset/repos/damenac/puzzle/plugins/fr.inria.diverse.puzzle.metrics/temp/menus.ecore,false,false,false,"parse: failed to parse modelset/raw-data/repo-ecore-all/data/tue-mdse/ocl-dataset/dataset/repos/damenac/puzzle/plugins/fr.inria.diverse.puzzle.metrics/temp/menus.ecore: unknown builtit class URL `http://www.eclipse.org/emf/2002/Ecore#//EDate` failed to parse structural features failed to parse class `Person` line 13, column 144 current parser state: | `` | `  </eClassifiers>` parsing failed"
modelset/raw-data/repo-ecore-all/data/tue-mdse/ocl-dataset/dataset/repos/damenac/puzzle/plugins/fr.inria.diverse.puzzle.metrics/temp/plsql.ecore,false,false,false,"parse: failed to parse modelset/raw-data/repo-ecore-all/data/tue-mdse/ocl-dataset/dataset/repos/damenac/puzzle/plugins/fr.inria.diverse.puzzle.metrics/temp/plsql.ecore: unexpected package content line 6, column 3 current parser state: | `<eSubpackages name=""statement"" nsURI=""http://gts.inf.um.es/modernization/plsql/statement""` | `      nsPrefix=""statement"">` parsing failed"
modelset/raw-data/repo-ecore-all/data/tue-mdse/ocl-dataset/dataset/repos/damenac/puzzle/plugins/fr.inria.diverse.puzzle.metrics/temp/rdb.ecore,true,false,false,"generate: [INFO  arachne] Starting code generation [INFO  arachne_codegen] Validating configuration [INFO  arachne_codegen] Parsing ecore metamodel: ""modelset/raw-data/repo-ecore-all/data/tue-mdse/ocl-dataset/dataset/repos/damenac/puzzle/plugins/fr.inria.diverse.puzzle.metrics/temp/rdb.ecore"" [WARN  ecore_rs::parser::raw] `eOpposite` attributes are currently not supported, ignoring [WARN  ecore_rs::parser::raw] `eOpposite` attributes are currently not supported, ignoring [WARN  ecore_rs::parser::raw] `eOpposite` attributes are currently not supported, ignoring [WARN  ecore_rs::parser::raw] `eOpposite` attributes are currently not supported, ignoring [WARN  ecore_rs::parser::raw] `eOpposite` attributes are currently not supported, ignoring [WARN  ecore_rs::parser::raw] `eOpposite` attributes are currently not supported, ignoring [WARN  ecore_rs::parser::raw] `eOpposite` attributes are currently not supported, ignoring [WARN  ecore_rs::parser::raw] `eOpposite` attributes are currently not supported, ignoring [WARN  ecore_rs::parser::raw] `eOpposite` attributes are currently not supported, ignoring [WARN  ecore_rs::parser::raw] `eOpposite` attributes are currently not supported, ignoring [WARN  ecore_rs::parser::raw] XML-level class literal redefinition for `literal` from `3` to `ZERO_ONE` [WARN  ecore_rs::parser::raw] XML-level class literal redefinition for `literal` from `4` to `ZERO_MANY` [WARN  ecore_rs::parser::raw] XML-level class literal redefinition for `literal` from `5` to `ONE_MANY` [INFO  arachne_codegen] Generating Rust tokens [INFO  arachne_codegen] Generating classifiers...  thread 'main' (930480) panicked at arachne-codegen/src/codegen/feature/attribute.rs:65:37: Failed to parse type: Rectangle note: run with `RUST_BACKTRACE=1` environment variable to display a backtrace"
modelset/raw-data/repo-ecore-all/data/tue-mdse/ocl-dataset/dataset/repos/damenac/puzzle/plugins/fr.inria.diverse.puzzle.metrics/temp/rif11a.ecore,false,false,false,"parse: failed to parse modelset/raw-data/repo-ecore-all/data/tue-mdse/ocl-dataset/dataset/repos/damenac/puzzle/plugins/fr.inria.diverse.puzzle.metrics/temp/rif11a.ecore: unexpected package content line 6, column 3 current parser state: | `<eSubpackages name=""rif"" nsURI=""http://automotive-his.de/200706/rif/rif"" nsPrefix=""rif"">` | `    <eSubpackages name=""ExchangeFile"" nsURI=""http://automotive-his.de/200706/rif/rif/ef""` parsing failed"
modelset/raw-data/repo-ecore-all/data/tue-mdse/ocl-dataset/dataset/repos/damenac/puzzle/plugins/fr.inria.diverse.puzzle.metrics/temp/rules_core.ecore,true,true,true,
modelset/raw-data/repo-ecore-all/data/tue-mdse/ocl-dataset/dataset/repos/damenac/puzzle/plugins/fr.inria.diverse.puzzle.metrics/temp/schoollibrary.ecore,false,false,false,"parse: failed to parse modelset/raw-data/repo-ecore-all/data/tue-mdse/ocl-dataset/dataset/repos/damenac/puzzle/plugins/fr.inria.diverse.puzzle.metrics/temp/schoollibrary.ecore: unsupported `eType` path `library.ecore#//Book` line 9, column 104 current parser state: | `` | `  <eClassifiers xsi:type=""ecore:EClass"" name=""SchoolLibrary"" eSuperTypes=""library.ecore#//Library"">` parsing failed"
modelset/raw-data/repo-ecore-all/data/tue-mdse/ocl-dataset/dataset/repos/damenac/puzzle/plugins/fr.inria.diverse.puzzle.metrics/temp/smm.ecore,true,false,false,"generate: [INFO  arachne] Starting code generation [INFO  arachne_codegen] Validating configuration [INFO  arachne_codegen] Parsing ecore metamodel: ""modelset/raw-data/repo-ecore-all/data/tue-mdse/ocl-dataset/dataset/repos/damenac/puzzle/plugins/fr.inria.diverse.puzzle.metrics/temp/smm.ecore"" [WARN  ecore_rs::parser::raw] `eOpposite` attributes are currently not supported, ignoring [WARN  ecore_rs::parser::raw] `eOpposite` attributes are currently not supported, ignoring [WARN  ecore_rs::parser::raw] `eOpposite` attributes are currently not supported, ignoring [WARN  ecore_rs::parser::raw] `eOpposite` attributes are currently not supported, ignoring [WARN  ecore_rs::parser::raw] `eOpposite` attributes are currently not supported, ignoring [WARN  ecore_rs::parser::raw] `eOpposite` attributes are currently not supported, ignoring [WARN  ecore_rs::parser::raw] `eOpposite` attributes are currently not supported, ignoring [WARN  ecore_rs::parser::raw] `eOpposite` attributes are currently not supported, ignoring [WARN  ecore_rs::parser::raw] `eOpposite` attributes are currently not supported, ignoring [WARN  ecore_rs::parser::raw] `eOpposite` attributes are currently not supported, ignoring [WARN  ecore_rs::parser::raw] `eOpposite` attributes are currently not supported, ignoring [WARN  ecore_rs::parser::raw] `eOpposite` attributes are currently not supported, ignoring [WARN  ecore_rs::parser::raw] `eOpposite` attributes are currently not supported, ignoring [WARN  ecore_rs::parser::raw] `eOpposite` attributes are currently not supported, ignoring [WARN  ecore_rs::parser::raw] `eOpposite` attributes are currently not supported, ignoring [WARN  ecore_rs::parser::raw] `eOpposite` attributes are currently not supported, ignoring [WARN  ecore_rs::parser::raw] `eOpposite` attributes are currently not supported, ignoring [WARN  ecore_rs::parser::raw] `eOpposite` attributes are currently not supported, ignoring [WARN  ecore_rs::parser::raw] `eOpposite` attributes are currently not supported, ignoring [WARN  ecore_rs::parser::raw] `eOpposite` attributes are currently not supported, ignoring [WARN  ecore_rs::parser::raw] `eOpposite` attributes are currently not supported, ignoring [WARN  ecore_rs::parser::raw] `eOpposite` attributes are currently not supported, ignoring [WARN  ecore_rs::parser::raw] `eOpposite` attributes are currently not supported, ignoring [WARN  ecore_rs::parser::raw] `eOpposite` attributes are currently not supported, ignoring [WARN  ecore_rs::parser::raw] `eOpposite` attributes are currently not supported, ignoring [WARN  ecore_rs::parser::raw] `eOpposite` attributes are currently not supported, ignoring [WARN  ecore_rs::parser::raw] `eOpposite` attributes are currently not supported, ignoring [WARN  ecore_rs::parser::raw] `eOpposite` attributes are currently not supported, ignoring [WARN  ecore_rs::parser::raw] `eOpposite` attributes are currently not supported, ignoring [WARN  ecore_rs::parser::raw] `eOpposite` attributes are currently not supported, ignoring [WARN  ecore_rs::parser::raw] `eOpposite` attributes are currently not supported, ignoring [WARN  ecore_rs::parser::raw] `eOpposite` attributes are currently not supported, ignoring [INFO  arachne_codegen] Generating Rust tokens [INFO  arachne_codegen] Generating classifiers...  thread 'main' (930693) panicked at arachne-codegen/src/codegen/feature/attribute.rs:65:37: Failed to parse type: Date note: run with `RUST_BACKTRACE=1` environment variable to display a backtrace"
modelset/raw-data/repo-ecore-all/data/tue-mdse/ocl-dataset/dataset/repos/damenac/puzzle/plugins/fr.inria.diverse.puzzle.metrics/temp/timedAutomata.ecore,false,false,false,"parse: failed to parse modelset/raw-data/repo-ecore-all/data/tue-mdse/ocl-dataset/dataset/repos/damenac/puzzle/plugins/fr.inria.diverse.puzzle.metrics/temp/timedAutomata.ecore: unexpected package content line 6, column 3 current parser state: | `<eSubpackages name=""base"" nsURI=""http://www.emftext.org/language/timedAutomata/base""` | `      nsPrefix=""base"">` parsing failed"
modelset/raw-data/repo-ecore-all/data/tue-mdse/ocl-dataset/dataset/repos/damenac/puzzle/plugins/fr.inria.diverse.puzzle.metrics/temp/transformr.ecore,false,false,false,"parse: failed to parse modelset/raw-data/repo-ecore-all/data/tue-mdse/ocl-dataset/dataset/repos/damenac/puzzle/plugins/fr.inria.diverse.puzzle.metrics/temp/transformr.ecore: unsupported `eType` path `ecore:EClass http://www.eclipse.org/emf/2002/Ecore#//EClass` failed to parse class operation failed to parse class `Node` line 10, column 103 current parser state: | `` | `    </eOperations>` parsing failed"
modelset/raw-data/repo-ecore-all/data/tue-mdse/ocl-dataset/dataset/repos/damenac/puzzle/plugins/fr.inria.diverse.puzzle.metrics/temp/ube.ecore,true,true,true,
modelset/raw-data/repo-ecore-all/data/tue-mdse/ocl-dataset/dataset/repos/damenac/puzzle/plugins/fr.inria.diverse.puzzle.metrics/temp/uisut.ecore,true,true,true,
modelset/raw-data/repo-ecore-all/data/tue-mdse/ocl-dataset/dataset/repos/damenac/puzzle/plugins/fr.inria.diverse.puzzle.metrics/testdata/AML.ecore,false,false,false,"parse: failed to parse modelset/raw-data/repo-ecore-all/data/tue-mdse/ocl-dataset/dataset/repos/damenac/puzzle/plugins/fr.inria.diverse.puzzle.metrics/testdata/AML.ecore: unsupported `eType` path `ecore:EClass http://www.eclipse.org/emf/2002/Ecore#//EObject` failed to parse structural features failed to parse class `AggregationRule` line 15, column 51 current parser state: | `` | `      <eAnnotations source=""http://www.eclipse.org/emf/2002/GenModel"">` parsing failed"
modelset/raw-data/repo-ecore-all/data/tue-mdse/ocl-dataset/dataset/repos/damenac/puzzle/plugins/fr.inria.diverse.puzzle.metrics/testdata/AddressBook.ecore,true,true,true,
modelset/raw-data/repo-ecore-all/data/tue-mdse/ocl-dataset/dataset/repos/damenac/puzzle/plugins/fr.inria.diverse.puzzle.metrics/testdata/Book.ecore,true,false,false,"generate: [INFO  arachne] Starting code generation [INFO  arachne_codegen] Validating configuration [INFO  arachne_codegen] Parsing ecore metamodel: ""modelset/raw-data/repo-ecore-all/data/tue-mdse/ocl-dataset/dataset/repos/damenac/puzzle/plugins/fr.inria.diverse.puzzle.metrics/testdata/Book.ecore"" [INFO  arachne_codegen] Generating Rust tokens [INFO  arachne_codegen] Generating classifiers...  thread 'main' (931317) panicked at arachne-codegen/src/codegen/feature/attribute.rs:65:37: Failed to parse type: Point note: run with `RUST_BACKTRACE=1` environment variable to display a backtrace"
modelset/raw-data/repo-ecore-all/data/tue-mdse/ocl-dataset/dataset/repos/damenac/puzzle/plugins/fr.inria.diverse.puzzle.metrics/testdata/ClassDiagram.ecore,true,true,true,
modelset/raw-data/repo-ecore-all/data/tue-mdse/ocl-dataset/dataset/repos/damenac/puzzle/plugins/fr.inria.diverse.puzzle.metrics/testdata/Ecore.ecore,false,false,false,"parse: failed to parse modelset/raw-data/repo-ecore-all/data/tue-mdse/ocl-dataset/dataset/repos/damenac/puzzle/plugins/fr.inria.diverse.puzzle.metrics/testdata/Ecore.ecore: unexpected class content failed to parse class `EeList` line 407, column 5 current parser state: | `<eTypeParameters name=""E""/>` | `  </eClassifiers>` parsing failed"
modelset/raw-data/repo-ecore-all/data/tue-mdse/ocl-dataset/dataset/repos/damenac/puzzle/plugins/fr.inria.diverse.puzzle.metrics/testdata/Entities.ecore,true,true,true,
modelset/raw-data/repo-ecore-all/data/tue-mdse/ocl-dataset/dataset/repos/damenac/puzzle/plugins/fr.inria.diverse.puzzle.metrics/testdata/GWPNV1.ecore,true,true,true,
modelset/raw-data/repo-ecore-all/data/tue-mdse/ocl-dataset/dataset/repos/damenac/puzzle/plugins/fr.inria.diverse.puzzle.metrics/testdata/Java.ecore,false,false,false,"parse: failed to parse modelset/raw-data/repo-ecore-all/data/tue-mdse/ocl-dataset/dataset/repos/damenac/puzzle/plugins/fr.inria.diverse.puzzle.metrics/testdata/Java.ecore: unexpected package attribute `xmi:id` expected one of `name` `nsURI` `nsPrefix` `xmi:version` `xmlns:xmi` `xmlns:xsi` `xmlns:ecore` line 5, column 5 current parser state: | `name=""java"" nsURI=""http://www.emftext.org/java"" nsPrefix=""java"">` | `  <eSubpackages xmi:id=""_Wosmsdz1Ed2bJ_pQViWxFg"" name=""annotations"" nsURI=""http://www.emftext.org/java/annotations""` parsing failed"
modelset/raw-data/repo-ecore-all/data/tue-mdse/ocl-dataset/dataset/repos/damenac/puzzle/plugins/fr.inria.diverse.puzzle.metrics/testdata/LibraryInteractionModel.ecore,false,false,false,"parse: failed to parse modelset/raw-data/repo-ecore-all/data/tue-mdse/ocl-dataset/dataset/repos/damenac/puzzle/plugins/fr.inria.diverse.puzzle.metrics/testdata/LibraryInteractionModel.ecore: unknown builtit class URL `http://www.eclipse.org/emf/2002/Ecore#//EDate` failed to parse structural features failed to parse class `Reservation` line 51, column 135 current parser state: | `` | `    <eStructuralFeatures xsi:type=""ecore:EReference"" name=""client"" lowerBound=""1""` parsing failed"
modelset/raw-data/repo-ecore-all/data/tue-mdse/ocl-dataset/dataset/repos/damenac/puzzle/plugins/fr.inria.diverse.puzzle.metrics/testdata/RDBMSMM.ecore,true,false,false,"generate: [INFO  arachne] Starting code generation [INFO  arachne_codegen] Validating configuration [INFO  arachne_codegen] Parsing ecore metamodel: ""modelset/raw-data/repo-ecore-all/data/tue-mdse/ocl-dataset/dataset/repos/damenac/puzzle/plugins/fr.inria.diverse.puzzle.metrics/testdata/RDBMSMM.ecore"" [INFO  arachne_codegen] Generating Rust tokens [INFO  arachne_codegen] Generating classifiers...  thread 'main' (931939) panicked at arachne-codegen/src/codegen/feature/attribute.rs:65:37: Failed to parse type: String note: run with `RUST_BACKTRACE=1` environment variable to display a backtrace"
modelset/raw-data/repo-ecore-all/data/tue-mdse/ocl-dataset/dataset/repos/damenac/puzzle/plugins/fr.inria.diverse.puzzle.metrics/testdata/RefUML.ecore,false,false,false,"parse: failed to parse modelset/raw-data/repo-ecore-all/data/tue-mdse/ocl-dataset/dataset/repos/damenac/puzzle/plugins/fr.inria.diverse.puzzle.metrics/testdata/RefUML.ecore: expected identifier failed to parse class operation failed to parse class `Element` line 73, column 83 current parser state: | `>` | `        <eAnnotations source=""http://www.eclipse.org/emf/2002/GenModel"">` parsing failed"
modelset/raw-data/repo-ecore-all/data/tue-mdse/ocl-dataset/dataset/repos/damenac/puzzle/plugins/fr.inria.diverse.puzzle.metrics/testdata/SimpleExpressions.ecore,true,true,true,
modelset/raw-data/repo-ecore-all/data/tue-mdse/ocl-dataset/dataset/repos/damenac/puzzle/plugins/fr.inria.diverse.puzzle.metrics/testdata/VisualInterface.ecore,false,false,false,"parse: failed to parse modelset/raw-data/repo-ecore-all/data/tue-mdse/ocl-dataset/dataset/repos/damenac/puzzle/plugins/fr.inria.diverse.puzzle.metrics/testdata/VisualInterface.ecore: unknown builtit class URL `http://www.eclipse.org/emf/2002/Ecore#//EBooleanObject` failed to parse structural features failed to parse class `Shape` line 37, column 151 current parser state: | `` | `    <eStructuralFeatures xsi:type=""ecore:EAttribute"" name=""alpha"" eType=""ecore:EDataType http://www.eclipse.org/emf/2002/Ecore#//EDoubleObject""/>` parsing failed"
modelset/raw-data/repo-ecore-all/data/tue-mdse/ocl-dataset/dataset/repos/damenac/puzzle/plugins/fr.inria.diverse.puzzle.metrics/testdata/VorkursDomain.ecore,true,true,true,
modelset/raw-data/repo-ecore-all/data/tue-mdse/ocl-dataset/dataset/repos/damenac/puzzle/plugins/fr.inria.diverse.puzzle.metrics/testdata/example.ecore,true,true,true,
modelset/raw-data/repo-ecore-all/data/tue-mdse/ocl-dataset/dataset/repos/damenac/puzzle/plugins/fr.inria.diverse.puzzle.metrics/testdata/extlibrary.ecore,false,false,false,"parse: failed to parse modelset/raw-data/repo-ecore-all/data/tue-mdse/ocl-dataset/dataset/repos/damenac/puzzle/plugins/fr.inria.diverse.puzzle.metrics/testdata/extlibrary.ecore: unknown builtit class URL `http://www.eclipse.org/emf/2002/Ecore#//EDate` failed to parse structural features failed to parse class `Item` line 48, column 148 current parser state: | `` | `  </eClassifiers>` parsing failed"
modelset/raw-data/repo-ecore-all/data/tue-mdse/ocl-dataset/dataset/repos/damenac/puzzle/plugins/fr.inria.diverse.puzzle.metrics/testdata/gedcoml.ecore,true,true,true,
modelset/raw-data/repo-ecore-all/data/tue-mdse/ocl-dataset/dataset/repos/damenac/puzzle/plugins/fr.inria.diverse.puzzle.metrics/testdata/hExample_3_RHS.ecore,true,true,true,
modelset/raw-data/repo-ecore-all/data/tue-mdse/ocl-dataset/dataset/repos/damenac/puzzle/plugins/fr.inria.diverse.puzzle.metrics/testdata/hExample_4_RHS.ecore,true,true,true,
modelset/raw-data/repo-ecore-all/data/tue-mdse/ocl-dataset/dataset/repos/damenac/puzzle/plugins/fr.inria.diverse.puzzle.metrics/testdata/henshin.ecore,false,false,false,"parse: failed to parse modelset/raw-data/repo-ecore-all/data/tue-mdse/ocl-dataset/dataset/repos/damenac/puzzle/plugins/fr.inria.diverse.puzzle.metrics/testdata/henshin.ecore: unsupported `eType` path `ecore:EClass http://www.eclipse.org/emf/2002/Ecore#//EPackage` failed to parse structural features failed to parse class `TransformationSystem` line 35, column 80 current parser state: | `` | `    <eStructuralFeatures xsi:type=""ecore:EReference"" name=""transformationUnits"" upperBound=""-1""` parsing failed"
modelset/raw-data/repo-ecore-all/data/tue-mdse/ocl-dataset/dataset/repos/damenac/puzzle/plugins/fr.inria.diverse.puzzle.metrics/testdata/jsm.ecore,false,false,false,"parse: failed to parse modelset/raw-data/repo-ecore-all/data/tue-mdse/ocl-dataset/dataset/repos/damenac/puzzle/plugins/fr.inria.diverse.puzzle.metrics/testdata/jsm.ecore: unknown builtit class URL `http://www.eclipse.org/emf/2002/Ecore#//EByteArray` failed to parse structural features failed to parse class `MResource` line 33, column 145 current parser state: | `` | `  </eClassifiers>` parsing failed"
modelset/raw-data/repo-ecore-all/data/tue-mdse/ocl-dataset/dataset/repos/damenac/puzzle/plugins/fr.inria.diverse.puzzle.metrics/testdata/library.orig.ecore,false,false,false,"parse: failed to parse modelset/raw-data/repo-ecore-all/data/tue-mdse/ocl-dataset/dataset/repos/damenac/puzzle/plugins/fr.inria.diverse.puzzle.metrics/testdata/library.orig.ecore: unexpected package attribute `xmi:id` expected one of `name` `nsURI` `nsPrefix` `xmi:version` `xmlns:xmi` `xmlns:xsi` `xmlns:ecore` line 5, column 5 current parser state: | `name=""library"" nsURI=""platform:/plugin/org.eclipse.emf/js4emf/examples/library/library.ecore""` | `    nsPrefix=""library"">` parsing failed"
modelset/raw-data/repo-ecore-all/data/tue-mdse/ocl-dataset/dataset/repos/damenac/puzzle/plugins/fr.inria.diverse.puzzle.metrics/testdata/library07.ecore,true,true,true,
modelset/raw-data/repo-ecore-all/data/tue-mdse/ocl-dataset/dataset/repos/damenac/puzzle/plugins/fr.inria.diverse.puzzle.metrics/testdata/lims.ecore,false,false,false,"parse: failed to parse modelset/raw-data/repo-ecore-all/data/tue-mdse/ocl-dataset/dataset/repos/damenac/puzzle/plugins/fr.inria.diverse.puzzle.metrics/testdata/lims.ecore: unknown builtit class URL `http://www.eclipse.org/emf/2002/Ecore#//EDate` failed to parse structural features failed to parse class `Run` line 44, column 152 current parser state: | `` | `    <eStructuralFeatures xsi:type=""ecore:EReference"" name=""sequenced"" upperBound=""-1""` parsing failed"
modelset/raw-data/repo-ecore-all/data/tue-mdse/ocl-dataset/dataset/repos/damenac/puzzle/plugins/fr.inria.diverse.puzzle.metrics/testdata/martinfowlerdsl.ecore,true,true,true,
modelset/raw-data/repo-ecore-all/data/tue-mdse/ocl-dataset/dataset/repos/damenac/puzzle/plugins/fr.inria.diverse.puzzle.metrics/testdata/qm.ecore,false,false,false,"parse: failed to parse modelset/raw-data/repo-ecore-all/data/tue-mdse/ocl-dataset/dataset/repos/damenac/puzzle/plugins/fr.inria.diverse.puzzle.metrics/testdata/qm.ecore: unknown builtit class URL `http://www.eclipse.org/emf/2003/XMLType#//Double` failed to parse structural features failed to parse class `QualityModel` line 29, column 110 current parser state: | `` | `    <eStructuralFeatures xsi:type=""ecore:EAttribute"" name=""schoolGradeBoundary3"" lowerBound=""1""` parsing failed"
modelset/raw-data/repo-ecore-all/data/tue-mdse/ocl-dataset/dataset/repos/damenac/puzzle/plugins/fr.inria.diverse.puzzle.metrics/testdata/soopl.ecore,true,true,true,
modelset/raw-data/repo-ecore-all/data/tue-mdse/ocl-dataset/dataset/repos/damenac/puzzle/plugins/fr.inria.diverse.puzzle.metrics/testdata/swml.ecore,false,false,false,"parse: failed to parse modelset/raw-data/repo-ecore-all/data/tue-mdse/ocl-dataset/dataset/repos/damenac/puzzle/plugins/fr.inria.diverse.puzzle.metrics/testdata/swml.ecore: unknown builtit class URL `http://www.eclipse.org/emf/2002/Ecore#//EByteArray` failed to parse structural features failed to parse class `Icon` line 57, column 158 current parser state: | `` | `  </eClassifiers>` parsing failed"
modelset/raw-data/repo-ecore-all/data/tue-mdse/ocl-dataset/dataset/repos/damenac/puzzle/plugins/fr.inria.diverse.puzzle.metrics/testdata/timetrack.ecore,false,false,false,"parse: failed to parse modelset/raw-data/repo-ecore-all/data/tue-mdse/ocl-dataset/dataset/repos/damenac/puzzle/plugins/fr.inria.diverse.puzzle.metrics/testdata/timetrack.ecore: unknown builtit class URL `http://www.eclipse.org/emf/2002/Ecore#//EDate` failed to parse structural features failed to parse class `TimeEntry` line 22, column 151 current parser state: | `` | `    <eStructuralFeatures xsi:type=""ecore:EAttribute"" name=""from"" unique=""false"" eType=""ecore:EDataType http://www.eclipse.org/emf/2002/Ecore#//EDate""/>` parsing failed"
modelset/raw-data/repo-ecore-all/data/tue-mdse/ocl-dataset/dataset/repos/damenac/puzzle/plugins/fr.inria.diverse.puzzle.metrics/testdata/tp6.ecore,false,false,false,"parse: failed to parse modelset/raw-data/repo-ecore-all/data/tue-mdse/ocl-dataset/dataset/repos/damenac/puzzle/plugins/fr.inria.diverse.puzzle.metrics/testdata/tp6.ecore: expected identifier failed to parse package annotation line 7, column 34 current parser state: | `/>` | `    <details key=""line=dash""/>` parsing failed"
modelset/raw-data/repo-ecore-all/data/tue-mdse/ocl-dataset/dataset/repos/damenac/puzzle/plugins/fr.inria.diverse.puzzle.metrics/testdata/uml-trace.ecore,false,false,false,"parse: failed to parse modelset/raw-data/repo-ecore-all/data/tue-mdse/ocl-dataset/dataset/repos/damenac/puzzle/plugins/fr.inria.diverse.puzzle.metrics/testdata/uml-trace.ecore: unsupported `eType` path `ecore:EClass platform:/plugin/org.eclipse.uml2.uml/model/UML.ecore#//Class` failed to parse structural features failed to parse class `TraceElement` line 6, column 93 current parser state: | `` | `    <eStructuralFeatures xsi:type=""ecore:EReference"" name=""target"" lowerBound=""1""` parsing failed"
modelset/raw-data/repo-ecore-all/data/tue-mdse/ocl-dataset/dataset/repos/damenac/puzzle/plugins/fr.inria.diverse.puzzle.metrics/testdata/xhtml.ecore,false,false,false,"parse: failed to parse modelset/raw-data/repo-ecore-all/data/tue-mdse/ocl-dataset/dataset/repos/damenac/puzzle/plugins/fr.inria.diverse.puzzle.metrics/testdata/xhtml.ecore: unknown builtit class URL `http://www.eclipse.org/emf/2003/XMLType#//NMTOKENS` failed to parse structural features failed to parse class `AbbrType` line 17, column 142 current parser state: | `` | `      <eAnnotations source=""http:///org/eclipse/emf/ecore/util/ExtendedMetaData"">` parsing failed"
modelset/raw-data/repo-ecore-all/data/tue-mdse/ocl-dataset/dataset/repos/damenac/puzzle/plugins/fr.inria.diverse.puzzle.metrics/testdata/xpdl1.ecore,false,false,false,"parse: failed to parse modelset/raw-data/repo-ecore-all/data/tue-mdse/ocl-dataset/dataset/repos/damenac/puzzle/plugins/fr.inria.diverse.puzzle.metrics/testdata/xpdl1.ecore: unknown builtit class URL `http://www.eclipse.org/emf/2003/XMLType#//NMTOKEN` failed to parse structural features failed to parse class `ActivitySetType` line 68, column 153 current parser state: | `` | `      <eAnnotations source=""http:///org/eclipse/emf/ecore/util/ExtendedMetaData"">` parsing failed"
modelset/raw-data/repo-ecore-all/data/tue-mdse/ocl-dataset/dataset/repos/dice-project/DICER/dicer-core/metamodels/ddsm.ecore,false,false,false,"parse: failed to parse modelset/raw-data/repo-ecore-all/data/tue-mdse/ocl-dataset/dataset/repos/dice-project/DICER/dicer-core/metamodels/ddsm.ecore: expected tag `>` failed to parse package annotation line 4, column 72 current parser state: | `/>` | `  <eAnnotations source=""http://www.eclipse.org/OCL/Import"">` parsing failed"
modelset/raw-data/repo-ecore-all/data/tue-mdse/ocl-dataset/dataset/repos/drubas/model_engineering_lab3/metamodels/form.ecore,true,true,true,
modelset/raw-data/repo-ecore-all/data/tue-mdse/ocl-dataset/dataset/repos/dstrueber/bigtrafo/de.bigtrafo.benchmark/ocl/GraphConstraint.ecore,false,false,false,"parse: failed to parse modelset/raw-data/repo-ecore-all/data/tue-mdse/ocl-dataset/dataset/repos/dstrueber/bigtrafo/de.bigtrafo.benchmark/ocl/GraphConstraint.ecore: unsupported `eType` path `ecore:EClass http://www.eclipse.org/emf/2002/Ecore#//EPackage` failed to parse structural features failed to parse class `NestedGraphConstraint` line 16, column 80 current parser state: | `` | `    <eStructuralFeatures xsi:type=""ecore:EAttribute"" name=""name"" eType=""ecore:EDataType http://www.eclipse.org/emf/2002/Ecore#//EString""/>` parsing failed"
modelset/raw-data/repo-ecore-all/data/tue-mdse/ocl-dataset/dataset/repos/dstrueber/bigtrafo/de.bigtrafo.benchmark/ocl/instances/01/PetriNetWithOCLPaper.ecore,false,false,false,"parse: failed to parse modelset/raw-data/repo-ecore-all/data/tue-mdse/ocl-dataset/dataset/repos/dstrueber/bigtrafo/de.bigtrafo.benchmark/ocl/instances/01/PetriNetWithOCLPaper.ecore: unknown builtit class URL `http://www.eclipse.org/emf/2002/Ecore#//EBigInteger` failed to parse structural features failed to parse class `Place` line 48, column 144 current parser state: | `` | `    <eStructuralFeatures xsi:type=""ecore:EReference"" name=""postArc"" upperBound=""-1""` parsing failed"
modelset/raw-data/repo-ecore-all/data/tue-mdse/ocl-dataset/dataset/repos/dstrueber/bigtrafo/de.bigtrafo.benchmark/ocl/instances/03/PetriNetWithOCLPaper.ecore,false,false,false,"parse: failed to parse modelset/raw-data/repo-ecore-all/data/tue-mdse/ocl-dataset/dataset/repos/dstrueber/bigtrafo/de.bigtrafo.benchmark/ocl/instances/03/PetriNetWithOCLPaper.ecore: unknown builtit class URL `http://www.eclipse.org/emf/2002/Ecore#//EBigInteger` failed to parse structural features failed to parse class `Place` line 48, column 144 current parser state: | `` | `    <eStructuralFeatures xsi:type=""ecore:EReference"" name=""postArc"" upperBound=""-1""` parsing failed"
modelset/raw-data/repo-ecore-all/data/tue-mdse/ocl-dataset/dataset/repos/dstrueber/bigtrafo/de.bigtrafo.benchmark/ocl/instances/05a/PetriNetWithOCLPaper.ecore,false,false,false,"parse: failed to parse modelset/raw-data/repo-ecore-all/data/tue-mdse/ocl-dataset/dataset/repos/dstrueber/bigtrafo/de.bigtrafo.benchmark/ocl/instances/05a/PetriNetWithOCLPaper.ecore: unknown builtit class URL `http://www.eclipse.org/emf/2002/Ecore#//EBigInteger` failed to parse structural features failed to parse class `Place` line 48, column 144 current parser state: | `` | `    <eStructuralFeatures xsi:type=""ecore:EReference"" name=""postArc"" upperBound=""-1""` parsing failed"
modelset/raw-data/repo-ecore-all/data/tue-mdse/ocl-dataset/dataset/repos/dstrueber/bigtrafo/de.bigtrafo.benchmark/ocl/instances/05b/PetriNetWithOCLPaper.ecore,false,false,false,"parse: failed to parse modelset/raw-data/repo-ecore-all/data/tue-mdse/ocl-dataset/dataset/repos/dstrueber/bigtrafo/de.bigtrafo.benchmark/ocl/instances/05b/PetriNetWithOCLPaper.ecore: unknown builtit class URL `http://www.eclipse.org/emf/2002/Ecore#//EBigInteger` failed to parse structural features failed to parse class `Place` line 48, column 144 current parser state: | `` | `    <eStructuralFeatures xsi:type=""ecore:EReference"" name=""postArc"" upperBound=""-1""` parsing failed"
modelset/raw-data/repo-ecore-all/data/tue-mdse/ocl-dataset/dataset/repos/dstrueber/bigtrafo/de.bigtrafo.benchmark/ocl/instances/06/PetriNetWithOCLPaper.ecore,false,false,false,"parse: failed to parse modelset/raw-data/repo-ecore-all/data/tue-mdse/ocl-dataset/dataset/repos/dstrueber/bigtrafo/de.bigtrafo.benchmark/ocl/instances/06/PetriNetWithOCLPaper.ecore: unknown builtit class URL `http://www.eclipse.org/emf/2002/Ecore#//EBigInteger` failed to parse structural features failed to parse class `Place` line 48, column 144 current parser state: | `` | `    <eStructuralFeatures xsi:type=""ecore:EReference"" name=""postArc"" upperBound=""-1""` parsing failed"
modelset/raw-data/repo-ecore-all/data/tue-mdse/ocl-dataset/dataset/repos/dstrueber/bigtrafo/de.bigtrafo.benchmark/ocl/instances/07/PetriNetWithOCLPaper.ecore,false,false,false,"parse: failed to parse modelset/raw-data/repo-ecore-all/data/tue-mdse/ocl-dataset/dataset/repos/dstrueber/bigtrafo/de.bigtrafo.benchmark/ocl/instances/07/PetriNetWithOCLPaper.ecore: unknown builtit class URL `http://www.eclipse.org/emf/2002/Ecore#//EBigInteger` failed to parse structural features failed to parse class `Place` line 48, column 144 current parser state: | `` | `    <eStructuralFeatures xsi:type=""ecore:EReference"" name=""postArc"" upperBound=""-1""` parsing failed"
modelset/raw-data/repo-ecore-all/data/tue-mdse/ocl-dataset/dataset/repos/dstrueber/bigtrafo/de.bigtrafo.benchmark/ocl/instances/08/PetriNetWithOCLPaper.ecore,false,false,false,"parse: failed to parse modelset/raw-data/repo-ecore-all/data/tue-mdse/ocl-dataset/dataset/repos/dstrueber/bigtrafo/de.bigtrafo.benchmark/ocl/instances/08/PetriNetWithOCLPaper.ecore: unknown builtit class URL `http://www.eclipse.org/emf/2002/Ecore#//EBigInteger` failed to parse structural features failed to parse class `Place` line 52, column 144 current parser state: | `` | `    <eStructuralFeatures xsi:type=""ecore:EReference"" name=""postArc"" upperBound=""-1""` parsing failed"
modelset/raw-data/repo-ecore-all/data/tue-mdse/ocl-dataset/dataset/repos/dstrueber/bigtrafo/de.bigtrafo.benchmark/ocl/reference/01/PetriNetWithOCLPaper.ecore,false,false,false,"parse: failed to parse modelset/raw-data/repo-ecore-all/data/tue-mdse/ocl-dataset/dataset/repos/dstrueber/bigtrafo/de.bigtrafo.benchmark/ocl/reference/01/PetriNetWithOCLPaper.ecore: unsupported `eType` path `ecore:EClass PetriNetWithOCLPaper.ecore#//Transition` failed to parse structural features failed to parse class `PetriNet` line 12, column 90 current parser state: | `` | `    <eStructuralFeatures xsi:type=""ecore:EReference"" name=""arcPT"" upperBound=""-1""` parsing failed"
modelset/raw-data/repo-ecore-all/data/tue-mdse/ocl-dataset/dataset/repos/dstrueber/bigtrafo/de.bigtrafo.benchmark/ocl/reference/03/PetriNetWithOCLPaper.ecore,false,false,false,"parse: failed to parse modelset/raw-data/repo-ecore-all/data/tue-mdse/ocl-dataset/dataset/repos/dstrueber/bigtrafo/de.bigtrafo.benchmark/ocl/reference/03/PetriNetWithOCLPaper.ecore: unsupported `eType` path `ecore:EClass PetriNetWithOCLPaper.ecore#//Transition` failed to parse structural features failed to parse class `PetriNet` line 12, column 90 current parser state: | `` | `    <eStructuralFeatures xsi:type=""ecore:EReference"" name=""arcPT"" upperBound=""-1""` parsing failed"
modelset/raw-data/repo-ecore-all/data/tue-mdse/ocl-dataset/dataset/repos/dstrueber/bigtrafo/de.bigtrafo.benchmark/ocl/reference/05a/PetriNetWithOCLPaper.ecore,false,false,false,"parse: failed to parse modelset/raw-data/repo-ecore-all/data/tue-mdse/ocl-dataset/dataset/repos/dstrueber/bigtrafo/de.bigtrafo.benchmark/ocl/reference/05a/PetriNetWithOCLPaper.ecore: unsupported `eType` path `ecore:EClass PetriNetWithOCLPaper.ecore#//Transition` failed to parse structural features failed to parse class `PetriNet` line 12, column 90 current parser state: | `` | `    <eStructuralFeatures xsi:type=""ecore:EReference"" name=""arcPT"" upperBound=""-1""` parsing failed"
modelset/raw-data/repo-ecore-all/data/tue-mdse/ocl-dataset/dataset/repos/dstrueber/bigtrafo/de.bigtrafo.benchmark/ocl/reference/05b/PetriNetWithOCLPaper.ecore,false,false,false,"parse: failed to parse modelset/raw-data/repo-ecore-all/data/tue-mdse/ocl-dataset/dataset/repos/dstrueber/bigtrafo/de.bigtrafo.benchmark/ocl/reference/05b/PetriNetWithOCLPaper.ecore: unsupported `eType` path `ecore:EClass PetriNetWithOCLPaper.ecore#//Transition` failed to parse structural features failed to parse class `PetriNet` line 18, column 90 current parser state: | `` | `    <eStructuralFeatures xsi:type=""ecore:EReference"" name=""arcPT"" upperBound=""-1""` parsing failed"
modelset/raw-data/repo-ecore-all/data/tue-mdse/ocl-dataset/dataset/repos/dstrueber/bigtrafo/de.bigtrafo.benchmark/ocl/reference/07/PetriNetWithOCLPaper.ecore,false,false,false,"parse: failed to parse modelset/raw-data/repo-ecore-all/data/tue-mdse/ocl-dataset/dataset/repos/dstrueber/bigtrafo/de.bigtrafo.benchmark/ocl/reference/07/PetriNetWithOCLPaper.ecore: unsupported `eType` path `ecore:EClass PetriNetWithOCLPaper.ecore#//Transition` failed to parse structural features failed to parse class `PetriNet` line 18, column 90 current parser state: | `` | `    <eStructuralFeatures xsi:type=""ecore:EReference"" name=""arcPT"" upperBound=""-1""` parsing failed"
modelset/raw-data/repo-ecore-all/data/tue-mdse/ocl-dataset/dataset/repos/dstrueber/bigtrafo/de.bigtrafo.benchmark/ocl/reference/09/PetriNetWithOCLPaper.ecore,false,false,false,"parse: failed to parse modelset/raw-data/repo-ecore-all/data/tue-mdse/ocl-dataset/dataset/repos/dstrueber/bigtrafo/de.bigtrafo.benchmark/ocl/reference/09/PetriNetWithOCLPaper.ecore: unsupported `eType` path `ecore:EClass PetriNetWithOCLPaper.ecore#//Transition` failed to parse structural features failed to parse class `PetriNet` line 18, column 90 current parser state: | `` | `    <eStructuralFeatures xsi:type=""ecore:EReference"" name=""arcPT"" upperBound=""-1""` parsing failed"
modelset/raw-data/repo-ecore-all/data/tue-mdse/ocl-dataset/dataset/repos/dstrueber/bigtrafo/de.imotep.featuremodel.variability.metamodel/model/featuremodel.ecore,false,false,false,"parse: failed to parse modelset/raw-data/repo-ecore-all/data/tue-mdse/ocl-dataset/dataset/repos/dstrueber/bigtrafo/de.imotep.featuremodel.variability.metamodel/model/featuremodel.ecore: unknown builtit class URL `http://www.eclipse.org/emf/2002/Ecore#//EDiagnosticChain` failed to parse class operation failed to parse class `Feature` line 31, column 115 current parser state: | `` | `      <eParameters name=""context"">` parsing failed"
modelset/raw-data/repo-ecore-all/data/tue-mdse/ocl-dataset/dataset/repos/dzonekl/netxstudio/model/com.netxforge.netxstudio.models/models/cdo/05012011/services.ecore,false,false,false,"parse: failed to parse modelset/raw-data/repo-ecore-all/data/tue-mdse/ocl-dataset/dataset/repos/dzonekl/netxstudio/model/com.netxforge.netxstudio.models/models/cdo/05012011/services.ecore: unknown builtit class URL `http://www.eclipse.org/emf/2003/XMLType#//String` failed to parse structural features failed to parse class `CFSService` line 22, column 143 current parser state: | `` | `      <eAnnotations source=""http://www.eclipse.org/emf/2002/GenModel"">` parsing failed"
modelset/raw-data/repo-ecore-all/data/tue-mdse/ocl-dataset/dataset/repos/dzonekl/netxstudio/model/com.netxforge.netxstudio.models/models/cdo/06032012/metrics.ecore,false,false,false,"parse: failed to parse modelset/raw-data/repo-ecore-all/data/tue-mdse/ocl-dataset/dataset/repos/dzonekl/netxstudio/model/com.netxforge.netxstudio.models/models/cdo/06032012/metrics.ecore: unknown builtit class URL `http://www.eclipse.org/emf/2003/XMLType#//String` failed to parse structural features failed to parse class `IdentifierDataKind` line 54, column 149 current parser state: | `` | `      <eAnnotations source=""http://www.eclipse.org/emf/2002/GenModel"">` parsing failed"
modelset/raw-data/repo-ecore-all/data/tue-mdse/ocl-dataset/dataset/repos/dzonekl/netxstudio/model/com.netxforge.netxstudio.models/models/cdo/06032012/operators.ecore,false,false,false,"parse: failed to parse modelset/raw-data/repo-ecore-all/data/tue-mdse/ocl-dataset/dataset/repos/dzonekl/netxstudio/model/com.netxforge.netxstudio.models/models/cdo/06032012/operators.ecore: unsupported `eType` path `ecore:EClass library.ecore#//Equipment` failed to parse structural features failed to parse class `EquipmentRelationship` line 22, column 122 current parser state: | `` | `      <eAnnotations source=""http://www.eclipse.org/emf/2002/GenModel"">` parsing failed"
modelset/raw-data/repo-ecore-all/data/tue-mdse/ocl-dataset/dataset/repos/dzonekl/netxstudio/model/com.netxforge.netxstudio.models/models/cdo/06032012/services.ecore,false,false,false,"parse: failed to parse modelset/raw-data/repo-ecore-all/data/tue-mdse/ocl-dataset/dataset/repos/dzonekl/netxstudio/model/com.netxforge.netxstudio.models/models/cdo/06032012/services.ecore: unknown builtit class URL `http://www.eclipse.org/emf/2003/XMLType#//String` failed to parse structural features failed to parse class `CFSService` line 22, column 143 current parser state: | `` | `      <eAnnotations source=""http://www.eclipse.org/emf/2002/GenModel"">` parsing failed"
modelset/raw-data/repo-ecore-all/data/tue-mdse/ocl-dataset/dataset/repos/dzonekl/netxstudio/model/com.netxforge.netxstudio.models/models/cdo/13042011/library.ecore,false,false,false,"parse: failed to parse modelset/raw-data/repo-ecore-all/data/tue-mdse/ocl-dataset/dataset/repos/dzonekl/netxstudio/model/com.netxforge.netxstudio.models/models/cdo/13042011/library.ecore: unknown builtit class URL `http://www.eclipse.org/emf/2003/XMLType#//Boolean` failed to parse structural features failed to parse class `BaseResource` line 30, column 27 current parser state: | `` | `      <eAnnotations source=""http://www.eclipse.org/emf/2002/GenModel"">` parsing failed"
modelset/raw-data/repo-ecore-all/data/tue-mdse/ocl-dataset/dataset/repos/dzonekl/netxstudio/model/com.netxforge.netxstudio.models/models/cdo/13042011/metrics.ecore,false,false,false,"parse: failed to parse modelset/raw-data/repo-ecore-all/data/tue-mdse/ocl-dataset/dataset/repos/dzonekl/netxstudio/model/com.netxforge.netxstudio.models/models/cdo/13042011/metrics.ecore: unknown builtit class URL `http://www.eclipse.org/emf/2003/XMLType#//String` failed to parse structural features failed to parse class `IdentifierDataKind` line 52, column 149 current parser state: | `` | `      <eAnnotations source=""http://www.eclipse.org/emf/2002/GenModel"">` parsing failed"
modelset/raw-data/repo-ecore-all/data/tue-mdse/ocl-dataset/dataset/repos/dzonekl/netxstudio/model/com.netxforge.netxstudio.models/models/cdo/13042011/operators.ecore,false,false,false,"parse: failed to parse modelset/raw-data/repo-ecore-all/data/tue-mdse/ocl-dataset/dataset/repos/dzonekl/netxstudio/model/com.netxforge.netxstudio.models/models/cdo/13042011/operators.ecore: unsupported `eType` path `ecore:EClass library.ecore#//Equipment` failed to parse structural features failed to parse class `EquipmentRelationship` line 21, column 122 current parser state: | `` | `      <eAnnotations source=""http://www.eclipse.org/emf/2002/GenModel"">` parsing failed"
modelset/raw-data/repo-ecore-all/data/tue-mdse/ocl-dataset/dataset/repos/dzonekl/netxstudio/model/com.netxforge.netxstudio.models/models/cdo/13042011/services.ecore,false,false,false,"parse: failed to parse modelset/raw-data/repo-ecore-all/data/tue-mdse/ocl-dataset/dataset/repos/dzonekl/netxstudio/model/com.netxforge.netxstudio.models/models/cdo/13042011/services.ecore: unknown builtit class URL `http://www.eclipse.org/emf/2003/XMLType#//String` failed to parse structural features failed to parse class `CFSService` line 21, column 143 current parser state: | `` | `      <eAnnotations source=""http://www.eclipse.org/emf/2002/GenModel"">` parsing failed"
modelset/raw-data/repo-ecore-all/data/tue-mdse/ocl-dataset/dataset/repos/dzonekl/netxstudio/model/com.netxforge.netxstudio.models/models/cdo/16042013/library.ecore,false,false,false,"parse: failed to parse modelset/raw-data/repo-ecore-all/data/tue-mdse/ocl-dataset/dataset/repos/dzonekl/netxstudio/model/com.netxforge.netxstudio.models/models/cdo/16042013/library.ecore: unknown builtit class URL `http://www.eclipse.org/emf/2003/XMLType#//Boolean` failed to parse structural features failed to parse class `BaseResource` line 30, column 27 current parser state: | `` | `      <eAnnotations source=""http://www.eclipse.org/emf/2002/GenModel"">` parsing failed"
modelset/raw-data/repo-ecore-all/data/tue-mdse/ocl-dataset/dataset/repos/dzonekl/netxstudio/model/com.netxforge.netxstudio.models/models/cdo/16042013/metrics.ecore,false,false,false,"parse: failed to parse modelset/raw-data/repo-ecore-all/data/tue-mdse/ocl-dataset/dataset/repos/dzonekl/netxstudio/model/com.netxforge.netxstudio.models/models/cdo/16042013/metrics.ecore: unknown builtit class URL `http://www.eclipse.org/emf/2003/XMLType#//String` failed to parse structural features failed to parse class `IdentifierDataKind` line 68, column 149 current parser state: | `` | `      <eAnnotations source=""http://www.eclipse.org/emf/2002/GenModel"">` parsing failed"
modelset/raw-data/repo-ecore-all/data/tue-mdse/ocl-dataset/dataset/repos/dzonekl/netxstudio/model/com.netxforge.netxstudio.models/models/cdo/25102010/netxstudio.ecore,false,false,false,"parse: failed to parse modelset/raw-data/repo-ecore-all/data/tue-mdse/ocl-dataset/dataset/repos/dzonekl/netxstudio/model/com.netxforge.netxstudio.models/models/cdo/25102010/netxstudio.ecore: unsupported `eType` path `ecore:EClass networks.ecore#//Network` failed to parse structural features failed to parse class `Library` line 20, column 97 current parser state: | `` | `      <eAnnotations source=""http:///org/eclipse/emf/ecore/util/ExtendedMetaData"">` parsing failed"
modelset/raw-data/repo-ecore-all/data/tue-mdse/ocl-dataset/dataset/repos/dzonekl/netxstudio/model/com.netxforge.netxstudio.models/models/edapt/13042011/operators.ecore,false,false,false,"parse: failed to parse modelset/raw-data/repo-ecore-all/data/tue-mdse/ocl-dataset/dataset/repos/dzonekl/netxstudio/model/com.netxforge.netxstudio.models/models/edapt/13042011/operators.ecore: unsupported `eType` path `ecore:EClass library.ecore#//Equipment` failed to parse structural features failed to parse class `EquipmentRelationship` line 24, column 122 current parser state: | `` | `      <eAnnotations source=""http://www.eclipse.org/emf/2002/GenModel"">` parsing failed"
modelset/raw-data/repo-ecore-all/data/tue-mdse/ocl-dataset/dataset/repos/dzonekl/netxstudio/model/com.netxforge.netxstudio.models/models/edapt/13042011/services.ecore,false,false,false,"parse: failed to parse modelset/raw-data/repo-ecore-all/data/tue-mdse/ocl-dataset/dataset/repos/dzonekl/netxstudio/model/com.netxforge.netxstudio.models/models/edapt/13042011/services.ecore: unknown builtit class URL `http://www.eclipse.org/emf/2003/XMLType#//String` failed to parse structural features failed to parse class `CFSService` line 24, column 143 current parser state: | `` | `      <eAnnotations source=""http://www.eclipse.org/emf/2002/GenModel"">` parsing failed"
modelset/raw-data/repo-ecore-all/data/tue-mdse/ocl-dataset/dataset/repos/dzonekl/netxstudio/model/com.netxforge.netxstudio.models/models/emf/06032012/library.ecore,false,false,false,"parse: failed to parse modelset/raw-data/repo-ecore-all/data/tue-mdse/ocl-dataset/dataset/repos/dzonekl/netxstudio/model/com.netxforge.netxstudio.models/models/emf/06032012/library.ecore: unknown builtit class URL `http://www.eclipse.org/emf/2003/XMLType#//Boolean` failed to parse structural features failed to parse class `BaseResource` line 33, column 27 current parser state: | `` | `      <eAnnotations source=""http://www.eclipse.org/emf/2002/GenModel"">` parsing failed"
modelset/raw-data/repo-ecore-all/data/tue-mdse/ocl-dataset/dataset/repos/dzonekl/netxstudio/model/com.netxforge.netxstudio.models/models/emf/06032012/metrics.ecore,false,false,false,"parse: failed to parse modelset/raw-data/repo-ecore-all/data/tue-mdse/ocl-dataset/dataset/repos/dzonekl/netxstudio/model/com.netxforge.netxstudio.models/models/emf/06032012/metrics.ecore: unknown builtit class URL `http://www.eclipse.org/emf/2003/XMLType#//String` failed to parse structural features failed to parse class `IdentifierDataKind` line 55, column 149 current parser state: | `` | `      <eAnnotations source=""http://www.eclipse.org/emf/2002/GenModel"">` parsing failed"
modelset/raw-data/repo-ecore-all/data/tue-mdse/ocl-dataset/dataset/repos/dzonekl/netxstudio/model/com.netxforge.netxstudio.models/models/emf/06032012/operators.ecore,false,false,false,"parse: failed to parse modelset/raw-data/repo-ecore-all/data/tue-mdse/ocl-dataset/dataset/repos/dzonekl/netxstudio/model/com.netxforge.netxstudio.models/models/emf/06032012/operators.ecore: unsupported `eType` path `ecore:EClass library.ecore#//Equipment` failed to parse structural features failed to parse class `EquipmentRelationship` line 24, column 122 current parser state: | `` | `      <eAnnotations source=""http://www.eclipse.org/emf/2002/GenModel"">` parsing failed"
modelset/raw-data/repo-ecore-all/data/tue-mdse/ocl-dataset/dataset/repos/dzonekl/netxstudio/model/com.netxforge.netxstudio.models/models/emf/06032012/services.ecore,false,false,false,"parse: failed to parse modelset/raw-data/repo-ecore-all/data/tue-mdse/ocl-dataset/dataset/repos/dzonekl/netxstudio/model/com.netxforge.netxstudio.models/models/emf/06032012/services.ecore: unknown builtit class URL `http://www.eclipse.org/emf/2003/XMLType#//String` failed to parse structural features failed to parse class `CFSService` line 21, column 143 current parser state: | `` | `      <eAnnotations source=""http://www.eclipse.org/emf/2002/GenModel"">` parsing failed"
modelset/raw-data/repo-ecore-all/data/tue-mdse/ocl-dataset/dataset/repos/dzonekl/netxstudio/model/com.netxforge.netxstudio.models/models/emf/13042011/library.ecore,false,false,false,"parse: failed to parse modelset/raw-data/repo-ecore-all/data/tue-mdse/ocl-dataset/dataset/repos/dzonekl/netxstudio/model/com.netxforge.netxstudio.models/models/emf/13042011/library.ecore: unsupported `eType` path `ecore:EClass generics.ecore#//Lifecycle` failed to parse structural features failed to parse class `Equipment` line 23, column 51 current parser state: | `` | `      <eAnnotations source=""http://www.eclipse.org/emf/2002/GenModel"">` parsing failed"
modelset/raw-data/repo-ecore-all/data/tue-mdse/ocl-dataset/dataset/repos/dzonekl/netxstudio/model/com.netxforge.netxstudio.models/models/emf/13042011/operators.ecore,false,false,false,"parse: failed to parse modelset/raw-data/repo-ecore-all/data/tue-mdse/ocl-dataset/dataset/repos/dzonekl/netxstudio/model/com.netxforge.netxstudio.models/models/emf/13042011/operators.ecore: unsupported `eType` path `ecore:EClass library.ecore#//Equipment` failed to parse structural features failed to parse class `EquipmentRelationship` line 22, column 122 current parser state: | `` | `      <eAnnotations source=""http://www.eclipse.org/emf/2002/GenModel"">` parsing failed"
modelset/raw-data/repo-ecore-all/data/tue-mdse/ocl-dataset/dataset/repos/dzonekl/netxstudio/model/com.netxforge.netxstudio.models/models/emf/16042013_delta/metrics.ecore,false,false,false,"parse: failed to parse modelset/raw-data/repo-ecore-all/data/tue-mdse/ocl-dataset/dataset/repos/dzonekl/netxstudio/model/com.netxforge.netxstudio.models/models/emf/16042013_delta/metrics.ecore: unknown builtit class URL `generics.ecore#//Name255` failed to parse structural features failed to parse class `Metric` line 83, column 115 current parser state: | `` | `      <eAnnotations source=""http://www.eclipse.org/emf/2002/GenModel"">` parsing failed"
modelset/raw-data/repo-ecore-all/data/tue-mdse/ocl-dataset/dataset/repos/dzonekl/netxstudio/model/com.netxforge.netxstudio.models/models/emf/25102010/metrics.ecore,false,false,false,"parse: failed to parse modelset/raw-data/repo-ecore-all/data/tue-mdse/ocl-dataset/dataset/repos/dzonekl/netxstudio/model/com.netxforge.netxstudio.models/models/emf/25102010/metrics.ecore: unknown builtit class URL `generics.ecore#//Name100` failed to parse structural features failed to parse class `MetricLibrary` line 42, column 115 current parser state: | `` | `      <eAnnotations source=""http:///org/eclipse/emf/ecore/util/ExtendedMetaData"">` parsing failed"
modelset/raw-data/repo-ecore-all/data/tue-mdse/ocl-dataset/dataset/repos/dzonekl/netxstudio/model/com.netxforge.netxstudio.models/models/emf/25102010/services.ecore,false,false,false,"parse: failed to parse modelset/raw-data/repo-ecore-all/data/tue-mdse/ocl-dataset/dataset/repos/dzonekl/netxstudio/model/com.netxforge.netxstudio.models/models/emf/25102010/services.ecore: unsupported `eType` path `ecore:EClass http://www.eclipse.org/emf/2002/Ecore#//EObject` failed to parse structural features failed to parse class `CFSService` line 20, column 78 current parser state: | `` | `      <eAnnotations source=""http:///org/eclipse/emf/ecore/util/ExtendedMetaData"">` parsing failed"
modelset/raw-data/repo-ecore-all/data/tue-mdse/ocl-dataset/dataset/repos/e0725675/ModelEngineeringWS14/lab1/EFML/model/forms.ecore,false,false,false,"parse: failed to parse modelset/raw-data/repo-ecore-all/data/tue-mdse/ocl-dataset/dataset/repos/e0725675/ModelEngineeringWS14/lab1/EFML/model/forms.ecore: unknown builtit class URL `http://www.eclipse.org/emf/2003/XMLType#//BooleanObject` failed to parse structural features failed to parse class `Attribute` line 44, column 38 current parser state: | `` | `    <eStructuralFeatures xsi:type=""ecore:EReference"" name=""enumerationType"" eType=""#//Enumeration""/>` parsing failed"
modelset/raw-data/repo-ecore-all/data/tue-mdse/ocl-dataset/dataset/repos/e0828330/modelEng01/Assignment1/model/form.ecore,false,false,false,"parse: failed to parse modelset/raw-data/repo-ecore-all/data/tue-mdse/ocl-dataset/dataset/repos/e0828330/modelEng01/Assignment1/model/form.ecore: unknown builtit class URL `http://www.eclipse.org/emf/2002/Ecore#//EIntegerObject` failed to parse structural features failed to parse class `PageElement` line 48, column 144 current parser state: | `` | `  </eClassifiers>` parsing failed"
modelset/raw-data/repo-ecore-all/data/tue-mdse/ocl-dataset/dataset/repos/e0828330/modelEng03/at.ac.tuwien.big.questionnaire2form/metamodels/form.ecore,true,true,true,
modelset/raw-data/repo-ecore-all/data/tue-mdse/ocl-dataset/dataset/repos/eclipse/ocl/examples/org.eclipse.ocl.examples.pivot/model/Pivot.ecore,false,false,false,"parse: failed to parse modelset/raw-data/repo-ecore-all/data/tue-mdse/ocl-dataset/dataset/repos/eclipse/ocl/examples/org.eclipse.ocl.examples.pivot/model/Pivot.ecore: unknown builtit class URL `http://www.eclipse.org/emf/2002/Ecore#//EDiagnosticChain` failed to parse class operation failed to parse class `BooleanLiteralExp` line 138, column 121 current parser state: | `` | `      <eParameters name=""context"">` parsing failed"
modelset/raw-data/repo-ecore-all/data/tue-mdse/ocl-dataset/dataset/repos/eclipse/ocl/examples/org.eclipse.ocl.examples.project.royalandloyal/oclsrc/RoyalAndLoyal/RoyalAndLoyal.ecore,false,false,false,"parse: failed to parse modelset/raw-data/repo-ecore-all/data/tue-mdse/ocl-dataset/dataset/repos/eclipse/ocl/examples/org.eclipse.ocl.examples.project.royalandloyal/oclsrc/RoyalAndLoyal/RoyalAndLoyal.ecore: unknown builtit class URL `http://www.eclipse.org/emf/2002/Ecore#//EDoubleObject` failed to parse structural features failed to parse class `Transaction` line 35, column 147 current parser state: | `` | `    <eStructuralFeatures xsi:type=""ecore:EAttribute"" name=""points"" eType=""ecore:EDataType http://www.eclipse.org/emf/2002/Ecore#//EIntegerObject""/>` parsing failed"
modelset/raw-data/repo-ecore-all/data/tue-mdse/ocl-dataset/dataset/repos/eclipse/ocl/tests/org.eclipse.ocl.examples.xtext.tests/model/Company.ecore,false,false,false,"parse: failed to parse modelset/raw-data/repo-ecore-all/data/tue-mdse/ocl-dataset/dataset/repos/eclipse/ocl/tests/org.eclipse.ocl.examples.xtext.tests/model/Company.ecore: unknown builtit class URL `http://www.eclipse.org/emf/2002/Ecore#//EDiagnosticChain` failed to parse class operation failed to parse class `Company` line 15, column 121 current parser state: | `` | `      <eParameters name=""context"">` parsing failed"
modelset/raw-data/repo-ecore-all/data/tue-mdse/ocl-dataset/dataset/repos/eclipse/ocl/tests/org.eclipse.ocl.examples.xtext.tests/model/NoReflectionCompany.ecore,false,false,false,"parse: failed to parse modelset/raw-data/repo-ecore-all/data/tue-mdse/ocl-dataset/dataset/repos/eclipse/ocl/tests/org.eclipse.ocl.examples.xtext.tests/model/NoReflectionCompany.ecore: unknown builtit class URL `http://www.eclipse.org/emf/2002/Ecore#//EDiagnosticChain` failed to parse class operation failed to parse class `Company` line 15, column 121 current parser state: | `` | `      <eParameters name=""context"">` parsing failed"
modelset/raw-data/repo-ecore-all/data/tue-mdse/ocl-dataset/dataset/repos/eclipse/ocl/tests/org.eclipse.ocl.examples.xtext.tests/src/org/eclipse/ocl/examples/test/xtext/models/Bug323741.ecore,true,true,true,
modelset/raw-data/repo-ecore-all/data/tue-mdse/ocl-dataset/dataset/repos/eclipse/ocl/tests/org.eclipse.ocl.examples.xtext.tests/src/org/eclipse/ocl/examples/test/xtext/models/Bug362620.ecore,false,false,false,"parse: failed to parse modelset/raw-data/repo-ecore-all/data/tue-mdse/ocl-dataset/dataset/repos/eclipse/ocl/tests/org.eclipse.ocl.examples.xtext.tests/src/org/eclipse/ocl/examples/test/xtext/models/Bug362620.ecore: unexpected package content line 8, column 3 current parser state: | `<eSubpackages name=""sub"" nsURI=""http://sub"" nsPrefix=""s"">` | `    <eSubpackages name=""subsub"" nsURI=""http://subsub"" nsPrefix=""ss"">` parsing failed"
modelset/raw-data/repo-ecore-all/data/tue-mdse/ocl-dataset/dataset/repos/eclipse/ocl/tests/org.eclipse.ocl.examples.xtext.tests/src/org/eclipse/ocl/examples/test/xtext/models/EssentialOCLCST.ecore,false,false,false,"parse: failed to parse modelset/raw-data/repo-ecore-all/data/tue-mdse/ocl-dataset/dataset/repos/eclipse/ocl/tests/org.eclipse.ocl.examples.xtext.tests/src/org/eclipse/ocl/examples/test/xtext/models/EssentialOCLCST.ecore: unknown builtit class URL `http://www.eclipse.org/emf/2002/Ecore#//EBigInteger` failed to parse structural features failed to parse class `IntegerLiteralExpCS` line 64, column 152 current parser state: | `` | `  </eClassifiers>` parsing failed"
modelset/raw-data/repo-ecore-all/data/tue-mdse/ocl-dataset/dataset/repos/eclipse/ocl/tests/org.eclipse.ocl.examples.xtext.tests/src/org/eclipse/ocl/examples/test/xtext/models/OCLCST.ecore,false,false,false,"parse: failed to parse modelset/raw-data/repo-ecore-all/data/tue-mdse/ocl-dataset/dataset/repos/eclipse/ocl/tests/org.eclipse.ocl.examples.xtext.tests/src/org/eclipse/ocl/examples/test/xtext/models/OCLCST.ecore: unexpected package content line 7, column 3 current parser state: | `<eSubpackages name=""cst"" nsURI=""http://www.eclipse.org/ocl/1.1.0/OCL/CST"" nsPrefix=""ocl.cst"">` | `    <eClassifiers xsi:type=""ecore:EClass"" name=""CSTNode"" abstract=""true"">` parsing failed"
modelset/raw-data/repo-ecore-all/data/tue-mdse/ocl-dataset/dataset/repos/eclipse/ocl/tests/org.eclipse.ocl.examples.xtext.tests/src/org/eclipse/ocl/examples/test/xtext/models/OCLEcore.ecore,false,false,false,"parse: failed to parse modelset/raw-data/repo-ecore-all/data/tue-mdse/ocl-dataset/dataset/repos/eclipse/ocl/tests/org.eclipse.ocl.examples.xtext.tests/src/org/eclipse/ocl/examples/test/xtext/models/OCLEcore.ecore: unexpected package content line 4, column 3 current parser state: | `<eSubpackages name=""ecore"" nsURI=""http://www.eclipse.org/ocl/1.1.0/Ecore"" nsPrefix=""ocl.ecore"">` | `    <eClassifiers xsi:type=""ecore:EClass"" name=""AnyType"">` parsing failed"
modelset/raw-data/repo-ecore-all/data/tue-mdse/ocl-dataset/dataset/repos/eclipse/ocl/tests/org.eclipse.ocl.examples.xtext.tests/src/org/eclipse/ocl/examples/test/xtext/models/States.ecore,true,true,true,
modelset/raw-data/repo-ecore-all/data/tue-mdse/ocl-dataset/dataset/repos/eliericha/atlanalyser/fr.tpt.atlanalyser.examples/examples/ForPaper/Manual/Test.traces.manual.ecore,true,true,true,
modelset/raw-data/repo-ecore-all/data/tue-mdse/ocl-dataset/dataset/repos/eliericha/atlanalyser/fr.tpt.atlanalyser.examples/examples/InjectivityIssues/InputMM/in.ecore,true,true,true,
modelset/raw-data/repo-ecore-all/data/tue-mdse/ocl-dataset/dataset/repos/eliericha/atlanalyser/fr.tpt.atlanalyser.examples/examples/NonInjectiveInPatterns/InputMM/systemmodel.ecore,true,true,true,
modelset/raw-data/repo-ecore-all/data/tue-mdse/ocl-dataset/dataset/repos/eliericha/atlanalyser/fr.tpt.atlanalyser.examples/examples/NonInjectiveInPatterns/OutputMM/codemodel.ecore,false,false,false,"parse: failed to parse modelset/raw-data/repo-ecore-all/data/tue-mdse/ocl-dataset/dataset/repos/eliericha/atlanalyser/fr.tpt.atlanalyser.examples/examples/NonInjectiveInPatterns/OutputMM/codemodel.ecore: unexpected package content line 22, column 3 current parser state: | `<eSubpackages name=""expressions"" nsURI=""http://codemodel/expressions/1.0"" nsPrefix=""expressions"">` | `    <eClassifiers xsi:type=""ecore:EClass"" name=""Expression"" abstract=""true"" eSuperTypes=""#//CMElement""/>` parsing failed"
modelset/raw-data/repo-ecore-all/data/tue-mdse/ocl-dataset/dataset/repos/eliericha/atlanalyser/fr.tpt.atlanalyser.examples/examples/OldAGTExp/Transformation/CMG.traces.ecore,false,false,false,"parse: failed to parse modelset/raw-data/repo-ecore-all/data/tue-mdse/ocl-dataset/dataset/repos/eliericha/atlanalyser/fr.tpt.atlanalyser.examples/examples/OldAGTExp/Transformation/CMG.traces.ecore: unsupported `eType` path `ecore:EClass ../InputMM/systemmodel.ecore#//SMElement` failed to parse structural features failed to parse class `Trace` line 6, column 72 current parser state: | `` | `    <eStructuralFeatures xsi:type=""ecore:EReference"" name=""to"" lowerBound=""1"" upperBound=""-1""` parsing failed"
modelset/raw-data/repo-ecore-all/data/tue-mdse/ocl-dataset/dataset/repos/eliericha/atlanalyser/fr.tpt.atlanalyser.examples/examples/ResolveTemp/InputMM/in.ecore,true,true,true,
modelset/raw-data/repo-ecore-all/data/tue-mdse/ocl-dataset/dataset/repos/eliericha/atlanalyser/fr.tpt.atlanalyser.examples/examples/ResolveTemp/OutputMM/out.ecore,true,true,true,
modelset/raw-data/repo-ecore-all/data/tue-mdse/ocl-dataset/dataset/repos/eliericha/atlanalyser/fr.tpt.atlanalyser.examples/examples/TestNGC/OutputMM/codemodel.ecore,false,false,false,"parse: failed to parse modelset/raw-data/repo-ecore-all/data/tue-mdse/ocl-dataset/dataset/repos/eliericha/atlanalyser/fr.tpt.atlanalyser.examples/examples/TestNGC/OutputMM/codemodel.ecore: unexpected package content line 18, column 3 current parser state: | `<eSubpackages name=""expressions"" nsURI=""http://codemodel/expressions/1.0"" nsPrefix=""expressions"">` | `    <eClassifiers xsi:type=""ecore:EClass"" name=""Expression"" abstract=""true"" eSuperTypes=""#//CMElement""/>` parsing failed"
modelset/raw-data/repo-ecore-all/data/tue-mdse/ocl-dataset/dataset/repos/fexman/me4everWS14/model/forms.ecore,true,true,true,
modelset/raw-data/repo-ecore-all/data/tue-mdse/ocl-dataset/dataset/repos/flogaribal/ENSEEIHT/2A/GLS/BE/fr.enseeiht.gls.petrinet/PetriNet.ecore,false,false,false,"parse: failed to parse modelset/raw-data/repo-ecore-all/data/tue-mdse/ocl-dataset/dataset/repos/flogaribal/ENSEEIHT/2A/GLS/BE/fr.enseeiht.gls.petrinet/PetriNet.ecore: unknown builtit class URL `http://www.eclipse.org/emf/2002/Ecore#//EIntegerObject` failed to parse structural features failed to parse class `Arc` line 21, column 147 current parser state: | `` | `    <eStructuralFeatures xsi:type=""ecore:EReference"" name=""debut"" lowerBound=""1"" eType=""#//PetriElement""/>` parsing failed"
modelset/raw-data/repo-ecore-all/data/tue-mdse/ocl-dataset/dataset/repos/gambastian/automatizacion2015/MDD_Course_Samples/metamodels/etl/Graph.ecore,true,true,true,
modelset/raw-data/repo-ecore-all/data/tue-mdse/ocl-dataset/dataset/repos/gambastian/automatizacion2015/MDD_Course_Samples/models/eol/Families.ecore,true,true,true,
modelset/raw-data/repo-ecore-all/data/tue-mdse/ocl-dataset/dataset/repos/gemoc/gemoc-studio/gemoc_commons/plugins/gexpressions/org.gemoc.gexpressions.test/model/test.ecore,true,true,true,
modelset/raw-data/repo-ecore-all/data/tue-mdse/ocl-dataset/dataset/repos/gemoc/gemoc-studio/official_samples/LegacyFSM/language_workbench/org.gemoc.sample.legacyfsm.xsfsm/model-gen/XSFSMMT.ecore,false,false,false,"parse: failed to parse modelset/raw-data/repo-ecore-all/data/tue-mdse/ocl-dataset/dataset/repos/gemoc/gemoc-studio/official_samples/LegacyFSM/language_workbench/org.gemoc.sample.legacyfsm.xsfsm/model-gen/XSFSMMT.ecore: expected tag `>` failed to parse operation annotation failed to parse class operation failed to parse class `StateMachine` line 8, column 36 current parser state: | `/>` | `    </eOperations>` parsing failed"
modelset/raw-data/repo-ecore-all/data/tue-mdse/ocl-dataset/dataset/repos/gemoc/gemoc-studio/official_samples/TFSM/language_workbench/org.gemoc.sample.tfsm.concurrent/model-gen/XTfsmMT.ecore,false,false,false,"parse: failed to parse modelset/raw-data/repo-ecore-all/data/tue-mdse/ocl-dataset/dataset/repos/gemoc/gemoc-studio/official_samples/TFSM/language_workbench/org.gemoc.sample.tfsm.concurrent/model-gen/XTfsmMT.ecore: expected tag `>` failed to parse operation annotation failed to parse class operation failed to parse class `TFSM` line 5, column 36 current parser state: | `/>` | `      <eType xsi:type=""ecore:EDataType"" href=""http://www.eclipse.org/emf/2002/Ecore#//EString""/>` parsing failed"
modelset/raw-data/repo-ecore-all/data/tue-mdse/ocl-dataset/dataset/repos/gemoc/gemoc-studio/official_samples/TFSM/language_workbench/org.gemoc.sample.tfsm.concurrent.model/model/tfsm.ecore,false,false,false,"parse: failed to parse modelset/raw-data/repo-ecore-all/data/tue-mdse/ocl-dataset/dataset/repos/gemoc/gemoc-studio/official_samples/TFSM/language_workbench/org.gemoc.sample.tfsm.concurrent.model/model/tfsm.ecore: expected tag `>` failed to parse structural feature annotation failed to parse structural features failed to parse class `FSMClock` line 55, column 36 current parser state: | `/>` | `    </eStructuralFeatures>` parsing failed"
modelset/raw-data/repo-ecore-all/data/tue-mdse/ocl-dataset/dataset/repos/gemoc/gemoc-studio/official_samples/TFSM_PlainK3/language_workbench/org.gemoc.sample.tfsm.plaink3.model/model/tfsm.ecore,true,true,true,
modelset/raw-data/repo-ecore-all/data/tue-mdse/ocl-dataset/dataset/repos/gemoc/gemoc-studio/official_samples/TFSM_PlainK3/language_workbench/org.gemoc.sample.tfsm.sequential/model-gen/XTfsmMT.ecore,false,false,false,"parse: failed to parse modelset/raw-data/repo-ecore-all/data/tue-mdse/ocl-dataset/dataset/repos/gemoc/gemoc-studio/official_samples/TFSM_PlainK3/language_workbench/org.gemoc.sample.tfsm.sequential/model-gen/XTfsmMT.ecore: expected tag `>` failed to parse operation annotation failed to parse class operation failed to parse class `TFSM` line 5, column 36 current parser state: | `/>` | `    </eOperations>` parsing failed"
modelset/raw-data/repo-ecore-all/data/tue-mdse/ocl-dataset/dataset/repos/gemoc/gemoc-studio/official_samples/TFSM_PlainK3/language_workbench/org.gemoc.sample.tfsm.sequential.model/model/tfsm.ecore,false,false,false,"parse: failed to parse modelset/raw-data/repo-ecore-all/data/tue-mdse/ocl-dataset/dataset/repos/gemoc/gemoc-studio/official_samples/TFSM_PlainK3/language_workbench/org.gemoc.sample.tfsm.sequential.model/model/tfsm.ecore: unsupported `eType` path `//State` failed to parse structural features failed to parse class `TFSM` line 4, column 155 current parser state: | `` | `    <eStructuralFeatures xsi:type=""ecore:EReference"" name=""initialState"" lowerBound=""1"" eType=""//State""/>` parsing failed"
modelset/raw-data/repo-ecore-all/data/tue-mdse/ocl-dataset/dataset/repos/gemoc/gemoc-studio/official_samples/TFSM_PlainK3/language_workbench/org.gemoc.sample.tfsm.sequential.xtfsm/model/XTfsm.ecore,false,false,false,"parse: failed to parse modelset/raw-data/repo-ecore-all/data/tue-mdse/ocl-dataset/dataset/repos/gemoc/gemoc-studio/official_samples/TFSM_PlainK3/language_workbench/org.gemoc.sample.tfsm.sequential.xtfsm/model/XTfsm.ecore: expected tag `>` failed to parse operation annotation failed to parse class operation failed to parse class `TFSM` line 5, column 36 current parser state: | `/>` | `    </eOperations>` parsing failed"
modelset/raw-data/repo-ecore-all/data/tue-mdse/ocl-dataset/dataset/repos/gijss/rfsm-modeling/be.kuleuven.rodinia.dsl.lua/be.kuleuven.rodinia.dsl.lua/model/generated/Lua.ecore,true,false,false,"generate: timeout after 120s: /arachne/target/release/arachne generate modelset/raw-data/repo-ecore-all/data/tue-mdse/ocl-dataset/dataset/repos/gijss/rfsm-modeling/be.kuleuven.rodinia.dsl.lua/be.kuleuven.rodinia.dsl.lua/model/generated/Lua.ecore -o /var/folders/24/3kt9vzrj6qzd_r760kn9ybsm0000gn/T/arachne-modelset-kd53r1ae/generated-00940 -p modelset-00940-8ba21e18 [INFO  arachne] Starting code generation [INFO  arachne_codegen] Validating configuration [INFO  arachne_codegen] Parsing ecore metamodel: ""modelset/raw-data/repo-ecore-all/data/tue-mdse/ocl-dataset/dataset/repos/gijss/rfsm-modeling/be.kuleuven.rodinia.dsl.lua/be.kuleuven.rodinia.dsl.lua/model/generated/Lua.ecore"" [INFO  arachne_codegen] Generating Rust tokens"
modelset/raw-data/repo-ecore-all/data/tue-mdse/ocl-dataset/dataset/repos/grammarware/sle16/bousse/examples/examples/java/language-workbench/org.gemoc.arduino.sequential/model-gen/ArduinoMT.ecore,false,false,false,"parse: failed to parse modelset/raw-data/repo-ecore-all/data/tue-mdse/ocl-dataset/dataset/repos/grammarware/sle16/bousse/examples/examples/java/language-workbench/org.gemoc.arduino.sequential/model-gen/ArduinoMT.ecore: unsupported `eType` path `//Project` failed to parse structural features failed to parse class `Board` line 4, column 132 current parser state: | `` | `  </eClassifiers>` parsing failed"
modelset/raw-data/repo-ecore-all/data/tue-mdse/ocl-dataset/dataset/repos/grammarware/sle16/bousse/framework-sources/ModelDebugging/trace/tests_and_benchmarks/fr.inria.diverse.trace.plaink3.tracematerialextractor.test/inputs/TfsmExtended.ecore,false,false,false,"parse: failed to parse modelset/raw-data/repo-ecore-all/data/tue-mdse/ocl-dataset/dataset/repos/grammarware/sle16/bousse/framework-sources/ModelDebugging/trace/tests_and_benchmarks/fr.inria.diverse.trace.plaink3.tracematerialextractor.test/inputs/TfsmExtended.ecore: expected tag `>` failed to parse operation annotation failed to parse class operation failed to parse class `TFSM` line 6, column 37 current parser state: | `/>` | `    </eOperations>` parsing failed"
modelset/raw-data/repo-ecore-all/data/tue-mdse/ocl-dataset/dataset/repos/grammarware/sle16/bousse/framework-sources/ModelDebugging/trace/tests_and_benchmarks/fr.inria.diverse.trace.plugin.generator.test/inputs/tfsm.ecore,false,false,false,"parse: failed to parse modelset/raw-data/repo-ecore-all/data/tue-mdse/ocl-dataset/dataset/repos/grammarware/sle16/bousse/framework-sources/ModelDebugging/trace/tests_and_benchmarks/fr.inria.diverse.trace.plugin.generator.test/inputs/tfsm.ecore: expected tag `>` failed to parse operation annotation failed to parse class operation failed to parse class `TFSM` line 5, column 37 current parser state: | `/>` | `    </eOperations>` parsing failed"
modelset/raw-data/repo-ecore-all/data/tue-mdse/ocl-dataset/dataset/repos/grammarware/sle16/bousse/framework-sources/gemoc-studio/official_samples/TFSM/language_workbench/org.gemoc.sample.tfsm.xdsml/model-gen/TfsmConcurrentMT.ecore,false,false,false,"parse: failed to parse modelset/raw-data/repo-ecore-all/data/tue-mdse/ocl-dataset/dataset/repos/grammarware/sle16/bousse/framework-sources/gemoc-studio/official_samples/TFSM/language_workbench/org.gemoc.sample.tfsm.xdsml/model-gen/TfsmConcurrentMT.ecore: expected tag `>` failed to parse operation annotation failed to parse class operation failed to parse class `TFSM` line 5, column 37 current parser state: | `/>` | `      <eType xsi:type=""ecore:EDataType"" href=""http://www.eclipse.org/emf/2002/Ecore#//EString""/>` parsing failed"
modelset/raw-data/repo-ecore-all/data/tue-mdse/ocl-dataset/dataset/repos/grammarware/sle16/bousse/framework-sources/gemoc-studio/official_samples/TFSM_PlainK3/language_workbench/org.gemoc.sample.tfsm.plaink3.xdsml.xtfsm/model/XTfsm.ecore,false,false,false,"parse: failed to parse modelset/raw-data/repo-ecore-all/data/tue-mdse/ocl-dataset/dataset/repos/grammarware/sle16/bousse/framework-sources/gemoc-studio/official_samples/TFSM_PlainK3/language_workbench/org.gemoc.sample.tfsm.plaink3.xdsml.xtfsm/model/XTfsm.ecore: expected tag `>` failed to parse operation annotation failed to parse class operation failed to parse class `TFSM` line 5, column 36 current parser state: | `/>` | `    </eOperations>` parsing failed"
modelset/raw-data/repo-ecore-all/data/tue-mdse/ocl-dataset/dataset/repos/haslab/echo/examples/pt.uminho.haslab.echo.examples/metamodels/family_flatten/Family.ecore,true,true,true,
modelset/raw-data/repo-ecore-all/data/tue-mdse/ocl-dataset/dataset/repos/haslab/echo/examples/pt.uminho.haslab.echo.examples/metamodels/multiplicities/B_attributes.ecore,false,false,false,"parse: failed to parse modelset/raw-data/repo-ecore-all/data/tue-mdse/ocl-dataset/dataset/repos/haslab/echo/examples/pt.uminho.haslab.echo.examples/metamodels/multiplicities/B_attributes.ecore: unsupported `eType` path `ecore:EClass #//RootB` failed to parse structural features failed to parse class `B` line 7, column 34 current parser state: | `` | `    <eStructuralFeatures xsi:type=""ecore:EReference"" name=""y"" lowerBound=""1"" eType=""ecore:EClass #//Y""/>` parsing failed"
modelset/raw-data/repo-ecore-all/data/tue-mdse/ocl-dataset/dataset/repos/haslab/echo/examples/pt.uminho.haslab.echo.examples/metamodels/multiplicities/B_keys.ecore,true,true,true,
modelset/raw-data/repo-ecore-all/data/tue-mdse/ocl-dataset/dataset/repos/hassanLOULOU/moliz/org.modelexecution.xmof.examples/fsa/fsa.ecore,true,true,true,
modelset/raw-data/repo-ecore-all/data/tue-mdse/ocl-dataset/dataset/repos/hungngo-quoc/moliz/org.modelexecution.xmof/model/xmof.ecore,false,false,false,"parse: failed to parse modelset/raw-data/repo-ecore-all/data/tue-mdse/ocl-dataset/dataset/repos/hungngo-quoc/moliz/org.modelexecution.xmof/model/xmof.ecore: unexpected package attribute `xsi:schemaLocation` expected one of `name` `nsURI` `nsPrefix` `xmi:version` `xmlns:xmi` `xmlns:xsi` `xmlns:ecore` line 4, column 5 current parser state: | `name=""xmof"" nsURI=""http://www.modelexecution.org/xmof"" nsPrefix=""xmof"">` | `  <eSubpackages name=""Syntax"" nsURI=""http://www.modelexecution.org/xmof/syntax"" nsPrefix=""fUML.Syntax"">` parsing failed"
modelset/raw-data/repo-ecore-all/data/tue-mdse/ocl-dataset/dataset/repos/hungngo-quoc/moliz/org.modelexecution.xmof.examples.petrinet/model/petrinet.ecore,true,true,true,
modelset/raw-data/repo-ecore-all/data/tue-mdse/ocl-dataset/dataset/repos/jdelara/DSL-tao/src/org.mondo.dsl/model/serviceInterfaces.ecore,false,false,false,"parse: failed to parse modelset/raw-data/repo-ecore-all/data/tue-mdse/ocl-dataset/dataset/repos/jdelara/DSL-tao/src/org.mondo.dsl/model/serviceInterfaces.ecore: unexpected package content line 24, column 3 current parser state: | `<eSubpackages name=""codegen"" nsURI=""http://mondo.org/serviceInterfaces/codegen""` | `      nsPrefix=""servInt_codegen"">` parsing failed"
modelset/raw-data/repo-ecore-all/data/tue-mdse/ocl-dataset/dataset/repos/jdelara/DSL-tao/src/org.mondo.dsl/patterns/TreeStructured.ecore,true,true,true,
modelset/raw-data/repo-ecore-all/data/tue-mdse/ocl-dataset/dataset/repos/jreimone/refactory/Coral/dk.itu.sdg.language.bombXML/metamodel/bombXML.ecore,true,true,true,
modelset/raw-data/repo-ecore-all/data/tue-mdse/ocl-dataset/dataset/repos/jreimone/refactory/Coral/dk.itu.sdg.language.coral/metamodel/coral.ecore,true,true,true,
modelset/raw-data/repo-ecore-all/data/tue-mdse/ocl-dataset/dataset/repos/jreimone/refactory/Evolution/tracing/org.qualitune.tracing.vapoditrace/model/VapodiTrace.ecore,false,false,false,"parse: failed to parse modelset/raw-data/repo-ecore-all/data/tue-mdse/ocl-dataset/dataset/repos/jreimone/refactory/Evolution/tracing/org.qualitune.tracing.vapoditrace/model/VapodiTrace.ecore: unexpected package attribute `xmi:id` expected one of `name` `nsURI` `nsPrefix` `xmi:version` `xmlns:xmi` `xmlns:xsi` `xmlns:ecore` line 3, column 90 current parser state: | `name=""vapoditrace"" nsURI=""http://smt.inf.tu-dresden.de/fab/vapoditrace""` | `    nsPrefix=""vapoditrace"">` parsing failed"
modelset/raw-data/repo-ecore-all/data/tue-mdse/ocl-dataset/dataset/repos/jreimone/refactory/Lässig/org.eclipse.epsilon.examples.metamodels/SimpleTrace.ecore,false,false,false,"parse: failed to parse modelset/raw-data/repo-ecore-all/data/tue-mdse/ocl-dataset/dataset/repos/jreimone/refactory/Lässig/org.eclipse.epsilon.examples.metamodels/SimpleTrace.ecore: unsupported `eType` path `ecore:EClass http://www.eclipse.org/emf/2002/Ecore#//EObject` failed to parse structural features failed to parse class `TraceLink` line 10, column 79 current parser state: | `` | `    <eStructuralFeatures xsi:type=""ecore:EReference"" name=""targets"" upperBound=""-1""` parsing failed"
modelset/raw-data/repo-ecore-all/data/tue-mdse/ocl-dataset/dataset/repos/jreimone/refactory/OntoMore/Plugins/org.ontomore.refactoring/metamodel/Ecore.ecore,false,false,false,"parse: failed to parse modelset/raw-data/repo-ecore-all/data/tue-mdse/ocl-dataset/dataset/repos/jreimone/refactory/OntoMore/Plugins/org.ontomore.refactoring/metamodel/Ecore.ecore: unexpected operation content failed to parse class operation failed to parse class `EObject` line 143, column 7 current parser state: | `<eGenericType eClassifier=""#//EEList"">` | `        <eTypeArguments eClassifier=""#//EObject""/>` parsing failed"
modelset/raw-data/repo-ecore-all/data/tue-mdse/ocl-dataset/dataset/repos/jreimone/refactory/OntoMore/Tests/org.ontomore.transformation.test/actual/ObjectProperty_3.ecore,true,true,true,
modelset/raw-data/repo-ecore-all/data/tue-mdse/ocl-dataset/dataset/repos/jreimone/refactory/Tests/org.emftext.refactoring.examples.screencast/models/ecore/extractInterface/Trees.ecore,true,true,true,
modelset/raw-data/repo-ecore-all/data/tue-mdse/ocl-dataset/dataset/repos/jreimone/refactory/Tests/org.featuremapper.models.feature/model/feature.ecore,true,true,true,
modelset/raw-data/repo-ecore-all/data/tue-mdse/ocl-dataset/dataset/repos/jreimone/refactory/matching/org.modelrefactoring.guery.test/metamodels/feature.ecore,true,true,true,
modelset/raw-data/repo-ecore-all/data/tue-mdse/ocl-dataset/dataset/repos/juancadavid/papyrus/extraplugins/facade/org.eclipse.papyrus.facade/model/facademapping.ecore,false,false,false,"parse: failed to parse modelset/raw-data/repo-ecore-all/data/tue-mdse/ocl-dataset/dataset/repos/juancadavid/papyrus/extraplugins/facade/org.eclipse.papyrus.facade/model/facademapping.ecore: unsupported `eType` path `ecore:EClass http://www.eclipse.org/emf/2002/Ecore#//EObject` failed to parse structural features failed to parse class `Mapping` line 7, column 79 current parser state: | `` | `    <eStructuralFeatures xsi:type=""ecore:EReference"" name=""specificDomainElement""` parsing failed"
modelset/raw-data/repo-ecore-all/data/tue-mdse/ocl-dataset/dataset/repos/juancadavid/papyrus/plugins/uml/alf/org.eclipse.papyrus.uml.alf/src-gen/org/eclipse/papyrus/uml/alf/Alf.ecore,true,false,false,"generate: timeout after 120s: /arachne/target/release/arachne generate modelset/raw-data/repo-ecore-all/data/tue-mdse/ocl-dataset/dataset/repos/juancadavid/papyrus/plugins/uml/alf/org.eclipse.papyrus.uml.alf/src-gen/org/eclipse/papyrus/uml/alf/Alf.ecore -o /var/folders/24/3kt9vzrj6qzd_r760kn9ybsm0000gn/T/arachne-modelset-kd53r1ae/generated-00964 -p modelset-00964-135a42db [INFO  arachne] Starting code generation [INFO  arachne_codegen] Validating configuration [INFO  arachne_codegen] Parsing ecore metamodel: ""modelset/raw-data/repo-ecore-all/data/tue-mdse/ocl-dataset/dataset/repos/juancadavid/papyrus/plugins/uml/alf/org.eclipse.papyrus.uml.alf/src-gen/org/eclipse/papyrus/uml/alf/Alf.ecore"" [WARN  ecore_rs::parser::raw] XML-level class literal redefinition for `literal` from `1` to `false` [WARN  ecore_rs::parser::raw] XML-level class literal redefinition for `literal` from `1` to `destroyLink` [WARN  ecore_rs::parser::raw] XML-level class literal redefinition for `literal` from `2` to `clearAssoc` [WARN  ecore_rs::parser::raw] XML-level class literal redefinition for `literal` from `1` to `reject` [WARN  ecore_rs::parser::raw] XML-level class literal redefinition for `literal` from `1` to `iterate` [WARN  ecore_rs::parser::raw] XML-level class literal redefinition for `literal` from `1` to `exists` [WARN  ecore_rs::parser::raw] XML-level class literal redefinition for `literal` from `2` to `one` [WARN  ecore_rs::parser::raw] XML-level class literal redefinition for `literal` from `1` to `determined` [WARN  ecore_rs::parser::raw] XML-level class literal redefinition for `literal` from `2` to `assured` [WARN  ecore_rs::parser::raw] XML-level class literal redefinition for `literal` from `3` to `parallel` [WARN  ecore_rs::parser::raw] XML-level class literal redefinition for `literal` from `1` to `+=` [WARN  ecore_rs::parser::raw] XML-level class literal redefinition for `literal` from `2` to `-=` [WARN  ecore_rs::parser::raw] XML-level class literal redefinition for `literal` from `3` to `*=` [WARN  ecore_rs::parser::raw] XML-level class literal redefinition for `literal` from `4` to `%=` [WARN  ecore_rs::parser::raw] XML-level class literal redefinition for `literal` from `5` to `/=` [WARN  ecore_rs::parser::raw] XML-level class literal redefinition for `literal` from `6` to `&amp;=` [WARN  ecore_rs::parser::raw] XML-level class literal redefinition for `literal` from `7` to `|=` [WARN  ecore_rs::parser::raw] XML-level class literal redefinition for `literal` from `8` to `^=` [WARN  ecore_rs::parser::raw] XML-level class literal redefinition for `literal` from `9` to `&lt;&lt;=` [WARN  ecore_rs::parser::raw] XML-level class literal redefinition for `literal` from `10` to `>>=` [WARN  ecore_rs::parser::raw] XML-level class literal redefinition for `literal` from `11` to `>>>=` [INFO  arachne_codegen] Generating Rust tokens"
modelset/raw-data/repo-ecore-all/data/tue-mdse/ocl-dataset/dataset/repos/juancadavid/papyrus/tests/junit/extraplugins/cdo/org.eclipse.papyrus.cdo.core.tests/resources/xmi/B.ecore,true,true,true,
modelset/raw-data/repo-ecore-all/data/tue-mdse/ocl-dataset/dataset/repos/juniorz/playing-with-eclipse-mdt/org.eclipse.oclinecore.tutorial/model/Library.ecore,false,false,false,"parse: failed to parse modelset/raw-data/repo-ecore-all/data/tue-mdse/ocl-dataset/dataset/repos/juniorz/playing-with-eclipse-mdt/org.eclipse.oclinecore.tutorial/model/Library.ecore: unknown builtit class URL `http://www.eclipse.org/emf/2002/Ecore#//EBigInteger` failed to parse structural features failed to parse class `Book` line 42, column 101 current parser state: | `` | `    <eStructuralFeatures xsi:type=""ecore:EReference"" name=""library"" ordered=""false""` parsing failed"
modelset/raw-data/repo-ecore-all/data/tue-mdse/ocl-dataset/dataset/repos/jzhang3/DSL-Tao-extended/src/org.mondo.dsl/patterns/ComponentLanguageDeep.ecore,true,true,true,
modelset/raw-data/repo-ecore-all/data/tue-mdse/ocl-dataset/dataset/repos/jzhang3/DSL-Tao-extended/src/org.mondo.dsl/patterns/ComponentLanguageShallow.ecore,true,true,true,
modelset/raw-data/repo-ecore-all/data/tue-mdse/ocl-dataset/dataset/repos/jzhang3/DSL-Tao-extended/src/org.mondo.dsl/patterns/StateMachineHyperedges.ecore,true,true,true,
modelset/raw-data/repo-ecore-all/data/tue-mdse/ocl-dataset/dataset/repos/jzhang3/DSL-Tao-extended/src/org.mondo.dsl/patterns/Tree.ecore,true,true,true,
modelset/raw-data/repo-ecore-all/data/tue-mdse/ocl-dataset/dataset/repos/jzhang3/DSL-Tao-extended/src/org.mondo.dsl/patterns/TreeHardCoded.ecore,true,true,true,
modelset/raw-data/repo-ecore-all/data/tue-mdse/ocl-dataset/dataset/repos/jzhang3/DSL-Tao-extended/src/org.mondo.dsl/patterns/TreeStampedOverTime.ecore,false,false,false,"parse: failed to parse modelset/raw-data/repo-ecore-all/data/tue-mdse/ocl-dataset/dataset/repos/jzhang3/DSL-Tao-extended/src/org.mondo.dsl/patterns/TreeStampedOverTime.ecore: unknown builtit class URL `http://www.eclipse.org/emf/2002/Ecore#//EDate` failed to parse structural features failed to parse class `TimeStampedElement` line 6, column 146 current parser state: | `` | `    <eStructuralFeatures xsi:type=""ecore:EAttribute"" name=""expirationDate"" eType=""ecore:EDataType http://www.eclipse.org/emf/2002/Ecore#//EDate""/>` parsing failed"
modelset/raw-data/repo-ecore-all/data/tue-mdse/ocl-dataset/dataset/repos/martin-fleck/momot/examples/at.ac.tuwien.big.momot.examples.ecore/input/OCL.ecore,false,false,false,"parse: failed to parse modelset/raw-data/repo-ecore-all/data/tue-mdse/ocl-dataset/dataset/repos/martin-fleck/momot/examples/at.ac.tuwien.big.momot.examples.ecore/input/OCL.ecore: unexpected content at package level line 2, column 1 current parser state: | `<xmi:XMI xmi:version=""2.0"" xmlns:xmi=""http://www.omg.org/XMI"" xmlns:xsi=""http://www.w3.org/2001/XMLSchema-instance""` | `    xmlns:ecore=""http://www.eclipse.org/emf/2002/Ecore"">` parsing failed"
modelset/raw-data/repo-ecore-all/data/tue-mdse/ocl-dataset/dataset/repos/martin-fleck/momot/examples/at.ac.tuwien.big.momot.examples.ecore/input/QVT.ecore,false,false,false,"parse: failed to parse modelset/raw-data/repo-ecore-all/data/tue-mdse/ocl-dataset/dataset/repos/martin-fleck/momot/examples/at.ac.tuwien.big.momot.examples.ecore/input/QVT.ecore: unexpected content at package level line 2, column 1 current parser state: | `<xmi:XMI xmi:version=""2.0"" xmlns:xmi=""http://www.omg.org/XMI"" xmlns:xsi=""http://www.w3.org/2001/XMLSchema-instance""` | `    xmlns:ecore=""http://www.eclipse.org/emf/2002/Ecore"">` parsing failed"
modelset/raw-data/repo-ecore-all/data/tue-mdse/ocl-dataset/dataset/repos/mpizenberg/GLS_TP03/fr.enseeiht.simplePDL/SimplePDL.ecore,true,true,true,
modelset/raw-data/repo-ecore-all/data/tue-mdse/ocl-dataset/dataset/repos/patrickneubauer/XMLIntellEdit/source/at.ac.tuwien.big.xmltext/examples/library3simple.ecore,false,false,false,"parse: failed to parse modelset/raw-data/repo-ecore-all/data/tue-mdse/ocl-dataset/dataset/repos/patrickneubauer/XMLIntellEdit/source/at.ac.tuwien.big.xmltext/examples/library3simple.ecore: Missing attribute `eType` in structural feature `name` failed to parse structural features failed to parse class `Book` line 18, column 91 current parser state: | `` | `      <eType xsi:type=""ecore:EDataType"" href=""http://www.eclipse.org/emf/2002/Ecore#//EString""/>` parsing failed"
modelset/raw-data/repo-ecore-all/data/tue-mdse/ocl-dataset/dataset/repos/patrickneubauer/XMLIntellEdit/source/at.ac.tuwien.big.xmltext/examples/testoutput.ecore,false,false,false,"parse: failed to parse modelset/raw-data/repo-ecore-all/data/tue-mdse/ocl-dataset/dataset/repos/patrickneubauer/XMLIntellEdit/source/at.ac.tuwien.big.xmltext/examples/testoutput.ecore: Missing attribute `eType` in structural feature `name` failed to parse structural features failed to parse class `Book` line 17, column 91 current parser state: | `` | `      <eType xsi:type=""ecore:EDataType"" href=""http://www.eclipse.org/emf/2002/Ecore#//EString""/>` parsing failed"
modelset/raw-data/repo-ecore-all/data/tue-mdse/ocl-dataset/dataset/repos/rbill/virtualedit/at.ac.tuwien.big.simplejava/model/generated/Simplejava.ecore,true,true,true,
modelset/raw-data/repo-ecore-all/data/tue-mdse/ocl-dataset/dataset/repos/rbill/virtualedit/virtualedit/at.ac.tuwien.big.simplejava/model/generated/Simplejava.ecore,true,true,true,
modelset/raw-data/repo-ecore-all/data/tue-mdse/ocl-dataset/dataset/repos/rhernando/projs_mde/atlPetri/metamodels/StateDiagram.ecore,true,true,true,
modelset/raw-data/repo-ecore-all/data/tue-mdse/ocl-dataset/dataset/repos/siba88/ame/at.ac.tuwien.big.momot.examples.university.average/model/university.ecore,true,true,true,
modelset/raw-data/repo-ecore-all/data/tue-mdse/ocl-dataset/dataset/repos/siba88/ame/at.ac.tuwien.big.momot.examples.university.key/model/university.ecore,true,true,true,
modelset/raw-data/repo-ecore-all/data/tue-mdse/ocl-dataset/dataset/repos/siba88/ame/at.ac.tuwien.big.momot.examples.university.multiplicity/model/university_multiplicity.ecore,true,true,true,
modelset/raw-data/repo-ecore-all/data/tue-mdse/ocl-dataset/dataset/repos/siba88/ame/at.ac.tuwien.big.momot.examples.university.notnull/model/university.ecore,true,true,true,
modelset/raw-data/repo-ecore-all/data/tue-mdse/ocl-dataset/dataset/repos/sjpanda/dsl/CAR-project/model/WebApp.ecore,true,true,true,
modelset/raw-data/repo-ecore-all/data/tue-mdse/ocl-dataset/dataset/repos/sunwuliang/SlicingProject1.0/ecores/UML2.ecore,true,false,false,"generate: timeout after 120s: /arachne/target/release/arachne generate modelset/raw-data/repo-ecore-all/data/tue-mdse/ocl-dataset/dataset/repos/sunwuliang/SlicingProject1.0/ecores/UML2.ecore -o /var/folders/24/3kt9vzrj6qzd_r760kn9ybsm0000gn/T/arachne-modelset-kd53r1ae/generated-00986 -p modelset-00986-c697cb76 [INFO  arachne] Starting code generation [INFO  arachne_codegen] Validating configuration [INFO  arachne_codegen] Parsing ecore metamodel: ""modelset/raw-data/repo-ecore-all/data/tue-mdse/ocl-dataset/dataset/repos/sunwuliang/SlicingProject1.0/ecores/UML2.ecore"" [WARN  ecore_rs::parser::raw] `eOpposite` attributes are currently not supported, ignoring [WARN  ecore_rs::parser::raw] Structural feature `owner` sets `ordered` while `upperBound=1`; this has no effect [WARN  ecore_rs::parser::raw] `eOpposite` attributes are currently not supported, ignoring [WARN  ecore_rs::parser::raw] Structural feature `isOrdered` sets `ordered` while `upperBound=1`; this has no effect [WARN  ecore_rs::parser::raw] Structural feature `isOrdered` sets `unique` while `upperBound=1`; this has no effect [WARN  ecore_rs::parser::raw] Structural feature `isUnique` sets `ordered` while `upperBound=1`; this has no effect [WARN  ecore_rs::parser::raw] Structural feature `isUnique` sets `unique` while `upperBound=1`; this has no effect [WARN  ecore_rs::parser::raw] Structural feature `lower` sets `ordered` while `upperBound=1`; this has no effect [WARN  ecore_rs::parser::raw] Structural feature `lower` sets `unique` while `upperBound=1`; this has no effect [WARN  ecore_rs::parser::raw] Structural feature `upper` sets `ordered` while `upperBound=1`; this has no effect [WARN  ecore_rs::parser::raw] Structural feature `upper` sets `unique` while `upperBound=1`; this has no effect [WARN  ecore_rs::parser::raw] Structural feature `upperValue` sets `ordered` while `upperBound=1`; this has no effect [WARN  ecore_rs::parser::raw] Structural feature `lowerValue` sets `ordered` while `upperBound=1`; this has no effect [WARN  ecore_rs::parser::raw] Structural feature `name` sets `ordered` while `upperBound=1`; this has no effect [WARN  ecore_rs::parser::raw] Structural feature `name` sets `unique` while `upperBound=1`; this has no effect [WARN  ecore_rs::parser::raw] Structural feature `qualifiedName` sets `ordered` while `upperBound=1`; this has no effect [WARN  ecore_rs::parser::raw] Structural feature `qualifiedName` sets `unique` while `upperBound=1`; this has no effect [WARN  ecore_rs::parser::raw] Structural feature `visibility` sets `ordered` while `upperBound=1`; this has no effect [WARN  ecore_rs::parser::raw] Structural feature `visibility` sets `unique` while `upperBound=1`; this has no effect [WARN  ecore_rs::parser::raw] `eOpposite` attributes are currently not supported, ignoring [WARN  ecore_rs::parser::raw] Structural feature `nameExpression` sets `ordered` while `upperBound=1`; this has no effect [WARN  ecore_rs::parser::raw] `eOpposite` attributes are currently not supported, ignoring [WARN  ecore_rs::parser::raw] `eOpposite` attributes are currently not supported, ignoring [WARN  ecore_rs::parser::raw] `eOpposite` attributes are currently not supported, ignoring [WARN  ecore_rs::parser::raw] Structural feature `language` sets `ordered` while `upperBound=1`; this has no effect [WARN  ecore_rs::parser::raw] Structural feature `language` sets `unique` while `upperBound=1`; this has no effect [WARN  ecore_rs::parser::raw] Structural feature `result` sets `ordered` while `upperBound=1`; this has no effect [WARN  ecore_rs::parser::raw] Structural feature `behavior` sets `ordered` while `upperBound=1`; this has no effect [WARN  ecore_rs::parser::raw] Structural feature `symbol` sets `ordered` while `upperBound=1`; this has no effect [WARN  ecore_rs::parser::raw] Structural feature `symbol` sets `unique` while `upperBound=1`; this has no effect [WARN  ecore_rs::parser::raw] Structural feature `body` sets `ordered` while `upperBound=1`; this has no effect [WARN  ecore_rs::parser::raw] Structural feature `body` sets `unique` while `upperBound=1`; this has no effect [WARN  ecore_rs::parser::raw] Structural feature `bodyExpression` sets `ordered` while `upperBound=1`; this has no effect [WARN  ecore_rs::parser::raw] `eOpposite` attri [output truncated after 4000 chars]"
modelset/raw-data/repo-ecore-all/data/tue-mdse/ocl-dataset/dataset/repos/sunwuliang/SlicingProject1.0/slices/SlicedUML2InsDataSet1bc1.ecore,true,true,true,
modelset/raw-data/repo-ecore-all/data/tue-mdse/ocl-dataset/dataset/repos/sunwuliang/SlicingProject1.0/slices/SlicedUML2InsDataSet1isAbstractDefined.ecore,true,true,true,
modelset/raw-data/repo-ecore-all/data/tue-mdse/ocl-dataset/dataset/repos/sunwuliang/SlicingProject1.0/slices/SlicedUML2InsDataSet1nAryAssociationsOwnTheirEnds.ecore,true,true,true,
modelset/raw-data/repo-ecore-all/data/tue-mdse/ocl-dataset/dataset/repos/sunwuliang/SlicingProject1.0/slices/SlicedUML2InsDataSet1specializedAssociationsHasSameNumberOfEnds.ecore,true,true,true,
modelset/raw-data/repo-ecore-all/data/tue-mdse/ocl-dataset/dataset/repos/sunwuliang/SlicingProject1.0/slices/SlicedUML2InsDataSet2bc1.ecore,true,true,true,
modelset/raw-data/repo-ecore-all/data/tue-mdse/ocl-dataset/dataset/repos/sunwuliang/SlicingProject1.0/slices/SlicedUML2InsDataSet2isCompositeIsValid.ecore,true,true,true,
modelset/raw-data/repo-ecore-all/data/tue-mdse/ocl-dataset/dataset/repos/sunwuliang/SlicingProject1.0/slices/SlicedUML2InsDataSet2nAryAssociationsOwnTheirEnds.ecore,true,true,true,
modelset/raw-data/repo-ecore-all/data/tue-mdse/ocl-dataset/dataset/repos/sunwuliang/SlicingProject1.0/slices/SlicedUML2InsDataSet2onlyBinaryAssociationCanBeAggregations.ecore,true,true,true,
modelset/raw-data/repo-ecore-all/data/tue-mdse/ocl-dataset/dataset/repos/sunwuliang/SlicingProject1.0/slices/SlicedUML2InsDataSet3isCompositeIsValid.ecore,true,true,true,
modelset/raw-data/repo-ecore-all/data/tue-mdse/ocl-dataset/dataset/repos/sunwuliang/SlicingProject1.0/slices/SlicedUML2InsDataSet3mustBeOwnedHasOwner.ecore,true,false,false,"generate: timeout after 120s: /arachne/target/release/arachne generate modelset/raw-data/repo-ecore-all/data/tue-mdse/ocl-dataset/dataset/repos/sunwuliang/SlicingProject1.0/slices/SlicedUML2InsDataSet3mustBeOwnedHasOwner.ecore -o /var/folders/24/3kt9vzrj6qzd_r760kn9ybsm0000gn/T/arachne-modelset-kd53r1ae/generated-00996 -p modelset-00996-5cf785e1 [INFO  arachne] Starting code generation [INFO  arachne_codegen] Validating configuration [INFO  arachne_codegen] Parsing ecore metamodel: ""modelset/raw-data/repo-ecore-all/data/tue-mdse/ocl-dataset/dataset/repos/sunwuliang/SlicingProject1.0/slices/SlicedUML2InsDataSet3mustBeOwnedHasOwner.ecore"" [INFO  arachne_codegen] Generating Rust tokens [INFO  arachne_codegen] Generating classifiers..."
modelset/raw-data/repo-ecore-all/data/tue-mdse/ocl-dataset/dataset/repos/sunwuliang/SlicingProject1.0/slices/SlicedUML2InsER2MOFisAbstractDefined.ecore,true,true,true,
modelset/raw-data/repo-ecore-all/data/tue-mdse/ocl-dataset/dataset/repos/sunwuliang/SlicingProject1.0/slices/SlicedUML2InsER2MOFisCompositeIsValid.ecore,true,true,true,
modelset/raw-data/repo-ecore-all/data/tue-mdse/ocl-dataset/dataset/repos/sunwuliang/SlicingProject1.0/slices/SlicedUML2InsER2MOFspecializedAssociationsHasSameNumberOfEnds.ecore,true,true,true,
modelset/raw-data/repo-ecore-all/data/tue-mdse/ocl-dataset/dataset/repos/sunwuliang/SlicingProject1.0/slices/SlicedUML2InsFSMbc1.ecore,true,true,true,
