name,parse,generate,compile,error
modelset/raw-data/repo-ecore-all/data/101companies/101repo/contributions/atl/Metamodels/Company.ecore,true,true,true,
modelset/raw-data/repo-ecore-all/data/101companies/101repo/contributions/emfGenerative/model/Company.ecore,true,true,true,
modelset/raw-data/repo-ecore-all/data/187297/iot_framework/com.pfc.iot/model/iot.ecore,false,false,false,"parse: failed to parse modelset/raw-data/repo-ecore-all/data/187297/iot_framework/com.pfc.iot/model/iot.ecore: unknown builtit class URL `http://www.eclipse.org/emf/2003/XMLType#//AnySimpleType` failed to parse structural features failed to parse class `IfPort` line 25, column 33 current parser state: | `` | `    <eStructuralFeatures xsi:type=""ecore:EAttribute"" name=""operator"" lowerBound=""1""` parsing failed"
modelset/raw-data/repo-ecore-all/data/47hm4n3/idmDrone/plugin/sar.drone/model/generated/Drn.ecore,true,true,true,
modelset/raw-data/repo-ecore-all/data/ANCIT/genx-tools/com.ancit.testgenx.model/model/DiagonasticModel.ecore,true,true,true,
modelset/raw-data/repo-ecore-all/data/ARM-software/cmsis-pack-eclipse/com.arm.cmsis.pack.dsq.engine/model/generated/DebugSeq.ecore,true,false,false,"generate: timeout after 120s: /arachne/target/debug/arachne generate modelset/raw-data/repo-ecore-all/data/ARM-software/cmsis-pack-eclipse/com.arm.cmsis.pack.dsq.engine/model/generated/DebugSeq.ecore -o /var/folders/24/3kt9vzrj6qzd_r760kn9ybsm0000gn/T/arachne-modelset-3btihtmv/generated-00006 -p modelset-00006-d5e2132b [INFO  arachne] Starting code generation [INFO  arachne_codegen] Validating configuration [INFO  arachne_codegen] Parsing ecore metamodel: ""modelset/raw-data/repo-ecore-all/data/ARM-software/cmsis-pack-eclipse/com.arm.cmsis.pack.dsq.engine/model/generated/DebugSeq.ecore"" [INFO  arachne_codegen] Generating Rust tokens"
modelset/raw-data/repo-ecore-all/data/Abadhor/ModelEngineeringRepo/EFML/model/forms.ecore,true,true,true,
modelset/raw-data/repo-ecore-all/data/AlFranzis/SmartMatcher/SmartMatcherTrunk/models/SystemTests/TestCase_UML/BIG_MODELS/UML_2.0_CD.ecore,true,true,true,
modelset/raw-data/repo-ecore-all/data/AlFranzis/SmartMatcher/SmartMatcherTrunk/models/SystemTests/TestCase_UML/BIG_MODELS_V2/UML_1.4.2_CD.ecore,true,true,true,
modelset/raw-data/repo-ecore-all/data/AlFranzis/SmartMatcher/SmartMatcherTrunk/models/SystemTests/TestCase_UML/BIG_MODELS_V2/UML_2.0_CD.ecore,true,true,true,
modelset/raw-data/repo-ecore-all/data/AlFranzis/SmartMatcher/SmartMatcherTrunk/models/SystemTests/TestCase_UML/BIG_MODELS_V4/UML_1.4.2_CD.ecore,true,true,true,
modelset/raw-data/repo-ecore-all/data/AlFranzis/SmartMatcher/SmartMatcherTrunk/models/SystemTests/TestCase_UML/BIG_MODELS_V4/UML_2.0_CD.ecore,true,true,true,
modelset/raw-data/repo-ecore-all/data/AlFranzis/SmartMatcher/SmartMatcherTrunk/models/SystemTests/TestCase_UML/BIG_MODELS_V5/UML_1.4.2_CD.ecore,true,true,true,
modelset/raw-data/repo-ecore-all/data/AlFranzis/SmartMatcher/SmartMatcherTrunk/models/SystemTests/TestCase_UML/BIG_MODELS_V5/UML_2.0_CD.ecore,true,true,true,
modelset/raw-data/repo-ecore-all/data/AlFranzis/SmartMatcher/SmartMatcherTrunk/models/SystemTests/TestCase_UML/BIG_MODELS_V6/UML_1.4.2_CD_DE.ecore,true,true,true,
modelset/raw-data/repo-ecore-all/data/AlFranzis/SmartMatcher/SmartMatcherTrunk/models/SystemTests/TestCase_UML/UML_light/UML_1.4.2_CD.ecore,true,true,true,
modelset/raw-data/repo-ecore-all/data/AlFranzis/SmartMatcher/SmartMatcherTrunk/models/SystemTests/TestCase_UML/UML_light++/UML_1.4.2_CD.ecore,true,true,true,
modelset/raw-data/repo-ecore-all/data/AlFranzis/SmartMatcher/SmartMatcherTrunk/models/SystemTests/TestCase_UML/UML_light++/UML_2.0_CD.ecore,true,true,true,
modelset/raw-data/repo-ecore-all/data/AlFranzis/SmartMatcher/SmartMatcherTrunk/models/TestPostprocessing/LHS_MM.ecore,true,true,true,
modelset/raw-data/repo-ecore-all/data/AlFranzis/SmartMatcher/SmartMatcherTrunk/models/TestPostprocessing/RHS_MM.ecore,true,true,true,
modelset/raw-data/repo-ecore-all/data/AlFranzis/SmartMatcher/SmartMatcherTrunk/models/TestPostprocessing2/LHS_MM.ecore,true,true,true,
modelset/raw-data/repo-ecore-all/data/AlFranzis/SmartMatcher/SmartMatcherTrunk/models/TestPostprocessing2/RHS_MM.ecore,true,true,true,
modelset/raw-data/repo-ecore-all/data/AlFranzis/SmartMatcher/SmartMatcherTrunk/models/TestR2R/SimpleInverseR2R/LHS.ecore,true,true,true,
modelset/raw-data/repo-ecore-all/data/AlFranzis/SmartMatcher/SmartMatcherTrunk/models/TestR2R/SimpleInverseR2R/RHS.ecore,true,true,true,
modelset/raw-data/repo-ecore-all/data/AlFranzis/SmartMatcher/SmartMatcherTrunk/models/TestR2R/complexR2R_1/LHS.ecore,true,true,true,
modelset/raw-data/repo-ecore-all/data/AlFranzis/SmartMatcher/SmartMatcherTrunk/models/TestR2R/complexR2R_1/RHS.ecore,true,true,true,
modelset/raw-data/repo-ecore-all/data/AlFranzis/SmartMatcher/SmartMatcherTrunk/models/hExample_1/hExample_1_LHS.ecore,true,true,true,
modelset/raw-data/repo-ecore-all/data/AlFranzis/SmartMatcher/SmartMatcherTrunk/models/unittest/hExample_6/hExample_6_RHS.ecore,true,true,true,
modelset/raw-data/repo-ecore-all/data/AlbiDode/Project/Albi-EMF/albi.bowling/model/bowling.ecore,false,false,false,"parse: failed to parse modelset/raw-data/repo-ecore-all/data/AlbiDode/Project/Albi-EMF/albi.bowling/model/bowling.ecore: unknown builtit class URL `http://www.eclipse.org/emf/2002/Ecore#//EDate` failed to parse structural features failed to parse class `Player` line 8, column 43 current parser state: | `` | `    <eStructuralFeatures xsi:type=""ecore:EAttribute"" name=""height"" eType=""ecore:EDataType http://www.eclipse.org/emf/2002/Ecore#//EDouble""` parsing failed"
modelset/raw-data/repo-ecore-all/data/AlbiDode/Project/QVT/TransQVT/MetaModel/TransitionQVT.ecore,false,false,false,"parse: failed to parse modelset/raw-data/repo-ecore-all/data/AlbiDode/Project/QVT/TransQVT/MetaModel/TransitionQVT.ecore: unknown builtit class URL `http://www.eclipse.org/emf/2002/Ecore#//EIntegerObject` failed to parse structural features failed to parse class `A` line 10, column 151 current parser state: | `` | `  </eClassifiers>` parsing failed"
modelset/raw-data/repo-ecore-all/data/AlexAalbertsberg/model-driven-engineering/Tutorial/model/Tutorial.ecore,false,false,false,"parse: failed to parse modelset/raw-data/repo-ecore-all/data/AlexAalbertsberg/model-driven-engineering/Tutorial/model/Tutorial.ecore: unknown builtit class URL `http://www.eclipse.org/emf/2002/Ecore#//EBigInteger` failed to parse structural features failed to parse class `Book` line 35, column 145 current parser state: | `` | `    <eStructuralFeatures xsi:type=""ecore:EReference"" name=""library"" eType=""#//Library""` parsing failed"
modelset/raw-data/repo-ecore-all/data/AlexAalbertsberg/model-driven-engineering/com.adsa.emf.sql.model/model/model.ecore,true,true,true,
modelset/raw-data/repo-ecore-all/data/AlexAalbertsberg/model-driven-engineering/org.rdf2jgrapht.codegen/src/models/jgrapht.ecore,true,true,true,
modelset/raw-data/repo-ecore-all/data/AlexAalbertsberg/model-driven-engineering/rdf2graph/jgrapht.ecore,true,true,true,
modelset/raw-data/repo-ecore-all/data/AlexAalbertsberg/model-driven-engineering/school/model/school.ecore,false,false,false,"parse: failed to parse modelset/raw-data/repo-ecore-all/data/AlexAalbertsberg/model-driven-engineering/school/model/school.ecore: unknown builtit class URL `http://www.eclipse.org/emf/2002/Ecore#//EBigInteger` failed to parse structural features failed to parse class `CourseResult` line 59, column 144 current parser state: | `` | `  </eClassifiers>` parsing failed"
modelset/raw-data/repo-ecore-all/data/AlexanderKnueppel/Skeditor/Plugins/de.tubs.skeditor/model/SkillGraph.ecore,true,true,true,
modelset/raw-data/repo-ecore-all/data/Alexandra93/DT/dt.class.design.model/model/design.ecore,true,true,true,
modelset/raw-data/repo-ecore-all/data/Alexandra93/DT/dt.workflow.generator/src/metamodel/workflow.ecore,false,false,false,"parse: failed to parse modelset/raw-data/repo-ecore-all/data/Alexandra93/DT/dt.workflow.generator/src/metamodel/workflow.ecore: unknown builtit class URL `http://www.eclipse.org/emf/2002/Ecore#//EBooleanObject` failed to parse structural features failed to parse class `VariableDeclaration` line 53, column 152 current parser state: | `` | `  </eClassifiers>` parsing failed"
modelset/raw-data/repo-ecore-all/data/Alexandra93/DT/dt.workflow.model/model/workflow.ecore,false,false,false,"parse: failed to parse modelset/raw-data/repo-ecore-all/data/Alexandra93/DT/dt.workflow.model/model/workflow.ecore: unknown builtit class URL `http://www.eclipse.org/emf/2002/Ecore#//EBooleanObject` failed to parse structural features failed to parse class `VariableDeclaration` line 53, column 152 current parser state: | `` | `  </eClassifiers>` parsing failed"
modelset/raw-data/repo-ecore-all/data/AlexandreRio/WhileToLuaTranspiler/org.xtext.tl.mydsl/model/generated/MyDsl.ecore,false,false,false,"parse: failed to parse modelset/raw-data/repo-ecore-all/data/AlexandreRio/WhileToLuaTranspiler/org.xtext.tl.mydsl/model/generated/MyDsl.ecore: unsupported `eType` path `ecore:EClass http://www.eclipse.org/emf/2002/Ecore#//EObject` failed to parse structural features failed to parse class `Eq` line 83, column 29 current parser state: | `` | `    <eStructuralFeatures xsi:type=""ecore:EReference"" name=""exprEq2"" eType=""ecore:EClass http://www.eclipse.org/emf/2002/Ecore#//EObject""` parsing failed"
modelset/raw-data/repo-ecore-all/data/AlmazNasibullin/GitTestProject/org.eclipse.emf.examples.library/model/extlibrary.ecore,false,false,false,"parse: failed to parse modelset/raw-data/repo-ecore-all/data/AlmazNasibullin/GitTestProject/org.eclipse.emf.examples.library/model/extlibrary.ecore: unknown builtit class URL `http://www.eclipse.org/emf/2002/Ecore#//EDate` failed to parse structural features failed to parse class `Item` line 71, column 80 current parser state: | `` | `  </eClassifiers>` parsing failed"
modelset/raw-data/repo-ecore-all/data/AmerPecuj/MBSE/dk.dtu.compute.mbse.petrinet/model/petrinet.ecore,true,true,true,
modelset/raw-data/repo-ecore-all/data/AmmarHasan/EMF_Project_OCL_task7/model/sourceModel.ecore,false,false,false,"parse: failed to parse modelset/raw-data/repo-ecore-all/data/AmmarHasan/EMF_Project_OCL_task7/model/sourceModel.ecore: unknown builtit class URL `http://www.eclipse.org/emf/2002/Ecore#//EBigInteger` failed to parse structural features failed to parse class `Person` line 10, column 157 current parser state: | `` | `    <eStructuralFeatures xsi:type=""ecore:EReference"" name=""likes"" lowerBound=""1"" eType=""#//Person""/>` parsing failed"
modelset/raw-data/repo-ecore-all/data/AngelMorenoMDE/cevinedit/fr.inria.atlanmod.notationEvaluation.mapping/model/notation.ecore,true,true,true,
modelset/raw-data/repo-ecore-all/data/AngelMorenoMDE/cevinedit/org.kybele.cevinedit.model/model/cevinedit.ecore,true,true,true,
modelset/raw-data/repo-ecore-all/data/AngelMorenoMDE/kybdele_entity_relationship/es.kybele.kybdele.models.entityrelationship.model/model/EntityRelationship.ecore,true,true,true,
modelset/raw-data/repo-ecore-all/data/AngeloFerrando/trace_expression_plugin_eclipse/it.unige.dibris.trace_expression_language/model/generated/TExp.ecore,true,false,false,"generate: timeout after 120s: /arachne/target/debug/arachne generate modelset/raw-data/repo-ecore-all/data/AngeloFerrando/trace_expression_plugin_eclipse/it.unige.dibris.trace_expression_language/model/generated/TExp.ecore -o /var/folders/24/3kt9vzrj6qzd_r760kn9ybsm0000gn/T/arachne-modelset-3btihtmv/generated-00047 -p modelset-00047-c33bb08a [INFO  arachne] Starting code generation [INFO  arachne_codegen] Validating configuration [INFO  arachne_codegen] Parsing ecore metamodel: ""modelset/raw-data/repo-ecore-all/data/AngeloFerrando/trace_expression_plugin_eclipse/it.unige.dibris.trace_expression_language/model/generated/TExp.ecore"" [INFO  arachne_codegen] Generating Rust tokens"
modelset/raw-data/repo-ecore-all/data/AniketosEU/Secure-Service-Specification-and-Deployment/Service Composition Framework/eu.aniketos.mtm.model/model/DI.ecore,false,false,false,"parse: failed to parse modelset/raw-data/repo-ecore-all/data/AniketosEU/Secure-Service-Specification-and-Deployment/Service Composition Framework/eu.aniketos.mtm.model/model/DI.ecore: unknown builtit class URL `http://www.eclipse.org/emf/2003/XMLType#//String` failed to parse structural features failed to parse class `Diagram` line 12, column 148 current parser state: | `` | `      <eAnnotations source=""http:///org/eclipse/emf/ecore/util/ExtendedMetaData"">` parsing failed"
modelset/raw-data/repo-ecore-all/data/AniketosEU/Secure-Service-Specification-and-Deployment/Service Composition Framework/org.activiti.designer.model.aniketosBPMN/model/BPMNDI.ecore,false,false,false,"parse: failed to parse modelset/raw-data/repo-ecore-all/data/AniketosEU/Secure-Service-Specification-and-Deployment/Service Composition Framework/org.activiti.designer.model.aniketosBPMN/model/BPMNDI.ecore: unknown builtit class URL `http://www.eclipse.org/emf/2002/Ecore#//EFeatureMapEntry` failed to parse structural features failed to parse class `DocumentRoot` line 22, column 90 current parser state: | `` | `      <eAnnotations source=""http:///org/eclipse/emf/ecore/util/ExtendedMetaData"">` parsing failed"
modelset/raw-data/repo-ecore-all/data/AnisBoubaker/RollBackPoint/models/amazon_sd/AmazonInformational.ecore,true,true,true,
modelset/raw-data/repo-ecore-all/data/AnisBoubaker/RollBackPoint/models/core/cbpmn.ecore,false,false,false,"parse: failed to parse modelset/raw-data/repo-ecore-all/data/AnisBoubaker/RollBackPoint/models/core/cbpmn.ecore: unknown builtit class URL `platform:/plugin/org.eclipse.emf.ecore/model/Ecore.ecore#//EString` failed to parse structural features failed to parse class `ProcessModel` line 15, column 47 current parser state: | `` | `  </eClassifiers>` parsing failed"
modelset/raw-data/repo-ecore-all/data/AnisBoubaker/cbpmn/models/Processes/AmazonSD/AmazonInformational.ecore,true,true,true,
modelset/raw-data/repo-ecore-all/data/AnisBoubaker/cbpmn/models/cbpmn.ecore,false,false,false,"parse: failed to parse modelset/raw-data/repo-ecore-all/data/AnisBoubaker/cbpmn/models/cbpmn.ecore: unknown builtit class URL `platform:/plugin/org.eclipse.emf.ecore/model/Ecore.ecore#//EString` failed to parse structural features failed to parse class `ProcessModel` line 23, column 47 current parser state: | `` | `  </eClassifiers>` parsing failed"
modelset/raw-data/repo-ecore-all/data/AnisBoubaker/cbpmn/models/cbpmni.ecore,false,false,false,"parse: failed to parse modelset/raw-data/repo-ecore-all/data/AnisBoubaker/cbpmn/models/cbpmni.ecore: unsupported `eType` path `ecore:EClass cbpmn.ecore#//ProcessModel` failed to parse structural features failed to parse class `ProcessInst` line 11, column 121 current parser state: | `` | `    <eStructuralFeatures xsi:type=""ecore:EReference"" name=""tokens"" upperBound=""-1""` parsing failed"
modelset/raw-data/repo-ecore-all/data/Antonio-JP/rioko.hamiltonian/rioko.cliques/model/Graph.ecore,true,true,true,
modelset/raw-data/repo-ecore-all/data/ArendtTh/Seminar-Eclipse-WS201415/de.unimarburg.swt.fopra.model/model/fopramodel.ecore,false,false,false,"parse: failed to parse modelset/raw-data/repo-ecore-all/data/ArendtTh/Seminar-Eclipse-WS201415/de.unimarburg.swt.fopra.model/model/fopramodel.ecore: unknown builtit class URL `http://www.eclipse.org/emf/2002/Ecore#//EDate` failed to parse structural features failed to parse class `FoPra` line 10, column 138 current parser state: | `` | `    <eStructuralFeatures xsi:type=""ecore:EAttribute"" name=""end"" eType=""ecore:EDataType http://www.eclipse.org/emf/2002/Ecore#//EDate""/>` parsing failed"
modelset/raw-data/repo-ecore-all/data/AresEkb/EMFTextTowerOfPisa/org.emftext.language.top/metamodel/top.ecore,true,false,false,"generate: timeout after 120s: /arachne/target/debug/arachne generate modelset/raw-data/repo-ecore-all/data/AresEkb/EMFTextTowerOfPisa/org.emftext.language.top/metamodel/top.ecore -o /var/folders/24/3kt9vzrj6qzd_r760kn9ybsm0000gn/T/arachne-modelset-3btihtmv/generated-00057 -p modelset-00057-ddc20e70 [INFO  arachne] Starting code generation [INFO  arachne_codegen] Validating configuration [INFO  arachne_codegen] Parsing ecore metamodel: ""modelset/raw-data/repo-ecore-all/data/AresEkb/EMFTextTowerOfPisa/org.emftext.language.top/metamodel/top.ecore"" [INFO  arachne_codegen] Generating Rust tokens"
modelset/raw-data/repo-ecore-all/data/AresEkb/sql/org.emftext.language.sql/model/sql.ecore,false,false,false,"parse: failed to parse modelset/raw-data/repo-ecore-all/data/AresEkb/sql/org.emftext.language.sql/model/sql.ecore: unexpected package content line 8, column 3 current parser state: | `<eSubpackages name=""common"" nsURI=""http://www.emftext.org/language/sql/common"" nsPrefix=""common"">` | `    <eAnnotations source=""http://www.eclipse.org/emf/2002/Ecore"">` parsing failed"
modelset/raw-data/repo-ecore-all/data/Arnaud-Sibade-Tlse/ICE_DSL/workspace_modeling/SAAP/model/sAAP.ecore,true,true,true,
modelset/raw-data/repo-ecore-all/data/ArneDeutsch/xtext-gradle-example/org.xtext.example.mydsl1.parent/org.xtext.example.mydsl1/model/generated/MyDsl1.ecore,true,true,true,
modelset/raw-data/repo-ecore-all/data/ArneDeutsch/xtext-gradle-example/org.xtext.example.mydsl2.parent/org.xtext.example.mydsl2/model/generated/MyDsl2.ecore,true,true,true,
modelset/raw-data/repo-ecore-all/data/ArsalanYounus007/FinalStateofZohoclient/Java Client/src/org/restlet/test/ext/emf/Test.ecore,true,true,true,
modelset/raw-data/repo-ecore-all/data/ArsenShnurkov/GrGen/examples/HelloWorld-TTC2011/graph1.ecore,true,true,true,
modelset/raw-data/repo-ecore-all/data/ArsenShnurkov/GrGen/examples/HelloWorld-TTC2011/graph2.ecore,true,true,true,
modelset/raw-data/repo-ecore-all/data/ArsenShnurkov/GrGen/examples/HelloWorld-TTC2011/graph3.ecore,true,true,true,
modelset/raw-data/repo-ecore-all/data/ArsenShnurkov/GrGen/examples/HelloWorld-TTC2011/helloworldext.ecore,true,true,true,
modelset/raw-data/repo-ecore-all/data/ArthurVard/professor-fish-all/101companies/implementations/atl/Company.ecore,true,true,true,
modelset/raw-data/repo-ecore-all/data/ArthurVard/professor-fish-all/101companies/implementations/atl2/Company.ecore,true,true,true,
modelset/raw-data/repo-ecore-all/data/Axellience/emfgwt/emf-ecore/model/Ecore.ecore,false,false,false,"parse: failed to parse modelset/raw-data/repo-ecore-all/data/Axellience/emfgwt/emf-ecore/model/Ecore.ecore: Missing attribute `eType` in structural feature `instanceClass` failed to parse structural features failed to parse class `EClassifier` line 120, column 57 current parser state: | `` | `      <eGenericType eClassifier=""#//EJavaClass"">` parsing failed"
modelset/raw-data/repo-ecore-all/data/BGCX067/ezrealtime-svn-to-git/trunk/br.ufam.ezrealtime.modeling/dsl/metamodel/My.ecore,true,true,true,
modelset/raw-data/repo-ecore-all/data/BGCX067/fabr3c-svn-to-git/trunk/org.reliablesource.cuttlefish.core/uml/class diagrams/orgreliablesourcecuttlefishcoremodel.ecore,false,false,false,"parse: failed to parse modelset/raw-data/repo-ecore-all/data/BGCX067/fabr3c-svn-to-git/trunk/org.reliablesource.cuttlefish.core/uml/class diagrams/orgreliablesourcecuttlefishcoremodel.ecore: unexpected package content line 8, column 3 current parser state: | `<eSubpackages name=""internal"" nsURI=""http:///orgreliablesourcecuttlefishcoremodel/internal.ecore""` | `      nsPrefix=""orgreliablesourcecuttlefishcoremodel.internal"">` parsing failed"
modelset/raw-data/repo-ecore-all/data/BGCX261/zoomenv-hg-to-git/emf.model/model/Library.ecore,true,true,true,
modelset/raw-data/repo-ecore-all/data/BGCX261/zoomenv-svn-to-git/sandbox/test.emf.model1/model/Library.ecore,true,true,true,
modelset/raw-data/repo-ecore-all/data/BGCX261/zoomenv-svn-to-git/trunk/zoomenv.client/model/zcsml.ecore,false,false,false,"parse: failed to parse modelset/raw-data/repo-ecore-all/data/BGCX261/zoomenv-svn-to-git/trunk/zoomenv.client/model/zcsml.ecore: unknown builtit class URL `http://www.eclipse.org/emf/2002/Ecore#//EBooleanObject` failed to parse structural features failed to parse class `CSElement` line 9, column 37 current parser state: | `` | `    <eStructuralFeatures xsi:type=""ecore:EReference"" name=""stroke"" eType=""#//CSStroke""` parsing failed"
modelset/raw-data/repo-ecore-all/data/BackupTheBerlios/diva-unix-svn/trunk/divastudio/plugins/diva.model/model/old/DiVA.ecore,false,false,false,"parse: failed to parse modelset/raw-data/repo-ecore-all/data/BackupTheBerlios/diva-unix-svn/trunk/divastudio/plugins/diva.model/model/old/DiVA.ecore: unsupported `eType` path `//BaseModel` failed to parse structural features failed to parse class `VariabilityModel` line 4, column 102 current parser state: | `` | `    <eStructuralFeatures xsi:type=""ecore:EReference"" name=""context"" upperBound=""-1"" eType=""//Variable"" containment=""true""/>` parsing failed"
modelset/raw-data/repo-ecore-all/data/BackupTheBerlios/diva-unix-svn/trunk/divastudio/plugins/diva.model/model/old/DiVA_Merged.ecore,false,false,false,"parse: failed to parse modelset/raw-data/repo-ecore-all/data/BackupTheBerlios/diva-unix-svn/trunk/divastudio/plugins/diva.model/model/old/DiVA_Merged.ecore: unsupported `eType` path `//BaseModel` failed to parse structural features failed to parse class `VariabilityModel` line 4, column 102 current parser state: | `` | `    <eStructuralFeatures xsi:type=""ecore:EReference"" name=""context"" upperBound=""-1"" eType=""//Variable"" containment=""true""/>` parsing failed"
modelset/raw-data/repo-ecore-all/data/BackupTheBerlios/diva-unix-svn/trunk/divastudio/plugins/diva.model/model/old/DiVA_Merged_visitor.ecore,false,false,false,"parse: failed to parse modelset/raw-data/repo-ecore-all/data/BackupTheBerlios/diva-unix-svn/trunk/divastudio/plugins/diva.model/model/old/DiVA_Merged_visitor.ecore: unexpected operation content failed to parse class operation failed to parse class `VariabilityModel` line 15, column 7 current parser state: | `<eGenericType eTypeParameter=""#//VariabilityModel/accept/R""/>` | `      <eTypeParameters name=""C""/>` parsing failed"
modelset/raw-data/repo-ecore-all/data/BackupTheBerlios/diva-unix-svn/trunk/divastudio/plugins/org.kermeta.art.model/model/aom/metamodel@runtime_relaxed.ecore,false,false,false,"parse: failed to parse modelset/raw-data/repo-ecore-all/data/BackupTheBerlios/diva-unix-svn/trunk/divastudio/plugins/org.kermeta.art.model/model/aom/metamodel@runtime_relaxed.ecore: unexpected `eClassifiers` attribute `instanceClassName` line 34, column 94 current parser state: | `/>` | `  <eClassifiers xsi:type=""ecore:EDataType"" name=""Boolean"" instanceClassName=""java.lang.Boolean""/>` parsing failed"
modelset/raw-data/repo-ecore-all/data/BackupTheBerlios/diva-unix-svn/trunk/divastudio/plugins/org.kermeta.art.model/model/metamodel@runtime.ecore,false,false,false,"parse: failed to parse modelset/raw-data/repo-ecore-all/data/BackupTheBerlios/diva-unix-svn/trunk/divastudio/plugins/org.kermeta.art.model/model/metamodel@runtime.ecore: unexpected `eClassifiers` attribute `instanceClassName` line 26, column 94 current parser state: | `/>` | `  <eClassifiers xsi:type=""ecore:EDataType"" name=""Boolean"" instanceClassName=""java.lang.Boolean""/>` parsing failed"
modelset/raw-data/repo-ecore-all/data/BackupTheBerlios/genfw/examples/tutorial1.gen.beans/model/beans.ecore,true,true,true,
modelset/raw-data/repo-ecore-all/data/BackupTheBerlios/oslo-project-svn/trunk/org.oslo.ocl20.examples/models/Company.ecore,true,true,true,
modelset/raw-data/repo-ecore-all/data/BackupTheBerlios/rcpviewer-svn/trunk/spikes/teds-workspace/de.berlios.rcpviewer.examples/src/ppo.ecore,false,false,false,"parse: failed to parse modelset/raw-data/repo-ecore-all/data/BackupTheBerlios/rcpviewer-svn/trunk/spikes/teds-workspace/de.berlios.rcpviewer.examples/src/ppo.ecore: unknown builtit class URL `http://www.eclipse.org/emf/2002/Ecore#//EDate` failed to parse structural features failed to parse class `Item` line 11, column 141 current parser state: | `` | `    <eStructuralFeatures xsi:type=""ecore:EAttribute"" name=""partNum"" eType=""#//SKU""/>` parsing failed"
modelset/raw-data/repo-ecore-all/data/BackupTheBerlios/replicross-svn/fr.uha.ensisa.DataBase/src/fr/uha/ensisa/DataBase/DataBase.ecore,true,true,true,
modelset/raw-data/repo-ecore-all/data/BackupTheBerlios/tef-svn/branches/trunk-release-0.5.0-31-10-2007/hub.sam.tef/templates/editor/resources/expressions.ecore,true,true,true,
modelset/raw-data/repo-ecore-all/data/BackupTheBerlios/tef-svn/tags/2008-09-18_release_1.0.7/hub.sam.tef.ui/templates/text-editor/resources/expressions.ecore,true,true,true,
modelset/raw-data/repo-ecore-all/data/BackupTheBerlios/tef-svn/trunk/hub.sam.tef.ocl/resources/OCLCST.ecore,false,false,false,"parse: failed to parse modelset/raw-data/repo-ecore-all/data/BackupTheBerlios/tef-svn/trunk/hub.sam.tef.ocl/resources/OCLCST.ecore: unexpected package content line 6, column 3 current parser state: | `<eSubpackages name=""cst"" nsURI=""http://www.eclipse.org/OCL2/1.0.0/ocl/cst"" nsPrefix=""ocl.cst"">` | `    <eClassifiers xsi:type=""ecore:EClass"" name=""CSTNode"" abstract=""true"">` parsing failed"
modelset/raw-data/repo-ecore-all/data/BackupTheBerlios/wave-svn/trunk/de.gulden.modeling.wave/model/wave.ecore,false,false,false,"parse: failed to parse modelset/raw-data/repo-ecore-all/data/BackupTheBerlios/wave-svn/trunk/de.gulden.modeling.wave/model/wave.ecore: unexpected package attribute `xmi:id` expected one of `name` `nsURI` `nsPrefix` `xmi:version` `xmlns:xmi` `xmlns:xsi` `xmlns:ecore` line 5, column 5 current parser state: | `name=""wave"" nsURI=""http://jensgulden.de/modeling/wave"" nsPrefix=""wave"">` | `  <eClassifiers xsi:type=""ecore:EClass"" xmi:id=""_TD2hAeGuEd6cOJBz96zHHQ"" name=""Classifier""` parsing failed"
modelset/raw-data/repo-ecore-all/data/BanafshehAzizi/SEET/evaluation/seet.evaluation.correctness&completeness/Families2Persons.mutants/metamodels/Families.ecore,true,true,true,
modelset/raw-data/repo-ecore-all/data/BanafshehAzizi/SEET/evaluation/seet.evaluation.scalability/Newsletter2HTML/metamodels/HTML.ecore,false,false,false,"parse: failed to parse modelset/raw-data/repo-ecore-all/data/BanafshehAzizi/SEET/evaluation/seet.evaluation.scalability/Newsletter2HTML/metamodels/HTML.ecore: unexpected package content line 104, column 1 current parser state: | `</ecore:EPackage>` parsing failed"
modelset/raw-data/repo-ecore-all/data/BanafshehAzizi/SEET/evaluation/seet.evaluation.scalability/OO2DB-Reduced/metamodels/DB.ecore,false,false,false,"parse: failed to parse modelset/raw-data/repo-ecore-all/data/BanafshehAzizi/SEET/evaluation/seet.evaluation.scalability/OO2DB-Reduced/metamodels/DB.ecore: unknown builtit class URL `http://www.eclipse.org/emf/2002/Ecore#//EBooleanObject` failed to parse structural features failed to parse class `ForeignKey` line 31, column 148 current parser state: | `` | `  </eClassifiers>` parsing failed"
modelset/raw-data/repo-ecore-all/data/BanafshehAzizi/SEET/evaluation/seet.evaluation.usefulness&usability/Families2Persons/metamodels/Families.ecore,true,true,true,
modelset/raw-data/repo-ecore-all/data/BanafshehAzizi/SEET/plugins/anatlyzer/anatlyzer.atl.standalone.api/examples/workflow2pn/metamodels/petri_nets.ecore,true,true,true,
modelset/raw-data/repo-ecore-all/data/BanafshehAzizi/SEET/plugins/anatlyzer/anatlyzer.atl.typing/model/ext.ecore,false,false,false,"parse: failed to parse modelset/raw-data/repo-ecore-all/data/BanafshehAzizi/SEET/plugins/anatlyzer/anatlyzer.atl.typing/model/ext.ecore: unexpected package content line 7, column 3 current parser state: | `<eSubpackages name=""ATL"" nsURI=""http://anatlyzer/atlext/ATL"" nsPrefix=""atl_ext_atl"">` | `    <eClassifiers xsi:type=""ecore:EClass"" name=""LocatedElement"">` parsing failed"
modelset/raw-data/repo-ecore-all/data/BanafshehAzizi/SEET/plugins/anatlyzer/anatlyzer.atl.typing/model/generated/merged.ecore,false,false,false,"parse: failed to parse modelset/raw-data/repo-ecore-all/data/BanafshehAzizi/SEET/plugins/anatlyzer/anatlyzer.atl.typing/model/generated/merged.ecore: unexpected package content line 3, column 3 current parser state: | `<eSubpackages name=""ATL"" nsURI=""http://anatlyzer/atlext/ATL"" nsPrefix=""atl_ext_atl"">` | `    <eClassifiers xsi:type=""ecore:EClass"" name=""LocatedElement"" abstract=""true"">` parsing failed"
modelset/raw-data/repo-ecore-all/data/Bankzhy/workspace/MDD_SmartPhone/AndroidPSM/MetaModel/StateMachineDiagram_Meta.ecore,true,true,true,
modelset/raw-data/repo-ecore-all/data/Bankzhy/workspace/MDD_SmartPhone/PIM/MetaModel/StateMachineDiagram_Meta.ecore,true,true,true,
modelset/raw-data/repo-ecore-all/data/Bankzhy/workspace/MDD_SmartPhone/iOSPSM/MetaModel/StateMachineDiagram_Meta.ecore,true,true,true,
modelset/raw-data/repo-ecore-all/data/Barros-Lucas/DSL_State_Interpreteur/fsm/model/fsm.ecore,true,true,true,
modelset/raw-data/repo-ecore-all/data/Barros-Lucas/DSL_State_implementation/fsm/model/fsm.ecore,true,true,true,
modelset/raw-data/repo-ecore-all/data/BastienDidier/DSL_TP/workspace/fr.ut2j.m1ice.fsm/model/fsm.ecore,true,true,true,
modelset/raw-data/repo-ecore-all/data/BentleyJOakes/Sanitization/Sanitize/sample.ecore,false,false,false,"parse: failed to parse modelset/raw-data/repo-ecore-all/data/BentleyJOakes/Sanitization/Sanitize/sample.ecore: expected tag `>` failed to parse structural feature annotation failed to parse structural features failed to parse class `SampleClassC` line 26, column 37 current parser state: | `/>` | `    </eStructuralFeatures>` parsing failed"
modelset/raw-data/repo-ecore-all/data/Besma96/Compilation_projet_ESIR2/fichiersSourcesCompilateur/org.xtext.comp.wh/model/generated/Py.ecore,false,false,false,"parse: failed to parse modelset/raw-data/repo-ecore-all/data/Besma96/Compilation_projet_ESIR2/fichiersSourcesCompilateur/org.xtext.comp.wh/model/generated/Py.ecore: unsupported `eType` path `ecore:EClass http://www.eclipse.org/emf/2002/Ecore#//EObject` failed to parse structural features failed to parse class `Command` line 39, column 29 current parser state: | `` | `  </eClassifiers>` parsing failed"
modelset/raw-data/repo-ecore-all/data/Besma96/Compilation_projet_ESIR2/fichiersSourcesPP/org.xtext.compilation.wh/model/generated/While_l.ecore,false,false,false,"parse: failed to parse modelset/raw-data/repo-ecore-all/data/Besma96/Compilation_projet_ESIR2/fichiersSourcesPP/org.xtext.compilation.wh/model/generated/While_l.ecore: unsupported `eType` path `ecore:EClass http://www.eclipse.org/emf/2002/Ecore#//EObject` failed to parse structural features failed to parse class `Command` line 39, column 29 current parser state: | `` | `  </eClassifiers>` parsing failed"
modelset/raw-data/repo-ecore-all/data/BestSolution-at/emap/at.bestsolution.emf.navi.tests.model/model/Sample.ecore,false,false,false,"parse: failed to parse modelset/raw-data/repo-ecore-all/data/BestSolution-at/emap/at.bestsolution.emf.navi.tests.model/model/Sample.ecore: unknown builtit class URL `http://www.eclipse.org/emf/2002/Ecore#//EDate` failed to parse structural features failed to parse class `Person` line 25, column 142 current parser state: | `` | `    <eStructuralFeatures xsi:type=""ecore:EReference"" name=""group"" eType=""#//Group""` parsing failed"
modelset/raw-data/repo-ecore-all/data/Bitub/step/de.bitub.step.express/model/generated/EXPRESS.ecore,true,true,true,
modelset/raw-data/repo-ecore-all/data/BlackBeltTechnology/emf-genmodel-generator/ecore/model/Ecore.ecore,false,false,false,"parse: failed to parse modelset/raw-data/repo-ecore-all/data/BlackBeltTechnology/emf-genmodel-generator/ecore/model/Ecore.ecore: Missing attribute `eType` in structural feature `instanceClass` failed to parse structural features failed to parse class `EClassifier` line 118, column 57 current parser state: | `` | `      <eGenericType eClassifier=""#//EJavaClass"">` parsing failed"
modelset/raw-data/repo-ecore-all/data/BlackBeltTechnology/emfbuildergenerator/example-company/model/Company.ecore,true,true,true,
modelset/raw-data/repo-ecore-all/data/BlackBeltTechnology/emfbuildergenerator/tests/model/issue6.ecore,false,false,false,"parse: failed to parse modelset/raw-data/repo-ecore-all/data/BlackBeltTechnology/emfbuildergenerator/tests/model/issue6.ecore: unexpected package content line 22, column 3 current parser state: | `<eSubpackages name=""core"" nsURI=""http:///com.example.company.ecore/organization/core""` | `      nsPrefix=""core"">` parsing failed"
modelset/raw-data/repo-ecore-all/data/BlackBeltTechnology/emfbuildergenerator/tests/model/lazyBuilder.ecore,true,true,true,
modelset/raw-data/repo-ecore-all/data/BlackBeltTechnology/judo-generator/hu.blackbelt.judo.generator.meta.rdbms/model/rdbms.ecore,false,false,false,"parse: failed to parse modelset/raw-data/repo-ecore-all/data/BlackBeltTechnology/judo-generator/hu.blackbelt.judo.generator.meta.rdbms/model/rdbms.ecore: unknown builtit class URL `http://www.eclipse.org/emf/2003/XMLType#//Boolean` failed to parse structural features failed to parse class `RdbmsModifyTableOperation` line 163, column 148 current parser state: | `` | `  </eClassifiers>` parsing failed"
modelset/raw-data/repo-ecore-all/data/BlackBeltTechnology/judo-generator/hu.blackbelt.judo.generator.transformer.runtime/model/types.ecore,false,false,false,"parse: failed to parse modelset/raw-data/repo-ecore-all/data/BlackBeltTechnology/judo-generator/hu.blackbelt.judo.generator.transformer.runtime/model/types.ecore: unexpected `eClassifiers` attribute `instanceClassName` line 4, column 96 current parser state: | `/>` | `  <eClassifiers xsi:type=""ecore:EDataType"" name=""JTimestamp"" instanceClassName=""java.time.ZonedDateTime""/>` parsing failed"
modelset/raw-data/repo-ecore-all/data/Breahkd46/fms/FMS/model/fMS.ecore,true,true,true,
modelset/raw-data/repo-ecore-all/data/BrendanKeane32/StateMachineProject/StateMachineEMF/model/StateMachine.ecore,true,true,true,
modelset/raw-data/repo-ecore-all/data/BrendanKeane32/StateMachineProject/org.xtext.icam.statemachine/model/generated/StateMachine.ecore,true,true,true,
modelset/raw-data/repo-ecore-all/data/BryanHunt/mongo-emf/tests/org.eclipselabs.mongoemf.query.simple.junit/model/junit.ecore,false,false,false,"parse: failed to parse modelset/raw-data/repo-ecore-all/data/BryanHunt/mongo-emf/tests/org.eclipselabs.mongoemf.query.simple.junit/model/junit.ecore: unknown builtit class URL `http://www.eclipse.org/emf/2002/Ecore#//EJavaObject` failed to parse structural features failed to parse class `Location` line 28, column 52 current parser state: | `` | `  </eClassifiers>` parsing failed"
modelset/raw-data/repo-ecore-all/data/Buggaboo/j2sw/org.j2sw.parent/org.j2sw/model/generated/Dsl.ecore,false,false,false,"parse: failed to parse modelset/raw-data/repo-ecore-all/data/Buggaboo/j2sw/org.j2sw.parent/org.j2sw/model/generated/Dsl.ecore: unsupported `eType` path `ecore:EClass http://www.eclipse.org/emf/2002/Ecore#//EObject` failed to parse structural features failed to parse class `CastExpression` line 369, column 29 current parser state: | `` | `  </eClassifiers>` parsing failed"
modelset/raw-data/repo-ecore-all/data/Buggaboo/xplatform/nl.sison.dsl.mobgen.Resource/model/generated/Resource.ecore,true,true,true,
modelset/raw-data/repo-ecore-all/data/Bynaryman/COMP-Python/21-11-2016/org.xtext.comp/model/generated/Wh.ecore,false,false,false,"parse: failed to parse modelset/raw-data/repo-ecore-all/data/Bynaryman/COMP-Python/21-11-2016/org.xtext.comp/model/generated/Wh.ecore: unsupported `eType` path `ecore:EClass http://www.eclipse.org/emf/2002/Ecore#//EObject` failed to parse structural features failed to parse class `Command` line 35, column 29 current parser state: | `` | `  </eClassifiers>` parsing failed"
modelset/raw-data/repo-ecore-all/data/Bynaryman/COMP-Python/FIRST_PP/org.xtext.comp/model/generated/Wh.ecore,true,true,true,
modelset/raw-data/repo-ecore-all/data/Bynaryman/COMP-Python/maj_fonctionnelle_22-11-2016/org.xtext.comp/model/generated/Wh.ecore,false,false,false,"parse: failed to parse modelset/raw-data/repo-ecore-all/data/Bynaryman/COMP-Python/maj_fonctionnelle_22-11-2016/org.xtext.comp/model/generated/Wh.ecore: unsupported `eType` path `ecore:EClass http://www.eclipse.org/emf/2002/Ecore#//EObject` failed to parse structural features failed to parse class `Command` line 35, column 29 current parser state: | `` | `  </eClassifiers>` parsing failed"
modelset/raw-data/repo-ecore-all/data/Bynaryman/COMP-Python/org.comp.python.wh/model/generated/Wh.ecore,true,true,true,
modelset/raw-data/repo-ecore-all/data/Bynaryman/COMP-Python/table_symbole/org.xtext.comp/model/generated/Wh.ecore,false,false,false,"parse: failed to parse modelset/raw-data/repo-ecore-all/data/Bynaryman/COMP-Python/table_symbole/org.xtext.comp/model/generated/Wh.ecore: unsupported `eType` path `ecore:EClass http://www.eclipse.org/emf/2002/Ecore#//EObject` failed to parse structural features failed to parse class `Command` line 35, column 29 current parser state: | `` | `  </eClassifiers>` parsing failed"
modelset/raw-data/repo-ecore-all/data/CAOSD-group/rhea-fms/fms.interfaces/src/test/resources/BasicFMs/generators/BasicFMmetamodel.ecore,true,true,true,
modelset/raw-data/repo-ecore-all/data/CAOSD-group/rhea-fms/rhea.modularmetamodel/src/main/resources/models/BasicFMs/BasicFMsmetamodel.ecore,true,true,true,
modelset/raw-data/repo-ecore-all/data/CARiSMA-Tool/carisma-tool/plugins/carisma.ocl.library/model/ocl.ecore,true,true,true,
modelset/raw-data/repo-ecore-all/data/CDPS/PGR/PGR/PGR/gestionModelosConsultas/model/gestionModelosConsultas.ecore,false,false,false,"parse: failed to parse modelset/raw-data/repo-ecore-all/data/CDPS/PGR/PGR/PGR/gestionModelosConsultas/model/gestionModelosConsultas.ecore: unexpected package content line 24, column 3 current parser state: | `<eSubpackages name=""rules"" nsURI=""http:///gestionmodelosconsultas/rules.ecore"" nsPrefix=""gestionmodelosconsultas.rules"">` | `    <eSubpackages name=""factoryrules"" nsURI=""http:///gestionmodelosconsultas/rules/factoryrules.ecore""` parsing failed"
modelset/raw-data/repo-ecore-all/data/CFraller/ame-model-execution/ozobot.model/model/model.ecore,true,true,true,
modelset/raw-data/repo-ecore-all/data/CFraller/ame-model-execution/ozobot.xdsml.ozobotl/model/OzobotL.ecore,false,false,false,"parse: failed to parse modelset/raw-data/repo-ecore-all/data/CFraller/ame-model-execution/ozobot.xdsml.ozobotl/model/OzobotL.ecore: Missing attribute `eType` in structural feature `name` failed to parse structural features failed to parse class `NamedElement` line 4, column 66 current parser state: | `` | `      <eType xsi:type=""ecore:EDataType"" href=""http://www.eclipse.org/emf/2002/Ecore#//EString""/>` parsing failed"
modelset/raw-data/repo-ecore-all/data/Caltoopia/caltoopia/org.caltoopia.frontend/ir_model/ir.ecore,false,false,false,"parse: failed to parse modelset/raw-data/repo-ecore-all/data/Caltoopia/caltoopia/org.caltoopia.frontend/ir_model/ir.ecore: unknown builtit class URL `http://www.eclipse.org/emf/2002/Ecore#//EJavaObject` failed to parse structural features failed to parse class `Schedule` line 319, column 152 current parser state: | `` | `    <eStructuralFeatures xsi:type=""ecore:EReference"" name=""initialState"" eType=""#//State""/>` parsing failed"
modelset/raw-data/repo-ecore-all/data/CarolWanderley/compiladores/compilerJava/model/generated/MyDsl.ecore,false,false,false,"parse: failed to parse modelset/raw-data/repo-ecore-all/data/CarolWanderley/compiladores/compilerJava/model/generated/MyDsl.ecore: unsupported `eType` path `ecore:EClass http://www.eclipse.org/emf/2002/Ecore#//EObject` failed to parse structural features failed to parse class `TypeDeclaration` line 26, column 29 current parser state: | `` | `  </eClassifiers>` parsing failed"
modelset/raw-data/repo-ecore-all/data/ChiliChunk/DSL/NicoLang/model/nicoLang.ecore,true,true,true,
modelset/raw-data/repo-ecore-all/data/CloudScale-Project/StaticSpotter/plugins/tests/org.reclipse.tests/model/tests.ecore,true,true,true,
modelset/raw-data/repo-ecore-all/data/CoCoResearch/CoCoMetamodel/model/coCoMM.ecore,false,false,false,"parse: failed to parse modelset/raw-data/repo-ecore-all/data/CoCoResearch/CoCoMetamodel/model/coCoMM.ecore: unknown builtit class URL `http://www.eclipse.org/emf/2002/Ecore#//EDate` failed to parse structural features failed to parse class `Project` line 191, column 137 current parser state: | `` | `    <eStructuralFeatures xsi:type=""ecore:EAttribute"" name=""target"" eType=""ecore:EDataType http://www.eclipse.org/emf/2002/Ecore#//EBoolean""/>` parsing failed"
modelset/raw-data/repo-ecore-all/data/CoCoResearch/FSGCLoud/MultiCloud/metamodel/coCoMM.ecore,false,false,false,"parse: failed to parse modelset/raw-data/repo-ecore-all/data/CoCoResearch/FSGCLoud/MultiCloud/metamodel/coCoMM.ecore: unknown builtit class URL `http://www.eclipse.org/emf/2002/Ecore#//EDate` failed to parse structural features failed to parse class `Project` line 195, column 137 current parser state: | `` | `    <eStructuralFeatures xsi:type=""ecore:EAttribute"" name=""target"" eType=""ecore:EDataType http://www.eclipse.org/emf/2002/Ecore#//EBoolean""/>` parsing failed"
modelset/raw-data/repo-ecore-all/data/CoCoResearch/PLConfiguration/SearchStrategies/CoCoStandalone/metamodels/coCoMM.ecore,false,false,false,"parse: failed to parse modelset/raw-data/repo-ecore-all/data/CoCoResearch/PLConfiguration/SearchStrategies/CoCoStandalone/metamodels/coCoMM.ecore: unknown builtit class URL `http://www.eclipse.org/emf/2002/Ecore#//EDate` failed to parse structural features failed to parse class `Project` line 195, column 137 current parser state: | `` | `    <eStructuralFeatures xsi:type=""ecore:EAttribute"" name=""target"" eType=""ecore:EDataType http://www.eclipse.org/emf/2002/Ecore#//EBoolean""/>` parsing failed"
modelset/raw-data/repo-ecore-all/data/CoWolf/CoWolf/de.uni_stuttgart.iste.cowolf.model.statechart/model/statemachine.ecore,false,false,false,"parse: failed to parse modelset/raw-data/repo-ecore-all/data/CoWolf/CoWolf/de.uni_stuttgart.iste.cowolf.model.statechart/model/statemachine.ecore: unsupported `eType` path `../../de.uni_stuttgart.iste.cowolf.model/model/CommonBase.ecore#//IDBase` line 8, column 18 current parser state: | `` | `  <eClassifiers xsi:type=""ecore:EClass"" name=""StateMachine"" eSuperTypes=""../../de.uni_stuttgart.iste.cowolf.model/model/CommonBase.ecore#//IDBase"">` parsing failed"
modelset/raw-data/repo-ecore-all/data/CoastalHacking/tutorial-emf-ocl-transactions-compare-forms/us.coastalhacking.tutorial.ocl.ecore/model/Tutorial.ecore,false,false,false,"parse: failed to parse modelset/raw-data/repo-ecore-all/data/CoastalHacking/tutorial-emf-ocl-transactions-compare-forms/us.coastalhacking.tutorial.ocl.ecore/model/Tutorial.ecore: unknown builtit class URL `http://www.eclipse.org/emf/2002/Ecore#//EBooleanObject` failed to parse class operation failed to parse class `Book` line 44, column 116 current parser state: | `` | `      <eAnnotations source=""http://www.eclipse.org/emf/2002/Ecore/OCL/Pivot"">` parsing failed"
modelset/raw-data/repo-ecore-all/data/Codeharaki/Application-configurator/ru.spbstu.application.configurator.model/model/generated/InfoProject.ecore,false,false,false,"parse: failed to parse modelset/raw-data/repo-ecore-all/data/Codeharaki/Application-configurator/ru.spbstu.application.configurator.model/model/generated/InfoProject.ecore: unsupported `eType` path `ecore:EClass http://www.eclipse.org/emf/2002/Ecore#//EObject` failed to parse structural features failed to parse class `Model` line 7, column 98 current parser state: | `` | `  </eClassifiers>` parsing failed"
modelset/raw-data/repo-ecore-all/data/CohesionForce/ecfrance-sirius/plugins/org.eclipse.sirius.tests.sample.scxml/model/scxml.ecore,false,false,false,"parse: failed to parse modelset/raw-data/repo-ecore-all/data/CohesionForce/ecfrance-sirius/plugins/org.eclipse.sirius.tests.sample.scxml/model/scxml.ecore: unexpected `eClassifiers` attribute `instanceClassName` line 23, column 134 current parser state: | `>` | `    <eAnnotations source=""http:///org/eclipse/emf/ecore/util/ExtendedMetaData"">` parsing failed"
modelset/raw-data/repo-ecore-all/data/CohesionForce/eclipsecon2014/plugins/org.eclipse.emf.examples.library/model/extlibrary.ecore,false,false,false,"parse: failed to parse modelset/raw-data/repo-ecore-all/data/CohesionForce/eclipsecon2014/plugins/org.eclipse.emf.examples.library/model/extlibrary.ecore: expected tag `>` failed to parse structural feature annotation failed to parse structural features failed to parse class `Library` line 26, column 65 current parser state: | `/>` | `    </eStructuralFeatures>` parsing failed"
modelset/raw-data/repo-ecore-all/data/ComplexAvionicsSystems/OAAM/de.oaam.model/model/oaam.ecore,false,false,false,"parse: failed to parse modelset/raw-data/repo-ecore-all/data/ComplexAvionicsSystems/OAAM/de.oaam.model/model/oaam.ecore: unexpected package content line 72, column 3 current parser state: | `<eSubpackages name=""common"" nsURI=""http://www.oaam.de/oaam/model/v140/common"" nsPrefix=""de.oaam.model.common"">` | `    <eAnnotations source=""http://www.eclipse.org/emf/2002/GenModel"">` parsing failed"
modelset/raw-data/repo-ecore-all/data/Concordia-SSS/SSS/model/ReservationSystem.ecore,false,false,false,"parse: failed to parse modelset/raw-data/repo-ecore-all/data/Concordia-SSS/SSS/model/ReservationSystem.ecore: unknown builtit class URL `http://www.eclipse.org/emf/2002/Ecore#//EDate` failed to parse structural features failed to parse class `Person` line 12, column 142 current parser state: | `` | `    <eStructuralFeatures xsi:type=""ecore:EAttribute"" name=""id"" eType=""ecore:EDataType http://www.eclipse.org/emf/2002/Ecore#//EInt""/>` parsing failed"
modelset/raw-data/repo-ecore-all/data/DECENTSoftwareAssessment/DECENT.Meta/model/DAG.ecore,false,false,false,"parse: failed to parse modelset/raw-data/repo-ecore-all/data/DECENTSoftwareAssessment/DECENT.Meta/model/DAG.ecore: unsupported `eType` path `ecore:EClass MG.ecore#//Revision` failed to parse structural features failed to parse class `Node` line 25, column 112 current parser state: | `` | `  </eClassifiers>` parsing failed"
modelset/raw-data/repo-ecore-all/data/DEIS-Project-EU/DDI-Scripting-Tools/ODE_Metamodel/ode.concept.deis/model/resourcePackage/failureLogic.ecore,false,false,false,"parse: failed to parse modelset/raw-data/repo-ecore-all/data/DEIS-Project-EU/DDI-Scripting-Tools/ODE_Metamodel/ode.concept.deis/model/resourcePackage/failureLogic.ecore: unsupported `eType` path `integration.ecore#//ODEProductPackage` line 8, column 18 current parser state: | `` | `  <eClassifiers xsi:type=""ecore:EClass"" name=""Failure"" eSuperTypes=""odeBase.ecore#//BaseElement"">` parsing failed"
modelset/raw-data/repo-ecore-all/data/DEIS-Project-EU/ODEv2/failureLogic.ecore,false,false,false,"parse: failed to parse modelset/raw-data/repo-ecore-all/data/DEIS-Project-EU/ODEv2/failureLogic.ecore: unsupported `eType` path `base.ecore#//BaseElement` line 18, column 18 current parser state: | `` | `  <eClassifiers xsi:type=""ecore:EClass"" name=""SecurityViolation"" eSuperTypes=""#//Failure""/>` parsing failed"
modelset/raw-data/repo-ecore-all/data/DR0ZZA/DSLs/Logo - Xtext/org.xtext.example.mydsl/model/generated/MyDsl.ecore,true,true,true,
modelset/raw-data/repo-ecore-all/data/DWhitey/Eagle/model/eagle.ecore,true,true,true,
modelset/raw-data/repo-ecore-all/data/DamienRenaud/imt-reverse-engineering/bin/tp/fil/resources/Data.ecore,true,true,true,
modelset/raw-data/repo-ecore-all/data/Damoy/ArduinoML/external/ArduinoML/model/arduinoML.ecore,true,true,true,
modelset/raw-data/repo-ecore-all/data/DanielWeber/emfmodelvisualizer/org.openarchitectureware.vis.graphviz/src-gen/org/openarchitectureware/vis/graphviz/Dot.ecore,true,true,true,
modelset/raw-data/repo-ecore-all/data/DanielWeber/org.eclipse.etrice/plugins/org.eclipse.etrice.core.room/src-gen/org/eclipse/etrice/core/Room.ecore,true,true,true,
modelset/raw-data/repo-ecore-all/data/Danita25/Tesina/OCL-ATL-standalone-launcher/models/AB.ecore,true,true,true,
modelset/raw-data/repo-ecore-all/data/DarwinSPL/DarwinSPL/plugins/eu.hyvar.feature/model/Feature.ecore,false,false,false,"parse: failed to parse modelset/raw-data/repo-ecore-all/data/DarwinSPL/DarwinSPL/plugins/eu.hyvar.feature/model/Feature.ecore: unsupported `eType` path `ecore:EClass ../../eu.hyvar.feature.data/model/DataValues.ecore#//HyEnum` failed to parse structural features failed to parse class `HyFeatureModel` line 18, column 29 current parser state: | `` | `    <eStructuralFeatures xsi:type=""ecore:EReference"" name=""contexts"" upperBound=""-1""` parsing failed"
modelset/raw-data/repo-ecore-all/data/DatabasesWorks/Fakturama-2-Accounting-Billing-Software/Fakturama-Parent/com.sebulli.fakturama.model/model/Fakturama.ecore,false,false,false,"parse: failed to parse modelset/raw-data/repo-ecore-all/data/DatabasesWorks/Fakturama-2-Accounting-Billing-Software/Fakturama-Parent/com.sebulli.fakturama.model/model/Fakturama.ecore: unknown builtit class URL `http://www.eclipse.org/emf/2002/Ecore#//EBooleanObject` failed to parse class operation failed to parse class `IEntity` line 5, column 114 current parser state: | `` | `    <eStructuralFeatures xsi:type=""ecore:EAttribute"" name=""name"" eType=""ecore:EDataType http://www.eclipse.org/emf/2002/Ecore#//EString""/>` parsing failed"
modelset/raw-data/repo-ecore-all/data/DaveDenmark/MBSEv5/Lecture1/model/petrinet.ecore,true,true,true,
modelset/raw-data/repo-ecore-all/data/Delors/Vespucci2/de.opalproject.vespucci.datamodel/bin/de/opalproject/vespucci/datamodel/impl/datamodel.ecore,true,true,true,
modelset/raw-data/repo-ecore-all/data/DemidovAlexander/Xtext_MiniJava_IDE/demidov.projects.minijava.parent/demidov.projects.minijava/model/generated/MiniJava.ecore,true,true,true,
modelset/raw-data/repo-ecore-all/data/DenisGuiraudet/ICE_IDM/TP1/TP1-v2/idm/model/idm.ecore,true,true,true,
modelset/raw-data/repo-ecore-all/data/DevBoost/EMFText/Core/Tests/org.emftext.test/src/org/emftext/sdk/concretesyntax/tokenhandling/basesyntax1.ecore,true,true,true,
modelset/raw-data/repo-ecore-all/data/DevBoost/EMFText/Core/Tests/org.emftext.test/src/org/emftext/sdk/concretesyntax/tokenhandling/basesyntax2.ecore,true,true,true,
modelset/raw-data/repo-ecore-all/data/DevBoost/EMFText/Core/Tests/org.emftext.test/src/org/emftext/sdk/concretesyntax/tokenhandling/basesyntax3.ecore,true,true,true,
modelset/raw-data/repo-ecore-all/data/DevBoost/EMFText/Core/Tests/org.emftext.test/src/org/emftext/test/genclass_sorting/iec61131.ecore,false,false,false,"parse: failed to parse modelset/raw-data/repo-ecore-all/data/DevBoost/EMFText/Core/Tests/org.emftext.test/src/org/emftext/test/genclass_sorting/iec61131.ecore: unexpected package content line 21, column 3 current parser state: | `<eSubpackages name=""literals"" nsURI=""http://emftext.org/iec61131/literals"" nsPrefix=""literals"">` | `    <eClassifiers xsi:type=""ecore:EClass"" name=""Numeric_Literal"" abstract=""true"" eSuperTypes=""#//literals/Constant""/>` parsing failed"
modelset/raw-data/repo-ecore-all/data/DevBoost/EMFText/Core/Tests/org.emftext.test/src/org/emftext/test/syntax_analysis/bug1312.ecore,true,true,true,
modelset/raw-data/repo-ecore-all/data/DevBoost/EMFText/Core/Tests/org.emftext.test/src/org/emftext/test/syntax_analysis/cardinality6.ecore,true,true,true,
modelset/raw-data/repo-ecore-all/data/DevBoost/EMFText/Core/Tests/org.emftext.test/src/org/emftext/test/syntax_analysis/opposite1.ecore,true,true,true,
modelset/raw-data/repo-ecore-all/data/DevBoost/EMFText/Core/Tests/org.emftext.test/src/org/emftext/test/syntax_analysis/opposite2.ecore,true,true,true,
modelset/raw-data/repo-ecore-all/data/DevBoost/EMFText/Core/Tests/org.emftext.test.grammar_features/metamodel/grammar_features.ecore,true,true,true,
modelset/raw-data/repo-ecore-all/data/DevBoost/EMFText/Incubation/org.emftext.metamodelstatistics/models/GWPNV3.ecore,true,true,true,
modelset/raw-data/repo-ecore-all/data/DevBoost/EMFText-Zoo/BreedingStation/Misc/org.emftext.language.class_diagramm/metamodel/class_diagramm.ecore,true,true,true,
modelset/raw-data/repo-ecore-all/data/DevBoost/EMFText-Zoo/BreedingStation/Misc/org.emftext.language.database/metamodel/database.ecore,true,true,true,
modelset/raw-data/repo-ecore-all/data/DevBoost/EMFText-Zoo/BreedingStation/RoleCore/org.emftext.language.rolecore.dependencies/metamodel/dependencies.ecore,false,false,false,"parse: failed to parse modelset/raw-data/repo-ecore-all/data/DevBoost/EMFText-Zoo/BreedingStation/RoleCore/org.emftext.language.rolecore.dependencies/metamodel/dependencies.ecore: unknown builtit class URL `http://www.eclipse.org/emf/2002/Ecore#//EIntegerObject` failed to parse structural features failed to parse class `Graph` line 8, column 34 current parser state: | `` | `    <eStructuralFeatures xsi:type=""ecore:EReference"" name=""modelDomains"" lowerBound=""1""` parsing failed"
modelset/raw-data/repo-ecore-all/data/DevBoost/EMFText-Zoo/Inhabitants/Forms/org.emftext.language.forms/standardSyntax/forms.ecore,true,true,true,
modelset/raw-data/repo-ecore-all/data/DevBoost/EMFText-Zoo/Inhabitants/PetriNet/org.emftext.language.petrinet/metamodel/petrinet.ecore,true,true,true,
modelset/raw-data/repo-ecore-all/data/DevBoost/EMFTools/Tests/org.emftext.language.efactory.test/metamodels/EquinoxP2.ecore,false,false,false,"parse: failed to parse modelset/raw-data/repo-ecore-all/data/DevBoost/EMFTools/Tests/org.emftext.language.efactory.test/metamodels/EquinoxP2.ecore: unknown builtit class URL `./AM3Core.ecore#/1/String` failed to parse structural features failed to parse class `Feature` line 7, column 124 current parser state: | `` | `    <eStructuralFeatures xsi:type=""ecore:EReference"" name=""copyright"" eType=""#//Copyright""` parsing failed"
modelset/raw-data/repo-ecore-all/data/DevBoost/OntoMoPP/Extensions/org.emftext.ontomopp.modelsync.test/metamodel/document.ecore,true,true,true,
modelset/raw-data/repo-ecore-all/data/DevBoost/OntoMoPP/Extensions/org.emftext.ontomopp.modelsync.test/metamodel/entity.ecore,true,true,true,
modelset/raw-data/repo-ecore-all/data/DevBoost/OntoMoPP/OWLText Languages/org.owltext.language.office/metamodel/office.ecore,true,true,true,
modelset/raw-data/repo-ecore-all/data/DevBoost/Reuseware/Tests/org.reuseware.coconut.test/testdata/compositionProgramContext/org/reuseware/test/basic/compositionProgramContext/B.ecore,true,true,true,
modelset/raw-data/repo-ecore-all/data/DevBoost/Reuseware/Tests/org.reuseware.coconut.test/testdata/primitiveOperators/org/reuseware/test/basic/primitiveOperators/Extendable.ecore,true,true,true,
modelset/raw-data/repo-ecore-all/data/DiegOliveros/foo-org-ve/CledaState/model/stateMachine.ecore,true,true,true,
modelset/raw-data/repo-ecore-all/data/Dipiert/ifml2php/edu.ifml2php.pim.ifml.gen.lycmm/models/metamodels/Metamodel.ecore,false,false,false,"parse: failed to parse modelset/raw-data/repo-ecore-all/data/Dipiert/ifml2php/edu.ifml2php.pim.ifml.gen.lycmm/models/metamodels/Metamodel.ecore: unexpected package content line 4, column 3 current parser state: | `<eSubpackages name=""coreMVC"" nsURI=""http://www.application.org/coreMVC"" nsPrefix=""coreMVC"">` | `    <eClassifiers xsi:type=""ecore:EClass"" name=""Application"">` parsing failed"
modelset/raw-data/repo-ecore-all/data/DonRenando/xtext/model/generated/MyDsl.ecore,true,true,true,
modelset/raw-data/repo-ecore-all/data/DrunkDuckling/EXDSLAssignment2MDPD/org.xtext.mydsl.assignment2/model/generated/Assignment2.ecore,false,false,false,"parse: failed to parse modelset/raw-data/repo-ecore-all/data/DrunkDuckling/EXDSLAssignment2MDPD/org.xtext.mydsl.assignment2/model/generated/Assignment2.ecore: unsupported `eType` path `ecore:EClass http://www.eclipse.org/emf/2002/Ecore#//EObject` failed to parse structural features failed to parse class `ExpMinusPlus` line 18, column 29 current parser state: | `` | `    <eStructuralFeatures xsi:type=""ecore:EReference"" name=""right"" eType=""#//ExpMultDiv""` parsing failed"
modelset/raw-data/repo-ecore-all/data/DupuyAntoine/Dsl/dsl/model/dsl.ecore,true,true,true,
modelset/raw-data/repo-ecore-all/data/EHdyod/DSL_FSM/fr.ut2j.m1ice.fsm/model/fsm.ecore,true,true,true,
modelset/raw-data/repo-ecore-all/data/ELTE-Soft/xUML-RT-Executor/plugins/hu.eltesoft.modelexecution.m2m.metamodel/model/region.ecore,false,false,false,"parse: failed to parse modelset/raw-data/repo-ecore-all/data/ELTE-Soft/xUML-RT-Executor/plugins/hu.eltesoft.modelexecution.m2m.metamodel/model/region.ecore: unknown builtit class URL `base.ecore#//NamedReference` failed to parse structural features failed to parse class `RgRegion` line 7, column 62 current parser state: | `` | `    <eStructuralFeatures xsi:type=""ecore:EReference"" name=""initialPseudostate"" lowerBound=""1""` parsing failed"
modelset/raw-data/repo-ecore-all/data/ESIR2Compilation/Langage-WHILE/org.xtext.langage_while/model/generated/Langage_while.ecore,true,true,true,
modelset/raw-data/repo-ecore-all/data/EZ-ALDIN/Automation-LPDQL/org.lpdql.automation/model/automation.ecore,true,true,true,
modelset/raw-data/repo-ecore-all/data/Echtzeitsysteme/hulk-ase-2016/src/org.gravity.typegraph.basic/model/Basic.ecore,false,false,false,"parse: failed to parse modelset/raw-data/repo-ecore-all/data/Echtzeitsysteme/hulk-ase-2016/src/org.gravity.typegraph.basic/model/Basic.ecore: unsupported `eType` path `//TMember` failed to parse structural features failed to parse class `TAccess` line 4, column 136 current parser state: | `` | `    <eStructuralFeatures xsi:type=""ecore:EReference"" name=""tSource"" lowerBound=""1"" eType=""//TMember"" eOpposite=""//TMember/tAccessing""/>` parsing failed"
modelset/raw-data/repo-ecore-all/data/Echtzeitsysteme/java-refactoring-ttc/ecore-files/TTCTest.ecore,true,true,true,
modelset/raw-data/repo-ecore-all/data/Echtzeitsysteme/java-refactoring-ttc/ecore-files/TypeGraphBasic.ecore,false,false,false,"parse: failed to parse modelset/raw-data/repo-ecore-all/data/Echtzeitsysteme/java-refactoring-ttc/ecore-files/TypeGraphBasic.ecore: unsupported `eType` path `//TClass` failed to parse structural features failed to parse class `TClass` line 4, column 125 current parser state: | `` | `    <eStructuralFeatures xsi:type=""ecore:EReference"" name=""childClasses"" upperBound=""-1"" eType=""//TClass"" eOpposite=""//TClass/parentClass""/>` parsing failed"
modelset/raw-data/repo-ecore-all/data/Eden-06/CROM/org.rosi.crom.metamodel/src-gen/crom_l1_composed.ecore,true,true,true,
modelset/raw-data/repo-ecore-all/data/Eden-06/RoSI_CROM/model/crom_l1.ecore,true,true,true,
modelset/raw-data/repo-ecore-all/data/Eden-06/RoSI_CROM/variant/crom_l1.ecore,true,true,true,
modelset/raw-data/repo-ecore-all/data/EgoVanautgaerden/Testje/org.xtext.example.bookstore/src-gen/org/xtext/example/mydsl1/Bookstore.ecore,true,true,true,
modelset/raw-data/repo-ecore-all/data/EgoVanautgaerden/Testje/org.xtext.example.domainmodel/bin/org/example/domainmodel/Domainmodel.ecore,true,true,true,
modelset/raw-data/repo-ecore-all/data/Elderjr/Coding-Conventions-Specification-Language/ccsl-workspace/org.ccsl.metamodel/model/ccsl.ecore,false,false,false,"parse: failed to parse modelset/raw-data/repo-ecore-all/data/Elderjr/Coding-Conventions-Specification-Language/ccsl-workspace/org.ccsl.metamodel/model/ccsl.ecore: unknown builtit class URL `http://www.eclipse.org/emf/2003/XMLType#//Boolean` failed to parse structural features failed to parse class `Rule` line 5, column 144 current parser state: | `` | `  </eClassifiers>` parsing failed"
modelset/raw-data/repo-ecore-all/data/Elderjr/Coding-Conventions-Specification-Language/ccslSpecificationExecutor-workspace/org.eclipse.emf.ecore/model/Ecore.ecore,false,false,false,"parse: failed to parse modelset/raw-data/repo-ecore-all/data/Elderjr/Coding-Conventions-Specification-Language/ccslSpecificationExecutor-workspace/org.eclipse.emf.ecore/model/Ecore.ecore: Missing attribute `eType` in structural feature `instanceClass` failed to parse structural features failed to parse class `EClassifier` line 121, column 57 current parser state: | `` | `      <eGenericType eClassifier=""#//EJavaClass"">` parsing failed"
modelset/raw-data/repo-ecore-all/data/Elystria/GLS_G111/fr.n7.pdl2/model/generated/PDL2.ecore,false,false,false,"parse: failed to parse modelset/raw-data/repo-ecore-all/data/Elystria/GLS_G111/fr.n7.pdl2/model/generated/PDL2.ecore: unsupported `eType` path `ecore:EClass http://www.eclipse.org/emf/2002/Ecore#//EObject` failed to parse structural features failed to parse class `WorkDefinition` line 13, column 98 current parser state: | `` | `  </eClassifiers>` parsing failed"
modelset/raw-data/repo-ecore-all/data/Elystria/GLS_G111/petriNet/model/petriNet.ecore,true,true,true,
modelset/raw-data/repo-ecore-all/data/Elystria/GLS_G111/simplePDL/SimplePDL.ecore,true,true,true,
modelset/raw-data/repo-ecore-all/data/Elystria/GLS_G111/simplePDL2/SimplePDL2.ecore,true,true,true,
modelset/raw-data/repo-ecore-all/data/ErikWittern/sfm-toolsuite/edu.kit.sfm.metamodel/model/ServiceFeatureModel.ecore,false,false,false,"parse: failed to parse modelset/raw-data/repo-ecore-all/data/ErikWittern/sfm-toolsuite/edu.kit.sfm.metamodel/model/ServiceFeatureModel.ecore: unknown builtit class URL `http://www.eclipse.org/emf/2002/Ecore#//EDiagnosticChain` failed to parse class operation failed to parse class `Configuration` line 66, column 120 current parser state: | `` | `      <eParameters name=""context"">` parsing failed"
modelset/raw-data/repo-ecore-all/data/EtiennePer/M1ICE-idm-metamodel/m1ice.idm.lab1/model/lab1.ecore,true,true,true,
modelset/raw-data/repo-ecore-all/data/EvdokimovMaks/xtext-example-entities/org.example.entities/model/generated/Entities.ecore,true,true,true,
modelset/raw-data/repo-ecore-all/data/EvelyneWang/CapiTrain/EMF/petrinet.ecore,true,true,true,
modelset/raw-data/repo-ecore-all/data/Everteam-Software/bpmn2/org.eclipse.mdt.bpmn/model/di.ecore,false,false,false,"parse: failed to parse modelset/raw-data/repo-ecore-all/data/Everteam-Software/bpmn2/org.eclipse.mdt.bpmn/model/di.ecore: unknown builtit class URL `http://www.eclipse.org/emf/2003/XMLType#//Int` failed to parse structural features failed to parse class `Bendpoint` line 12, column 97 current parser state: | `` | `      <eAnnotations source=""http:///org/eclipse/emf/ecore/util/ExtendedMetaData"">` parsing failed"
modelset/raw-data/repo-ecore-all/data/Excilyano/Domain-specific-language/workspace/org.eclipse.example.bowlingmodel/bowling.ecore,false,false,false,"parse: failed to parse modelset/raw-data/repo-ecore-all/data/Excilyano/Domain-specific-language/workspace/org.eclipse.example.bowlingmodel/bowling.ecore: unknown builtit class URL `http://www.eclipse.org/emf/2002/Ecore#//EDate` failed to parse structural features failed to parse class `Player` line 6, column 144 current parser state: | `` | `    <eStructuralFeatures xsi:type=""ecore:EAttribute"" name=""height"" eType=""ecore:EDataType http://www.eclipse.org/emf/2002/Ecore#//EDouble""/>` parsing failed"
modelset/raw-data/repo-ecore-all/data/Excilyano/Domain-specific-language/workspace_J2/fr.imta.tp2.tutorial/model/generated/MyTuto.ecore,true,true,true,
modelset/raw-data/repo-ecore-all/data/Excilyano/Domain-specific-language/workspace_J2_tp/fr.imta.tp.sql4csv/model/generated/Sql4csv.ecore,false,false,false,"parse: failed to parse modelset/raw-data/repo-ecore-all/data/Excilyano/Domain-specific-language/workspace_J2_tp/fr.imta.tp.sql4csv/model/generated/Sql4csv.ecore: unsupported `eType` path `ecore:EClass http://www.eclipse.org/emf/2002/Ecore#//EObject` failed to parse structural features failed to parse class `Equality` line 36, column 29 current parser state: | `` | `  </eClassifiers>` parsing failed"
modelset/raw-data/repo-ecore-all/data/Excilyano/RetroIngenierieEMF/tp.fil/src/tp/fil/resources/Data.ecore,true,true,true,
modelset/raw-data/repo-ecore-all/data/FAMILIAR-project/VM-language/fr.inria.lang.vm/model/generated/VM.ecore,true,false,false,"generate: timeout after 120s: /arachne/target/debug/arachne generate modelset/raw-data/repo-ecore-all/data/FAMILIAR-project/VM-language/fr.inria.lang.vm/model/generated/VM.ecore -o /var/folders/24/3kt9vzrj6qzd_r760kn9ybsm0000gn/T/arachne-modelset-3btihtmv/generated-00212 -p modelset-00212-bbe9031b [INFO  arachne] Starting code generation [INFO  arachne_codegen] Validating configuration [INFO  arachne_codegen] Parsing ecore metamodel: ""modelset/raw-data/repo-ecore-all/data/FAMILIAR-project/VM-language/fr.inria.lang.vm/model/generated/VM.ecore"" [INFO  arachne_codegen] Generating Rust tokens"
modelset/raw-data/repo-ecore-all/data/FH-SE-Master/Model-Driven-Engineering/Übung 3/at.fh-hagenberg.swml.solution/model/solution_ohne_ocl.ecore,true,true,true,
modelset/raw-data/repo-ecore-all/data/FMTools/sxfm-ecore/plugins/sxfm/model/sxfm.ecore,true,true,true,
modelset/raw-data/repo-ecore-all/data/FURCAS-dev/FURCAS/DSLEngineering/com.sap.furcas.test/scenarioFixtures/FPath1.ecore,false,false,false,"parse: failed to parse modelset/raw-data/repo-ecore-all/data/FURCAS-dev/FURCAS/DSLEngineering/com.sap.furcas.test/scenarioFixtures/FPath1.ecore: unknown builtit class URL `FPath.ecore#//String` failed to parse structural features failed to parse class `LocatedElement` line 8, column 70 current parser state: | `` | `    <eStructuralFeatures xsi:type=""ecore:EAttribute"" name=""commentsBefore"" unique=""false""` parsing failed"
modelset/raw-data/repo-ecore-all/data/FURCAS-dev/FURCAS/DSLEngineering/com.sap.furcas.test/scenarioFixtures/OCL.ecore,false,false,false,"parse: failed to parse modelset/raw-data/repo-ecore-all/data/FURCAS-dev/FURCAS/DSLEngineering/com.sap.furcas.test/scenarioFixtures/OCL.ecore: unexpected content at package level line 2, column 1 current parser state: | `<xmi:XMI xmi:version=""2.0""` | `    xmlns:xmi=""http://www.omg.org/XMI"" xmlns:xsi=""http://www.w3.org/2001/XMLSchema-instance""` parsing failed"
modelset/raw-data/repo-ecore-all/data/FURCAS-dev/FURCAS/DSLEngineering/com.sap.furcas.test/scenarioFixtures/XPath1.ecore,false,false,false,"parse: failed to parse modelset/raw-data/repo-ecore-all/data/FURCAS-dev/FURCAS/DSLEngineering/com.sap.furcas.test/scenarioFixtures/XPath1.ecore: unknown builtit class URL `XPath.ecore#//String` failed to parse structural features failed to parse class `LocatedElement` line 8, column 70 current parser state: | `` | `    <eStructuralFeatures xsi:type=""ecore:EAttribute"" name=""commentsBefore"" unique=""false""` parsing failed"
modelset/raw-data/repo-ecore-all/data/FURCAS-dev/FURCAS/EMFEnhancements/org.eclipse.ocl.examples.impactanalyzer.testmodel.company/model/primitivetypes.ecore,false,false,false,"parse: failed to parse modelset/raw-data/repo-ecore-all/data/FURCAS-dev/FURCAS/EMFEnhancements/org.eclipse.ocl.examples.impactanalyzer.testmodel.company/model/primitivetypes.ecore: unexpected `eClassifiers` attribute `instanceClassName` line 14, column 82 current parser state: | `/>` | `  <eClassifiers xsi:type=""ecore:EDataType"" name=""Float"" instanceClassName=""float""/>` parsing failed"
modelset/raw-data/repo-ecore-all/data/FaMoSA/csp.epsilon/metamodels/simple-scp.ecore,false,false,false,"parse: failed to parse modelset/raw-data/repo-ecore-all/data/FaMoSA/csp.epsilon/metamodels/simple-scp.ecore: unknown builtit class URL `http://www.eclipse.org/emf/2002/Ecore#//EIntegerObject` failed to parse structural features failed to parse class `IntegerDomain` line 25, column 150 current parser state: | `` | `    <eStructuralFeatures xsi:type=""ecore:EAttribute"" name=""maxValue"" eType=""ecore:EDataType http://www.eclipse.org/emf/2002/Ecore#//EIntegerObject""/>` parsing failed"
modelset/raw-data/repo-ecore-all/data/Fermivor/Cours/IDH/Robot/Robot.ecore,true,true,true,
modelset/raw-data/repo-ecore-all/data/FernanOrtega/sma-mdd-android-wp/sma.generador.bd2sql2/src/metamodel/BD.ecore,true,true,true,
modelset/raw-data/repo-ecore-all/data/FernanOrtega/sma-mdd-android-wp/sma.generador.bd2sql2/src/metamodel/DbMddAndroid.ecore,false,false,false,"parse: failed to parse modelset/raw-data/repo-ecore-all/data/FernanOrtega/sma-mdd-android-wp/sma.generador.bd2sql2/src/metamodel/DbMddAndroid.ecore: unexpected package content line 39, column 1 current parser state: | `</ecore:EPackage>` parsing failed"
modelset/raw-data/repo-ecore-all/data/FernanOrtega/sma-mdd-android-wp/sma.generador.bd2sql2/src/metamodel/dcmddandroid.ecore,false,false,false,"parse: failed to parse modelset/raw-data/repo-ecore-all/data/FernanOrtega/sma-mdd-android-wp/sma.generador.bd2sql2/src/metamodel/dcmddandroid.ecore: unknown builtit class URL `http://www.eclipse.org/emf/2002/Ecore#//EBooleanObject` failed to parse structural features failed to parse class `Attribute` line 120, column 149 current parser state: | `` | `  </eClassifiers>` parsing failed"
modelset/raw-data/repo-ecore-all/data/FernanOrtega/sma-mdd-android-wp/sma.mdd.android/metamodel/DcMddAndroid.ecore,false,false,false,"parse: failed to parse modelset/raw-data/repo-ecore-all/data/FernanOrtega/sma-mdd-android-wp/sma.mdd.android/metamodel/DcMddAndroid.ecore: unknown builtit class URL `http://www.eclipse.org/emf/2002/Ecore#//EBooleanObject` failed to parse structural features failed to parse class `Attribute` line 120, column 149 current parser state: | `` | `  </eClassifiers>` parsing failed"
modelset/raw-data/repo-ecore-all/data/FernanOrtega/sma-mdd-android-wp/sma.mdd.android.generador.bd2sqlite/src/metamodel/DbMddAndroid.ecore,true,true,true,
modelset/raw-data/repo-ecore-all/data/Fhma/EMU/Tests/org.eclipse.epsilon.emu.engine.test.unit/src/org/eclipse/epsilon/emu/engine/test/unit/resources/PetriNet.ecore,true,true,true,
modelset/raw-data/repo-ecore-all/data/Fhma/MT_ATL/uk.ac.york.cs.emu.atl.examples.mutations.generator/src/uk/ac/york/cs/emu/atl/examples/mutations/generator/metamodels/ATL.ecore,false,false,false,"parse: failed to parse modelset/raw-data/repo-ecore-all/data/Fhma/MT_ATL/uk.ac.york.cs.emu.atl.examples.mutations.generator/src/uk/ac/york/cs/emu/atl/examples/mutations/generator/metamodels/ATL.ecore: unexpected package content line 4, column 3 current parser state: | `<eSubpackages name=""ATL"" nsURI=""http://www.eclipse.org/gmt/2005/ATL"" nsPrefix=""atl"">` | `    <eClassifiers xsi:type=""ecore:EClass"" name=""LocatedElement"" abstract=""true"">` parsing failed"
modelset/raw-data/repo-ecore-all/data/Fhma/MT_ATL/uk.ac.york.cs.emu.atl.examples.mutations.generator/src/uk/ac/york/cs/emu/atl/examples/mutations/generator/metamodels/Book.ecore,true,true,true,
modelset/raw-data/repo-ecore-all/data/Fhma/MT_ATL/uk.ac.york.cs.emu.atl.examples.mutations.generator/src/uk/ac/york/cs/emu/atl/examples/mutations/generator/metamodels/HTML.ecore,true,true,true,
modelset/raw-data/repo-ecore-all/data/Fhma/MT_ATL/uk.ac.york.cs.mutation.operators.generator/metamodel/ATL.ecore,false,false,false,"parse: failed to parse modelset/raw-data/repo-ecore-all/data/Fhma/MT_ATL/uk.ac.york.cs.mutation.operators.generator/metamodel/ATL.ecore: unexpected package content line 4, column 3 current parser state: | `<eSubpackages name=""ATL"" nsURI=""http://cs.york.ac.uk/2005/ATL"" nsPrefix=""atl"">` | `    <eClassifiers xsi:type=""ecore:EClass"" name=""Query"">` parsing failed"
modelset/raw-data/repo-ecore-all/data/Fhma/MT_EOL/eol_resources/metamodels/EOL.ecore,false,false,false,"parse: failed to parse modelset/raw-data/repo-ecore-all/data/Fhma/MT_EOL/eol_resources/metamodels/EOL.ecore: unknown builtit class URL `http://www.eclipse.org/emf/2002/Ecore#//EJavaObject` failed to parse structural features failed to parse class `NameExpression` line 136, column 27 current parser state: | `` | `    <eStructuralFeatures xsi:type=""ecore:EAttribute"" name=""isType"" lowerBound=""1""` parsing failed"
modelset/raw-data/repo-ecore-all/data/Fhma/MT_EOL/uk.ac.york.cs.emu.eol.examples.mutations.generator/metamodels/EOL_Expressions.ecore,true,false,false,"generate: timeout after 120s: /arachne/target/debug/arachne generate modelset/raw-data/repo-ecore-all/data/Fhma/MT_EOL/uk.ac.york.cs.emu.eol.examples.mutations.generator/metamodels/EOL_Expressions.ecore -o /var/folders/24/3kt9vzrj6qzd_r760kn9ybsm0000gn/T/arachne-modelset-3btihtmv/generated-00232 -p modelset-00232-67cbb959 [INFO  arachne] Starting code generation [INFO  arachne_codegen] Validating configuration [INFO  arachne_codegen] Parsing ecore metamodel: ""modelset/raw-data/repo-ecore-all/data/Fhma/MT_EOL/uk.ac.york.cs.emu.eol.examples.mutations.generator/metamodels/EOL_Expressions.ecore"" [INFO  arachne_codegen] Generating Rust tokens"
modelset/raw-data/repo-ecore-all/data/Fhma/MT_EOL/uk.ac.york.cs.emu.eol.examples.mutations.generator/metamodels/EOL_Module.ecore,true,true,true,
modelset/raw-data/repo-ecore-all/data/Fhma/MT_EOL/uk.ac.york.cs.emu.eol.examples.mutations.generator/metamodels/EOL_Statements.ecore,true,true,true,
modelset/raw-data/repo-ecore-all/data/Fhma/MT_EOL/uk.ac.york.cs.emu.eol.examples.mutations.generator/metamodels/EOL_Types.ecore,true,true,true,
modelset/raw-data/repo-ecore-all/data/Fhma/MT_EOL/uk.ac.york.cs.emu.eol.examples.mutations.generator/metamodels/EpsilonExecutionTrace.ecore,false,false,false,"parse: failed to parse modelset/raw-data/repo-ecore-all/data/Fhma/MT_EOL/uk.ac.york.cs.emu.eol.examples.mutations.generator/metamodels/EpsilonExecutionTrace.ecore: unknown builtit class URL `http://www.eclipse.org/emf/2002/Ecore#//EJavaObject` failed to parse structural features failed to parse class `IdElement` line 7, column 39 current parser state: | `` | `  </eClassifiers>` parsing failed"
modelset/raw-data/repo-ecore-all/data/Fhma/MT_EOL/uk.ac.york.cs.emu.eol.examples.mutations.generator/metamodels/MiniLang.ecore,true,true,true,
modelset/raw-data/repo-ecore-all/data/Fhma/MT_EOL/uk.ac.york.cs.emu.eol.examples.mutations.generator/metamodels/SimpleLang.ecore,true,true,true,
modelset/raw-data/repo-ecore-all/data/Fhma/MT_EOL/uk.ac.york.cs.emu.eol.lives.mutations.executor/metamodels/gmf_all.ecore,false,false,false,"parse: failed to parse modelset/raw-data/repo-ecore-all/data/Fhma/MT_EOL/uk.ac.york.cs.emu.eol.lives.mutations.executor/metamodels/gmf_all.ecore: unexpected package content line 5, column 3 current parser state: | `<eSubpackages name=""mappings"" nsURI=""http://www.eclipse.org/gmf/2008/mappings"" nsPrefix=""gmfmap"">` | `    <eAnnotations source=""http://www.eclipse.org/emf/2004/EmfaticAnnotationMap"">` parsing failed"
modelset/raw-data/repo-ecore-all/data/Fhma/MT_EOL/uk.ac.york.cs.eol.programs.selector/backup_metamodels/archimate.ecore,false,false,false,"parse: failed to parse modelset/raw-data/repo-ecore-all/data/Fhma/MT_EOL/uk.ac.york.cs.eol.programs.selector/backup_metamodels/archimate.ecore: unexpected `eClassifiers` attribute `instanceClassName` line 4, column 88 current parser state: | `` | `      serializable=""false""/>` parsing failed"
modelset/raw-data/repo-ecore-all/data/Fhma/MT_EOL/uk.ac.york.cs.eol.programs.selector/backup_metamodels/railway.ecore,true,true,true,
modelset/raw-data/repo-ecore-all/data/Fhma/MT_EOL/uk.ac.york.cs.mutation.operators.generator.eol/metamodel/EOL.ecore,false,false,false,"parse: failed to parse modelset/raw-data/repo-ecore-all/data/Fhma/MT_EOL/uk.ac.york.cs.mutation.operators.generator.eol/metamodel/EOL.ecore: unknown builtit class URL `http://www.eclipse.org/emf/2002/Ecore#//EJavaObject` failed to parse structural features failed to parse class `NameExpression` line 119, column 27 current parser state: | `` | `    <eStructuralFeatures xsi:type=""ecore:EAttribute"" name=""isType"" lowerBound=""1""` parsing failed"
modelset/raw-data/repo-ecore-all/data/Fhma/Model-Generator/uk.ac.york.epsilon.emg.model.generator/src/uk/ac/york/epsilon/emg/model/generator/resources/Archimate/archimate.ecore,false,false,false,"parse: failed to parse modelset/raw-data/repo-ecore-all/data/Fhma/Model-Generator/uk.ac.york.epsilon.emg.model.generator/src/uk/ac/york/epsilon/emg/model/generator/resources/Archimate/archimate.ecore: unexpected `eClassifiers` attribute `instanceClassName` line 4, column 88 current parser state: | `` | `      serializable=""false""/>` parsing failed"
modelset/raw-data/repo-ecore-all/data/Fhma/Model-Generator/uk.ac.york.epsilon.emg.model.generator/src/uk/ac/york/epsilon/emg/model/generator/resources/DirectedGraph/DirectedGraph.ecore,true,true,true,
modelset/raw-data/repo-ecore-all/data/Fhma/Model-Generator/uk.ac.york.epsilon.emg.model.generator/src/uk/ac/york/epsilon/emg/model/generator/resources/HTML/HTML.ecore,true,true,true,
modelset/raw-data/repo-ecore-all/data/FiifiB/TolerantParsing/TolerantXMLCorrecting/ABC.ecore,false,false,false,"parse: failed to parse modelset/raw-data/repo-ecore-all/data/FiifiB/TolerantParsing/TolerantXMLCorrecting/ABC.ecore: unsupported `eType` path `//B` failed to parse structural features failed to parse class `A` line 4, column 111 current parser state: | `` | `    <eStructuralFeatures xsi:type=""ecore:EReference"" name=""C"" upperBound=""-1"" eType=""//C"" containment=""true""/>` parsing failed"
modelset/raw-data/repo-ecore-all/data/FiifiB/TolerantParsing/TolerantXMLCorrecting/library.ecore,false,false,false,"parse: failed to parse modelset/raw-data/repo-ecore-all/data/FiifiB/TolerantParsing/TolerantXMLCorrecting/library.ecore: unsupported `eType` path `//Book` failed to parse structural features failed to parse class `Library` line 4, column 118 current parser state: | `` | `    <eStructuralFeatures xsi:type=""ecore:EAttribute"" name=""name"">` parsing failed"
modelset/raw-data/repo-ecore-all/data/FindOut/Rich-GWT-Editor-Viewer/com.example.library/model/library.ecore,false,false,false,"parse: failed to parse modelset/raw-data/repo-ecore-all/data/FindOut/Rich-GWT-Editor-Viewer/com.example.library/model/library.ecore: unknown builtit class URL `http://www.eclipse.org/emf/2003/XMLType#//String` failed to parse structural features failed to parse class `Book` line 11, column 155 current parser state: | `` | `      <eAnnotations source=""http:///org/eclipse/emf/ecore/util/ExtendedMetaData"">` parsing failed"
modelset/raw-data/repo-ecore-all/data/FitashUlHaq/PivotBasedQvto/plugins/org.eclipse.m2m.qvt.oml/model/trace.ecore,false,false,false,"parse: failed to parse modelset/raw-data/repo-ecore-all/data/FitashUlHaq/PivotBasedQvto/plugins/org.eclipse.m2m.qvt.oml/model/trace.ecore: unsupported `eType` path `ecore:EClass QVTOperational.ecore#//expressions/MappingOperation` failed to parse class operation failed to parse class `Trace` line 8, column 109 current parser state: | `` | `      <eParameters name=""sourceObject"" eType=""ecore:EDataType platform:/plugin/org.eclipse.emf.ecore/model/Ecore.ecore#//EJavaObject""/>` parsing failed"
modelset/raw-data/repo-ecore-all/data/FitashUlHaq/PivotBasedQvto/tests/org.eclipse.m2m.tests.qvt.oml/antTestData/twomodels/in.ecore,true,true,true,
modelset/raw-data/repo-ecore-all/data/FitashUlHaq/PivotBasedQvto/tests/org.eclipse.m2m.tests.qvt.oml/parserTestData/models/fqn_noncontextual/in.ecore,false,false,false,"parse: failed to parse modelset/raw-data/repo-ecore-all/data/FitashUlHaq/PivotBasedQvto/tests/org.eclipse.m2m.tests.qvt.oml/parserTestData/models/fqn_noncontextual/in.ecore: expected identifier line 4, column 27 current parser state: | `/>` parsing failed"
modelset/raw-data/repo-ecore-all/data/FitashUlHaq/PivotBasedQvto/tests/org.eclipse.m2m.tests.qvt.oml/parserTestData/models/lateresolve_many/in.ecore,false,false,false,"parse: failed to parse modelset/raw-data/repo-ecore-all/data/FitashUlHaq/PivotBasedQvto/tests/org.eclipse.m2m.tests.qvt.oml/parserTestData/models/lateresolve_many/in.ecore: unexpected package content line 9, column 3 current parser state: | `<eSubpackages name=""x"" nsURI=""x"" nsPrefix=""x"">` | `    <eClassifiers xsi:type=""ecore:EClass"" name=""X""/>` parsing failed"
modelset/raw-data/repo-ecore-all/data/FitashUlHaq/PivotBasedQvto/tests/org.eclipse.m2m.tests.qvt.oml/parserTestData/models/oclannotation/metamodel.ecore,true,true,true,
modelset/raw-data/repo-ecore-all/data/FitashUlHaq/PivotBasedQvto/tests/org.eclipse.m2m.tests.qvt.oml.ui/debuggerTestData/models/FamilyXForm/Family.ecore,true,true,true,
modelset/raw-data/repo-ecore-all/data/FitashUlHaq/PivotBasedQvto/tests/org.eclipse.m2m.tests.qvt.oml.ui/debuggerTestData/tests/testBreakpointForNestedTransf/in.ecore,true,true,true,
modelset/raw-data/repo-ecore-all/data/Flo85/ESport/ESport/model/eSport.ecore,true,true,true,
modelset/raw-data/repo-ecore-all/data/FlorineC/retroengineering/tp.fil/src/tp/fil/resources/Data.ecore,true,true,true,
modelset/raw-data/repo-ecore-all/data/ForgingAhead/BigClouT_ecaAdapterDSL/nii.bigclout.ecaadapter.dsl/model/generated/Dsl.ecore,false,false,false,"parse: failed to parse modelset/raw-data/repo-ecore-all/data/ForgingAhead/BigClouT_ecaAdapterDSL/nii.bigclout.ecaadapter.dsl/model/generated/Dsl.ecore: unknown builtit class URL `http://www.eclipse.org/emf/2002/Ecore#//EBigDecimal` failed to parse structural features failed to parse class `Number_Object` line 150, column 144 current parser state: | `` | `  </eClassifiers>` parsing failed"
modelset/raw-data/repo-ecore-all/data/ForgingAhead/ECA-Verifier-sensinact/nii.bigclout.eca.adapter/model/generated/Dsl.ecore,false,false,false,"parse: failed to parse modelset/raw-data/repo-ecore-all/data/ForgingAhead/ECA-Verifier-sensinact/nii.bigclout.eca.adapter/model/generated/Dsl.ecore: unknown builtit class URL `http://www.eclipse.org/emf/2002/Ecore#//EBigDecimal` failed to parse structural features failed to parse class `Number_Object` line 145, column 144 current parser state: | `` | `  </eClassifiers>` parsing failed"
modelset/raw-data/repo-ecore-all/data/ForgingAhead/ECA-Verifier-sensinact/org.eclipse.sensinact.studio/xtext/org.eclipse.sensinact.studio.language.sensinact/model/generated/Sensinact.ecore,false,false,false,"parse: failed to parse modelset/raw-data/repo-ecore-all/data/ForgingAhead/ECA-Verifier-sensinact/org.eclipse.sensinact.studio/xtext/org.eclipse.sensinact.studio.language.sensinact/model/generated/Sensinact.ecore: unsupported `eType` path `ecore:EClass http://www.eclipse.org/emf/2002/Ecore#//EObject` failed to parse structural features failed to parse class `DSL_CEP_STATEMENT` line 65, column 29 current parser state: | `` | `  </eClassifiers>` parsing failed"
modelset/raw-data/repo-ecore-all/data/ForgingAhead/sensinact-studio/xtext/org.eclipse.sensinact.studio.language.sensinact/model/generated/Sensinact.ecore,false,false,false,"parse: failed to parse modelset/raw-data/repo-ecore-all/data/ForgingAhead/sensinact-studio/xtext/org.eclipse.sensinact.studio.language.sensinact/model/generated/Sensinact.ecore: unsupported `eType` path `ecore:EClass http://www.eclipse.org/emf/2002/Ecore#//EObject` failed to parse structural features failed to parse class `DSL_CEP_STATEMENT` line 65, column 29 current parser state: | `` | `  </eClassifiers>` parsing failed"
modelset/raw-data/repo-ecore-all/data/Fsomogyi/apricot-dronesimulator/hu.bme.mit.mdsd.dns2016.drones/model/drones.ecore,true,true,true,
modelset/raw-data/repo-ecore-all/data/Fsomogyi/apricot-dronesimulator/hu.bme.mit.mdsd.dns2016.drones.behaviour/model/behaviour.ecore,false,false,false,"parse: failed to parse modelset/raw-data/repo-ecore-all/data/Fsomogyi/apricot-dronesimulator/hu.bme.mit.mdsd.dns2016.drones.behaviour/model/behaviour.ecore: unsupported `eType` path `ecore:EClass ../../hu.bme.mit.mdsd.dns2016.drones/model/drones.ecore#//Drone` failed to parse structural features failed to parse class `DroneBehaviour` line 12, column 111 current parser state: | `` | `    <eStructuralFeatures xsi:type=""ecore:EAttribute"" name=""canBeInterrupted"" eType=""ecore:EDataType http://www.eclipse.org/emf/2002/Ecore#//EBoolean""` parsing failed"
modelset/raw-data/repo-ecore-all/data/FunThomas424242/myDSL.example/Core/org.emftext.language.myDSL/metamodel/myDSL.ecore,true,true,true,
modelset/raw-data/repo-ecore-all/data/FunThomas424242/xtext.example/org.example.domainmodel/model/generated/Domainmodel.ecore,true,true,true,
modelset/raw-data/repo-ecore-all/data/GENIVI/navigation/src/traffic-incidents-service/org.genivi.booleanexpr-model/model/Family.ecore,false,false,false,"parse: failed to parse modelset/raw-data/repo-ecore-all/data/GENIVI/navigation/src/traffic-incidents-service/org.genivi.booleanexpr-model/model/Family.ecore: unknown builtit class URL `http://www.eclipse.org/emf/2002/Ecore#//EIntegerObject` failed to parse structural features failed to parse class `Car` line 35, column 28 current parser state: | `` | `  </eClassifiers>` parsing failed"
modelset/raw-data/repo-ecore-all/data/GRaViTY-Tool/gravity-tool/implementation/org.gravity.hulk/model/Dfs.ecore,false,false,false,"parse: failed to parse modelset/raw-data/repo-ecore-all/data/GRaViTY-Tool/gravity-tool/implementation/org.gravity.hulk/model/Dfs.ecore: unsupported `eType` path `ecore:EClass http://www.eclipse.org/emf/2002/Ecore#//EObject` failed to parse class operation failed to parse class `EdgeProcessor` line 9, column 106 current parser state: | `` | `      <eParameters name=""edge"" eType=""#//Edge""/>` parsing failed"
modelset/raw-data/repo-ecore-all/data/GRaViTY-Tool/gravity-tool/implementation/org.gravity.typegraph.basic/model/Basic.ecore,false,false,false,"parse: failed to parse modelset/raw-data/repo-ecore-all/data/GRaViTY-Tool/gravity-tool/implementation/org.gravity.typegraph.basic/model/Basic.ecore: unexpected parameter attribute key `ordered` failed to parse class operation failed to parse class `TypeGraph` line 175, column 52 current parser state: | ` eType=""ecore:EDataType http://www.eclipse.org/emf/2002/Ecore#//EString""/>` | `    </eOperations>` parsing failed"
modelset/raw-data/repo-ecore-all/data/GRaViTY-Tool/gravity-tool-emoflon-hipe/org.gravity.typegraph.basic/model/Basic.ecore,false,false,false,"parse: failed to parse modelset/raw-data/repo-ecore-all/data/GRaViTY-Tool/gravity-tool-emoflon-hipe/org.gravity.typegraph.basic/model/Basic.ecore: unexpected parameter attribute key `ordered` failed to parse class operation failed to parse class `TypeGraph` line 185, column 52 current parser state: | ` eType=""ecore:EDataType http://www.eclipse.org/emf/2002/Ecore#//EString""/>` | `    </eOperations>` parsing failed"
modelset/raw-data/repo-ecore-all/data/GSEKM/Epsilon/model.gmf.example/model/iot.ecore,true,true,true,
modelset/raw-data/repo-ecore-all/data/Gabitchov/org.eclipse.papyrus/extraplugins/marte/org.eclipse.papyrus.marte.static.profile/resources/MARTE.ecore,false,false,false,"parse: failed to parse modelset/raw-data/repo-ecore-all/data/Gabitchov/org.eclipse.papyrus/extraplugins/marte/org.eclipse.papyrus.marte.static.profile/resources/MARTE.ecore: unexpected package content line 5, column 3 current parser state: | `<eSubpackages name=""MARTE_Foundations"" nsURI=""http:///MARTE/MARTE_Foundations.ecore""` | `      nsPrefix=""MARTE.MARTE_Foundations"">` parsing failed"
modelset/raw-data/repo-ecore-all/data/Gabitchov/org.eclipse.papyrus/plugins/facet/org.eclipse.papyrus.emf.facet.custom.metamodel/model/treeproxy-0.2.0.ecore,false,false,false,"parse: failed to parse modelset/raw-data/repo-ecore-all/data/Gabitchov/org.eclipse.papyrus/plugins/facet/org.eclipse.papyrus.emf.facet.custom.metamodel/model/treeproxy-0.2.0.ecore: unexpected package content line 6, column 3 current parser state: | `<eSubpackages name=""treeproxy"" nsURI=""http://www.eclipse.org/papyrus/emf/facet/custom/0.2.incubation/internal/treeproxy""` | `      nsPrefix=""treeproxy"">` parsing failed"
modelset/raw-data/repo-ecore-all/data/GabrielNicolasAvellaneda/org.eclipse.scada.hmi/org.eclipse.scada.vi.model/model/VisualInterface.ecore,false,false,false,"parse: failed to parse modelset/raw-data/repo-ecore-all/data/GabrielNicolasAvellaneda/org.eclipse.scada.hmi/org.eclipse.scada.vi.model/model/VisualInterface.ecore: unknown builtit class URL `http://www.eclipse.org/emf/2002/Ecore#//EBooleanObject` failed to parse structural features failed to parse class `Shape` line 36, column 151 current parser state: | `` | `    <eStructuralFeatures xsi:type=""ecore:EAttribute"" name=""alpha"" eType=""ecore:EDataType http://www.eclipse.org/emf/2002/Ecore#//EDoubleObject""/>` parsing failed"
modelset/raw-data/repo-ecore-all/data/Garlo13/CEPStaticAnalysis/org.xtext.tfg.esper/model/generated/Esper.ecore,true,true,true,
modelset/raw-data/repo-ecore-all/data/GeneSEZ/GeneSEZ/org.genesez.metamodel.traceability/model/gtrace.ecore,false,false,false,"parse: failed to parse modelset/raw-data/repo-ecore-all/data/GeneSEZ/GeneSEZ/org.genesez.metamodel.traceability/model/gtrace.ecore: unsupported `eType` path `ecore:EClass ../../org.genesez.metamodel.requirements/model/greq.ecore#//RRequirement` failed to parse structural features failed to parse class `TRequirementTrace` line 18, column 104 current parser state: | `` | `    <eStructuralFeatures xsi:type=""ecore:EReference"" name=""structuralElement"" lowerBound=""1""` parsing failed"
modelset/raw-data/repo-ecore-all/data/Girish-Venkatesh/XTextSelenium/com.vmware.in.testframework/model/generated/TestFramework.ecore,true,true,true,
modelset/raw-data/repo-ecore-all/data/GrandchampsCorentin/DSL-FSM-TP/FinalStateMachine/model/finalStateMachine.ecore,true,true,true,
modelset/raw-data/repo-ecore-all/data/GuilhermeDeconto/xtext/org.xtext.example.mydsl/model/generated/MyDsl.ecore,true,true,true,
modelset/raw-data/repo-ecore-all/data/Gurbodog/mdsd.train5/mdsd_2015_5/hu.bme.mit.mdsd.train5/model/Train5.ecore,false,false,false,"parse: failed to parse modelset/raw-data/repo-ecore-all/data/Gurbodog/mdsd.train5/mdsd_2015_5/hu.bme.mit.mdsd.train5/model/Train5.ecore: unknown builtit class URL `http://www.eclipse.org/emf/2002/Ecore#//EBigInteger` failed to parse structural features failed to parse class `TrackElement` line 12, column 145 current parser state: | `` | `  </eClassifiers>` parsing failed"
modelset/raw-data/repo-ecore-all/data/Gwandalff/Self-Adaptable_Virtual_Machine/selfadaptable-minijava/selfadaptable-minijava.lang.visitor/visitor-comp/miniJava.ecore,false,false,false,"parse: failed to parse modelset/raw-data/repo-ecore-all/data/Gwandalff/Self-Adaptable_Virtual_Machine/selfadaptable-minijava/selfadaptable-minijava.lang.visitor/visitor-comp/miniJava.ecore: expected tag `>` failed to parse class annotation failed to parse class `Context` line 246, column 34 current parser state: | `/>` | `    <eAnnotations source=""RuntimeData""/>` parsing failed"
modelset/raw-data/repo-ecore-all/data/HansH/MarsRover/MarsRoverDSL/MarsRoverDSLMeta/nl.marsrover/model/generated/DSL.ecore,true,true,true,
modelset/raw-data/repo-ecore-all/data/HansaTharuka/Eclips/com.rcpvision.rcptutorial.model/model/Library.ecore,true,true,true,
modelset/raw-data/repo-ecore-all/data/HansvdLaan/Viatra-Petrinet-Example/query/minilibrary/org.eclipse.viatra.examples.library/model/library.ecore,true,true,true,
modelset/raw-data/repo-ecore-all/data/HansvdLaan/Viatra-Petrinet-Example/transformation/petrinet-simulator-maven/org.eclipse.viatra.examples.petrinet.model/model/petrinet.ecore,true,true,true,
modelset/raw-data/repo-ecore-all/data/Harkame/M2/meta_programmation/model/org.eclipse.emf.ecore/model/Ecore.ecore,false,false,false,"parse: failed to parse modelset/raw-data/repo-ecore-all/data/Harkame/M2/meta_programmation/model/org.eclipse.emf.ecore/model/Ecore.ecore: Missing attribute `eType` in structural feature `instanceClass` failed to parse structural features failed to parse class `EClassifier` line 121, column 57 current parser state: | `` | `      <eGenericType eClassifier=""#//EJavaClass"">` parsing failed"
modelset/raw-data/repo-ecore-all/data/Hassane14/sma/metamodel/classes.ecore,false,false,false,"parse: failed to parse modelset/raw-data/repo-ecore-all/data/Hassane14/sma/metamodel/classes.ecore: expected tag `>` failed to parse class annotation failed to parse class `ClassDiagram` line 20, column 39 current parser state: | `/>` | `    <eStructuralFeatures xsi:type=""ecore:EAttribute"" name=""name"" eType=""ecore:EDataType http://www.eclipse.org/emf/2002/Ecore#//EString""/>` parsing failed"
modelset/raw-data/repo-ecore-all/data/Hassane14/sma/metamodel/tables.ecore,false,false,false,"parse: failed to parse modelset/raw-data/repo-ecore-all/data/Hassane14/sma/metamodel/tables.ecore: expected tag `>` failed to parse class annotation failed to parse class `Database` line 14, column 39 current parser state: | `/>` | `    <eStructuralFeatures xsi:type=""ecore:EAttribute"" name=""name"" lowerBound=""1"" eType=""ecore:EDataType http://www.eclipse.org/emf/2002/Ecore#//EString""/>` parsing failed"
modelset/raw-data/repo-ecore-all/data/Hejle/MDSDIoTProject/xtext.pycom/model/generated/Pycom.ecore,true,true,true,
modelset/raw-data/repo-ecore-all/data/HenrikLarsen/TDT4250-A3/TDT4250.assignment.program/model/program.ecore,true,true,true,
modelset/raw-data/repo-ecore-all/data/Henriknu/TDT4250_DSL/UniversityStudies/model/universityStudies.ecore,false,false,false,"parse: failed to parse modelset/raw-data/repo-ecore-all/data/Henriknu/TDT4250_DSL/UniversityStudies/model/universityStudies.ecore: expected tag `""` parsing a value for xml attribute `name` failed to parse class literal failed to parse class `ProgrammeType` line 64, column 31 current parser state: | `e"" value=""2""/>` | `  </eClassifiers>` parsing failed"
modelset/raw-data/repo-ecore-all/data/HerrAugust/ModelDrivenEngineering/Homeworks/homework1_models_metamodels/model/Metamodels/MySQL.ecore,false,false,false,"parse: failed to parse modelset/raw-data/repo-ecore-all/data/HerrAugust/ModelDrivenEngineering/Homeworks/homework1_models_metamodels/model/Metamodels/MySQL.ecore: unexpected content at package level line 2, column 1 current parser state: | `<xmi:XMI xmi:version=""2.0"" xmlns:xmi=""http://www.omg.org/XMI"" xmlns:xsi=""http://www.w3.org/2001/XMLSchema-instance""` | `    xmlns:ecore=""http://www.eclipse.org/emf/2002/Ecore"">` parsing failed"
modelset/raw-data/repo-ecore-all/data/HerrAugust/ModelDrivenEngineering/Homeworks/homework2_OCL/model/Metamodel/EMFWebApplication2.ecore,false,false,false,"parse: failed to parse modelset/raw-data/repo-ecore-all/data/HerrAugust/ModelDrivenEngineering/Homeworks/homework2_OCL/model/Metamodel/EMFWebApplication2.ecore: unexpected package content line 19, column 3 current parser state: | `<eSubpackages name=""data"" nsURI=""http://org.disim/WebApplication/homework2/data""` | `      nsPrefix=""data"">` parsing failed"
modelset/raw-data/repo-ecore-all/data/Hettwein/ConquestGeneration/ConquestGeneration/testmodel/model/bowling.ecore,false,false,false,"parse: failed to parse modelset/raw-data/repo-ecore-all/data/Hettwein/ConquestGeneration/ConquestGeneration/testmodel/model/bowling.ecore: unknown builtit class URL `http://www.eclipse.org/emf/2002/Ecore#//EDate` failed to parse structural features failed to parse class `Player` line 6, column 144 current parser state: | `` | `  </eClassifiers>` parsing failed"
modelset/raw-data/repo-ecore-all/data/HiTAsm/Timed-AsmetaL/emf/model/AsmM.ecore,false,false,false,"parse: failed to parse modelset/raw-data/repo-ecore-all/data/HiTAsm/Timed-AsmetaL/emf/model/AsmM.ecore: unexpected package content line 6, column 3 current parser state: | `<eSubpackages name=""terms"" nsURI=""http://org.asmeta/asmm#Terms"" nsPrefix=""AsmM"">` | `    <eSubpackages name=""furtherterms"" nsURI=""http://org.asmeta/asmm#FurtherTerms""` parsing failed"
modelset/raw-data/repo-ecore-all/data/HiTAsm/Timed-AsmetaL/emf/model/AsmM1.ecore,false,false,false,"parse: failed to parse modelset/raw-data/repo-ecore-all/data/HiTAsm/Timed-AsmetaL/emf/model/AsmM1.ecore: unexpected `eClassifiers` attribute `instanceClassName` line 5, column 96 current parser state: | `/>` | `  <eClassifiers xsi:type=""ecore:EDataType"" name=""Long"" instanceClassName=""java.lang.Long""/>` parsing failed"
modelset/raw-data/repo-ecore-all/data/HiTAsm/Timed-AsmetaL/emf/model/AsmM_all.ecore,false,false,false,"parse: failed to parse modelset/raw-data/repo-ecore-all/data/HiTAsm/Timed-AsmetaL/emf/model/AsmM_all.ecore: unexpected package content line 4, column 3 current parser state: | `<eSubpackages name=""terms"" nsURI=""http://org.asmeta/asmm#Terms"" nsPrefix=""AsmM"">` | `    <eSubpackages name=""furtherterms"" nsURI=""http://org.asmeta/asmm#FurtherTerms""` parsing failed"
modelset/raw-data/repo-ecore-all/data/Highbrainer/hdp-ingest-catalog/releng/com.jeevaneo.hdp.ingest.model/model/ingest.ecore,true,true,true,
modelset/raw-data/repo-ecore-all/data/HigoFelipe/SecCon/model/SecCon.ecore,false,false,false,"parse: failed to parse modelset/raw-data/repo-ecore-all/data/HigoFelipe/SecCon/model/SecCon.ecore: unknown builtit class URL `http://www.eclipse.org/emf/2002/Ecore#//EBigInteger` failed to parse structural features failed to parse class `MultiplicityElement` line 16, column 144 current parser state: | `` | `  </eClassifiers>` parsing failed"
modelset/raw-data/repo-ecore-all/data/Hive2Hive/RCP_Client/org.hive2hive.rcp.client.model/model/FileTree.ecore,false,false,false,"parse: failed to parse modelset/raw-data/repo-ecore-all/data/Hive2Hive/RCP_Client/org.hive2hive.rcp.client.model/model/FileTree.ecore: unexpected `eClassifiers` attribute `instanceClassName` line 19, column 94 current parser state: | `/>` | `  <eClassifiers xsi:type=""ecore:EClass"" name=""Container"" eSuperTypes=""#//FileTreeElement"">` parsing failed"
modelset/raw-data/repo-ecore-all/data/Hu3bl/emf.refactor/edu.kit.ipd.sdq.emf.refactor.tests/HubLike_Outgoing.ecore,false,false,false,"parse: failed to parse modelset/raw-data/repo-ecore-all/data/Hu3bl/emf.refactor/edu.kit.ipd.sdq.emf.refactor.tests/HubLike_Outgoing.ecore: unsupported `eType` path `ecore:EClass HubLike_Outgoing.ecore#//Class1` failed to parse structural features failed to parse class `HubClass` line 5, column 130 current parser state: | `` | `    <eStructuralFeatures xsi:type=""ecore:EReference"" name=""testReference2"" eType=""ecore:EClass HubLike_Outgoing.ecore#//Class2""/>` parsing failed"
modelset/raw-data/repo-ecore-all/data/Hu3bl/emf.refactor/edu.kit.ipd.sdq.emf.refactor.tests/SpecializationAggregation1.ecore,false,false,false,"parse: failed to parse modelset/raw-data/repo-ecore-all/data/Hu3bl/emf.refactor/edu.kit.ipd.sdq.emf.refactor.tests/SpecializationAggregation1.ecore: unsupported `eType` path `ecore:EClass SpecializationAggregation1.ecore#//SecondClass` failed to parse structural features failed to parse class `FirstClass` line 5, column 144 current parser state: | `` | `  </eClassifiers>` parsing failed"
modelset/raw-data/repo-ecore-all/data/Hu3bl/emf.refactor/edu.kit.ipd.sdq.emf.refactor.tests/SpecializationAggregation2.ecore,false,false,false,"parse: failed to parse modelset/raw-data/repo-ecore-all/data/Hu3bl/emf.refactor/edu.kit.ipd.sdq.emf.refactor.tests/SpecializationAggregation2.ecore: unsupported `eType` path `ecore:EClass SpecializationAggregation2.ecore#//SecondClass` failed to parse structural features failed to parse class `FirstClass` line 5, column 144 current parser state: | `` | `  </eClassifiers>` parsing failed"
modelset/raw-data/repo-ecore-all/data/Hu3bl/emf.refactor/edu.kit.ipd.sdq.emf.refactor.tests/UnutilizedAbstraction_UnusedClass1.ecore,true,true,true,
modelset/raw-data/repo-ecore-all/data/Hu3bl/emf.refactor/edu.kit.ipd.sdq.emf.refactor.tests/UnutilizedAbstraction_UnusedClass2.ecore,false,false,false,"parse: failed to parse modelset/raw-data/repo-ecore-all/data/Hu3bl/emf.refactor/edu.kit.ipd.sdq.emf.refactor.tests/UnutilizedAbstraction_UnusedClass2.ecore: unsupported `eType` path `ecore:EClass UnutilizedAbstraction_UnusedClass2.ecore#//SuperClass` failed to parse structural features failed to parse class `SubClass` line 6, column 151 current parser state: | `` | `  </eClassifiers>` parsing failed"
modelset/raw-data/repo-ecore-all/data/ISO20022ArchitectForum/SAMPLE-CODE-PUBLIC/DLT/Corda/ISO20022Generated/model/ISO20022.ecore,false,false,false,"parse: failed to parse modelset/raw-data/repo-ecore-all/data/ISO20022ArchitectForum/SAMPLE-CODE-PUBLIC/DLT/Corda/ISO20022Generated/model/ISO20022.ecore: unexpected operation attribute `ordered` failed to parse class operation failed to parse class `TransportMessage` line 119, column 67 current parser state: | ` lowerBound=""1""` | `        eType=""ecore:EDataType http://www.eclipse.org/emf/2002/Ecore#//EBoolean"">` parsing failed"
modelset/raw-data/repo-ecore-all/data/ISO20022ArchitectForum/SAMPLE-CODE-PUBLIC/DLT/Corda/ISO20022Generated/src/iso20022/impl/iso20022.ecore,false,false,false,"parse: failed to parse modelset/raw-data/repo-ecore-all/data/ISO20022ArchitectForum/SAMPLE-CODE-PUBLIC/DLT/Corda/ISO20022Generated/src/iso20022/impl/iso20022.ecore: unexpected operation attribute `ordered` failed to parse class operation failed to parse class `TransportMessage` line 60, column 67 current parser state: | ` lowerBound=""1""` | `        eType=""ecore:EDataType http://www.eclipse.org/emf/2002/Ecore#//EBoolean"">` parsing failed"
modelset/raw-data/repo-ecore-all/data/IcedFries/Ecore-model/model/petrinet.ecore,true,true,true,
modelset/raw-data/repo-ecore-all/data/IfA/PAMTraM/casestudies/de.mfreund.pamtram.casestudies.models2016/metamodel/mm1.ecore,true,true,true,
modelset/raw-data/repo-ecore-all/data/IfA/PAMTraM/casestudies/de.mfreund.pamtram.casestudies.models2016/metamodel/mm2.ecore,true,true,true,
modelset/raw-data/repo-ecore-all/data/IfA/PAMTraM/casestudies/library/de.mfreund.pamtram.casestudies.library/metamodel/mm1.ecore,true,true,true,
modelset/raw-data/repo-ecore-all/data/IfA/PAMTraM/casestudies/library/de.mfreund.pamtram.casestudies.library/metamodel/mm2.ecore,true,true,true,
modelset/raw-data/repo-ecore-all/data/IfA/PAMTraM/casestudies/library/de.mfreund.pamtram.casestudies.library/metamodel/mm3.ecore,true,true,true,
modelset/raw-data/repo-ecore-all/data/IfA/PAMTraM/casestudies/library/de.mfreund.pamtram.casestudies.library/metamodel/mm4.ecore,true,true,true,
modelset/raw-data/repo-ecore-all/data/IfA/PAMTraM/casestudies/library/library-atl/mm1.ecore,true,true,true,
modelset/raw-data/repo-ecore-all/data/IfA/PAMTraM/casestudies/library/library-atl/mm2.ecore,true,true,true,
modelset/raw-data/repo-ecore-all/data/IncQueryLabs/EMDW-MC/plugins/com.ericsson.xtumlrt.oopl.cpp.model/model/cppmodel.ecore,false,false,false,"parse: failed to parse modelset/raw-data/repo-ecore-all/data/IncQueryLabs/EMDW-MC/plugins/com.ericsson.xtumlrt.oopl.cpp.model/model/cppmodel.ecore: unsupported `eType` path `ecore:EClass ../../com.ericsson.xtumlrt.oopl.model/model/oopl.ecore#//OOPLNameProvider` failed to parse structural features failed to parse class `CPPNamedElement` line 23, column 29 current parser state: | `` | `  </eClassifiers>` parsing failed"
modelset/raw-data/repo-ecore-all/data/IncQueryLabs/EMDW-MC/plugins/com.incquerylabs.uml.xtuml.profile/model/executablemodelingprofile.ecore,false,false,false,"parse: failed to parse modelset/raw-data/repo-ecore-all/data/IncQueryLabs/EMDW-MC/plugins/com.incquerylabs.uml.xtuml.profile/model/executablemodelingprofile.ecore: expected identifier failed to parse class operation failed to parse class `XOperation` line 13, column 119 current parser state: | `>` | `        <eAnnotations source=""http://www.eclipse.org/emf/2002/GenModel"">` parsing failed"
modelset/raw-data/repo-ecore-all/data/IncQueryLabs/smarthome-cep-demonstrator/model/com.incquerylabs.smarthome.model.simple/model/smarthome.ecore,true,true,true,
modelset/raw-data/repo-ecore-all/data/IngServioPantoja/JsonToSql/CadenaJson2Sql/metamodels/SqlModel.ecore,false,false,false,"parse: failed to parse modelset/raw-data/repo-ecore-all/data/IngServioPantoja/JsonToSql/CadenaJson2Sql/metamodels/SqlModel.ecore: unknown builtit class URL `http://www.eclipse.org/emf/2002/Ecore#//EBooleanObject` failed to parse structural features failed to parse class `ForeignKey` line 32, column 148 current parser state: | `` | `    <eStructuralFeatures xsi:type=""ecore:EReference"" name=""referencedKey"" eType=""#//Key""/>` parsing failed"
modelset/raw-data/repo-ecore-all/data/IngServioPantoja/JsonToSql/MTCJson2Sql/metamodels/SqlModel.ecore,false,false,false,"parse: failed to parse modelset/raw-data/repo-ecore-all/data/IngServioPantoja/JsonToSql/MTCJson2Sql/metamodels/SqlModel.ecore: unknown builtit class URL `http://www.eclipse.org/emf/2002/Ecore#//EBooleanObject` failed to parse structural features failed to parse class `ForeignKey` line 32, column 148 current parser state: | `` | `    <eStructuralFeatures xsi:type=""ecore:EReference"" name=""referencedKey"" eType=""#//Key""/>` parsing failed"
modelset/raw-data/repo-ecore-all/data/IoTUDresden/proteus/bundles/editor/eu.vicci.process.graphiti/model/sofiagraphics.ecore,true,true,true,
modelset/raw-data/repo-ecore-all/data/IronMan1963/mde.refactoring/mde.refactoring/resources/Example4/metamodels/example4_Sirius.ecore,true,true,true,
modelset/raw-data/repo-ecore-all/data/JChen2010/liftedDSLTrans_experiment/lifted_tests/Jeff/LiftedLibrary/hierlibrary.ecore,true,true,true,
modelset/raw-data/repo-ecore-all/data/JChen2010/liftedDSLTrans_experiment/lifted_tests/Jeff/LiftedLibrary/library.ecore,true,true,true,
modelset/raw-data/repo-ecore-all/data/JChen2010/liftedDSLTrans_experiment/tests/t2/Automata.ecore,true,true,true,
modelset/raw-data/repo-ecore-all/data/JMVARA/metagem/MeTAGeM/Metamodels/SQL2003.ecore,false,false,false,"parse: failed to parse modelset/raw-data/repo-ecore-all/data/JMVARA/metagem/MeTAGeM/Metamodels/SQL2003.ecore: unknown builtit class URL `http://www.eclipse.org/emf/2002/Ecore#//EIntegerObject` failed to parse structural features failed to parse class `ARRAY` line 8, column 104 current parser state: | `` | `  </eClassifiers>` parsing failed"
modelset/raw-data/repo-ecore-all/data/JMVARA/metagem/examples/Families2Persons/Metamodels/Families.ecore,true,true,true,
modelset/raw-data/repo-ecore-all/data/JMVARA/metagem/examples/Families2Persons/Metamodels/Persons.ecore,true,true,true,
modelset/raw-data/repo-ecore-all/data/JUCMNAV/DCtoURN/Thesis_DC_2_URN/Metamodels/CORE.ecore,false,false,false,"parse: failed to parse modelset/raw-data/repo-ecore-all/data/JUCMNAV/DCtoURN/Thesis_DC_2_URN/Metamodels/CORE.ecore: unexpected class content failed to parse class `COREBinding` line 58, column 5 current parser state: | `<eTypeParameters name=""S"">` | `      <eBounds eClassifier=""#//COREModel""/>` parsing failed"
modelset/raw-data/repo-ecore-all/data/JUCMNAV/DCtoURN/Thesis_DC_2_URN/Metamodels/RAM.ecore,false,false,false,"parse: failed to parse modelset/raw-data/repo-ecore-all/data/JUCMNAV/DCtoURN/Thesis_DC_2_URN/Metamodels/RAM.ecore: unsupported `eType` path `CORE.ecore#//COREModel` line 26, column 18 current parser state: | `` | `  <eClassifiers xsi:type=""ecore:EClass"" name=""MappableElement"" abstract=""true"" eSuperTypes=""#//NamedElement CORE.ecore#//COREModelElement""/>` parsing failed"
modelset/raw-data/repo-ecore-all/data/JUCMNAV/DCtoURN/Thesis_DC_2_URN/Metamodels/core.mcgill/CORE.ecore,false,false,false,"parse: failed to parse modelset/raw-data/repo-ecore-all/data/JUCMNAV/DCtoURN/Thesis_DC_2_URN/Metamodels/core.mcgill/CORE.ecore: unexpected class content failed to parse class `COREBinding` line 52, column 5 current parser state: | `<eTypeParameters name=""S"">` | `      <eBounds eClassifier=""#//COREModel""/>` parsing failed"
modelset/raw-data/repo-ecore-all/data/JUCMNAV/DCtoURN/ca.mcgill.sel.ram/model/RAM.ecore,false,false,false,"parse: failed to parse modelset/raw-data/repo-ecore-all/data/JUCMNAV/DCtoURN/ca.mcgill.sel.ram/model/RAM.ecore: unsupported `eType` path `../../ca.mcgill.sel.core/model/CORE.ecore#//COREModel` line 26, column 18 current parser state: | `` | `  <eClassifiers xsi:type=""ecore:EClass"" name=""MappableElement"" abstract=""true"" eSuperTypes=""#//NamedElement ../../ca.mcgill.sel.core/model/CORE.ecore#//COREModelElement""/>` parsing failed"
modelset/raw-data/repo-ecore-all/data/JacobSogaard/ModelDriven/SimonsSolution/org.xtext.example.mymath/model/generated/MyMath.ecore,true,true,true,
modelset/raw-data/repo-ecore-all/data/JacobSogaard/ModelDriven/sogaard.jacob.mdsdassignment2/model/generated/Mdsdassignment2.ecore,true,true,true,
modelset/raw-data/repo-ecore-all/data/JamieOBE/OldISOUNIFIFromGoogleCode/emf/ISO20022.ecore,false,false,false,"parse: failed to parse modelset/raw-data/repo-ecore-all/data/JamieOBE/OldISOUNIFIFromGoogleCode/emf/ISO20022.ecore: unexpected operation attribute `ordered` failed to parse class operation failed to parse class `RepositoryConcept` line 73, column 70 current parser state: | ` lowerBound=""1""` | `        eType=""ecore:EDataType http://www.eclipse.org/emf/2002/Ecore#//EBoolean"">` parsing failed"
modelset/raw-data/repo-ecore-all/data/JanKoehnlein/Generic-Graph-View/org.eclipse.xtext.graphview.example/src/ecore/My.ecore,false,false,false,"parse: failed to parse modelset/raw-data/repo-ecore-all/data/JanKoehnlein/Generic-Graph-View/org.eclipse.xtext.graphview.example/src/ecore/My.ecore: unexpected package content line 16, column 3 current parser state: | `<eSubpackages name=""subPackage"" nsURI=""http://www.xtext.org/example/graphview"" nsPrefix=""subPackage"">` | `    <eClassifiers xsi:type=""ecore:EClass"" name=""Foo"" eSuperTypes=""#//MyClass""/>` parsing failed"
modelset/raw-data/repo-ecore-all/data/JanKoehnlein/Generic-Graph-View/org.eclipse.xtext.graphview.example/src/ecore/Tree.ecore,true,true,true,
modelset/raw-data/repo-ecore-all/data/JavierGrobles/testRepository/Families2Persons/Families.ecore,true,true,true,
modelset/raw-data/repo-ecore-all/data/JavierGrobles/testRepository/Families2Persons/Persons.ecore,true,true,true,
modelset/raw-data/repo-ecore-all/data/Jaxing/TDA593-18/se.chalmers.cse.mdsd1617.group18/se.ecore,false,false,false,"parse: failed to parse modelset/raw-data/repo-ecore-all/data/Jaxing/TDA593-18/se.chalmers.cse.mdsd1617.group18/se.ecore: unexpected package content line 4, column 3 current parser state: | `<eSubpackages name=""chalmers"" nsURI=""http:///se/chalmers.ecore"" nsPrefix=""se.chalmers"">` | `    <eSubpackages name=""cse"" nsURI=""http:///se/chalmers/cse.ecore"" nsPrefix=""se.chalmers.cse"">` parsing failed"
modelset/raw-data/repo-ecore-all/data/JeanChristopheGuerin/SMALLUML/model/smalluml.ecore,false,false,false,"parse: failed to parse modelset/raw-data/repo-ecore-all/data/JeanChristopheGuerin/SMALLUML/model/smalluml.ecore: unexpected `eClassifiers` attribute `instanceClassName` line 16, column 94 current parser state: | `/>` | `  <eClassifiers xsi:type=""ecore:EDataType"" name=""Integer"" instanceTypeName=""integer""/>` parsing failed"
modelset/raw-data/repo-ecore-all/data/Jebisan/MDSD/xtext.pycom/model/generated/Pycom.ecore,true,true,true,
modelset/raw-data/repo-ecore-all/data/Jiaxin-li/PegasusMDD/types.ecore,false,false,false,"parse: failed to parse modelset/raw-data/repo-ecore-all/data/Jiaxin-li/PegasusMDD/types.ecore: unexpected `eClassifiers` attribute `instanceClassName` line 7, column 86 current parser state: | `>` | `    <eAnnotations source=""http://www.eclipse.org/emf/2002/GenModel"">` parsing failed"
modelset/raw-data/repo-ecore-all/data/JingyuanXu/twouse/west.twouse.language.yuml/metamodel/yuml.ecore,true,true,true,
modelset/raw-data/repo-ecore-all/data/JingyuanXu/twouse/west.twouse.tests.models2010-2/Metamodels/ecore.ecore,false,false,false,"parse: failed to parse modelset/raw-data/repo-ecore-all/data/JingyuanXu/twouse/west.twouse.tests.models2010-2/Metamodels/ecore.ecore: unexpected operation content failed to parse class operation failed to parse class `EStructuralFeature` line 15, column 7 current parser state: | `<eGenericType eClassifier=""ecore:EDataType http://www.eclipse.org/emf/2002/Ecore#//EJavaClass"">` | `        <eTypeArguments/>` parsing failed"
modelset/raw-data/repo-ecore-all/data/Jioss/aurora-project/bpmn/org.eclipse.bpmn2/model/BPMNDI.ecore,false,false,false,"parse: failed to parse modelset/raw-data/repo-ecore-all/data/Jioss/aurora-project/bpmn/org.eclipse.bpmn2/model/BPMNDI.ecore: unknown builtit class URL `http://www.eclipse.org/emf/2002/Ecore#//EFeatureMapEntry` failed to parse structural features failed to parse class `DocumentRoot` line 10, column 90 current parser state: | `` | `      <eAnnotations source=""http:///org/eclipse/emf/ecore/util/ExtendedMetaData"">` parsing failed"
modelset/raw-data/repo-ecore-all/data/Jmanuel4SandMan/gemoc-test-rtsc/org.muml.rtsc.model/model/rtsc.ecore,false,false,false,"parse: failed to parse modelset/raw-data/repo-ecore-all/data/Jmanuel4SandMan/gemoc-test-rtsc/org.muml.rtsc.model/model/rtsc.ecore: unsupported `eType` path `//BehavioralElement` failed to parse structural features failed to parse class `Behavior` line 4, column 169 current parser state: | `` | `  </eClassifiers>` parsing failed"
modelset/raw-data/repo-ecore-all/data/Jmanuel4SandMan/gemoc-test-rtsc/org.muml.seq.xsrtsc.xsrtsc/model/XSRTSC.ecore,false,false,false,"parse: failed to parse modelset/raw-data/repo-ecore-all/data/Jmanuel4SandMan/gemoc-test-rtsc/org.muml.seq.xsrtsc.xsrtsc/model/XSRTSC.ecore: unsupported `eType` path `//BehavioralElement` failed to parse structural features failed to parse class `Behavior` line 4, column 169 current parser state: | `` | `  </eClassifiers>` parsing failed"
modelset/raw-data/repo-ecore-all/data/Jmanuel4SandMan/gemoc-test-rtsc/org.muml.xsrtsc.xsrtsc/model/XSRTSC.ecore,false,false,false,"parse: failed to parse modelset/raw-data/repo-ecore-all/data/Jmanuel4SandMan/gemoc-test-rtsc/org.muml.xsrtsc.xsrtsc/model/XSRTSC.ecore: unsupported `eType` path `//BehavioralElement` failed to parse structural features failed to parse class `Behavior` line 4, column 169 current parser state: | `` | `  </eClassifiers>` parsing failed"
modelset/raw-data/repo-ecore-all/data/Johnstedt/Message/hws_stubs/output/production/Message/restlet-jse-2.3.12/restlet-jse-2.3.12/src/org.restlet.test/org/restlet/test/ext/emf/Test.ecore,true,true,true,
modelset/raw-data/repo-ecore-all/data/Jonas-C/TDT4250/org.eclipse.NTNU.studymodel/model/ProgrammeNext.ecore,true,true,true,
modelset/raw-data/repo-ecore-all/data/JonathanRochelli/DSL-Compilateur-Interpreteur/fr.ut2j.m1ice.fsm/model/fsm.ecore,true,true,true,
modelset/raw-data/repo-ecore-all/data/JordhanMadec/farmbot/farmbot-modeling/model/farmbot_modeling.ecore,true,true,true,
modelset/raw-data/repo-ecore-all/data/JorgeBaezGarrido/MDSD_assignment3/mdsd.mathcompiler/model/generated/MathCompiler.ecore,true,true,true,
modelset/raw-data/repo-ecore-all/data/JorgeBaezGarrido/Math_Interpreter/model/generated/MathInterpeter.ecore,true,true,true,
modelset/raw-data/repo-ecore-all/data/Jose-Badeau/boomslang-wireframesketcher/com.wireframesketcher.model/model/model.ecore,false,false,false,"parse: failed to parse modelset/raw-data/repo-ecore-all/data/Jose-Badeau/boomslang-wireframesketcher/com.wireframesketcher.model/model/model.ecore: unknown builtit class URL `http://www.eclipse.org/emf/2002/Ecore#//ELongObject` failed to parse structural features failed to parse class `Widget` line 28, column 34 current parser state: | `` | `      <eAnnotations source=""http://www.eclipse.org/emf/2002/GenModel"">` parsing failed"
modelset/raw-data/repo-ecore-all/data/JoshuaGhost/lecture_slides/Folien_und_Literaturen/1/Model-based_Software_Engineering-Dokumente/company.ecore,true,true,true,
modelset/raw-data/repo-ecore-all/data/Jozan31/IDM/TP1_EM/model/tP1_EM.ecore,true,true,true,
modelset/raw-data/repo-ecore-all/data/KDReleng/org.eclipse.dltk.javascript/plugins/org.eclipse.dltk.javascript.core.manipulation/model/dom.ecore,false,false,false,"parse: failed to parse modelset/raw-data/repo-ecore-all/data/KDReleng/org.eclipse.dltk.javascript/plugins/org.eclipse.dltk.javascript.core.manipulation/model/dom.ecore: expected tag `source` failed to parse structural feature annotation failed to parse structural features failed to parse class `Identifier` line 17, column 20 current parser state: | `>` | `        <details key=""value"" value=""1""/>` parsing failed"
modelset/raw-data/repo-ecore-all/data/KROKIteam/KROKI-mockup-tool/KrokiMockupTool/libECore/org.eclipse.uml2.uml/model/CMOF.ecore,false,false,false,"parse: failed to parse modelset/raw-data/repo-ecore-all/data/KROKIteam/KROKI-mockup-tool/KrokiMockupTool/libECore/org.eclipse.uml2.uml/model/CMOF.ecore: unexpected operation attribute `ordered` failed to parse class operation failed to parse class `ReflectiveSequence` line 7, column 44 current parser state: | ` lowerBound=""1"">` | `      <eParameters name=""index"" ordered=""false"" lowerBound=""1"" eType=""ecore:EDataType http://www.eclipse.org/uml2/4.0.0/Types#//Integer""/>` parsing failed"
modelset/raw-data/repo-ecore-all/data/KROKIteam/KROKI-mockup-tool/KrokiMockupTool/libECore/org.eclipse.uml2.uml/model/CMOF20.ecore,false,false,false,"parse: failed to parse modelset/raw-data/repo-ecore-all/data/KROKIteam/KROKI-mockup-tool/KrokiMockupTool/libECore/org.eclipse.uml2.uml/model/CMOF20.ecore: unknown builtit class URL `http://www.eclipse.org/emf/2002/Ecore#//EDiagnosticChain` failed to parse class operation failed to parse class `Classifier` line 14, column 121 current parser state: | `` | `      <eParameters name=""context"">` parsing failed"
modelset/raw-data/repo-ecore-all/data/KROKIteam/KROKI-mockup-tool/KrokiMockupTool/libECore/org.eclipse.uml2.uml/model/CMOF24.ecore,false,false,false,"parse: failed to parse modelset/raw-data/repo-ecore-all/data/KROKIteam/KROKI-mockup-tool/KrokiMockupTool/libECore/org.eclipse.uml2.uml/model/CMOF24.ecore: unexpected operation attribute `ordered` failed to parse class operation failed to parse class `ReflectiveSequence` line 7, column 44 current parser state: | ` lowerBound=""1"">` | `      <eParameters name=""index"" ordered=""false"" lowerBound=""1"" eType=""ecore:EDataType http://www.eclipse.org/uml2/4.0.0/Types#//Integer""/>` parsing failed"
modelset/raw-data/repo-ecore-all/data/KaburaheElla/smalluml/SmallUml/model/smalluml.ecore,true,true,true,
modelset/raw-data/repo-ecore-all/data/Kalinga/emfLearnings/org.eclipse.example.bowlingmodel/model/bowling.ecore,false,false,false,"parse: failed to parse modelset/raw-data/repo-ecore-all/data/Kalinga/emfLearnings/org.eclipse.example.bowlingmodel/model/bowling.ecore: unknown builtit class URL `http://www.eclipse.org/emf/2002/Ecore#//EDate` failed to parse structural features failed to parse class `Player` line 6, column 144 current parser state: | `` | `    <eStructuralFeatures xsi:type=""ecore:EAttribute"" name=""height"" eType=""ecore:EDataType http://www.eclipse.org/emf/2002/Ecore#//EDouble""/>` parsing failed"
modelset/raw-data/repo-ecore-all/data/Kapcash/Compilation/esir.compilation/model/generated/WhileComp.ecore,false,false,false,"parse: failed to parse modelset/raw-data/repo-ecore-all/data/Kapcash/Compilation/esir.compilation/model/generated/WhileComp.ecore: unsupported `eType` path `ecore:EClass http://www.eclipse.org/emf/2002/Ecore#//EObject` failed to parse structural features failed to parse class `Command` line 45, column 29 current parser state: | `` | `  </eClassifiers>` parsing failed"
modelset/raw-data/repo-ecore-all/data/Karlito44/GEMOC_DSL_AARAB/DSL_AARAB/mydsl/model/mydsl.ecore,true,true,true,
modelset/raw-data/repo-ecore-all/data/KevinDelcourt/ExosJava/org.lpdql.automaton/model/automaton.ecore,true,true,true,
modelset/raw-data/repo-ecore-all/data/Klemetz/MDSD/Classes.ecore,false,false,false,"parse: failed to parse modelset/raw-data/repo-ecore-all/data/Klemetz/MDSD/Classes.ecore: unexpected package content line 4, column 3 current parser state: | `<eSubpackages name=""Datalayer"" nsURI=""http:///Classes/Datalayer.ecore"" nsPrefix=""Classes.Datalayer"">` | `    <eAnnotations source=""http://www.eclipse.org/uml2/2.0.0/UML"">` parsing failed"
modelset/raw-data/repo-ecore-all/data/KourdacheHoussam/MetamodelDesignerAssistantTP6/MetaModelDesignerAssistantTP6/model/test.ecore,true,true,true,
modelset/raw-data/repo-ecore-all/data/KourdacheHoussam/ModelTransformationTP4/ModelTransformationTP4/model/StateMachine.ecore,true,true,true,
modelset/raw-data/repo-ecore-all/data/KourdacheHoussam/ModelTransformationTP4/ModelTransformationTP4/model/ecore.ecore,false,false,false,"parse: failed to parse modelset/raw-data/repo-ecore-all/data/KourdacheHoussam/ModelTransformationTP4/ModelTransformationTP4/model/ecore.ecore: unexpected `eClassifiers` attribute `instanceClassName` line 160, column 58 current parser state: | `/>` | `  <eClassifiers xsi:type=""ecore:EDataType"" name=""EJavaObject"" instanceClassName=""java.lang.Object""/>` parsing failed"
modelset/raw-data/repo-ecore-all/data/KourdacheHoussam/UMLRefactoringTP3/UMLRefactoringTP3/model/ModeleTp3.ecore,false,false,false,"parse: failed to parse modelset/raw-data/repo-ecore-all/data/KourdacheHoussam/UMLRefactoringTP3/UMLRefactoringTP3/model/ModeleTp3.ecore: unexpected package content line 5, column 3 current parser state: | `<eSubpackages name=""pack1"" nsURI=""http:///ModeleTp3/pack1.ecore"" nsPrefix=""ModeleTp3.pack1"">` | `    <eClassifiers xsi:type=""ecore:EClass"" name=""B""/>` parsing failed"
modelset/raw-data/repo-ecore-all/data/KristopherBorn/atomicCPA/org.eclipse.emf.henshin.cpa.atomic/testData/jevsTests/attribute/attribute.ecore,true,true,true,
modelset/raw-data/repo-ecore-all/data/KristopherBorn/multiCDA/de.bigtrafo.measurement.compactness/model/RuleSetMetrics.ecore,false,false,false,"parse: failed to parse modelset/raw-data/repo-ecore-all/data/KristopherBorn/multiCDA/de.bigtrafo.measurement.compactness/model/RuleSetMetrics.ecore: unsupported `eType` path `ecore:EClass ../../org.eclipse.emf.henshin.model/model/henshin.ecore#//Rule` failed to parse class operation failed to parse class `RuleSetMetrics` line 6, column 117 current parser state: | `` | `    </eOperations>` parsing failed"
modelset/raw-data/repo-ecore-all/data/KristopherBorn/multiCDA/org.eclipse.emf.henshin.multicda.cda.eval/rules/ocl/GraphConstraint.ecore,false,false,false,"parse: failed to parse modelset/raw-data/repo-ecore-all/data/KristopherBorn/multiCDA/org.eclipse.emf.henshin.multicda.cda.eval/rules/ocl/GraphConstraint.ecore: unsupported `eType` path `ecore:EClass http://www.eclipse.org/emf/2002/Ecore#//EPackage` failed to parse structural features failed to parse class `NestedGraphConstraint` line 16, column 80 current parser state: | `` | `    <eStructuralFeatures xsi:type=""ecore:EAttribute"" name=""name"" eType=""ecore:EDataType http://www.eclipse.org/emf/2002/Ecore#//EString""/>` parsing failed"
modelset/raw-data/repo-ecore-all/data/KristopherBorn/publicationExample/publicationExample/publicationExample.ecore,true,true,true,
modelset/raw-data/repo-ecore-all/data/KsushaKostrova/DSLRepo/org.example.domainmodel/model/generated/Domainmodel.ecore,true,true,true,
modelset/raw-data/repo-ecore-all/data/KuehneThomas/model-to-model-transformation-generator/src/MetaModels.ComplexStateMachine/complexStateMachineMetaModel.ecore,true,true,true,
modelset/raw-data/repo-ecore-all/data/KuehneThomas/model-to-model-transformation-generator/src/MetaModels.Relational/relationalMetaModel.ecore,false,false,false,"parse: failed to parse modelset/raw-data/repo-ecore-all/data/KuehneThomas/model-to-model-transformation-generator/src/MetaModels.Relational/relationalMetaModel.ecore: expected tag `>` failed to parse package annotation line 4, column 29 current parser state: | `/>` | `  <eClassifiers xsi:type=""ecore:EClass"" name=""RelationalSchema"">` parsing failed"
modelset/raw-data/repo-ecore-all/data/KuehneThomas/model-to-model-transformation-generator/src/MetaModels.SimpleStateMachine/simpleStateMachineMetaModel.ecore,true,true,true,
modelset/raw-data/repo-ecore-all/data/KybeleResearch/aml4m2dat/ORDB4ORA/model/ORDB4ORA.ecore,false,false,false,"parse: failed to parse modelset/raw-data/repo-ecore-all/data/KybeleResearch/aml4m2dat/ORDB4ORA/model/ORDB4ORA.ecore: unexpected `eClassifiers` attribute `instanceClassName` line 103, column 104 current parser state: | `` | `      eSuperTypes=""#//Feature"">` parsing failed"
modelset/raw-data/repo-ecore-all/data/KybeleResearch/aml4m2dat/SOSyM_MetamodelEvolution/Metamodels/ORDB4ORA.ecore,false,false,false,"parse: failed to parse modelset/raw-data/repo-ecore-all/data/KybeleResearch/aml4m2dat/SOSyM_MetamodelEvolution/Metamodels/ORDB4ORA.ecore: unexpected `eClassifiers` attribute `instanceClassName` line 103, column 104 current parser state: | `` | `      eSuperTypes=""#//Feature"">` parsing failed"
modelset/raw-data/repo-ecore-all/data/KybeleResearch/aml4m2dat/SOSyM_MetamodelEvolution/Metamodels/SQL2003.ecore,false,false,false,"parse: failed to parse modelset/raw-data/repo-ecore-all/data/KybeleResearch/aml4m2dat/SOSyM_MetamodelEvolution/Metamodels/SQL2003.ecore: unknown builtit class URL `http://www.eclipse.org/emf/2002/Ecore#//EIntegerObject` failed to parse structural features failed to parse class `ARRAY` line 8, column 104 current parser state: | `` | `  </eClassifiers>` parsing failed"
modelset/raw-data/repo-ecore-all/data/KybeleResearch/aml4m2dat/SOSyM_MetamodelEvolution/Metamodels/SQL2003_V2.ecore,false,false,false,"parse: failed to parse modelset/raw-data/repo-ecore-all/data/KybeleResearch/aml4m2dat/SOSyM_MetamodelEvolution/Metamodels/SQL2003_V2.ecore: unknown builtit class URL `http://www.eclipse.org/emf/2002/Ecore#//EIntegerObject` failed to parse structural features failed to parse class `ARRAY` line 8, column 104 current parser state: | `` | `  </eClassifiers>` parsing failed"
modelset/raw-data/repo-ecore-all/data/KybeleResearch/aml4m2dat/SOSyM_MetamodelEvolution/Metamodels/SQL2003_evo.ecore,false,false,false,"parse: failed to parse modelset/raw-data/repo-ecore-all/data/KybeleResearch/aml4m2dat/SOSyM_MetamodelEvolution/Metamodels/SQL2003_evo.ecore: unknown builtit class URL `http://www.eclipse.org/emf/2002/Ecore#//EIntegerObject` failed to parse structural features failed to parse class `ARRAY` line 8, column 104 current parser state: | `` | `  </eClassifiers>` parsing failed"
modelset/raw-data/repo-ecore-all/data/KybeleResearch/aml4m2dat/es.kybele.SQL2003_V3/Metamodel/SQL2003_V3.ecore,false,false,false,"parse: failed to parse modelset/raw-data/repo-ecore-all/data/KybeleResearch/aml4m2dat/es.kybele.SQL2003_V3/Metamodel/SQL2003_V3.ecore: unknown builtit class URL `http://www.eclipse.org/emf/2002/Ecore#//EIntegerObject` failed to parse structural features failed to parse class `ARRAY` line 8, column 104 current parser state: | `` | `  </eClassifiers>` parsing failed"
modelset/raw-data/repo-ecore-all/data/KybeleResearch/i-trace/iTrace/model/iTrace.ecore,false,false,false,"parse: failed to parse modelset/raw-data/repo-ecore-all/data/KybeleResearch/i-trace/iTrace/model/iTrace.ecore: unsupported `eType` path `ecore:EClass http://www.eclipse.org/emf/2002/Ecore#//EObject` failed to parse structural features failed to parse class `TraceLinkElement` line 37, column 138 current parser state: | `` | `  </eClassifiers>` parsing failed"
modelset/raw-data/repo-ecore-all/data/KybeleResearch/i-trace/iTrace.ui/src/iTrace/ui/transformations/resources/iTrace.ecore,false,false,false,"parse: failed to parse modelset/raw-data/repo-ecore-all/data/KybeleResearch/i-trace/iTrace.ui/src/iTrace/ui/transformations/resources/iTrace.ecore: unsupported `eType` path `ecore:EClass http://www.eclipse.org/emf/2002/Ecore#//EObject` failed to parse structural features failed to parse class `TraceLinkElement` line 36, column 138 current parser state: | `` | `  </eClassifiers>` parsing failed"
modelset/raw-data/repo-ecore-all/data/KybeleResearch/i-trace/iTrace.ui/src/iTrace/ui/transformations/resources/traceabilitymodel.ecore,true,true,true,
modelset/raw-data/repo-ecore-all/data/KybeleResearch/metagem/MeTAGeM/Metamodels/ORDB4ORA.ecore,false,false,false,"parse: failed to parse modelset/raw-data/repo-ecore-all/data/KybeleResearch/metagem/MeTAGeM/Metamodels/ORDB4ORA.ecore: unexpected `eClassifiers` attribute `instanceClassName` line 120, column 104 current parser state: | `` | `      eSuperTypes=""#//Feature"">` parsing failed"
modelset/raw-data/repo-ecore-all/data/KybeleResearch/servicereasoning/branches/Version_2.0/Editor ASD/WS_ASD/model/ASD.ecore,true,true,true,
modelset/raw-data/repo-ecore-all/data/LFredin/acceleo_test/plugins/org.eclipse.acceleo.model/model/mtl.ecore,false,false,false,"parse: failed to parse modelset/raw-data/repo-ecore-all/data/LFredin/acceleo_test/plugins/org.eclipse.acceleo.model/model/mtl.ecore: unknown builtit class URL `platform:/plugin/org.eclipse.emf.ecore/model/Ecore.ecore#//EInt` failed to parse structural features failed to parse class `Module` line 14, column 98 current parser state: | `` | `    <eStructuralFeatures xsi:type=""ecore:EAttribute"" name=""endHeaderPosition"" lowerBound=""1""` parsing failed"
modelset/raw-data/repo-ecore-all/data/LaMaksim/DSL-2018/ProjectsDOMIJ/file_transfer/model/external/classDiagram.ecore,true,true,true,
modelset/raw-data/repo-ecore-all/data/LaMaksim/DSL-2018/ProjectsDOMIJ/file_transfer/model/external/rdbms.ecore,true,true,true,
modelset/raw-data/repo-ecore-all/data/LeBoucEtMistere/NP2JG/fr.supelec.plong9.fsm/model/fsm.ecore,false,false,false,"parse: failed to parse modelset/raw-data/repo-ecore-all/data/LeBoucEtMistere/NP2JG/fr.supelec.plong9.fsm/model/fsm.ecore: unexpected `eClassifiers` attribute `instanceClassName` line 68, column 105 current parser state: | `>` | `    <eStructuralFeatures xsi:type=""ecore:EAttribute"" name=""key"" eType=""ecore:EDataType http://www.eclipse.org/emf/2002/Ecore#//EString""/>` parsing failed"
modelset/raw-data/repo-ecore-all/data/LeCedric/myRepository/com.tad.chart.xtext/model/generated/ChartDsl.ecore,true,true,true,
modelset/raw-data/repo-ecore-all/data/LearnPAd/learnpad/lp-model-transformer/src/main/resources/metamodels/learnpad/bpmn2.0/BPMN20.ecore,false,false,false,"parse: failed to parse modelset/raw-data/repo-ecore-all/data/LearnPAd/learnpad/lp-model-transformer/src/main/resources/metamodels/learnpad/bpmn2.0/BPMN20.ecore: unsupported `eType` path `ecore:EClass http://www.eclipse.org/emf/2002/Ecore#//EStringToStringMapEntry` failed to parse structural features failed to parse class `DocumentRoot` line 8, column 69 current parser state: | `` | `    <eStructuralFeatures xsi:type=""ecore:EReference"" name=""xSISchemaLocation"" upperBound=""-1""` parsing failed"
modelset/raw-data/repo-ecore-all/data/Liciax/PatouneSmallUML/UML/model/types.ecore,false,false,false,"parse: failed to parse modelset/raw-data/repo-ecore-all/data/Liciax/PatouneSmallUML/UML/model/types.ecore: unexpected `eClassifiers` attribute `instanceClassName` line 7, column 86 current parser state: | `>` | `    <eAnnotations source=""http://www.eclipse.org/emf/2002/GenModel"">` parsing failed"
modelset/raw-data/repo-ecore-all/data/LieberLieber/QvtCodeGenerator/QvtMetamodelCodeGeneration/LL.MDE.Components.Qvt.Metamodel.Generator/model/EssentialOCL.ecore,false,false,false,"parse: failed to parse modelset/raw-data/repo-ecore-all/data/LieberLieber/QvtCodeGenerator/QvtMetamodelCodeGeneration/LL.MDE.Components.Qvt.Metamodel.Generator/model/EssentialOCL.ecore: unexpected package attribute `xmi:id` expected one of `name` `nsURI` `nsPrefix` `xmi:version` `xmlns:xmi` `xmlns:xsi` `xmlns:ecore` line 3, column 79 current parser state: | `name=""EssentialOCL"" nsURI=""http://www.omg.org/spec/QVT/20140401/EssentialOCL""` | `    nsPrefix=""essentialocl"">` parsing failed"
modelset/raw-data/repo-ecore-all/data/LieberLieber/QvtCodeGenerator/QvtMetamodelCodeGeneration/LL.MDE.Components.Qvt.Metamodel.Generator/model/FlatQVT.ecore,false,false,false,"parse: failed to parse modelset/raw-data/repo-ecore-all/data/LieberLieber/QvtCodeGenerator/QvtMetamodelCodeGeneration/LL.MDE.Components.Qvt.Metamodel.Generator/model/FlatQVT.ecore: unexpected `eClassifiers` attribute `xmi:type` line 3, column 40 current parser state: | ` name=""AltExp"" eSuperTypes=""#//ImperativeExpression"">` | `    <eStructuralFeatures xmi:type=""ecore:EReference"" name=""body"" lowerBound=""1"" eType=""#//OclExpression"" containment=""true"" resolveProxies=""false"">` parsing failed"
modelset/raw-data/repo-ecore-all/data/LieberLieber/QvtCodeGenerator/QvtMetamodelCodeGeneration/LL.MDE.Components.Qvt.Metamodel.Generator/model/ImperativeOCL.ecore,false,false,false,"parse: failed to parse modelset/raw-data/repo-ecore-all/data/LieberLieber/QvtCodeGenerator/QvtMetamodelCodeGeneration/LL.MDE.Components.Qvt.Metamodel.Generator/model/ImperativeOCL.ecore: unexpected package attribute `xmi:id` expected one of `name` `nsURI` `nsPrefix` `xmi:version` `xmlns:xmi` `xmlns:xsi` `xmlns:ecore` line 3, column 80 current parser state: | `name=""ImperativeOCL"" nsURI=""http://www.omg.org/spec/QVT/20140401/ImperativeOCL""` | `    nsPrefix=""imperativeocl"">` parsing failed"
modelset/raw-data/repo-ecore-all/data/LieberLieber/QvtCodeGenerator/QvtMetamodelCodeGeneration/LL.MDE.Components.Qvt.Metamodel.Generator/model/PrimitiveTypes.ecore,false,false,false,"parse: failed to parse modelset/raw-data/repo-ecore-all/data/LieberLieber/QvtCodeGenerator/QvtMetamodelCodeGeneration/LL.MDE.Components.Qvt.Metamodel.Generator/model/PrimitiveTypes.ecore: unexpected package attribute `xmi:id` expected one of `name` `nsURI` `nsPrefix` `xmi:version` `xmlns:xmi` `xmlns:xsi` `xmlns:ecore` line 3, column 81 current parser state: | `name=""PrimitiveTypes"" nsURI=""http://www.omg.org/spec/QVT/20140401/PrimitiveTypes""` | `    nsPrefix=""primitivetypes"">` parsing failed"
modelset/raw-data/repo-ecore-all/data/LieberLieber/QvtCodeGenerator/QvtMetamodelCodeGeneration/LL.MDE.Components.Qvt.Metamodel.Generator/model/QVT.ecore,false,false,false,"parse: failed to parse modelset/raw-data/repo-ecore-all/data/LieberLieber/QvtCodeGenerator/QvtMetamodelCodeGeneration/LL.MDE.Components.Qvt.Metamodel.Generator/model/QVT.ecore: unexpected content at package level line 2, column 1 current parser state: | `<xmi:XMI xmi:version=""2.0"" xmlns:xmi=""http://www.omg.org/XMI"" xmlns:ecore=""http://www.eclipse.org/emf/2002/Ecore"">` | `  <ecore:EPackage name=""PrimitiveTypes"" nsURI=""http://www.omg.org/spec/QVT/20140401/PrimitiveTypes"" nsPrefix=""primitivetypes"">` parsing failed"
modelset/raw-data/repo-ecore-all/data/LieberLieber/QvtCodeGenerator/QvtMetamodelCodeGeneration/LL.MDE.Components.Qvt.Metamodel.Generator/model/QVTOperational.ecore,false,false,false,"parse: failed to parse modelset/raw-data/repo-ecore-all/data/LieberLieber/QvtCodeGenerator/QvtMetamodelCodeGeneration/LL.MDE.Components.Qvt.Metamodel.Generator/model/QVTOperational.ecore: unexpected package attribute `xmi:id` expected one of `name` `nsURI` `nsPrefix` `xmi:version` `xmlns:xmi` `xmlns:xsi` `xmlns:ecore` line 3, column 81 current parser state: | `name=""QVTOperational"" nsURI=""http://www.omg.org/spec/QVT/20140401/QVTOperational""` | `    nsPrefix=""qvtoperational"">` parsing failed"
modelset/raw-data/repo-ecore-all/data/LieberLieber/QvtCodeGenerator/XSDImport2/LL.MDE.Components.XsdImport.Test.Ecore2EnAr/input/simple.ecore,false,false,false,"parse: failed to parse modelset/raw-data/repo-ecore-all/data/LieberLieber/QvtCodeGenerator/XSDImport2/LL.MDE.Components.XsdImport.Test.Ecore2EnAr/input/simple.ecore: unexpected package content line 23, column 3 current parser state: | `<eSubpackages name=""aSubPackage"" nsURI=""aSubPackage"" nsPrefix=""aSubPackage"">` | `    <eClassifiers xsi:type=""ecore:EClass"" name=""D"">` parsing failed"
modelset/raw-data/repo-ecore-all/data/LightChaosman/GLT1/workspace/tue.glt.platoon/model/Platoon.ecore,true,true,true,
modelset/raw-data/repo-ecore-all/data/LolloCorte/bpel-xtext/org.xtext.example.mydsl/src-gen/org/xtext/example/mydsl/MyDsl.ecore,true,true,true,
modelset/raw-data/repo-ecore-all/data/LolloCorte/emf-components/examples/it.rcpvision.emf.components.cdoexample.model/model/Library.ecore,false,false,false,"parse: failed to parse modelset/raw-data/repo-ecore-all/data/LolloCorte/emf-components/examples/it.rcpvision.emf.components.cdoexample.model/model/Library.ecore: unknown builtit class URL `http://www.eclipse.org/emf/2002/Ecore#//EDate` failed to parse structural features failed to parse class `Author` line 9, column 142 current parser state: | `` | `  </eClassifiers>` parsing failed"
modelset/raw-data/repo-ecore-all/data/LolloCorte/emf-components/examples/it.rcpvision.emf.components.examples.fowlerdsl/src-gen/it/rcpvision/emf/components/examples/fowlerdsl/Statemachine.ecore,true,true,true,
modelset/raw-data/repo-ecore-all/data/LolloCorte/emf-components/examples/it.rcpvision.emf.components.examples.library/model/extlibrary.ecore,false,false,false,"parse: failed to parse modelset/raw-data/repo-ecore-all/data/LolloCorte/emf-components/examples/it.rcpvision.emf.components.examples.library/model/extlibrary.ecore: unknown builtit class URL `http://www.eclipse.org/emf/2002/Ecore#//EFeatureMapEntry` failed to parse structural features failed to parse class `Library` line 44, column 90 current parser state: | `` | `      <eAnnotations source=""http:///org/eclipse/emf/ecore/util/ExtendedMetaData"">` parsing failed"
modelset/raw-data/repo-ecore-all/data/LorenzoBettini/eclipse-fatjar-example/org.example.model/model/greetings.ecore,true,true,true,
modelset/raw-data/repo-ecore-all/data/LorenzoBettini/edelta/edelta.parent/edelta.examples/model/Petrinet.ecore,true,true,true,
modelset/raw-data/repo-ecore-all/data/LorenzoBettini/edelta/edelta.parent/edelta.examples/modified/PersonList.ecore,true,true,true,
modelset/raw-data/repo-ecore-all/data/LorenzoBettini/edelta/edelta.parent/edelta.examples/modified/Petrinet.ecore,true,true,true,
modelset/raw-data/repo-ecore-all/data/LorenzoBettini/edelta/edelta.parent/edelta.tests/src/edelta/tests/input/models/PersonList.ecore,true,true,true,
modelset/raw-data/repo-ecore-all/data/LorenzoBettini/emf-school-model/org.example.school.model/model/School.ecore,true,true,true,
modelset/raw-data/repo-ecore-all/data/LorenzoBettini/packtpub-xtext-book-2nd-examples/org.example.school.parent/org.example.school.model/model/School.ecore,false,false,false,"parse: failed to parse modelset/raw-data/repo-ecore-all/data/LorenzoBettini/packtpub-xtext-book-2nd-examples/org.example.school.parent/org.example.school.model/model/School.ecore: unexpected operation content failed to parse class operation failed to parse class `School` line 10, column 7 current parser state: | `<eGenericType eClassifier=""#//Iterable"">` | `        <eTypeArguments eClassifier=""#//Student""/>` parsing failed"
modelset/raw-data/repo-ecore-all/data/LorenzoBettini/parsley-demo-ece2017/example.model/model/Library.ecore,true,true,true,
modelset/raw-data/repo-ecore-all/data/LorenzoBettini/xtext-demo-laquila/org.xtext.example.mydsl.parent/org.xtext.example.mydsl/model/generated/MyDsl.ecore,true,true,true,
modelset/raw-data/repo-ecore-all/data/LorianneSoulignac/DSL/fr.ut2j.m1ice.fsm/model/fsm.ecore,true,true,true,
modelset/raw-data/repo-ecore-all/data/LouisAuneau/IMT-Retro-engineering/src/tp/fil/resources/Data.ecore,true,true,true,
modelset/raw-data/repo-ecore-all/data/Lucgril/MDE/mde.uncertainty/metamodels/UFamiliesNew.ecore,false,false,false,"parse: failed to parse modelset/raw-data/repo-ecore-all/data/Lucgril/MDE/mde.uncertainty/metamodels/UFamiliesNew.ecore: unsupported `eType` path `//uncertainty/aFamily` failed to parse structural features failed to parse class `FamilyRegister` line 7, column 58 current parser state: | `` | `      <eAnnotations source=""eOpposite"" references=""//Family/familiesInverse""/>` parsing failed"
modelset/raw-data/repo-ecore-all/data/LukasSchwarz00/Ecore2Sql/model/uploadForum/My.ecore,false,false,false,"parse: failed to parse modelset/raw-data/repo-ecore-all/data/LukasSchwarz00/Ecore2Sql/model/uploadForum/My.ecore: unsupported `eType` path `//@eClassifiers.1` failed to parse structural features failed to parse class `Graph` line 6, column 55 current parser state: | `` | `  </eClassifiers>` parsing failed"
modelset/raw-data/repo-ecore-all/data/LukeLinkwalker/Model-Driven-Software-Development-Project/org.group9.IOTConnector/model/generated/IOTConnector.ecore,true,true,true,
modelset/raw-data/repo-ecore-all/data/Lulle74/CDOProofingOfConcepts/elundstrom.model/model/library.ecore,true,true,true,
modelset/raw-data/repo-ecore-all/data/Lutterus/t2-Linguagens-de-Programa-o/org.xtext.example.mydsl/model/generated/Domainmodel.ecore,true,true,true,
modelset/raw-data/repo-ecore-all/data/LuukvH/GLT-Assignment3/platoon/model/platoon.ecore,false,false,false,"parse: failed to parse modelset/raw-data/repo-ecore-all/data/LuukvH/GLT-Assignment3/platoon/model/platoon.ecore: unexpected structural feature attribute `eKeys` failed to parse structural features failed to parse class `FollowingVehicle` line 43, column 51 current parser state: | `/>` | `  </eClassifiers>` parsing failed"
modelset/raw-data/repo-ecore-all/data/Lynorics/janglipse/de.lynorics.eclipse.jangaroo/model/generated/AS3.ecore,false,false,false,"parse: failed to parse modelset/raw-data/repo-ecore-all/data/Lynorics/janglipse/de.lynorics.eclipse.jangaroo/model/generated/AS3.ecore: unsupported `eType` path `ecore:EClass http://www.eclipse.org/emf/2002/Ecore#//EObject` failed to parse structural features failed to parse class `Model` line 10, column 98 current parser state: | `` | `    <eStructuralFeatures xsi:type=""ecore:EReference"" name=""classes"" upperBound=""-1""` parsing failed"
modelset/raw-data/repo-ecore-all/data/MDDLingo/xis-bigdata/fr.inria.atlanmod.json.discoverer.zoo/fenix-test/fenix/fenix.ecore,false,false,false,"parse: failed to parse modelset/raw-data/repo-ecore-all/data/MDDLingo/xis-bigdata/fr.inria.atlanmod.json.discoverer.zoo/fenix-test/fenix/fenix.ecore: expected tag `<details` failed to parse class annotation failed to parse class `Shift` line 6, column 7 current parser state: | `<eAnnotations source=""AlsoKnownAs"">` | `        <details key=""Shift"" value=""1""/>` parsing failed"
modelset/raw-data/repo-ecore-all/data/MDDLingo/xis-bigdata/fr.inria.atlanmod.json.discoverer.zoo/fenix-test/fenix/source2/source2.ecore,true,true,true,
modelset/raw-data/repo-ecore-all/data/MDE4CPP/MDE4CPP/src/common/standardProfile/model/StandardProfile.ecore,false,false,false,"parse: failed to parse modelset/raw-data/repo-ecore-all/data/MDE4CPP/MDE4CPP/src/common/standardProfile/model/StandardProfile.ecore: unsupported `eType` path `ecore:EClass http://www.eclipse.org/uml2/5.0.0/UML#//Class` failed to parse structural features failed to parse class `Auxiliary` line 7, column 92 current parser state: | `` | `  </eClassifiers>` parsing failed"
modelset/raw-data/repo-ecore-all/data/MDE4CPP/MDE4CPP/src/examples/commonExamples/SubsetUnionExample/SubsetUnion/model/subsetUnion.ecore,false,false,false,"parse: failed to parse modelset/raw-data/repo-ecore-all/data/MDE4CPP/MDE4CPP/src/examples/commonExamples/SubsetUnionExample/SubsetUnion/model/subsetUnion.ecore: expected tag `>` failed to parse structural feature annotation failed to parse structural features failed to parse class `Container` line 12, column 35 current parser state: | `/>` | `    </eStructuralFeatures>` parsing failed"
modelset/raw-data/repo-ecore-all/data/MDE4CPP/MDE4CPP/src/examples/commonExamples/SubsetUnionExample/SubsetUnionDepth/model/subsetUnionDepth.ecore,false,false,false,"parse: failed to parse modelset/raw-data/repo-ecore-all/data/MDE4CPP/MDE4CPP/src/examples/commonExamples/SubsetUnionExample/SubsetUnionDepth/model/subsetUnionDepth.ecore: expected tag `>` failed to parse structural feature annotation failed to parse structural features failed to parse class `Container` line 12, column 35 current parser state: | `/>` | `    </eStructuralFeatures>` parsing failed"
modelset/raw-data/repo-ecore-all/data/MDE4CPP/MDE4CPP/src/examples/ecoreExamples/ecoreModelExample/model/libraryModel_ecore.ecore,false,false,false,"parse: failed to parse modelset/raw-data/repo-ecore-all/data/MDE4CPP/MDE4CPP/src/examples/ecoreExamples/ecoreModelExample/model/libraryModel_ecore.ecore: unknown builtit class URL `platform:/plugin/org.eclipse.uml2.types/model/Types.ecore#//String` failed to parse structural features failed to parse class `NamedElement` line 36, column 158 current parser state: | `` | `  </eClassifiers>` parsing failed"
modelset/raw-data/repo-ecore-all/data/MDEGroup/CITRIC/resources/demo/metamodels/KM3.ecore,true,true,true,
modelset/raw-data/repo-ecore-all/data/MDEGroup/EMFMigrate/emftext-based/emig-dsl/ocl/it.univaq.coevolution.emfmigrate/models/OCLinEmig.ecore,false,false,false,"parse: failed to parse modelset/raw-data/repo-ecore-all/data/MDEGroup/EMFMigrate/emftext-based/emig-dsl/ocl/it.univaq.coevolution.emfmigrate/models/OCLinEmig.ecore: unexpected `eClassifiers` attribute `instanceClassName` line 272, column 86 current parser state: | `/>` | `  <eClassifiers xsi:type=""ecore:EDataType"" name=""Double"" instanceClassName=""double""/>` parsing failed"
modelset/raw-data/repo-ecore-all/data/MDEGroup/EMFMigrate/emftext-based/emig2epsilon-test/useCase/ant/EcoreDiff.ecore,false,false,false,"parse: failed to parse modelset/raw-data/repo-ecore-all/data/MDEGroup/EMFMigrate/emftext-based/emig2epsilon-test/useCase/ant/EcoreDiff.ecore: unexpected `eClassifiers` attribute `instanceClassName` line 19, column 95 current parser state: | `>` | `    <eAnnotations source=""http:///org/eclipse/emf/ecore/util/ExtendedMetaData"">` parsing failed"
modelset/raw-data/repo-ecore-all/data/MDEGroup/EMFMigrate/xtext-based/it.univaq.coevolution.emfmigrate/src-gen/it/univaq/coevolution/emfmigrate/Emig.ecore,false,false,false,"parse: failed to parse modelset/raw-data/repo-ecore-all/data/MDEGroup/EMFMigrate/xtext-based/it.univaq.coevolution.emfmigrate/src-gen/it/univaq/coevolution/emfmigrate/Emig.ecore: unsupported `eType` path `ecore:EClass http://www.eclipse.org/emf/2002/Ecore#//EPackage` failed to parse structural features failed to parse class `MigrationProgram` line 39, column 111 current parser state: | `` | `    <eStructuralFeatures xsi:type=""ecore:EAttribute"" name=""delta"" eType=""ecore:EDataType http://www.eclipse.org/emf/2002/Ecore#//EString""/>` parsing failed"
modelset/raw-data/repo-ecore-all/data/MDEGroup/EMFMigrate/xtext-based/it.univaq.coevolution.emfmigrate.tests/test-data/ATL.ecore,false,false,false,"parse: failed to parse modelset/raw-data/repo-ecore-all/data/MDEGroup/EMFMigrate/xtext-based/it.univaq.coevolution.emfmigrate.tests/test-data/ATL.ecore: unexpected content at package level line 2, column 1 current parser state: | `<xmi:XMI xmi:version=""2.0""` | `    xmlns:xmi=""http://www.omg.org/XMI"" xmlns:xsi=""http://www.w3.org/2001/XMLSchema-instance""` parsing failed"
modelset/raw-data/repo-ecore-all/data/MDEGroup/EMFMigrate/xtext-based/utils/EcoreDiff2EDelta/it.univaq.coevolution.emfmigrate.utils.ECoreDiff2EDelta/metamodel/ECoreDiff.ecore,false,false,false,"parse: failed to parse modelset/raw-data/repo-ecore-all/data/MDEGroup/EMFMigrate/xtext-based/utils/EcoreDiff2EDelta/it.univaq.coevolution.emfmigrate.utils.ECoreDiff2EDelta/metamodel/ECoreDiff.ecore: unsupported `eType` path `//EString` failed to parse structural features failed to parse class `EAnnotation` line 10, column 87 current parser state: | `` | `    <eStructuralFeatures xsi:type=""ecore:EReference"" name=""details"" upperBound=""-1""` parsing failed"
modelset/raw-data/repo-ecore-all/data/MDEGroup/EMFMigrate/xtext-based/utils/EcoreDiff2EDelta/it.univaq.coevolution.emfmigrate.utils.ECoreDiff2EDelta/metamodel/families.ecore,false,false,false,"parse: failed to parse modelset/raw-data/repo-ecore-all/data/MDEGroup/EMFMigrate/xtext-based/utils/EcoreDiff2EDelta/it.univaq.coevolution.emfmigrate.utils.ECoreDiff2EDelta/metamodel/families.ecore: unexpected content at package level line 2, column 1 current parser state: | `<xmi:XMI xmi:version=""2.0""` | `    xmlns:xmi=""http://www.omg.org/XMI"" xmlns:xsi=""http://www.w3.org/2001/XMLSchema-instance""` parsing failed"
modelset/raw-data/repo-ecore-all/data/MDEGroup/MDEForge/mdeforge/githubmetamodels/RefOntoUML.ecore,false,false,false,"parse: failed to parse modelset/raw-data/repo-ecore-all/data/MDEGroup/MDEForge/mdeforge/githubmetamodels/RefOntoUML.ecore: unexpected `eClassifiers` attribute `instanceClassName` line 6, column 82 current parser state: | `>` | `    <eAnnotations source=""http://www.eclipse.org/emf/2002/GenModel"">` parsing failed"
modelset/raw-data/repo-ecore-all/data/MDEGroup/MDEForge/mdeforge/src/main/resources/utils/Metric.ecore,false,false,false,"parse: failed to parse modelset/raw-data/repo-ecore-all/data/MDEGroup/MDEForge/mdeforge/src/main/resources/utils/Metric.ecore: expected tag `>` failed to parse structural feature annotation failed to parse structural features failed to parse class `Metric` line 10, column 40 current parser state: | `/>` | `    </eStructuralFeatures>` parsing failed"
modelset/raw-data/repo-ecore-all/data/MDEGroup/MDEProfile/anatlyzer.atl.typing/model/types.ecore,false,false,false,"parse: failed to parse modelset/raw-data/repo-ecore-all/data/MDEGroup/MDEProfile/anatlyzer.atl.typing/model/types.ecore: unknown builtit class URL `http://www.eclipse.org/emf/2002/Ecore#//EJavaObject` failed to parse structural features failed to parse class `Type` line 8, column 27 current parser state: | `` | `    <eStructuralFeatures xsi:type=""ecore:EAttribute"" name=""mayBeUndefined"" lowerBound=""1""` parsing failed"
modelset/raw-data/repo-ecore-all/data/MDEGroup/MDEProfile/corpus/ListMetamodelRefactoring/ListMetamodelRefactoring/Metamodel/TypeA.ecore,true,true,true,
modelset/raw-data/repo-ecore-all/data/MDEGroup/MDEProfiler/Dataset/ATLZoo/Port/Port/Metamodel/TypeA.ecore,true,true,true,
modelset/raw-data/repo-ecore-all/data/MDEGroup/MDEProfiler/Dataset/ATLZoo/Port/Port/Metamodel/TypeB.ecore,true,true,true,
modelset/raw-data/repo-ecore-all/data/MDEGroup/MDEProfiler/Dataset/ATLZoo/QVT2ATLVM/QVT2ATLVM/Samples/Book2Publication/BOOKS.ecore,true,true,true,
modelset/raw-data/repo-ecore-all/data/MDEGroup/MDEProfiler/Dataset/ATLZoo/SideEffect/SideEffect/Metamodels/TypeA.ecore,true,true,true,
modelset/raw-data/repo-ecore-all/data/MDEGroup/MDEProfiler/Dataset/ATLZoo/SideEffect/SideEffect/Metamodels/TypeB.ecore,true,true,true,
modelset/raw-data/repo-ecore-all/data/MDEGroup/MDEProfiler/Dataset/manually-evaluated/ListMetamodelRefactoring/ListMetamodelRefactoring/Metamodel/TypeB.ecore,true,true,true,
modelset/raw-data/repo-ecore-all/data/MDEGroup/MDEProfiler/Dataset/manually-evaluated/Tree2List/Tree2List/metamodels/MMTree.ecore,true,true,true,
modelset/raw-data/repo-ecore-all/data/MDEGroup/MDEProfiler/tools/anatlyzer.atl.tests.api/tmp_/Java2KDM.effective.ecore,false,false,false,"parse: failed to parse modelset/raw-data/repo-ecore-all/data/MDEGroup/MDEProfiler/tools/anatlyzer.atl.tests.api/tmp_/Java2KDM.effective.ecore: expected tag `>` failed to parse package annotation line 3, column 30 current parser state: | `/>` | `  <eClassifiers xsi:type=""ecore:EClass"" name=""MethodRefParameter"" eSuperTypes=""//ASTNode""/>` parsing failed"
modelset/raw-data/repo-ecore-all/data/MDEGroup/MDEProfiler/tools/anatlyzer.atl.typing/model/ext.ecore,false,false,false,"parse: failed to parse modelset/raw-data/repo-ecore-all/data/MDEGroup/MDEProfiler/tools/anatlyzer.atl.typing/model/ext.ecore: unexpected package content line 7, column 3 current parser state: | `<eSubpackages name=""ATL"" nsURI=""http://anatlyzer/atlext/ATL"" nsPrefix=""atl_ext_atl"">` | `    <eClassifiers xsi:type=""ecore:EClass"" name=""LocatedElement"">` parsing failed"
modelset/raw-data/repo-ecore-all/data/MDEGroup/MDEProfiler/tools/it.univaq.MDEProfiler.graph.model/model/Graph.ecore,true,true,true,
modelset/raw-data/repo-ecore-all/data/MDEGroup/MDEProfiler/tools/it.univaq.MDEProfiler.heuristic/HSM.ecore,true,true,true,
modelset/raw-data/repo-ecore-all/data/MDEGroup/MDEProfiler/tools/totem.trm.reduce/trafo/Class.ecore,true,true,true,
modelset/raw-data/repo-ecore-all/data/MDEGroup/MDEProfiler/tools/totem.trm.reduce/transformation/metamodel/PetriNet.ecore,true,true,true,
modelset/raw-data/repo-ecore-all/data/MDEGroup/MetamodelAdaptor/Adaptor/metamodel/familyLeft1.ecore,true,true,true,
modelset/raw-data/repo-ecore-all/data/MDEGroup/MetamodelAdaptor/Adaptor/metamodel/familyLeft2.ecore,true,true,true,
modelset/raw-data/repo-ecore-all/data/MDEGroup/MetamodelAdaptor/Adaptor/metamodel/familyRight.ecore,true,true,true,
modelset/raw-data/repo-ecore-all/data/MDEGroup/QMM/tools/QualityMetamodel.engine/resources/test_cases/Families.ecore,true,true,true,
modelset/raw-data/repo-ecore-all/data/MDEGroup/QMM/validation-subjects/metamodels/BIBTEXML.ecore,false,false,false,"parse: failed to parse modelset/raw-data/repo-ecore-all/data/MDEGroup/QMM/validation-subjects/metamodels/BIBTEXML.ecore: unknown builtit class URL `http://www.eclipse.org/emf/2003/XMLType#//String` failed to parse structural features failed to parse class `ArticleType` line 15, column 82 current parser state: | `` | `      <eAnnotations source=""http://www.eclipse.org/emf/2002/GenModel"">` parsing failed"
modelset/raw-data/repo-ecore-all/data/MDEGroup/QMM/validation-subjects/metamodels/CloudML.ecore,false,false,false,"parse: failed to parse modelset/raw-data/repo-ecore-all/data/MDEGroup/QMM/validation-subjects/metamodels/CloudML.ecore: unexpected package content line 4, column 3 current parser state: | `<eSubpackages name=""core"" nsURI=""http://cloudml.net/core"" nsPrefix=""net.cloudml.core"">` | `    <eClassifiers xsi:type=""ecore:EClass"" name=""CloudMLElement"" abstract=""true"" interface=""true""/>` parsing failed"
modelset/raw-data/repo-ecore-all/data/MDEGroup/QMM/validation-subjects/metamodels/Demo1.ecore,false,false,false,"parse: failed to parse modelset/raw-data/repo-ecore-all/data/MDEGroup/QMM/validation-subjects/metamodels/Demo1.ecore: unsupported `eType` path `ecore:EClass http://www.eclipse.org/emf/2002/Ecore#//EObject` failed to parse structural features failed to parse class `Rule` line 18, column 29 current parser state: | `` | `  </eClassifiers>` parsing failed"
modelset/raw-data/repo-ecore-all/data/MDEGroup/QMM/validation-subjects/metamodels/Dot.ecore,true,true,true,
modelset/raw-data/repo-ecore-all/data/MDEGroup/QMM/validation-subjects/metamodels/Employee.ecore,false,false,false,"parse: failed to parse modelset/raw-data/repo-ecore-all/data/MDEGroup/QMM/validation-subjects/metamodels/Employee.ecore: unexpected operation attribute `ordered` failed to parse class operation failed to parse class `Employee` line 44, column 51 current parser state: | ` upperBound=""-1"" eType=""#//Employee"">` | `      <eAnnotations source=""http://www.eclipse.org/ocl/examples/OCL"">` parsing failed"
modelset/raw-data/repo-ecore-all/data/MDEGroup/QMM/validation-subjects/metamodels/Freemind.ecore,false,false,false,"parse: failed to parse modelset/raw-data/repo-ecore-all/data/MDEGroup/QMM/validation-subjects/metamodels/Freemind.ecore: unknown builtit class URL `http://www.eclipse.org/emf/2003/XMLType#//String` failed to parse structural features failed to parse class `ArrowlinkType` line 14, column 140 current parser state: | `` | `      <eAnnotations source=""http:///org/eclipse/emf/ecore/util/ExtendedMetaData"">` parsing failed"
modelset/raw-data/repo-ecore-all/data/MDEGroup/QMM/validation-subjects/metamodels/GraphEditor.ecore,false,false,false,"parse: failed to parse modelset/raw-data/repo-ecore-all/data/MDEGroup/QMM/validation-subjects/metamodels/GraphEditor.ecore: unexpected `eClassifiers` attribute `instanceClassName` line 66, column 87 current parser state: | `/>` | `</ecore:EPackage>` parsing failed"
modelset/raw-data/repo-ecore-all/data/MDEGroup/QMM/validation-subjects/metamodels/HSM.ecore,false,false,false,"parse: failed to parse modelset/raw-data/repo-ecore-all/data/MDEGroup/QMM/validation-subjects/metamodels/HSM.ecore: unexpected package attribute `xmi:id` expected one of `name` `nsURI` `nsPrefix` `xmi:version` `xmlns:xmi` `xmlns:xsi` `xmlns:ecore` line 3, column 70 current parser state: | `name=""HSM"" nsURI=""HSM"" nsPrefix=""hsm"">` | `  <eClassifiers xsi:type=""ecore:EClass"" name=""StateMachine"">` parsing failed"
modelset/raw-data/repo-ecore-all/data/MDEGroup/QMM/validation-subjects/metamodels/IOI.ecore,true,true,true,
modelset/raw-data/repo-ecore-all/data/MDEGroup/QMM/validation-subjects/metamodels/JKind.ecore,false,false,false,"parse: failed to parse modelset/raw-data/repo-ecore-all/data/MDEGroup/QMM/validation-subjects/metamodels/JKind.ecore: unknown builtit class URL `http://www.eclipse.org/emf/2002/Ecore#//EBigInteger` failed to parse structural features failed to parse class `SubrangeType` line 74, column 142 current parser state: | `` | `    <eStructuralFeatures xsi:type=""ecore:EAttribute"" name=""high"" eType=""ecore:EDataType http://www.eclipse.org/emf/2002/Ecore#//EBigInteger""/>` parsing failed"
modelset/raw-data/repo-ecore-all/data/MDEGroup/QMM/validation-subjects/metamodels/People1.ecore,true,true,true,
modelset/raw-data/repo-ecore-all/data/MDEGroup/QMM/validation-subjects/metamodels/Room.ecore,true,true,true,
modelset/raw-data/repo-ecore-all/data/MDEGroup/QMM/validation-subjects/metamodels/TreeMapViewer.ecore,true,true,true,
modelset/raw-data/repo-ecore-all/data/MDEGroup/QMM/validation-subjects/metamodels/WebApp.ecore,true,true,true,
modelset/raw-data/repo-ecore-all/data/MDEGroup/QMM/validation-subjects/metamodels/Worthwhile.ecore,false,false,false,"parse: failed to parse modelset/raw-data/repo-ecore-all/data/MDEGroup/QMM/validation-subjects/metamodels/Worthwhile.ecore: unexpected package content line 6, column 3 current parser state: | `<eSubpackages name=""kit"" nsURI=""http://kit.edu"" nsPrefix=""edu.kit"">` | `    <eSubpackages name=""iti"" nsURI=""http://iti.kit.edu"" nsPrefix=""edu.kit.iti"">` parsing failed"
modelset/raw-data/repo-ecore-all/data/MDEGroup/QMM/validation-subjects/metamodels/ZestGraph.ecore,true,true,true,
modelset/raw-data/repo-ecore-all/data/MDEGroup/QMM/validation-subjects/metamodels/application.ecore,false,false,false,"parse: failed to parse modelset/raw-data/repo-ecore-all/data/MDEGroup/QMM/validation-subjects/metamodels/application.ecore: unknown builtit class URL `http://www.eclipse.org/emf/2002/Ecore#//EIntegerObject` failed to parse class operation failed to parse class `Source` line 6, column 125 current parser state: | `` | `    <eOperations name=""start""/>` parsing failed"
modelset/raw-data/repo-ecore-all/data/MDEGroup/QMM/validation-subjects/metamodels/archimate.ecore,false,false,false,"parse: failed to parse modelset/raw-data/repo-ecore-all/data/MDEGroup/QMM/validation-subjects/metamodels/archimate.ecore: unexpected `eClassifiers` attribute `instanceClassName` line 6, column 88 current parser state: | `` | `      serializable=""false""/>` parsing failed"
modelset/raw-data/repo-ecore-all/data/MDEGroup/QMM/validation-subjects/metamodels/arduino.ecore,false,false,false,"parse: failed to parse modelset/raw-data/repo-ecore-all/data/MDEGroup/QMM/validation-subjects/metamodels/arduino.ecore: unsupported `eType` path `ecore:EClass http://www.eclipse.org/emf/2002/Ecore#//EObject` failed to parse structural features failed to parse class `Precondition1` line 80, column 29 current parser state: | `` | `  </eClassifiers>` parsing failed"
modelset/raw-data/repo-ecore-all/data/MDEGroup/QMM/validation-subjects/metamodels/backbone.ecore,true,true,true,
modelset/raw-data/repo-ecore-all/data/MDEGroup/QMM/validation-subjects/metamodels/c_sharp.ecore,false,false,false,"parse: failed to parse modelset/raw-data/repo-ecore-all/data/MDEGroup/QMM/validation-subjects/metamodels/c_sharp.ecore: unexpected package content line 6, column 3 current parser state: | `<eSubpackages name=""common"" nsURI=""http://www.emftext.org/c_sharp/common"" nsPrefix=""common"">` | `    <eClassifiers xsi:type=""ecore:EClass"" name=""NamedElement"" abstract=""true"">` parsing failed"
modelset/raw-data/repo-ecore-all/data/MDEGroup/QMM/validation-subjects/metamodels/class_diagramm.ecore,true,true,true,
modelset/raw-data/repo-ecore-all/data/MDEGroup/QMM/validation-subjects/metamodels/contentfwk.ecore,false,false,false,"parse: failed to parse modelset/raw-data/repo-ecore-all/data/MDEGroup/QMM/validation-subjects/metamodels/contentfwk.ecore: unsupported `eType` path `ecore:EClass http://www.eclipse.org/emf/2002/Ecore#//EObject` failed to parse structural features failed to parse class `EnterpriseArchitecture` line 16, column 29 current parser state: | `` | `  </eClassifiers>` parsing failed"
modelset/raw-data/repo-ecore-all/data/MDEGroup/QMM/validation-subjects/metamodels/di.ecore,false,false,false,"parse: failed to parse modelset/raw-data/repo-ecore-all/data/MDEGroup/QMM/validation-subjects/metamodels/di.ecore: unknown builtit class URL `platform:/plugin/org.eclipse.emf.ecore/model/Ecore.ecore#//EInt` failed to parse structural features failed to parse class `Shape` line 11, column 152 current parser state: | `` | `    <eStructuralFeatures xsi:type=""ecore:EAttribute"" name=""y"" eType=""ecore:EDataType platform:/plugin/org.eclipse.emf.ecore/model/Ecore.ecore#//EInt""/>` parsing failed"
modelset/raw-data/repo-ecore-all/data/MDEGroup/QMM/validation-subjects/metamodels/dtmc.ecore,true,true,true,
modelset/raw-data/repo-ecore-all/data/MDEGroup/QMM/validation-subjects/metamodels/emf.uuid.library.example.ecore,true,true,true,
modelset/raw-data/repo-ecore-all/data/MDEGroup/QMM/validation-subjects/metamodels/expressions.ecore,false,false,false,"parse: failed to parse modelset/raw-data/repo-ecore-all/data/MDEGroup/QMM/validation-subjects/metamodels/expressions.ecore: unsupported `eType` path `idl.ecore#//FileRegion` line 6, column 113 current parser state: | `` | `  <eClassifiers xsi:type=""ecore:EClass"" name=""ConstExpression"" eSuperTypes=""#//Expression"">` parsing failed"
modelset/raw-data/repo-ecore-all/data/MDEGroup/QMM/validation-subjects/metamodels/family.ecore,false,false,false,"parse: failed to parse modelset/raw-data/repo-ecore-all/data/MDEGroup/QMM/validation-subjects/metamodels/family.ecore: expected tag `>` failed to parse package annotation line 4, column 38 current parser state: | `/>` | `  <eClassifiers xsi:type=""ecore:EClass"" name=""person"">` parsing failed"
modelset/raw-data/repo-ecore-all/data/MDEGroup/QMM/validation-subjects/metamodels/featureDiagram.ecore,false,false,false,"parse: failed to parse modelset/raw-data/repo-ecore-all/data/MDEGroup/QMM/validation-subjects/metamodels/featureDiagram.ecore: expected tag `>` failed to parse package annotation line 19, column 43 current parser state: | `/>` | `  <eClassifiers xsi:type=""ecore:EClass"" name=""FeatureDiagram"" eSuperTypes=""#//FeatureElement"">` parsing failed"
modelset/raw-data/repo-ecore-all/data/MDEGroup/QMM/validation-subjects/metamodels/feature_old.ecore,true,true,true,
modelset/raw-data/repo-ecore-all/data/MDEGroup/QMM/validation-subjects/metamodels/fsm.ecore,true,true,true,
modelset/raw-data/repo-ecore-all/data/MDEGroup/QMM/validation-subjects/metamodels/gmfgraph.ecore,true,true,true,
modelset/raw-data/repo-ecore-all/data/MDEGroup/QMM/validation-subjects/metamodels/gmfgraph_1.30.ecore,true,true,true,
modelset/raw-data/repo-ecore-all/data/MDEGroup/QMM/validation-subjects/metamodels/graph.ecore,false,false,false,"parse: failed to parse modelset/raw-data/repo-ecore-all/data/MDEGroup/QMM/validation-subjects/metamodels/graph.ecore: unexpected `eClassifiers` attribute `instanceClassName` line 13, column 107 current parser state: | `/>` | `  <eClassifiers xsi:type=""ecore:EClass"" name=""ColorRegistry"">` parsing failed"
modelset/raw-data/repo-ecore-all/data/MDEGroup/QMM/validation-subjects/metamodels/inputMetamodel.ecore,true,true,true,
modelset/raw-data/repo-ecore-all/data/MDEGroup/QMM/validation-subjects/metamodels/library_eve.ecore,false,false,false,"parse: failed to parse modelset/raw-data/repo-ecore-all/data/MDEGroup/QMM/validation-subjects/metamodels/library_eve.ecore: unexpected package content line 24, column 3 current parser state: | `<eSubpackages name=""borrowables"" nsURI=""borrowables"" nsPrefix=""borrowables"">` | `    <eClassifiers xsi:type=""ecore:EClass"" name=""CD"" eSuperTypes=""#//Borrowable""/>` parsing failed"
modelset/raw-data/repo-ecore-all/data/MDEGroup/QMM/validation-subjects/metamodels/library_karl.ecore,false,false,false,"parse: failed to parse modelset/raw-data/repo-ecore-all/data/MDEGroup/QMM/validation-subjects/metamodels/library_karl.ecore: unexpected package content line 39, column 3 current parser state: | `<eSubpackages name=""borrowables"" nsURI=""borrowables"" nsPrefix=""borrowables""/>` | `</ecore:EPackage>` parsing failed"
modelset/raw-data/repo-ecore-all/data/MDEGroup/QMM/validation-subjects/metamodels/mm-db.fel.ecore,false,false,false,"parse: failed to parse modelset/raw-data/repo-ecore-all/data/MDEGroup/QMM/validation-subjects/metamodels/mm-db.fel.ecore: unexpected package content line 6, column 3 current parser state: | `<eSubpackages name=""rdb"" nsURI=""http://www.collectionspro.eu/jam/mm/rdb"" nsPrefix=""mmrdb"">` | `    <eClassifiers xsi:type=""ecore:EClass"" name=""ModelRoot"">` parsing failed"
