name,parse,generate,compile,error
modelset/raw-data/repo-ecore-all/data/MDEGroup/QMM/validation-subjects/metamodels/petri.ecore,true,true,true,
modelset/raw-data/repo-ecore-all/data/MDEGroup/QMM/validation-subjects/metamodels/ptnetLoLA.ecore,true,true,true,
modelset/raw-data/repo-ecore-all/data/MDEGroup/QMM/validation-subjects/metamodels/rif11a.ecore,false,false,false,"parse: failed to parse modelset/raw-data/repo-ecore-all/data/MDEGroup/QMM/validation-subjects/metamodels/rif11a.ecore: unexpected package content line 6, column 3 current parser state: | `<eSubpackages name=""rif"" nsURI=""http://automotive-his.de/200706/rif/rif"" nsPrefix=""rif"">` | `    <eSubpackages name=""ExchangeFile"" nsURI=""http://automotive-his.de/200706/rif/rif/ef""` parsing failed"
modelset/raw-data/repo-ecore-all/data/MDEGroup/QMM/validation-subjects/metamodels/rif12.ecore,false,false,false,"parse: failed to parse modelset/raw-data/repo-ecore-all/data/MDEGroup/QMM/validation-subjects/metamodels/rif12.ecore: unexpected package content line 6, column 3 current parser state: | `<eSubpackages name=""ExchangeFile"" nsURI=""http://automotive-his.de/200807/rif/ef""` | `      nsPrefix=""rif"">` parsing failed"
modelset/raw-data/repo-ecore-all/data/MDEGroup/QMM/validation-subjects/metamodels/src.ecore,true,true,true,
modelset/raw-data/repo-ecore-all/data/MDEGroup/QMM/validation-subjects/metamodels/timedAutomata.ecore,false,false,false,"parse: failed to parse modelset/raw-data/repo-ecore-all/data/MDEGroup/QMM/validation-subjects/metamodels/timedAutomata.ecore: unexpected package content line 6, column 3 current parser state: | `<eSubpackages name=""base"" nsURI=""http://www.emftext.org/language/timedAutomata/base""` | `      nsPrefix=""base"">` parsing failed"
modelset/raw-data/repo-ecore-all/data/MDEGroup/QMM/validation-subjects/metamodels/typeslibrary.ecore,true,true,true,
modelset/raw-data/repo-ecore-all/data/MDEGroup/QMM/validation-subjects/metamodels/uma.ecore,false,false,false,"parse: failed to parse modelset/raw-data/repo-ecore-all/data/MDEGroup/QMM/validation-subjects/metamodels/uma.ecore: unknown builtit class URL `http://www.eclipse.org/emf/2003/XMLType#//String` failed to parse structural features failed to parse class `ActivityDescription` line 14, column 147 current parser state: | `` | `      <eAnnotations source=""http://www.eclipse.org/emf/2002/GenModel"">` parsing failed"
modelset/raw-data/repo-ecore-all/data/MDEGroup/QMM-COMLAN-data/quality-models/qualityMetamodel.ecore,false,false,false,"parse: failed to parse modelset/raw-data/repo-ecore-all/data/MDEGroup/QMM-COMLAN-data/quality-models/qualityMetamodel.ecore: unknown builtit class URL `http://www.eclipse.org/emf/2002/Ecore#//EIntegerObject` failed to parse structural features failed to parse class `RangeValueType` line 56, column 145 current parser state: | `` | `    <eStructuralFeatures xsi:type=""ecore:EAttribute"" name=""max"" eType=""ecore:EDataType http://www.eclipse.org/emf/2002/Ecore#//EIntegerObject""/>` parsing failed"
modelset/raw-data/repo-ecore-all/data/MDEGroup/QMM-COMLAN-data/tools/QualityMetamodel/model/qualityMetamodel.ecore,false,false,false,"parse: failed to parse modelset/raw-data/repo-ecore-all/data/MDEGroup/QMM-COMLAN-data/tools/QualityMetamodel/model/qualityMetamodel.ecore: unknown builtit class URL `http://www.eclipse.org/emf/2002/Ecore#//EIntegerObject` failed to parse structural features failed to parse class `RangeValueType` line 54, column 145 current parser state: | `` | `    <eStructuralFeatures xsi:type=""ecore:EAttribute"" name=""max"" eType=""ecore:EDataType http://www.eclipse.org/emf/2002/Ecore#//EIntegerObject""/>` parsing failed"
modelset/raw-data/repo-ecore-all/data/MDEGroup/QMM-COMLAN-data/validation-subjects/metamodels/Alf.ecore,true,false,false,"generate: timeout after 120s: /arachne/target/debug/arachne generate modelset/raw-data/repo-ecore-all/data/MDEGroup/QMM-COMLAN-data/validation-subjects/metamodels/Alf.ecore -o /var/folders/24/3kt9vzrj6qzd_r760kn9ybsm0000gn/T/arachne-modelset-wtmcu15i/generated-00011 -p modelset-00011-3e1c0b01 [INFO  arachne] Starting code generation [INFO  arachne_codegen] Validating configuration [INFO  arachne_codegen] Parsing ecore metamodel: ""modelset/raw-data/repo-ecore-all/data/MDEGroup/QMM-COMLAN-data/validation-subjects/metamodels/Alf.ecore"" [WARN  ecore_rs::parser::raw] XML-level class literal redefinition for `literal` from `1` to `false` [WARN  ecore_rs::parser::raw] XML-level class literal redefinition for `literal` from `1` to `destroyLink` [WARN  ecore_rs::parser::raw] XML-level class literal redefinition for `literal` from `2` to `clearAssoc` [WARN  ecore_rs::parser::raw] XML-level class literal redefinition for `literal` from `1` to `reject` [WARN  ecore_rs::parser::raw] XML-level class literal redefinition for `literal` from `1` to `iterate` [WARN  ecore_rs::parser::raw] XML-level class literal redefinition for `literal` from `1` to `exists` [WARN  ecore_rs::parser::raw] XML-level class literal redefinition for `literal` from `2` to `one` [WARN  ecore_rs::parser::raw] XML-level class literal redefinition for `literal` from `1` to `determined` [WARN  ecore_rs::parser::raw] XML-level class literal redefinition for `literal` from `2` to `assured` [WARN  ecore_rs::parser::raw] XML-level class literal redefinition for `literal` from `3` to `parallel` [WARN  ecore_rs::parser::raw] XML-level class literal redefinition for `literal` from `1` to `+=` [WARN  ecore_rs::parser::raw] XML-level class literal redefinition for `literal` from `2` to `-=` [WARN  ecore_rs::parser::raw] XML-level class literal redefinition for `literal` from `3` to `*=` [WARN  ecore_rs::parser::raw] XML-level class literal redefinition for `literal` from `4` to `%=` [WARN  ecore_rs::parser::raw] XML-level class literal redefinition for `literal` from `5` to `/=` [WARN  ecore_rs::parser::raw] XML-level class literal redefinition for `literal` from `6` to `&amp;=` [WARN  ecore_rs::parser::raw] XML-level class literal redefinition for `literal` from `7` to `|=` [WARN  ecore_rs::parser::raw] XML-level class literal redefinition for `literal` from `8` to `^=` [WARN  ecore_rs::parser::raw] XML-level class literal redefinition for `literal` from `9` to `&lt;&lt;=` [WARN  ecore_rs::parser::raw] XML-level class literal redefinition for `literal` from `10` to `>>=` [WARN  ecore_rs::parser::raw] XML-level class literal redefinition for `literal` from `11` to `>>>=` [INFO  arachne_codegen] Generating Rust tokens"
modelset/raw-data/repo-ecore-all/data/MDEGroup/QMM-COMLAN-data/validation-subjects/metamodels/Altarica.ecore,false,false,false,"parse: failed to parse modelset/raw-data/repo-ecore-all/data/MDEGroup/QMM-COMLAN-data/validation-subjects/metamodels/Altarica.ecore: unsupported `eType` path `ecore:EClass http://www.eclipse.org/emf/2002/Ecore#//EObject` failed to parse structural features failed to parse class `IfThenElse` line 201, column 29 current parser state: | `` | `    <eStructuralFeatures xsi:type=""ecore:EReference"" name=""else"" eType=""ecore:EClass http://www.eclipse.org/emf/2002/Ecore#//EObject""` parsing failed"
modelset/raw-data/repo-ecore-all/data/MDEGroup/QMM-COMLAN-data/validation-subjects/metamodels/ClassMM.ecore,false,false,false,"parse: failed to parse modelset/raw-data/repo-ecore-all/data/MDEGroup/QMM-COMLAN-data/validation-subjects/metamodels/ClassMM.ecore: unexpected `eClassifiers` attribute `instanceClassName` line 33, column 94 current parser state: | `/>` | `  <eClassifiers xsi:type=""ecore:EDataType"" name=""Boolean"" instanceClassName=""java.lang.Boolean""/>` parsing failed"
modelset/raw-data/repo-ecore-all/data/MDEGroup/QMM-COMLAN-data/validation-subjects/metamodels/Company.ecore,false,false,false,"parse: failed to parse modelset/raw-data/repo-ecore-all/data/MDEGroup/QMM-COMLAN-data/validation-subjects/metamodels/Company.ecore: unknown builtit class URL `http://www.eclipse.org/emf/2002/Ecore#//EDate` failed to parse structural features failed to parse class `PurchaseOrder` line 51, column 137 current parser state: | `` | `    <eStructuralFeatures xsi:type=""ecore:EReference"" name=""supplier"" lowerBound=""1""` parsing failed"
modelset/raw-data/repo-ecore-all/data/MDEGroup/QMM-COMLAN-data/validation-subjects/metamodels/DSML.ecore,false,false,false,"parse: failed to parse modelset/raw-data/repo-ecore-all/data/MDEGroup/QMM-COMLAN-data/validation-subjects/metamodels/DSML.ecore: unexpected package content line 4, column 3 current parser state: | `<eSubpackages name=""web"" nsURI=""dsml.web"" nsPrefix=""dsml"">` | `    <eClassifiers xsi:type=""ecore:EClass"" name=""Website"">` parsing failed"
modelset/raw-data/repo-ecore-all/data/MDEGroup/QMM-COMLAN-data/validation-subjects/metamodels/DeviceModelingLanguage.ecore,true,true,true,
modelset/raw-data/repo-ecore-all/data/MDEGroup/QMM-COMLAN-data/validation-subjects/metamodels/DocBook.ecore,false,false,false,"parse: failed to parse modelset/raw-data/repo-ecore-all/data/MDEGroup/QMM-COMLAN-data/validation-subjects/metamodels/DocBook.ecore: unknown builtit class URL `http://www.eclipse.org/emf/2003/XMLType#//NCName` failed to parse structural features failed to parse class `AddressType` line 28, column 155 current parser state: | `` | `      <eAnnotations source=""http:///org/eclipse/emf/ecore/util/ExtendedMetaData"">` parsing failed"
modelset/raw-data/repo-ecore-all/data/MDEGroup/QMM-COMLAN-data/validation-subjects/metamodels/GWPNV1.ecore,true,true,true,
modelset/raw-data/repo-ecore-all/data/MDEGroup/QMM-COMLAN-data/validation-subjects/metamodels/GWPNV3.ecore,true,true,true,
modelset/raw-data/repo-ecore-all/data/MDEGroup/QMM-COMLAN-data/validation-subjects/metamodels/Hello.ecore,true,true,true,
modelset/raw-data/repo-ecore-all/data/MDEGroup/QMM-COMLAN-data/validation-subjects/metamodels/JDTAST.ecore,false,false,false,"parse: failed to parse modelset/raw-data/repo-ecore-all/data/MDEGroup/QMM-COMLAN-data/validation-subjects/metamodels/JDTAST.ecore: unexpected content at package level line 2, column 1 current parser state: | `<xmi:XMI xmi:version=""2.0"" xmlns:xmi=""http://www.omg.org/XMI"" xmlns:xsi=""http://www.w3.org/2001/XMLSchema-instance""` | `    xmlns:ecore=""http://www.eclipse.org/emf/2002/Ecore"">` parsing failed"
modelset/raw-data/repo-ecore-all/data/MDEGroup/QMM-COMLAN-data/validation-subjects/metamodels/MGraph.ecore,true,true,true,
modelset/raw-data/repo-ecore-all/data/MDEGroup/QMM-COMLAN-data/validation-subjects/metamodels/SemanticDB.ecore,true,false,false,"generate: [INFO  arachne] Starting code generation [INFO  arachne_codegen] Validating configuration [INFO  arachne_codegen] Parsing ecore metamodel: ""modelset/raw-data/repo-ecore-all/data/MDEGroup/QMM-COMLAN-data/validation-subjects/metamodels/SemanticDB.ecore"" [WARN  ecore_rs::parser::raw] `eOpposite` attributes are currently not supported, ignoring [WARN  ecore_rs::parser::raw] `eOpposite` attributes are currently not supported, ignoring [WARN  ecore_rs::parser::raw] `eOpposite` attributes are currently not supported, ignoring [WARN  ecore_rs::parser::raw] `eOpposite` attributes are currently not supported, ignoring [INFO  arachne_codegen] Generating Rust tokens [INFO  arachne_codegen] Generating classifiers...  thread 'main' (3115275) panicked at arachne-codegen/src/codegen/feature/attribute.rs:65:37: Failed to parse type: PersistentProperties note: run with `RUST_BACKTRACE=1` environment variable to display a backtrace"
modelset/raw-data/repo-ecore-all/data/MDEGroup/QMM-COMLAN-data/validation-subjects/metamodels/StateMachine_mk2.ecore,true,true,true,
modelset/raw-data/repo-ecore-all/data/MDEGroup/QMM-COMLAN-data/validation-subjects/metamodels/Webshop_Builder_3k_Model.ecore,true,true,true,
modelset/raw-data/repo-ecore-all/data/MDEGroup/QMM-COMLAN-data/validation-subjects/metamodels/XMLType.ecore,false,false,false,"parse: failed to parse modelset/raw-data/repo-ecore-all/data/MDEGroup/QMM-COMLAN-data/validation-subjects/metamodels/XMLType.ecore: unexpected `eClassifiers` attribute `instanceClassName` line 6, column 101 current parser state: | `>` | `    <eAnnotations source=""http:///org/eclipse/emf/ecore/util/ExtendedMetaData"">` parsing failed"
modelset/raw-data/repo-ecore-all/data/MDEGroup/QMM-COMLAN-data/validation-subjects/metamodels/archi.ecore,false,false,false,"parse: failed to parse modelset/raw-data/repo-ecore-all/data/MDEGroup/QMM-COMLAN-data/validation-subjects/metamodels/archi.ecore: unexpected package content line 57, column 3 current parser state: | `<eSubpackages name=""extension"" nsURI=""http://www.tocea.com/codewatch/architecture/extension""` | `      nsPrefix=""extension"">` parsing failed"
modelset/raw-data/repo-ecore-all/data/MDEGroup/QMM-COMLAN-data/validation-subjects/metamodels/bootstrap.ecore,true,true,true,
modelset/raw-data/repo-ecore-all/data/MDEGroup/QMM-COMLAN-data/validation-subjects/metamodels/decobat.ecore,false,false,false,"parse: failed to parse modelset/raw-data/repo-ecore-all/data/MDEGroup/QMM-COMLAN-data/validation-subjects/metamodels/decobat.ecore: unknown builtit class URL `http://www.eclipse.org/emf/2002/Ecore#//EDate` failed to parse structural features failed to parse class `Project` line 8, column 140 current parser state: | `` | `    <eStructuralFeatures xsi:type=""ecore:EAttribute"" name=""closed"" eType=""ecore:EDataType http://www.eclipse.org/emf/2002/Ecore#//EDate""/>` parsing failed"
modelset/raw-data/repo-ecore-all/data/MDEGroup/QMM-COMLAN-data/validation-subjects/metamodels/doc.ecore,false,false,false,"parse: failed to parse modelset/raw-data/repo-ecore-all/data/MDEGroup/QMM-COMLAN-data/validation-subjects/metamodels/doc.ecore: unexpected package content line 10, column 3 current parser state: | `<eSubpackages name=""map"" nsURI=""urn:openscada:doc:map"" nsPrefix=""map"">` | `    <eClassifiers xsi:type=""ecore:EClass"" name=""Map"" eSuperTypes=""#//map/MapContainer"">` parsing failed"
modelset/raw-data/repo-ecore-all/data/MDEGroup/QMM-COMLAN-data/validation-subjects/metamodels/e2.ecore,false,false,false,"parse: failed to parse modelset/raw-data/repo-ecore-all/data/MDEGroup/QMM-COMLAN-data/validation-subjects/metamodels/e2.ecore: unknown builtit class URL `http://www.eclipse.org/emf/2002/Ecore#//EDate` failed to parse structural features failed to parse class `Lecture` line 8, column 152 current parser state: | `` | `    <eStructuralFeatures xsi:type=""ecore:EReference"" name=""Content"" lowerBound=""1""` parsing failed"
modelset/raw-data/repo-ecore-all/data/MDEGroup/QMM-COMLAN-data/validation-subjects/metamodels/etunit.ecore,false,false,false,"parse: failed to parse modelset/raw-data/repo-ecore-all/data/MDEGroup/QMM-COMLAN-data/validation-subjects/metamodels/etunit.ecore: unknown builtit class URL `http://www.eclipse.org/emf/2002/Ecore#//EFeatureMapEntry` failed to parse structural features failed to parse class `DocumentRoot` line 19, column 90 current parser state: | `` | `      <eAnnotations source=""http:///org/eclipse/emf/ecore/util/ExtendedMetaData"">` parsing failed"
modelset/raw-data/repo-ecore-all/data/MDEGroup/QMM-COMLAN-data/validation-subjects/metamodels/fUML.ecore,false,false,false,"parse: failed to parse modelset/raw-data/repo-ecore-all/data/MDEGroup/QMM-COMLAN-data/validation-subjects/metamodels/fUML.ecore: unexpected package content line 4, column 3 current parser state: | `<eSubpackages name=""Syntax"" nsURI=""http://www.modelexecution.org/fuml/syntax"" nsPrefix=""fUML.Syntax"">` | `    <eSubpackages name=""CommonBehaviors"" nsURI=""http://www.modelexecution.org/fuml/syntax/commonbehaviors""` parsing failed"
modelset/raw-data/repo-ecore-all/data/MDEGroup/QMM-COMLAN-data/validation-subjects/metamodels/fl.ecore,false,false,false,"parse: failed to parse modelset/raw-data/repo-ecore-all/data/MDEGroup/QMM-COMLAN-data/validation-subjects/metamodels/fl.ecore: unknown builtit class URL `http://www.eclipse.org/emf/2003/XMLType#//String` failed to parse structural features failed to parse class `Apply` line 14, column 154 current parser state: | `` | `      <eAnnotations source=""http:///org/eclipse/emf/ecore/util/ExtendedMetaData"">` parsing failed"
modelset/raw-data/repo-ecore-all/data/MDEGroup/QMM-COMLAN-data/validation-subjects/metamodels/frontend.core.ecore,false,false,false,"parse: failed to parse modelset/raw-data/repo-ecore-all/data/MDEGroup/QMM-COMLAN-data/validation-subjects/metamodels/frontend.core.ecore: unknown builtit class URL `http://www.eclipse.org/emf/2002/Ecore#//EIntegerObject` failed to parse structural features failed to parse class `PotencyAnnotation` line 39, column 162 current parser state: | `` | `  </eClassifiers>` parsing failed"
modelset/raw-data/repo-ecore-all/data/MDEGroup/QMM-COMLAN-data/validation-subjects/metamodels/hExample_4_RHS.ecore,true,true,true,
modelset/raw-data/repo-ecore-all/data/MDEGroup/QMM-COMLAN-data/validation-subjects/metamodels/henshin.ecore,false,false,false,"parse: failed to parse modelset/raw-data/repo-ecore-all/data/MDEGroup/QMM-COMLAN-data/validation-subjects/metamodels/henshin.ecore: unsupported `eType` path `ecore:EClass http://www.eclipse.org/emf/2002/Ecore#//EPackage` failed to parse structural features failed to parse class `TransformationSystem` line 35, column 80 current parser state: | `` | `    <eStructuralFeatures xsi:type=""ecore:EReference"" name=""transformationUnits"" upperBound=""-1""` parsing failed"
modelset/raw-data/repo-ecore-all/data/MDEGroup/QMM-COMLAN-data/validation-subjects/metamodels/jpdl32.ecore,false,false,false,"parse: failed to parse modelset/raw-data/repo-ecore-all/data/MDEGroup/QMM-COMLAN-data/validation-subjects/metamodels/jpdl32.ecore: unknown builtit class URL `http://www.eclipse.org/emf/2002/Ecore#//EFeatureMapEntry` failed to parse structural features failed to parse class `ActionType` line 15, column 90 current parser state: | `` | `      <eAnnotations source=""http:///org/eclipse/emf/ecore/util/ExtendedMetaData"">` parsing failed"
modelset/raw-data/repo-ecore-all/data/MDEGroup/QMM-COMLAN-data/validation-subjects/metamodels/martinfowlerdsl.ecore,true,true,true,
modelset/raw-data/repo-ecore-all/data/MDEGroup/QMM-COMLAN-data/validation-subjects/metamodels/petrinet_extendable.ecore,true,true,true,
modelset/raw-data/repo-ecore-all/data/MDEGroup/QMM-COMLAN-data/validation-subjects/metamodels/release1.ecore,true,true,true,
modelset/raw-data/repo-ecore-all/data/MDEGroup/QMM-COMLAN-data/validation-subjects/metamodels/rhs.ecore,false,false,false,"parse: failed to parse modelset/raw-data/repo-ecore-all/data/MDEGroup/QMM-COMLAN-data/validation-subjects/metamodels/rhs.ecore: unexpected package attribute `xmi:id` expected one of `name` `nsURI` `nsPrefix` `xmi:version` `xmlns:xmi` `xmlns:xsi` `xmlns:ecore` line 5, column 5 current parser state: | `name=""rhs"" nsURI=""http://rhs"" nsPrefix=""rhs"">` | `  <eClassifiers xsi:type=""ecore:EClass"" xmi:id=""_FdJqMAUuEd-X4OyfLBk2rg"" name=""C1"">` parsing failed"
modelset/raw-data/repo-ecore-all/data/MDEGroup/QMM-COMLAN-data/validation-subjects/metamodels/school.ecore,true,true,true,
modelset/raw-data/repo-ecore-all/data/MDEGroup/QMM-COMLAN-data/validation-subjects/metamodels/timetrack.ecore,false,false,false,"parse: failed to parse modelset/raw-data/repo-ecore-all/data/MDEGroup/QMM-COMLAN-data/validation-subjects/metamodels/timetrack.ecore: unknown builtit class URL `http://www.eclipse.org/emf/2002/Ecore#//EDate` failed to parse structural features failed to parse class `TimeEntry` line 22, column 151 current parser state: | `` | `    <eStructuralFeatures xsi:type=""ecore:EAttribute"" name=""from"" unique=""false"" eType=""ecore:EDataType http://www.eclipse.org/emf/2002/Ecore#//EDate""/>` parsing failed"
modelset/raw-data/repo-ecore-all/data/MDEGroup/QMM-COMLAN-data/validation-subjects/metamodels/toe.ecore,true,true,true,
modelset/raw-data/repo-ecore-all/data/MDEGroup/QMM-COMLAN-data/validation-subjects/metamodels/writers.ecore,false,false,false,"parse: failed to parse modelset/raw-data/repo-ecore-all/data/MDEGroup/QMM-COMLAN-data/validation-subjects/metamodels/writers.ecore: unsupported `eType` path `ecore:EClass books.ecore#//Book` failed to parse structural features failed to parse class `Writer` line 13, column 89 current parser state: | `` | `  </eClassifiers>` parsing failed"
modelset/raw-data/repo-ecore-all/data/MDEGroup/QMM-COMLAN-data/validation-subjects/metamodels/xhtml.ecore,false,false,false,"parse: failed to parse modelset/raw-data/repo-ecore-all/data/MDEGroup/QMM-COMLAN-data/validation-subjects/metamodels/xhtml.ecore: unknown builtit class URL `http://www.eclipse.org/emf/2003/XMLType#//NMTOKENS` failed to parse structural features failed to parse class `AbbrType` line 17, column 142 current parser state: | `` | `      <eAnnotations source=""http:///org/eclipse/emf/ecore/util/ExtendedMetaData"">` parsing failed"
modelset/raw-data/repo-ecore-all/data/MDEGroup/QMM-COMLAN-data/validation-subjects/metamodels/xwt09.ecore,false,false,false,"parse: failed to parse modelset/raw-data/repo-ecore-all/data/MDEGroup/QMM-COMLAN-data/validation-subjects/metamodels/xwt09.ecore: unknown builtit class URL `http://www.eclipse.org/emf/2003/XMLType#//Int` failed to parse structural features failed to parse class `AbstractComboBoxCellEditor` line 13, column 27 current parser state: | `` | `      <eAnnotations source=""http:///org/eclipse/emf/ecore/util/ExtendedMetaData"">` parsing failed"
modelset/raw-data/repo-ecore-all/data/MDEGroup/QualityModel/model/qualityMetamodel.ecore,false,false,false,"parse: failed to parse modelset/raw-data/repo-ecore-all/data/MDEGroup/QualityModel/model/qualityMetamodel.ecore: unknown builtit class URL `http://www.eclipse.org/emf/2002/Ecore#//EIntegerObject` failed to parse structural features failed to parse class `RangeValueType` line 54, column 145 current parser state: | `` | `    <eStructuralFeatures xsi:type=""ecore:EAttribute"" name=""max"" eType=""ecore:EDataType http://www.eclipse.org/emf/2002/Ecore#//EIntegerObject""/>` parsing failed"
modelset/raw-data/repo-ecore-all/data/MDEGroup/QualityModel/model/trash/simpleocl.ecore,false,false,false,"parse: failed to parse modelset/raw-data/repo-ecore-all/data/MDEGroup/QualityModel/model/trash/simpleocl.ecore: unexpected `eClassifiers` attribute `instanceClassName` line 377, column 86 current parser state: | `/>` | `  <eClassifiers xsi:type=""ecore:EDataType"" name=""Double"" instanceClassName=""double""/>` parsing failed"
modelset/raw-data/repo-ecore-all/data/MDEGroup/jtl-eclipse/JTL.atl/metamodels/ASPT.ecore,true,true,true,
modelset/raw-data/repo-ecore-all/data/MDEGroup/jtl-eclipse/JTL.atl/metamodels/TraceMetamodel.ecore,false,false,false,"parse: failed to parse modelset/raw-data/repo-ecore-all/data/MDEGroup/jtl-eclipse/JTL.atl/metamodels/TraceMetamodel.ecore: unsupported `eType` path `ecore:EClass http://www.eclipse.org/emf/2002/Ecore#//EObject` failed to parse structural features failed to parse class `TraceLinkEnd` line 70, column 79 current parser state: | `` | `    <eStructuralFeatures` parsing failed"
modelset/raw-data/repo-ecore-all/data/MDEGroup/jtl-eclipse/JTL.emftext.JTL/metamodel/JTL.ecore,false,false,false,"parse: failed to parse modelset/raw-data/repo-ecore-all/data/MDEGroup/jtl-eclipse/JTL.emftext.JTL/metamodel/JTL.ecore: unexpected package content line 4, column 3 current parser state: | `<eSubpackages name=""emof"" nsURI=""http:///emof.ecore"" nsPrefix=""emof"">` | `    <eClassifiers xsi:type=""ecore:EClass"" name=""Class"" eSuperTypes=""#//emof/Type"">` parsing failed"
modelset/raw-data/repo-ecore-all/data/MDSEGroup/TraceCompaction/Traceconstruction/Petrinet/petrinet.abstractsyntax/petrinet.model/model/petrinet.ecore,false,false,false,"parse: failed to parse modelset/raw-data/repo-ecore-all/data/MDSEGroup/TraceCompaction/Traceconstruction/Petrinet/petrinet.abstractsyntax/petrinet.model/model/petrinet.ecore: expected tag `>` failed to parse structural feature annotation failed to parse structural features failed to parse class `Place` line 13, column 38 current parser state: | `references=""#//Place/tokens""/>` | `    </eStructuralFeatures>` parsing failed"
modelset/raw-data/repo-ecore-all/data/MDSEGroup/TraceCompaction/Traceconstruction/PetrinetComplex/petrinetcomplex.abstractsyntax/model/petrinetcomplex.ecore,false,false,false,"parse: failed to parse modelset/raw-data/repo-ecore-all/data/MDSEGroup/TraceCompaction/Traceconstruction/PetrinetComplex/petrinetcomplex.abstractsyntax/model/petrinetcomplex.ecore: unsupported `eType` path `//Place` failed to parse structural features failed to parse class `Net` line 4, column 119 current parser state: | `` | `    <eStructuralFeatures xsi:type=""ecore:EReference"" name=""transition"" upperBound=""-1"" eType=""//Transition"" containment=""true""/>` parsing failed"
modelset/raw-data/repo-ecore-all/data/MDSEGroup/TraceCompaction/Traceconstruction/PetrinetComplex/petrinetcomplex.abstractsyntax/petrinetcomplex.ecore,false,false,false,"parse: failed to parse modelset/raw-data/repo-ecore-all/data/MDSEGroup/TraceCompaction/Traceconstruction/PetrinetComplex/petrinetcomplex.abstractsyntax/petrinetcomplex.ecore: expected tag `>` failed to parse structural feature annotation failed to parse structural features failed to parse class `Place` line 14, column 38 current parser state: | `references=""#//Token""/>` | `    </eStructuralFeatures>` parsing failed"
modelset/raw-data/repo-ecore-all/data/MDSEGroup/TraceCompaction/Traceconstruction/TFSM/org.gemoc.sample.tfsm.sequential/model-gen/XTfsmMT.ecore,false,false,false,"parse: failed to parse modelset/raw-data/repo-ecore-all/data/MDSEGroup/TraceCompaction/Traceconstruction/TFSM/org.gemoc.sample.tfsm.sequential/model-gen/XTfsmMT.ecore: expected tag `>` failed to parse operation annotation failed to parse class operation failed to parse class `TFSM` line 5, column 36 current parser state: | `/>` | `    </eOperations>` parsing failed"
modelset/raw-data/repo-ecore-all/data/MDSEGroup/TraceCompaction/Traceconstruction/TFSM/org.gemoc.sample.tfsm.sequential.xtfsm/model/XTfsm.ecore,false,false,false,"parse: failed to parse modelset/raw-data/repo-ecore-all/data/MDSEGroup/TraceCompaction/Traceconstruction/TFSM/org.gemoc.sample.tfsm.sequential.xtfsm/model/XTfsm.ecore: expected tag `>` failed to parse operation annotation failed to parse class operation failed to parse class `TFSM` line 5, column 36 current parser state: | `/>` | `    </eOperations>` parsing failed"
modelset/raw-data/repo-ecore-all/data/MDSEGroup/TraceCompaction/Traceconstruction/trace metamodel/trace-metamodel/model/compactTraceMetamodel.ecore,false,false,false,"parse: failed to parse modelset/raw-data/repo-ecore-all/data/MDSEGroup/TraceCompaction/Traceconstruction/trace metamodel/trace-metamodel/model/compactTraceMetamodel.ecore: unsupported `eType` path `ecore:EClass http://www.eclipse.org/emf/2002/Ecore#//EObject` failed to parse structural features failed to parse class `RefValue` line 35, column 79 current parser state: | `` | `  </eClassifiers>` parsing failed"
modelset/raw-data/repo-ecore-all/data/MDSEGroup/TraceCompaction/Traceconstruction/trace metamodel/trace-metamodel/model/trace-metamodel.ecore,true,true,true,
modelset/raw-data/repo-ecore-all/data/MDSEGroup/TraceCompaction/Traceconstruction/xMOF virtual machine/org.modelexecution.fuml.convert.fuml.gen/model/fUML.ecore,false,false,false,"parse: failed to parse modelset/raw-data/repo-ecore-all/data/MDSEGroup/TraceCompaction/Traceconstruction/xMOF virtual machine/org.modelexecution.fuml.convert.fuml.gen/model/fUML.ecore: unexpected package content line 4, column 3 current parser state: | `<eSubpackages name=""Syntax"" nsURI=""http://www.modelexecution.org/fuml/syntax"" nsPrefix=""fUML.Syntax"">` | `    <eSubpackages name=""CommonBehaviors"" nsURI=""http://www.modelexecution.org/fuml/syntax/commonbehaviors""` parsing failed"
modelset/raw-data/repo-ecore-all/data/MISO-MDE/PILA/Unified/segundainstancia/PaymentStaticModel/metamodel/PagosPIM.ecore,false,false,false,"parse: failed to parse modelset/raw-data/repo-ecore-all/data/MISO-MDE/PILA/Unified/segundainstancia/PaymentStaticModel/metamodel/PagosPIM.ecore: unsupported `eType` path `ecore:EClass http://www.eclipse.org/emf/2002/Ecore#//EObject` failed to parse structural features failed to parse class `AttributeDefinition` line 86, column 143 current parser state: | `` | `  </eClassifiers>` parsing failed"
modelset/raw-data/repo-ecore-all/data/MISO4202/mm-marketplace/java.ecore,true,false,false,"generate: timeout after 120s: /arachne/target/debug/arachne generate modelset/raw-data/repo-ecore-all/data/MISO4202/mm-marketplace/java.ecore -o /var/folders/24/3kt9vzrj6qzd_r760kn9ybsm0000gn/T/arachne-modelset-wtmcu15i/generated-00063 -p modelset-00063-8ebd1749 [INFO  arachne] Starting code generation [INFO  arachne_codegen] Validating configuration [INFO  arachne_codegen] Parsing ecore metamodel: ""modelset/raw-data/repo-ecore-all/data/MISO4202/mm-marketplace/java.ecore"" [WARN  ecore_rs::parser::raw] Structural feature `body` sets `ordered` while `upperBound=1`; this has no effect [WARN  ecore_rs::parser::raw] `eOpposite` attributes are currently not supported, ignoring [WARN  ecore_rs::parser::raw] `eOpposite` attributes are currently not supported, ignoring [WARN  ecore_rs::parser::raw] `eOpposite` attributes are currently not supported, ignoring [WARN  ecore_rs::parser::raw] Structural feature `method` sets `ordered` while `upperBound=1`; this has no effect [WARN  ecore_rs::parser::raw] `eOpposite` attributes are currently not supported, ignoring [WARN  ecore_rs::parser::raw] `eOpposite` attributes are currently not supported, ignoring [WARN  ecore_rs::parser::raw] Structural feature `package` sets `ordered` while `upperBound=1`; this has no effect [WARN  ecore_rs::parser::raw] `eOpposite` attributes are currently not supported, ignoring [WARN  ecore_rs::parser::raw] Structural feature `qualifier` sets `ordered` while `upperBound=1`; this has no effect [WARN  ecore_rs::parser::raw] Structural feature `type` sets `ordered` while `upperBound=1`; this has no effect [WARN  ecore_rs::parser::raw] `eOpposite` attributes are currently not supported, ignoring [WARN  ecore_rs::parser::raw] Structural feature `type` sets `ordered` while `upperBound=1`; this has no effect [WARN  ecore_rs::parser::raw] Structural feature `originalFilePath` sets `ordered` while `upperBound=1`; this has no effect [WARN  ecore_rs::parser::raw] Structural feature `originalFilePath` sets `unique` while `upperBound=1`; this has no effect [WARN  ecore_rs::parser::raw] Structural feature `manifest` sets `ordered` while `upperBound=1`; this has no effect [WARN  ecore_rs::parser::raw] Structural feature `message` sets `ordered` while `upperBound=1`; this has no effect [WARN  ecore_rs::parser::raw] Structural feature `expression` sets `ordered` while `upperBound=1`; this has no effect [WARN  ecore_rs::parser::raw] Structural feature `originalCompilationUnit` sets `ordered` while `upperBound=1`; this has no effect [WARN  ecore_rs::parser::raw] Structural feature `originalClassFile` sets `ordered` while `upperBound=1`; this has no effect [WARN  ecore_rs::parser::raw] Structural feature `member` sets `ordered` while `upperBound=1`; this has no effect [WARN  ecore_rs::parser::raw] `eOpposite` attributes are currently not supported, ignoring [WARN  ecore_rs::parser::raw] Structural feature `value` sets `ordered` while `upperBound=1`; this has no effect [WARN  ecore_rs::parser::raw] Structural feature `default` sets `ordered` while `upperBound=1`; this has no effect [WARN  ecore_rs::parser::raw] Structural feature `type` sets `ordered` while `upperBound=1`; this has no effect [WARN  ecore_rs::parser::raw] `eOpposite` attributes are currently not supported, ignoring [WARN  ecore_rs::parser::raw] `eOpposite` attributes are currently not supported, ignoring [WARN  ecore_rs::parser::raw] Structural feature `classInstanceCreation` sets `ordered` while `upperBound=1`; this has no effect [WARN  ecore_rs::parser::raw] `eOpposite` attributes are currently not supported, ignoring [WARN  ecore_rs::parser::raw] Structural feature `array` sets `ordered` while `upperBound=1`; this has no effect [WARN  ecore_rs::parser::raw] Structural feature `index` sets `ordered` while `upperBound=1`; this has no effect [WARN  ecore_rs::parser::raw] Structural feature `initializer` sets `ordered` while `upperBound=1`; this has no effect [WARN  ecore_rs::parser::raw] Structural feature `type` sets `ordered` while `upperBound=1`; this has no effect [WARN  ecore_rs::parser::raw] Structural feature `array` sets `ordered` while `upperBound=1`; this has no effect [WARN  ecore_rs::parser::raw] Structural feature `dimensions` sets `o [output truncated after 4000 chars]"
modelset/raw-data/repo-ecore-all/data/MISO4202/mm-petrinet/model/petrinet.ecore,false,false,false,"parse: failed to parse modelset/raw-data/repo-ecore-all/data/MISO4202/mm-petrinet/model/petrinet.ecore: unexpected package attribute `xmi:id` expected one of `name` `nsURI` `nsPrefix` `xmi:version` `xmlns:xmi` `xmlns:xsi` `xmlns:ecore` line 3, column 90 current parser state: | `name=""petrinet"" nsURI=""sistemas.uniandes.edu.co/metamodels/petrinet""` | `    nsPrefix=""pnet"">` parsing failed"
modelset/raw-data/repo-ecore-all/data/MISO4202/uniandes.mdd.example.create-xtext/model/petrinet.ecore,true,true,true,
modelset/raw-data/repo-ecore-all/data/MISO4202/uniandes.mdd.petrinet2graphtaller/Petrinet2/model/petrinet2.ecore,true,true,true,
modelset/raw-data/repo-ecore-all/data/MISO4202/xtext-egl-sql2java/Gramatica/uniandes.automat.sql/model/generated/Sql.ecore,false,false,false,"parse: failed to parse modelset/raw-data/repo-ecore-all/data/MISO4202/xtext-egl-sql2java/Gramatica/uniandes.automat.sql/model/generated/Sql.ecore: unsupported `eType` path `ecore:EClass http://www.eclipse.org/emf/2002/Ecore#//EObject` failed to parse structural features failed to parse class `Table` line 15, column 98 current parser state: | `` | `  </eClassifiers>` parsing failed"
modelset/raw-data/repo-ecore-all/data/MLM-Rearchitect-Exchange/mlm-rearchitecter-tool/Rearchitecter/test-resources/CloudML.ecore,true,true,true,
modelset/raw-data/repo-ecore-all/data/MLM-Rearchitect-Exchange/mlm-rearchitecter-tool/metamodels/annotated/CloudML-2.0.ecore,false,false,false,"parse: failed to parse modelset/raw-data/repo-ecore-all/data/MLM-Rearchitect-Exchange/mlm-rearchitecter-tool/metamodels/annotated/CloudML-2.0.ecore: expected tag `>` failed to parse class annotation failed to parse class `VM` line 62, column 32 current parser state: | `/>` | `    <eStructuralFeatures xsi:type=""ecore:EReference"" name=""provided"" upperBound=""-1""` parsing failed"
modelset/raw-data/repo-ecore-all/data/MLM-Rearchitect-Exchange/mlm-rearchitecter-tool/metamodels/annotated/CloudML.ecore,false,false,false,"parse: failed to parse modelset/raw-data/repo-ecore-all/data/MLM-Rearchitect-Exchange/mlm-rearchitecter-tool/metamodels/annotated/CloudML.ecore: expected tag `>` failed to parse class annotation failed to parse class `ArtefactPort` line 54, column 33 current parser state: | `references=""#//Artefact""/>` | `    <eStructuralFeatures xsi:type=""ecore:EAttribute"" name=""portNumber"" eType=""ecore:EDataType http://www.eclipse.org/emf/2002/Ecore#//EInt""/>` parsing failed"
modelset/raw-data/repo-ecore-all/data/MLM-Rearchitect-Exchange/mlm-rearchitecter-tool/metamodels/cloudML/CloudML-2.0.ecore,true,true,true,
modelset/raw-data/repo-ecore-all/data/MMainchain/FIL_Retro_Ingenierie/src/tp/fil/resources/Data.ecore,true,true,true,
modelset/raw-data/repo-ecore-all/data/MOHITO-PROJECT/MOHITO/toolchain/models/LibraryDemoModel/model/LibraryDemo.ecore,true,true,true,
modelset/raw-data/repo-ecore-all/data/MRMikaelJ/EDAN70/org.xtext.example.SimpliC/model/generated/SimpliC.ecore,false,false,false,"parse: failed to parse modelset/raw-data/repo-ecore-all/data/MRMikaelJ/EDAN70/org.xtext.example.SimpliC/model/generated/SimpliC.ecore: unsupported `eType` path `ecore:EClass http://www.eclipse.org/emf/2002/Ecore#//EObject` failed to parse structural features failed to parse class `Expr` line 62, column 29 current parser state: | `` | `    <eStructuralFeatures xsi:type=""ecore:EAttribute"" name=""op"" eType=""ecore:EDataType http://www.eclipse.org/emf/2002/Ecore#//EString""/>` parsing failed"
modelset/raw-data/repo-ecore-all/data/MSharbaf/EpsilonTransformationTechnicalDebt/MDETL/src/models/OO.ecore,false,false,false,"parse: failed to parse modelset/raw-data/repo-ecore-all/data/MSharbaf/EpsilonTransformationTechnicalDebt/MDETL/src/models/OO.ecore: unknown builtit class URL `http://www.eclipse.org/emf/2002/Ecore#//EBooleanObject` failed to parse structural features failed to parse class `Class` line 36, column 152 current parser state: | `` | `  </eClassifiers>` parsing failed"
modelset/raw-data/repo-ecore-all/data/MSharbaf/EpsilonTransformationTechnicalDebt/MDETL/src/models/RefinementsEcore.ecore,true,true,true,
modelset/raw-data/repo-ecore-all/data/MSubhanH/Ecore2OWL/Family.ecore,false,false,false,"parse: failed to parse modelset/raw-data/repo-ecore-all/data/MSubhanH/Ecore2OWL/Family.ecore: unsupported `eType` path `//Person` failed to parse structural features failed to parse class `Person` line 16, column 118 current parser state: | `` | `      <eAnnotations source=""http://www.w3.org/2002/07/owl#ObjectProperty"">` parsing failed"
modelset/raw-data/repo-ecore-all/data/MSubhanH/Ecore2OWL/atl-commons/com.atl.common/test/com/atl/common/tests/models/Book.ecore,true,true,true,
modelset/raw-data/repo-ecore-all/data/MSubhanH/Ecore2OWL/emf4sw/examples/GUI Test Runs/Family.ecore,false,false,false,"parse: failed to parse modelset/raw-data/repo-ecore-all/data/MSubhanH/Ecore2OWL/emf4sw/examples/GUI Test Runs/Family.ecore: unsupported `eType` path `//Person` failed to parse structural features failed to parse class `Person` line 16, column 118 current parser state: | `` | `      <eAnnotations source=""http://www.w3.org/2002/07/owl#ObjectProperty"">` parsing failed"
modelset/raw-data/repo-ecore-all/data/MSubhanH/Ecore2OWL/emf4sw/examples/com.emf4sw.owl.examples/src/Family.ecore,true,true,true,
modelset/raw-data/repo-ecore-all/data/MSubhanH/Ecore2OWL/emf4sw/examples/com.emf4sw.owl.examples/src/SpecificationLayout_Tests/uml4sysml.ecore,true,true,true,
modelset/raw-data/repo-ecore-all/data/MSubhanH/Ecore2OWL/emf4sw/examples/com.emf4sw.rdf.examples/src/Family.ecore,false,false,false,"parse: failed to parse modelset/raw-data/repo-ecore-all/data/MSubhanH/Ecore2OWL/emf4sw/examples/com.emf4sw.rdf.examples/src/Family.ecore: unsupported `eType` path `//Person` failed to parse structural features failed to parse class `Person` line 16, column 118 current parser state: | `` | `      <eAnnotations source=""http://www.w3.org/2002/07/owl#ObjectProperty"">` parsing failed"
modelset/raw-data/repo-ecore-all/data/MadsMosu/mdsd-individual/dk.sdu.mdsd.arduino/model/generated/ArduinoDSL.ecore,false,false,false,"parse: failed to parse modelset/raw-data/repo-ecore-all/data/MadsMosu/mdsd-individual/dk.sdu.mdsd.arduino/model/generated/ArduinoDSL.ecore: unsupported `eType` path `ecore:EClass http://www.eclipse.org/emf/2002/Ecore#//EObject` failed to parse structural features failed to parse class `Program` line 6, column 98 current parser state: | `` | `  </eClassifiers>` parsing failed"
modelset/raw-data/repo-ecore-all/data/MahsaPanahandeh/MUPPIT/src/MyTool/Model/Tree.ecore,true,true,true,
modelset/raw-data/repo-ecore-all/data/Mainara/Compilador-Go/org.xtext.example.mydsl/model/generated/MyDsl.ecore,true,true,true,
modelset/raw-data/repo-ecore-all/data/Malandril/IDLRobot/Project/fr.unice.polytech.robotproject.model/model/model.ecore,true,true,true,
modelset/raw-data/repo-ecore-all/data/Malinoski/IMT/OpenEHR2RichUbi.v5/metamodels/richubi/olds/rich_interface_components.ecore,true,true,true,
modelset/raw-data/repo-ecore-all/data/Malinoski/OpenEHR2RichUbi_v5_2014_02_22/OpenEHR2RichUbi.v5/metamodels/richubi/rich_interface_components.ecore,true,true,true,
modelset/raw-data/repo-ecore-all/data/Manatho/MDSD_P-ExamProject/org.xtext.mdsd_individual.ard/model/generated/Ardlers.ecore,false,false,false,"parse: failed to parse modelset/raw-data/repo-ecore-all/data/Manatho/MDSD_P-ExamProject/org.xtext.mdsd_individual.ard/model/generated/Ardlers.ecore: unsupported `eType` path `ecore:EClass http://www.eclipse.org/emf/2002/Ecore#//EObject` failed to parse structural features failed to parse class `Program` line 11, column 98 current parser state: | `` | `    <eStructuralFeatures xsi:type=""ecore:EReference"" name=""definitions"" upperBound=""-1""` parsing failed"
modelset/raw-data/repo-ecore-all/data/Manre/automatizacion_2015/JavaEcore/model/java.ecore,true,false,false,"generate: timeout after 120s: /arachne/target/debug/arachne generate modelset/raw-data/repo-ecore-all/data/Manre/automatizacion_2015/JavaEcore/model/java.ecore -o /var/folders/24/3kt9vzrj6qzd_r760kn9ybsm0000gn/T/arachne-modelset-wtmcu15i/generated-00090 -p modelset-00090-23754a41 [INFO  arachne] Starting code generation [INFO  arachne_codegen] Validating configuration [INFO  arachne_codegen] Parsing ecore metamodel: ""modelset/raw-data/repo-ecore-all/data/Manre/automatizacion_2015/JavaEcore/model/java.ecore"" [WARN  ecore_rs::parser::raw] Structural feature `body` sets `ordered` while `upperBound=1`; this has no effect [WARN  ecore_rs::parser::raw] `eOpposite` attributes are currently not supported, ignoring [WARN  ecore_rs::parser::raw] `eOpposite` attributes are currently not supported, ignoring [WARN  ecore_rs::parser::raw] `eOpposite` attributes are currently not supported, ignoring [WARN  ecore_rs::parser::raw] Structural feature `method` sets `ordered` while `upperBound=1`; this has no effect [WARN  ecore_rs::parser::raw] `eOpposite` attributes are currently not supported, ignoring [WARN  ecore_rs::parser::raw] `eOpposite` attributes are currently not supported, ignoring [WARN  ecore_rs::parser::raw] Structural feature `package` sets `ordered` while `upperBound=1`; this has no effect [WARN  ecore_rs::parser::raw] `eOpposite` attributes are currently not supported, ignoring [WARN  ecore_rs::parser::raw] Structural feature `qualifier` sets `ordered` while `upperBound=1`; this has no effect [WARN  ecore_rs::parser::raw] Structural feature `type` sets `ordered` while `upperBound=1`; this has no effect [WARN  ecore_rs::parser::raw] `eOpposite` attributes are currently not supported, ignoring [WARN  ecore_rs::parser::raw] Structural feature `type` sets `ordered` while `upperBound=1`; this has no effect [WARN  ecore_rs::parser::raw] Structural feature `originalFilePath` sets `ordered` while `upperBound=1`; this has no effect [WARN  ecore_rs::parser::raw] Structural feature `originalFilePath` sets `unique` while `upperBound=1`; this has no effect [WARN  ecore_rs::parser::raw] Structural feature `manifest` sets `ordered` while `upperBound=1`; this has no effect [WARN  ecore_rs::parser::raw] Structural feature `message` sets `ordered` while `upperBound=1`; this has no effect [WARN  ecore_rs::parser::raw] Structural feature `expression` sets `ordered` while `upperBound=1`; this has no effect [WARN  ecore_rs::parser::raw] Structural feature `originalCompilationUnit` sets `ordered` while `upperBound=1`; this has no effect [WARN  ecore_rs::parser::raw] Structural feature `member` sets `ordered` while `upperBound=1`; this has no effect [WARN  ecore_rs::parser::raw] `eOpposite` attributes are currently not supported, ignoring [WARN  ecore_rs::parser::raw] Structural feature `value` sets `ordered` while `upperBound=1`; this has no effect [WARN  ecore_rs::parser::raw] Structural feature `default` sets `ordered` while `upperBound=1`; this has no effect [WARN  ecore_rs::parser::raw] Structural feature `type` sets `ordered` while `upperBound=1`; this has no effect [WARN  ecore_rs::parser::raw] `eOpposite` attributes are currently not supported, ignoring [WARN  ecore_rs::parser::raw] `eOpposite` attributes are currently not supported, ignoring [WARN  ecore_rs::parser::raw] Structural feature `array` sets `ordered` while `upperBound=1`; this has no effect [WARN  ecore_rs::parser::raw] Structural feature `index` sets `ordered` while `upperBound=1`; this has no effect [WARN  ecore_rs::parser::raw] Structural feature `initializer` sets `ordered` while `upperBound=1`; this has no effect [WARN  ecore_rs::parser::raw] Structural feature `type` sets `ordered` while `upperBound=1`; this has no effect [WARN  ecore_rs::parser::raw] Structural feature `array` sets `ordered` while `upperBound=1`; this has no effect [WARN  ecore_rs::parser::raw] Structural feature `dimensions` sets `ordered` while `upperBound=1`; this has no effect [WARN  ecore_rs::parser::raw] Structural feature `dimensions` sets `unique` while `upperBound=1`; this has no effect [WARN  ecore_rs::parser::raw] Structural feature `elementType` sets `ordered` while `upperBound=1`; this has no effect [WARN  ecore_rs::parser::raw] Structural f [output truncated after 4000 chars]"
modelset/raw-data/repo-ecore-all/data/MarcosDias/LEDSCode-API/model/LEDSCodeModel.ecore,false,false,false,"parse: failed to parse modelset/raw-data/repo-ecore-all/data/MarcosDias/LEDSCode-API/model/LEDSCodeModel.ecore: unknown builtit class URL `http://www.eclipse.org/emf/2002/Ecore#//EDate` failed to parse structural features failed to parse class `Specification` line 6, column 144 current parser state: | `` | `    <eStructuralFeatures xsi:type=""ecore:EReference"" name=""has"" lowerBound=""1"" upperBound=""-1""` parsing failed"
modelset/raw-data/repo-ecore-all/data/MarkusGerhart/spray/examples/petrinet/org.eclipselabs.spray.examples.petrinet.domain/model/Petrinet.ecore,true,false,false,"generate: [INFO  arachne] Starting code generation [INFO  arachne_codegen] Validating configuration [INFO  arachne_codegen] Parsing ecore metamodel: ""modelset/raw-data/repo-ecore-all/data/MarkusGerhart/spray/examples/petrinet/org.eclipselabs.spray.examples.petrinet.domain/model/Petrinet.ecore"" [INFO  arachne_codegen] Generating Rust tokens [ERROR arachne] Error: Failed to find a root class in `PetrinetDSL` package"
modelset/raw-data/repo-ecore-all/data/MarkusGerhart/tprj-msi-ss13/archive/shape_dsl_xtext_standalone/org.eclipselabs.spray.shapes/model/generated/Shape.ecore,true,true,true,
modelset/raw-data/repo-ecore-all/data/Marssol/paliconf/fr.imag.mosig.seacs.roboconf/model/generated/GraphDsl.ecore,true,true,true,
modelset/raw-data/repo-ecore-all/data/MateusGabi/graphase/development/br.unicamp.ic.mo631.Graphql/model/Graphql.ecore,false,false,false,"parse: failed to parse modelset/raw-data/repo-ecore-all/data/MateusGabi/graphase/development/br.unicamp.ic.mo631.Graphql/model/Graphql.ecore: unknown builtit class URL `http://www.eclipse.org/emf/2003/XMLType#//Boolean` failed to parse structural features failed to parse class `Attribute` line 11, column 144 current parser state: | `` | `    <eStructuralFeatures xsi:type=""ecore:EAttribute"" name=""isNullable"" eType=""ecore:EDataType http://www.eclipse.org/emf/2003/XMLType#//Boolean""/>` parsing failed"
modelset/raw-data/repo-ecore-all/data/MatiasVara/BCOoLExamples/languages/tfsmwithonenter/org.gemoc.sample.tfsm.model/model/tfsm.ecore,false,false,false,"parse: failed to parse modelset/raw-data/repo-ecore-all/data/MatiasVara/BCOoLExamples/languages/tfsmwithonenter/org.gemoc.sample.tfsm.model/model/tfsm.ecore: expected tag `>` failed to parse operation annotation failed to parse class operation failed to parse class `TFSM` line 6, column 37 current parser state: | `/>` | `    </eOperations>` parsing failed"
modelset/raw-data/repo-ecore-all/data/MatzeGIT/BuckMinster/org.xtext.example.hellobuck/bin/org/xtext/example/hellobuck/HelloBuck.ecore,true,true,true,
modelset/raw-data/repo-ecore-all/data/MaxJu/emfGmfExp/plugins/de.maxju.sm/model/data.ecore,true,true,true,
modelset/raw-data/repo-ecore-all/data/MaxJu/emfGmfExp/plugins/de.maxju.sm/model/sm.ecore,false,false,false,"parse: failed to parse modelset/raw-data/repo-ecore-all/data/MaxJu/emfGmfExp/plugins/de.maxju.sm/model/sm.ecore: unsupported `eType` path `ecore:EClass data.ecore#//Variable` failed to parse structural features failed to parse class `State` line 6, column 53 current parser state: | `` | `  </eClassifiers>` parsing failed"
modelset/raw-data/repo-ecore-all/data/MaxiEckert/Xtext-example/masterarbeit_workspace_xtext/de.uka.ipd.sdq.units/Units.ecore,true,true,true,
modelset/raw-data/repo-ecore-all/data/MaximeMillier/L3/COO/MetaModelStateMachine/model/metaModelStateMachine.ecore,true,false,false,"generate: [INFO  arachne] Starting code generation [INFO  arachne_codegen] Validating configuration [INFO  arachne_codegen] Parsing ecore metamodel: ""modelset/raw-data/repo-ecore-all/data/MaximeMillier/L3/COO/MetaModelStateMachine/model/metaModelStateMachine.ecore"" [INFO  arachne_codegen] Generating Rust tokens [ERROR arachne] Error: Failed to find a root class in `metaModelStateMachine` package"
modelset/raw-data/repo-ecore-all/data/MaximeMillier/L3/COO/meta-model state machine/model/metaModelSM.ecore,true,true,true,
modelset/raw-data/repo-ecore-all/data/Mehrdad13/MPL/model/MPL.ecore,true,true,true,
modelset/raw-data/repo-ecore-all/data/MerwanK/Compilation/language_while/model/generated/MyDsl.ecore,true,true,true,
modelset/raw-data/repo-ecore-all/data/MeysamKarimi/MDEMGTT/MDEMGTT/BibTeX.ecore,true,true,true,
modelset/raw-data/repo-ecore-all/data/MeysamKarimi/MDEMGTT/MDEMGTT/Class.ecore,true,true,true,
modelset/raw-data/repo-ecore-all/data/MeysamKarimi/MDEMGTT/MDEMGTT/HSM.ecore,true,true,true,
modelset/raw-data/repo-ecore-all/data/MeysamKarimi/MDEMGTT/MDEMGTT/PetriNet.ecore,true,true,true,
modelset/raw-data/repo-ecore-all/data/MeysamKarimi/MDEMGTT/MDEMGTT/ecore.ecore,false,false,false,"parse: failed to parse modelset/raw-data/repo-ecore-all/data/MeysamKarimi/MDEMGTT/MDEMGTT/ecore.ecore: Missing attribute `eType` in structural feature `instanceClass` failed to parse structural features failed to parse class `EClassifier` line 77, column 57 current parser state: | `` | `      <eGenericType eClassifier=""#//EJavaClass"">` parsing failed"
modelset/raw-data/repo-ecore-all/data/Mialus/M1/SAMP/eclipseModeling/SAMPTP4/My.ecore,true,true,true,
modelset/raw-data/repo-ecore-all/data/Mialus/M1/SAMP/eclipseModeling/SAMPTP4 - Copie/My.ecore,true,true,true,
modelset/raw-data/repo-ecore-all/data/Mialus/M2/ibm/ATL_Logo2Java_2015/Metamodels/ASMLogo.ecore,false,false,false,"parse: failed to parse modelset/raw-data/repo-ecore-all/data/Mialus/M2/ibm/ATL_Logo2Java_2015/Metamodels/ASMLogo.ecore: unexpected `eClassifiers` attribute `instanceClassName` line 63, column 96 current parser state: | `/>` | `  <eClassifiers xsi:type=""ecore:EDataType"" name=""Boolean"" instanceClassName=""java.lang.Boolean""/>` parsing failed"
modelset/raw-data/repo-ecore-all/data/MichaelidouNatalia/ACE/eu.scasefp7.eclipse.mde.m2m/Metamodels/databaseMetamodel.ecore,true,true,true,
modelset/raw-data/repo-ecore-all/data/MichelSc/common.moplaf/common.moplaf.file/com.misc.common.moplaf.file.emf/model/file.ecore,false,false,false,"parse: failed to parse modelset/raw-data/repo-ecore-all/data/MichelSc/common.moplaf/common.moplaf.file/com.misc.common.moplaf.file.emf/model/file.ecore: unexpected `eClassifiers` attribute `instanceClassName` line 45, column 132 current parser state: | `/>` | `  <eClassifiers xsi:type=""ecore:EClass"" name=""FileHandler"" abstract=""true"" eSuperTypes=""#//FileOwner"">` parsing failed"
modelset/raw-data/repo-ecore-all/data/MichelSc/playground/oclexample1/org.eclipse.ocl.examples.project.royalandloyal/oclsrc/RoyalAndLoyal/RoyalAndLoyal.ecore,false,false,false,"parse: failed to parse modelset/raw-data/repo-ecore-all/data/MichelSc/playground/oclexample1/org.eclipse.ocl.examples.project.royalandloyal/oclsrc/RoyalAndLoyal/RoyalAndLoyal.ecore: unknown builtit class URL `http://www.eclipse.org/emf/2002/Ecore#//EDoubleObject` failed to parse structural features failed to parse class `Transaction` line 28, column 88 current parser state: | `` | `    <eStructuralFeatures xsi:type=""ecore:EAttribute"" name=""points"" lowerBound=""1""` parsing failed"
modelset/raw-data/repo-ecore-all/data/MicheleGuerriero/Transformations4DICE/rollout/org.xtext.example.toscadsl.parent/org.xtext.example.toscadsl/metamodels/ddsm.ecore,false,false,false,"parse: failed to parse modelset/raw-data/repo-ecore-all/data/MicheleGuerriero/Transformations4DICE/rollout/org.xtext.example.toscadsl.parent/org.xtext.example.toscadsl/metamodels/ddsm.ecore: expected tag `>` failed to parse package annotation line 4, column 72 current parser state: | `/>` | `  <eAnnotations source=""http://www.eclipse.org/OCL/Import"">` parsing failed"
modelset/raw-data/repo-ecore-all/data/MiriamFi/tdt4250/Assignment1/tdt4250.modelingExercise.studyProgramStructure/model/studyProgramStructure.ecore,true,true,true,
modelset/raw-data/repo-ecore-all/data/MischaGeng/Co-Evolution-Code/Co-EvolutionMMandDB/model/StateMachine.ecore,true,true,true,
modelset/raw-data/repo-ecore-all/data/Mkiza/YAWL/PetriNet/Petrinet.ecore,true,true,true,
modelset/raw-data/repo-ecore-all/data/MoSimEngine/Simulation-Behaviour-Description/model/Behaviour.ecore,false,false,false,"parse: failed to parse modelset/raw-data/repo-ecore-all/data/MoSimEngine/Simulation-Behaviour-Description/model/Behaviour.ecore: unsupported `eType` path `identifier.ecore#//Identifier` line 8, column 18 current parser state: | `` | `  <eClassifiers xsi:type=""ecore:EClass"" name=""Transition"" abstract=""true"" eSuperTypes=""identifier.ecore#//Identifier"">` parsing failed"
modelset/raw-data/repo-ecore-all/data/Model-Engineering-AG-34/model-engineering-ws14/assignment2/at.ac.tuwien.big.forms/model/forms.ecore,true,true,true,
modelset/raw-data/repo-ecore-all/data/ModelDriven/SIMF/EMF/Workspace/org.modeldriven.smif.qvt/model/smif.ecore,false,false,false,"parse: failed to parse modelset/raw-data/repo-ecore-all/data/ModelDriven/SIMF/EMF/Workspace/org.modeldriven.smif.qvt/model/smif.ecore: unexpected package content line 20, column 3 current parser state: | `<eSubpackages name=""types"" nsURI=""http://www.omg.org/smif/Smif/Types"" nsPrefix=""TYPE"">` | `    <eAnnotations source=""http://www.eclipse.org/emf/2002/GenModel"">` parsing failed"
modelset/raw-data/repo-ecore-all/data/ModelEngineeringBooks/MDSEBook/Chapter_7_AS/mdse.book.swml/model/sWML.ecore,false,false,false,"parse: failed to parse modelset/raw-data/repo-ecore-all/data/ModelEngineeringBooks/MDSEBook/Chapter_7_AS/mdse.book.swml/model/sWML.ecore: expected tag `>` failed to parse package annotation line 4, column 29 current parser state: | `/>` | `  <eClassifiers xsi:type=""ecore:EClass"" name=""WebModel"">` parsing failed"
modelset/raw-data/repo-ecore-all/data/ModelEngineeringBooks/MDSEBook/Chapter_7_TCS/mdse.book.swml.tcs/model/generated/SWML.ecore,true,true,true,
modelset/raw-data/repo-ecore-all/data/ModelEngineeringBooks/TimedStateMachine/at.ac.tuwien.big.tsm/model/tsm.ecore,true,true,true,
modelset/raw-data/repo-ecore-all/data/ModelEngineeringBooks/TimedStateMachine/org.pnml.tools.epnk/model/PNMLCoreModel.ecore,false,false,false,"parse: failed to parse modelset/raw-data/repo-ecore-all/data/ModelEngineeringBooks/TimedStateMachine/org.pnml.tools.epnk/model/PNMLCoreModel.ecore: unsupported `eType` path `ecore:EClass http://www.eclipse.org/emf/2003/XMLType#//AnyType` failed to parse structural features failed to parse class `PetriNet` line 19, column 100 current parser state: | `` | `  </eClassifiers>` parsing failed"
modelset/raw-data/repo-ecore-all/data/ModelWriter/AlloyInEcore/Source/eu.modelwriter.core.alloyinecore/src/test/resources/AlloyInECore/Tutorial.ecore,false,false,false,"parse: failed to parse modelset/raw-data/repo-ecore-all/data/ModelWriter/AlloyInEcore/Source/eu.modelwriter.core.alloyinecore/src/test/resources/AlloyInECore/Tutorial.ecore: unknown builtit class URL `http://www.eclipse.org/emf/2002/Ecore#//EBigInteger` failed to parse structural features failed to parse class `Book` line 36, column 86 current parser state: | `` | `    <eStructuralFeatures xsi:type=""ecore:EReference"" name=""library"" eType=""#//Library""` parsing failed"
modelset/raw-data/repo-ecore-all/data/ModelWriter/AlloyInEcore/Source/eu.modelwriter.core.alloyinecore/src/test/resources/AlloyInECore/extlibrary.ecore,false,false,false,"parse: failed to parse modelset/raw-data/repo-ecore-all/data/ModelWriter/AlloyInEcore/Source/eu.modelwriter.core.alloyinecore/src/test/resources/AlloyInECore/extlibrary.ecore: Missing attribute `eType` in structural feature `title` failed to parse structural features failed to parse class `Book` line 13, column 83 current parser state: | `` | `      <eAnnotations source=""http://www.modelwriter.eu/alloyinecore/visibility"">` parsing failed"
modelset/raw-data/repo-ecore-all/data/ModelWriter/AlloyInEcore/Source/eu.modelwriter.core.alloyinecore/src/test/resources/EcoreTranslator/ClassifierTest.ecore,false,false,false,"parse: failed to parse modelset/raw-data/repo-ecore-all/data/ModelWriter/AlloyInEcore/Source/eu.modelwriter.core.alloyinecore/src/test/resources/EcoreTranslator/ClassifierTest.ecore: unexpected `eClassifiers` attribute `instanceClassName` line 4, column 85 current parser state: | `` | `      eSuperTypes=""#//SuperClass #//UberClass"">` parsing failed"
modelset/raw-data/repo-ecore-all/data/ModelWriter/AlloyInEcore/Source/eu.modelwriter.core.alloyinecore.mapping/test/AnnotationTest.ecore,false,false,false,"parse: failed to parse modelset/raw-data/repo-ecore-all/data/ModelWriter/AlloyInEcore/Source/eu.modelwriter.core.alloyinecore.mapping/test/AnnotationTest.ecore: expected tag `<details` failed to parse package annotation line 5, column 5 current parser state: | `<eAnnotations source=""www.sub.annotation.test"" references=""#//SubPackage/SubTestClass"">` | `      <details key=""testKey"" value=""testValue""/>` parsing failed"
modelset/raw-data/repo-ecore-all/data/ModelWriter/AlloyInEcore/Source/eu.modelwriter.core.alloyinecore.mapping/test/AttrTest.ecore,false,false,false,"parse: failed to parse modelset/raw-data/repo-ecore-all/data/ModelWriter/AlloyInEcore/Source/eu.modelwriter.core.alloyinecore.mapping/test/AttrTest.ecore: unexpected `eClassifiers` attribute `instanceClassName` line 7, column 84 current parser state: | `` | `      eSuperTypes=""#//SuperClass #//UberClass"">` parsing failed"
modelset/raw-data/repo-ecore-all/data/ModelWriter/AlloyInEcore/Source/eu.modelwriter.core.alloyinecore.mapping/test/Ecore.ecore,false,false,false,"parse: failed to parse modelset/raw-data/repo-ecore-all/data/ModelWriter/AlloyInEcore/Source/eu.modelwriter.core.alloyinecore.mapping/test/Ecore.ecore: Missing attribute `eType` in structural feature `instanceClass` failed to parse structural features failed to parse class `EClassifier` line 121, column 57 current parser state: | `` | `      <eGenericType eClassifier=""#//EJavaClass"">` parsing failed"
modelset/raw-data/repo-ecore-all/data/ModelWriter/AlloyInEcore/Source/eu.modelwriter.core.alloyinecore.mapping/test/OperationTest.ecore,false,false,false,"parse: failed to parse modelset/raw-data/repo-ecore-all/data/ModelWriter/AlloyInEcore/Source/eu.modelwriter.core.alloyinecore.mapping/test/OperationTest.ecore: unexpected `eClassifiers` attribute `instanceClassName` line 7, column 84 current parser state: | `` | `      eSuperTypes=""#//SuperClass #//UberClass"">` parsing failed"
modelset/raw-data/repo-ecore-all/data/ModelWriter/AlloyInEcore/Source/eu.modelwriter.core.alloyinecore.mapping/test/Test.ecore,false,false,false,"parse: failed to parse modelset/raw-data/repo-ecore-all/data/ModelWriter/AlloyInEcore/Source/eu.modelwriter.core.alloyinecore.mapping/test/Test.ecore: expected tag `source` failed to parse structural feature annotation failed to parse structural features failed to parse class `Library` line 25, column 20 current parser state: | `/>` | `    </eStructuralFeatures>` parsing failed"
modelset/raw-data/repo-ecore-all/data/ModelWriter/AlloyInEcore/Source/eu.modelwriter.core.alloyinecore.mapping/testTemp/ClassifierTestTemp.ecore,false,false,false,"parse: failed to parse modelset/raw-data/repo-ecore-all/data/ModelWriter/AlloyInEcore/Source/eu.modelwriter.core.alloyinecore.mapping/testTemp/ClassifierTestTemp.ecore: unexpected `eClassifiers` attribute `instanceClassName` line 3, column 85 current parser state: | ` eSuperTypes=""//SuperClass //UberClass"">` | `    <eAnnotations source=""http://www.modelwriter.eu/alloyinecore/visibility"">` parsing failed"
modelset/raw-data/repo-ecore-all/data/ModelWriter/AlloyInEcore/Source/eu.modelwriter.core.alloyinecore.mapping/testTemp/ReferenceTestTemp.ecore,false,false,false,"parse: failed to parse modelset/raw-data/repo-ecore-all/data/ModelWriter/AlloyInEcore/Source/eu.modelwriter.core.alloyinecore.mapping/testTemp/ReferenceTestTemp.ecore: unexpected `eClassifiers` attribute `instanceClassName` line 3, column 84 current parser state: | ` eSuperTypes=""//SuperClass //UberClass"">` | `    <eAnnotations source=""http://www.modelwriter.eu/alloyinecore/visibility"">` parsing failed"
modelset/raw-data/repo-ecore-all/data/ModelWriter/Demonstrations/eu.modelwriter.demonstration.alloyinecore/Tutorial.ecore,false,false,false,"parse: failed to parse modelset/raw-data/repo-ecore-all/data/ModelWriter/Demonstrations/eu.modelwriter.demonstration.alloyinecore/Tutorial.ecore: Missing attribute `eType` in structural feature `name` failed to parse structural features failed to parse class `Library` line 11, column 97 current parser state: | `` | `      <eType xsi:type=""ecore:EDataType"" href=""http://www.eclipse.org/emf/2002/Ecore#//EString""/>` parsing failed"
modelset/raw-data/repo-ecore-all/data/ModelWriter/Demonstrations/eu.modelwriter.demonstration.alloyinecore/multipleinheritance/multipleinheritance.ecore,false,false,false,"parse: failed to parse modelset/raw-data/repo-ecore-all/data/ModelWriter/Demonstrations/eu.modelwriter.demonstration.alloyinecore/multipleinheritance/multipleinheritance.ecore: unsupported `eType` path `//Object` failed to parse structural features failed to parse class `Model` line 17, column 138 current parser state: | `` | `  </eClassifiers>` parsing failed"
modelset/raw-data/repo-ecore-all/data/ModelWriter/Demonstrations/eu.modelwriter.demonstration.alloyinecore/redblacktree2/RedBlackTree.ecore,false,false,false,"parse: failed to parse modelset/raw-data/repo-ecore-all/data/ModelWriter/Demonstrations/eu.modelwriter.demonstration.alloyinecore/redblacktree2/RedBlackTree.ecore: expected tag `<details` failed to parse class annotation failed to parse class `Node` line 63, column 7 current parser state: | `<contents xsi:type=""ecore:EAttribute"" name=""color"" ordered=""false"" lowerBound=""1""` | `          eType=""#//Color"" derived=""true"">` parsing failed"
modelset/raw-data/repo-ecore-all/data/ModelWriter/Demonstrations/eu.modelwriter.demonstration.alloyinecore/test/AttrTest.ecore,false,false,false,"parse: failed to parse modelset/raw-data/repo-ecore-all/data/ModelWriter/Demonstrations/eu.modelwriter.demonstration.alloyinecore/test/AttrTest.ecore: unexpected `eClassifiers` attribute `instanceClassName` line 7, column 84 current parser state: | `` | `      eSuperTypes=""#//SuperClass #//UberClass"">` parsing failed"
modelset/raw-data/repo-ecore-all/data/ModelWriter/Demonstrations/eu.modelwriter.demonstration.alloyinecore/test/ReferenceTest.ecore,false,false,false,"parse: failed to parse modelset/raw-data/repo-ecore-all/data/ModelWriter/Demonstrations/eu.modelwriter.demonstration.alloyinecore/test/ReferenceTest.ecore: unexpected `eClassifiers` attribute `instanceClassName` line 4, column 84 current parser state: | `` | `      eSuperTypes=""#//SuperClass #//UberClass"">` parsing failed"
modelset/raw-data/repo-ecore-all/data/ModelWriter/Tarski/Source/eu.modelwriter.marker.ui/examples/EcoreExample/extlibrary.ecore,false,false,false,"parse: failed to parse modelset/raw-data/repo-ecore-all/data/ModelWriter/Tarski/Source/eu.modelwriter.marker.ui/examples/EcoreExample/extlibrary.ecore: unknown builtit class URL `http://www.eclipse.org/emf/2002/Ecore#//EFeatureMapEntry` failed to parse structural features failed to parse class `Library` line 46, column 90 current parser state: | `` | `      <eAnnotations source=""http:///org/eclipse/emf/ecore/util/ExtendedMetaData"">` parsing failed"
modelset/raw-data/repo-ecore-all/data/Mr-Wallet/BlorqueScript/org.example.blorquescript/model/generated/BlorqueScript.ecore,true,false,false,"generate: timeout after 120s: /arachne/target/debug/arachne generate modelset/raw-data/repo-ecore-all/data/Mr-Wallet/BlorqueScript/org.example.blorquescript/model/generated/BlorqueScript.ecore -o /var/folders/24/3kt9vzrj6qzd_r760kn9ybsm0000gn/T/arachne-modelset-wtmcu15i/generated-00143 -p modelset-00143-018fd63b [INFO  arachne] Starting code generation [INFO  arachne_codegen] Validating configuration [INFO  arachne_codegen] Parsing ecore metamodel: ""modelset/raw-data/repo-ecore-all/data/Mr-Wallet/BlorqueScript/org.example.blorquescript/model/generated/BlorqueScript.ecore"" [WARN  ecore_rs::parser::raw] XML-level class literal redefinition for `literal` from `1` to `string` [WARN  ecore_rs::parser::raw] XML-level class literal redefinition for `literal` from `2` to `taggedString` [WARN  ecore_rs::parser::raw] XML-level class literal redefinition for `literal` from `3` to `number` [WARN  ecore_rs::parser::raw] XML-level class literal redefinition for `literal` from `4` to `object` [WARN  ecore_rs::parser::raw] XML-level class literal redefinition for `literal` from `5` to `void` [INFO  arachne_codegen] Generating Rust tokens"
modelset/raw-data/repo-ecore-all/data/MuteebAlsh/ac.york.vml/ac.york.vml/model/vml.ecore,false,false,false,"parse: failed to parse modelset/raw-data/repo-ecore-all/data/MuteebAlsh/ac.york.vml/ac.york.vml/model/vml.ecore: unknown builtit class URL `http://www.eclipse.org/emf/2002/Ecore#//EIntegerObject` failed to parse structural features failed to parse class `Pie` line 16, column 144 current parser state: | `` | `    <eStructuralFeatures xsi:type=""ecore:EAttribute"" name=""title"" eType=""ecore:EDataType http://www.eclipse.org/emf/2002/Ecore#//EString""/>` parsing failed"
modelset/raw-data/repo-ecore-all/data/MuteebAlsh/ac.york.vml/ac.york.vml/vml.ecore,false,false,false,"parse: failed to parse modelset/raw-data/repo-ecore-all/data/MuteebAlsh/ac.york.vml/ac.york.vml/vml.ecore: unknown builtit class URL `http://www.eclipse.org/emf/2002/Ecore#//EIntegerObject` failed to parse structural features failed to parse class `Graph` line 82, column 144 current parser state: | `` | `    <eStructuralFeatures xsi:type=""ecore:EAttribute"" name=""title"" eType=""ecore:EDataType http://www.eclipse.org/emf/2002/Ecore#//EString""/>` parsing failed"
modelset/raw-data/repo-ecore-all/data/N0P0x90/EclipseExamples/org.xtext.example.mydsl/model/generated/MyDsl.ecore,false,false,false,"parse: failed to parse modelset/raw-data/repo-ecore-all/data/N0P0x90/EclipseExamples/org.xtext.example.mydsl/model/generated/MyDsl.ecore: unsupported `eType` path `ecore:EClass http://www.eclipse.org/emf/2002/Ecore#//EObject` failed to parse structural features failed to parse class `Model` line 6, column 98 current parser state: | `` | `  </eClassifiers>` parsing failed"
modelset/raw-data/repo-ecore-all/data/NMFCode/ATL2NMFS/resources/A2BContainment/TypeA.ecore,true,false,false,"generate: [INFO  arachne] Starting code generation [INFO  arachne_codegen] Validating configuration [INFO  arachne_codegen] Parsing ecore metamodel: ""modelset/raw-data/repo-ecore-all/data/NMFCode/ATL2NMFS/resources/A2BContainment/TypeA.ecore"" [INFO  arachne_codegen] Generating Rust tokens [ERROR arachne] Error: Failed to find a root class in `TypeA` package"
modelset/raw-data/repo-ecore-all/data/NMFCode/ATL2NMFS/resources/A2BContainment/TypeB.ecore,true,false,false,"generate: [INFO  arachne] Starting code generation [INFO  arachne_codegen] Validating configuration [INFO  arachne_codegen] Parsing ecore metamodel: ""modelset/raw-data/repo-ecore-all/data/NMFCode/ATL2NMFS/resources/A2BContainment/TypeB.ecore"" [INFO  arachne_codegen] Generating Rust tokens [ERROR arachne] Error: Failed to find a root class in `TypeB` package"
modelset/raw-data/repo-ecore-all/data/NMFCode/ATL2NMFS/resources/A2BHelper/TypeA.ecore,true,false,false,"generate: [INFO  arachne] Starting code generation [INFO  arachne_codegen] Validating configuration [INFO  arachne_codegen] Parsing ecore metamodel: ""modelset/raw-data/repo-ecore-all/data/NMFCode/ATL2NMFS/resources/A2BHelper/TypeA.ecore"" [INFO  arachne_codegen] Generating Rust tokens [ERROR arachne] Error: Failed to find a root class in `TypeA` package"
modelset/raw-data/repo-ecore-all/data/NMFCode/ATL2NMFS/resources/A2BHelper/TypeB.ecore,true,false,false,"generate: [INFO  arachne] Starting code generation [INFO  arachne_codegen] Validating configuration [INFO  arachne_codegen] Parsing ecore metamodel: ""modelset/raw-data/repo-ecore-all/data/NMFCode/ATL2NMFS/resources/A2BHelper/TypeB.ecore"" [INFO  arachne_codegen] Generating Rust tokens [ERROR arachne] Error: Failed to find a root class in `TypeB` package"
modelset/raw-data/repo-ecore-all/data/NMFCode/ATL2NMFS/resources/A2BHelperWithoutContext/TypeA.ecore,true,false,false,"generate: [INFO  arachne] Starting code generation [INFO  arachne_codegen] Validating configuration [INFO  arachne_codegen] Parsing ecore metamodel: ""modelset/raw-data/repo-ecore-all/data/NMFCode/ATL2NMFS/resources/A2BHelperWithoutContext/TypeA.ecore"" [INFO  arachne_codegen] Generating Rust tokens [ERROR arachne] Error: Failed to find a root class in `TypeA` package"
modelset/raw-data/repo-ecore-all/data/NMFCode/ATL2NMFS/resources/A2BInheritance/TypeA.ecore,false,false,false,"parse: failed to parse modelset/raw-data/repo-ecore-all/data/NMFCode/ATL2NMFS/resources/A2BInheritance/TypeA.ecore: unexpected content at package level line 2, column 1 current parser state: | `<xmi:XMI xmi:version=""2.0"" xmlns:xmi=""http://www.omg.org/XMI"" xmlns:xsi=""http://www.w3.org/2001/XMLSchema-instance"" xmlns:ecore=""http://www.eclipse.org/emf/2002/Ecore"">` | `	<ecore:EPackage name=""TypeA"" nsURI=""http://www.eclipse.org/atl/atlTransformations/TypeA"" nsPrefix=""TypeA"">` parsing failed"
modelset/raw-data/repo-ecore-all/data/NMFCode/ATL2NMFS/resources/A2BInheritance/TypeB.ecore,false,false,false,"parse: failed to parse modelset/raw-data/repo-ecore-all/data/NMFCode/ATL2NMFS/resources/A2BInheritance/TypeB.ecore: unexpected content at package level line 2, column 1 current parser state: | `<xmi:XMI xmi:version=""2.0"" xmlns:xmi=""http://www.omg.org/XMI"" xmlns:xsi=""http://www.w3.org/2001/XMLSchema-instance"" xmlns:ecore=""http://www.eclipse.org/emf/2002/Ecore"">` | `	<ecore:EPackage name=""TypeB"" nsURI=""http://www.eclipse.org/atl/atlTransformations/TypeB"" nsPrefix=""TypeB"">` parsing failed"
modelset/raw-data/repo-ecore-all/data/NMFCode/ATL2NMFS/resources/A2BLazy/TypeA.ecore,true,true,true,
modelset/raw-data/repo-ecore-all/data/NMFCode/ATL2NMFS/resources/A2BLazy/TypeB.ecore,true,true,true,
modelset/raw-data/repo-ecore-all/data/NMFCode/ATL2NMFS/resources/A2BMatched/TypeA.ecore,true,true,true,
modelset/raw-data/repo-ecore-all/data/NMFCode/ATL2NMFS/resources/A2BMatched/TypeB.ecore,true,true,true,
modelset/raw-data/repo-ecore-all/data/NMFCode/ATL2NMFS/resources/A2BMultDiffIn/TypeA.ecore,true,false,false,"generate: [INFO  arachne] Starting code generation [INFO  arachne_codegen] Validating configuration [INFO  arachne_codegen] Parsing ecore metamodel: ""modelset/raw-data/repo-ecore-all/data/NMFCode/ATL2NMFS/resources/A2BMultDiffIn/TypeA.ecore"" [INFO  arachne_codegen] Generating Rust tokens [ERROR arachne] Error: Failed to find a root class in `TypeA` package"
modelset/raw-data/repo-ecore-all/data/NMFCode/ATL2NMFS/resources/A2BMultDiffIn/TypeB.ecore,true,true,true,
modelset/raw-data/repo-ecore-all/data/NMFCode/ATL2NMFS/resources/A2BMultIn/TypeA.ecore,true,false,false,"generate: [INFO  arachne] Starting code generation [INFO  arachne_codegen] Validating configuration [INFO  arachne_codegen] Parsing ecore metamodel: ""modelset/raw-data/repo-ecore-all/data/NMFCode/ATL2NMFS/resources/A2BMultIn/TypeA.ecore"" [INFO  arachne_codegen] Generating Rust tokens [ERROR arachne] Error: Failed to find a root class in `TypeA` package"
modelset/raw-data/repo-ecore-all/data/NMFCode/ATL2NMFS/resources/A2BMultIn/TypeB.ecore,true,false,false,"generate: [INFO  arachne] Starting code generation [INFO  arachne_codegen] Validating configuration [INFO  arachne_codegen] Parsing ecore metamodel: ""modelset/raw-data/repo-ecore-all/data/NMFCode/ATL2NMFS/resources/A2BMultIn/TypeB.ecore"" [INFO  arachne_codegen] Generating Rust tokens [ERROR arachne] Error: Failed to find a root class in `TypeB` package"
modelset/raw-data/repo-ecore-all/data/NMFCode/ATL2NMFS/resources/A2BMultInOut/TypeA.ecore,true,false,false,"generate: [INFO  arachne] Starting code generation [INFO  arachne_codegen] Validating configuration [INFO  arachne_codegen] Parsing ecore metamodel: ""modelset/raw-data/repo-ecore-all/data/NMFCode/ATL2NMFS/resources/A2BMultInOut/TypeA.ecore"" [INFO  arachne_codegen] Generating Rust tokens [ERROR arachne] Error: Failed to find a root class in `TypeA` package"
modelset/raw-data/repo-ecore-all/data/NMFCode/ATL2NMFS/resources/A2BMultInOut/TypeB.ecore,true,true,true,
modelset/raw-data/repo-ecore-all/data/NMFCode/ATL2NMFS/resources/A2BMultInOut/TypeD.ecore,true,true,true,
modelset/raw-data/repo-ecore-all/data/NMFCode/ATL2NMFS/resources/A2BMultOut/TypeA.ecore,true,false,false,"generate: [INFO  arachne] Starting code generation [INFO  arachne_codegen] Validating configuration [INFO  arachne_codegen] Parsing ecore metamodel: ""modelset/raw-data/repo-ecore-all/data/NMFCode/ATL2NMFS/resources/A2BMultOut/TypeA.ecore"" [INFO  arachne_codegen] Generating Rust tokens [ERROR arachne] Error: Failed to find a root class in `TypeA` package"
modelset/raw-data/repo-ecore-all/data/NMFCode/ATL2NMFS/resources/A2BMultOut/TypeB.ecore,true,true,true,
modelset/raw-data/repo-ecore-all/data/NMFCode/ATL2NMFS/resources/A2BMultipleInputAndOutput/TypeA.ecore,true,false,false,"generate: [INFO  arachne] Starting code generation [INFO  arachne_codegen] Validating configuration [INFO  arachne_codegen] Parsing ecore metamodel: ""modelset/raw-data/repo-ecore-all/data/NMFCode/ATL2NMFS/resources/A2BMultipleInputAndOutput/TypeA.ecore"" [INFO  arachne_codegen] Generating Rust tokens [ERROR arachne] Error: Failed to find a root class in `TypeA` package"
modelset/raw-data/repo-ecore-all/data/NMFCode/ATL2NMFS/resources/A2BMultipleInputAndOutput/TypeB.ecore,true,true,true,
modelset/raw-data/repo-ecore-all/data/NMFCode/ATL2NMFS/resources/A2BMultipleInputAndOutput/TypeD.ecore,true,true,true,
modelset/raw-data/repo-ecore-all/data/NMFCode/ATL2NMFS/resources/A2BMultipleInputSameType/TypeB.ecore,true,false,false,"generate: [INFO  arachne] Starting code generation [INFO  arachne_codegen] Validating configuration [INFO  arachne_codegen] Parsing ecore metamodel: ""modelset/raw-data/repo-ecore-all/data/NMFCode/ATL2NMFS/resources/A2BMultipleInputSameType/TypeB.ecore"" [INFO  arachne_codegen] Generating Rust tokens [ERROR arachne] Error: Failed to find a root class in `TypeB` package"
modelset/raw-data/repo-ecore-all/data/NMFCode/ATL2NMFS/resources/A2BUniqueLazy/TypeA.ecore,true,true,true,
modelset/raw-data/repo-ecore-all/data/NMFCode/ATL2NMFS/resources/A2BUniqueLazy/TypeB.ecore,true,true,true,
modelset/raw-data/repo-ecore-all/data/NMFCode/ATL2NMFS/resources/Families2PersonsWithLibrary/Persons.ecore,false,false,false,"parse: failed to parse modelset/raw-data/repo-ecore-all/data/NMFCode/ATL2NMFS/resources/Families2PersonsWithLibrary/Persons.ecore: unexpected content at package level line 2, column 1 current parser state: | `<xmi:XMI xmi:version=""2.0"" xmlns:xmi=""http://www.omg.org/XMI"" xmlns:xsi=""http://www.w3.org/2001/XMLSchema-instance""` | `    xmlns:ecore=""http://www.eclipse.org/emf/2002/Ecore"">` parsing failed"
modelset/raw-data/repo-ecore-all/data/NMFCode/ATL2NMFS/resources/Inheritance/TypeA.ecore,false,false,false,"parse: failed to parse modelset/raw-data/repo-ecore-all/data/NMFCode/ATL2NMFS/resources/Inheritance/TypeA.ecore: unexpected content at package level line 2, column 1 current parser state: | `<xmi:XMI xmi:version=""2.0"" xmlns:xmi=""http://www.omg.org/XMI"" xmlns:xsi=""http://www.w3.org/2001/XMLSchema-instance"" xmlns:ecore=""http://www.eclipse.org/emf/2002/Ecore"">` | `	<ecore:EPackage name=""TypeA"" nsURI=""http://www.eclipse.org/atl/atlTransformations/TypeA"" nsPrefix=""TypeA"">` parsing failed"
modelset/raw-data/repo-ecore-all/data/NMFCode/ATL2NMFS/resources/PetriNet2Grafcet/PetriNet.ecore,false,false,false,"parse: failed to parse modelset/raw-data/repo-ecore-all/data/NMFCode/ATL2NMFS/resources/PetriNet2Grafcet/PetriNet.ecore: unexpected content at package level line 2, column 1 current parser state: | `<xmi:XMI xmi:version=""2.0"" xmlns:xmi=""http://www.omg.org/XMI"" xmlns:xsi=""http://www.w3.org/2001/XMLSchema-instance"" xmlns:ecore=""http://www.eclipse.org/emf/2002/Ecore"">` | `  <ecore:EPackage name=""PetriNet"" nsURI=""http://www.eclipse.org/atl/atlTransformations/PetriNet"" nsPrefix=""PetriNet"">` parsing failed"
modelset/raw-data/repo-ecore-all/data/NMFCode/ATL2NMFS/resources/PetriNet2PathExp/PathExp.ecore,false,false,false,"parse: failed to parse modelset/raw-data/repo-ecore-all/data/NMFCode/ATL2NMFS/resources/PetriNet2PathExp/PathExp.ecore: unexpected content at package level line 2, column 1 current parser state: | `<xmi:XMI xmi:version=""2.0"" xmlns:xmi=""http://www.omg.org/XMI"" xmlns:xsi=""http://www.w3.org/2001/XMLSchema-instance"" xmlns:ecore=""http://www.eclipse.org/emf/2002/Ecore"">` | `  <ecore:EPackage name=""PathExp"" nsURI=""http://www.eclipse.org/atl/atlTransformations/PathExp"" nsPrefix=""PathExp"">` parsing failed"
modelset/raw-data/repo-ecore-all/data/NMFCode/ATL2NMFS/resources/PetriNet2PathExp/PetriNet.ecore,false,false,false,"parse: failed to parse modelset/raw-data/repo-ecore-all/data/NMFCode/ATL2NMFS/resources/PetriNet2PathExp/PetriNet.ecore: unexpected content at package level line 2, column 1 current parser state: | `<xmi:XMI xmi:version=""2.0"" xmlns:xmi=""http://www.omg.org/XMI"" xmlns:xsi=""http://www.w3.org/2001/XMLSchema-instance"" xmlns:ecore=""http://www.eclipse.org/emf/2002/Ecore"">` | `  <ecore:EPackage name=""PetriNet"" nsURI=""http://www.eclipse.org/atl/atlTransformations/PetriNet"" nsPrefix=""PetriNet"">` parsing failed"
modelset/raw-data/repo-ecore-all/data/NMFCode/ATL2NMFS/resources/PortV4/TypeA.ecore,false,false,false,"parse: failed to parse modelset/raw-data/repo-ecore-all/data/NMFCode/ATL2NMFS/resources/PortV4/TypeA.ecore: unexpected content at package level line 2, column 1 current parser state: | `<xmi:XMI xmi:version=""2.0"" xmlns:xmi=""http://www.omg.org/XMI"" xmlns:xsi=""http://www.w3.org/2001/XMLSchema-instance""` | `    xmlns:ecore=""http://www.eclipse.org/emf/2002/Ecore"">` parsing failed"
modelset/raw-data/repo-ecore-all/data/NMFCode/ATL2NMFS/resources/PortV4/TypeB.ecore,false,false,false,"parse: failed to parse modelset/raw-data/repo-ecore-all/data/NMFCode/ATL2NMFS/resources/PortV4/TypeB.ecore: unexpected content at package level line 2, column 1 current parser state: | `<xmi:XMI xmi:version=""2.0"" xmlns:xmi=""http://www.omg.org/XMI"" xmlns:xsi=""http://www.w3.org/2001/XMLSchema-instance""` | `    xmlns:ecore=""http://www.eclipse.org/emf/2002/Ecore"">` parsing failed"
modelset/raw-data/repo-ecore-all/data/NMFCode/ATL2NMFS/resources/TestTransformation/Families.ecore,false,false,false,"parse: failed to parse modelset/raw-data/repo-ecore-all/data/NMFCode/ATL2NMFS/resources/TestTransformation/Families.ecore: unexpected content at package level line 2, column 1 current parser state: | `<xmi:XMI xmi:version=""2.0"" xmlns:xmi=""http://www.omg.org/XMI"" xmlns:xsi=""http://www.w3.org/2001/XMLSchema-instance""` | `    xmlns:ecore=""http://www.eclipse.org/emf/2002/Ecore"">` parsing failed"
modelset/raw-data/repo-ecore-all/data/NMFCode/ATL2NMFS/resources/XML2Book/Book.ecore,false,false,false,"parse: failed to parse modelset/raw-data/repo-ecore-all/data/NMFCode/ATL2NMFS/resources/XML2Book/Book.ecore: unexpected content at package level line 2, column 1 current parser state: | `<xmi:XMI xmi:version=""2.0"" xmlns:xmi=""http://www.omg.org/XMI"" xmlns:xsi=""http://www.w3.org/2001/XMLSchema-instance"" xmlns:ecore=""http://www.eclipse.org/emf/2002/Ecore"">` | `  <ecore:EPackage name=""Book"" nsURI=""http://www.eclipse.org/atl/atlTransformations/Book"" nsPrefix=""Book"">` parsing failed"
modelset/raw-data/repo-ecore-all/data/NMFCode/NMF/Interop/EcoreInterop/Ecore.ecore,false,false,false,"parse: failed to parse modelset/raw-data/repo-ecore-all/data/NMFCode/NMF/Interop/EcoreInterop/Ecore.ecore: Missing attribute `eType` in structural feature `instanceClass` failed to parse structural features failed to parse class `EClassifier` line 120, column 57 current parser state: | `` | `      <eGenericType eClassifier=""#//EJavaClass"">` parsing failed"
modelset/raw-data/repo-ecore-all/data/NMFCode/NMF/Interop/EcoreInterop/XMLType.ecore,false,false,false,"parse: failed to parse modelset/raw-data/repo-ecore-all/data/NMFCode/NMF/Interop/EcoreInterop/XMLType.ecore: unexpected `eClassifiers` attribute `instanceClassName` line 4, column 101 current parser state: | `>` | `    <eAnnotations source=""http:///org/eclipse/emf/ecore/util/ExtendedMetaData"">` parsing failed"
modelset/raw-data/repo-ecore-all/data/NMFCode/NMF/Transformations/Tests/CodeGenerationTests/Families.ecore,true,true,true,
modelset/raw-data/repo-ecore-all/data/NMFCode/NMF/Transformations/Tests/CodeGenerationTests/Persons.ecore,true,true,true,
modelset/raw-data/repo-ecore-all/data/NMFCode/NMF/Transformations/Tests/CodeGenerationTests/Relational.ecore,false,false,false,"parse: failed to parse modelset/raw-data/repo-ecore-all/data/NMFCode/NMF/Transformations/Tests/CodeGenerationTests/Relational.ecore: unexpected content at package level line 2, column 1 current parser state: | `<xmi:XMI xmi:version=""2.0"" xmlns:xmi=""http://www.omg.org/XMI"" xmlns:xsi=""http://www.w3.org/2001/XMLSchema-instance""` | `    xmlns:ecore=""http://www.eclipse.org/emf/2002/Ecore"">` parsing failed"
modelset/raw-data/repo-ecore-all/data/NMFCode/NMFDemo/fsm.ecore,true,true,true,
modelset/raw-data/repo-ecore-all/data/NMFCode/NMFDemo/pn.ecore,true,true,true,
modelset/raw-data/repo-ecore-all/data/NMFCode/pyNMF/FiniteStateMachines.ecore,true,true,true,
modelset/raw-data/repo-ecore-all/data/NMO13/StategraphViewer/at.jku.ssw.cgi.backend/model/cgimodel.ecore,true,true,true,
modelset/raw-data/repo-ecore-all/data/NUIM-FM/asmig/test/RoyalAndLoyal.ecore,false,false,false,"parse: failed to parse modelset/raw-data/repo-ecore-all/data/NUIM-FM/asmig/test/RoyalAndLoyal.ecore: unknown builtit class URL `http://www.eclipse.org/emf/2002/Ecore#//EDoubleObject` failed to parse structural features failed to parse class `Transaction` line 29, column 147 current parser state: | `` | `    <eStructuralFeatures xsi:type=""ecore:EAttribute"" name=""points"" eType=""ecore:EDataType http://www.eclipse.org/emf/2002/Ecore#//EIntegerObject""/>` parsing failed"
modelset/raw-data/repo-ecore-all/data/NUIM-FM/asmig/test/bi_FSM.ecore,true,true,true,
modelset/raw-data/repo-ecore-all/data/NUIM-FM/asmig/test/model.ecore,false,false,false,"parse: failed to parse modelset/raw-data/repo-ecore-all/data/NUIM-FM/asmig/test/model.ecore: unexpected `eClassifiers` attribute `instanceClassName` line 104, column 99 current parser state: | `` | `      abstract=""true"" interface=""true""/>` parsing failed"
modelset/raw-data/repo-ecore-all/data/NanaEB/BA/EclipseWorkspace/org.kermeta.fsm.gmf/model/fsm.ecore,false,false,false,"parse: failed to parse modelset/raw-data/repo-ecore-all/data/NanaEB/BA/EclipseWorkspace/org.kermeta.fsm.gmf/model/fsm.ecore: unexpected structural feature attribute `eKeys` failed to parse structural features failed to parse class `FSM` line 6, column 66 current parser state: | `/>` | `    <eStructuralFeatures xsi:type=""ecore:EReference"" name=""intialState"" lowerBound=""1""` parsing failed"
modelset/raw-data/repo-ecore-all/data/NanaEB/BA/GMF.EMF.WS/org.kermeta.fsm.gmf/model/fsm.ecore,false,false,false,"parse: failed to parse modelset/raw-data/repo-ecore-all/data/NanaEB/BA/GMF.EMF.WS/org.kermeta.fsm.gmf/model/fsm.ecore: unexpected structural feature attribute `eKeys` failed to parse structural features failed to parse class `FSM` line 6, column 66 current parser state: | `/>` | `    <eStructuralFeatures xsi:type=""ecore:EReference"" name=""intialState"" lowerBound=""1""` parsing failed"
modelset/raw-data/repo-ecore-all/data/NanaEB/BA/not.combined.workspace/org.kermeta.fsm.gmf/model/fsm.ecore,false,false,false,"parse: failed to parse modelset/raw-data/repo-ecore-all/data/NanaEB/BA/not.combined.workspace/org.kermeta.fsm.gmf/model/fsm.ecore: unexpected structural feature attribute `eKeys` failed to parse structural features failed to parse class `FSM` line 6, column 66 current parser state: | `/>` | `    <eStructuralFeatures xsi:type=""ecore:EReference"" name=""intialState"" lowerBound=""1""` parsing failed"
modelset/raw-data/repo-ecore-all/data/NanaEB/jastemf/jastemf/org.jastemf.test/specifications/nta-test/model/testmodel.ecore,false,false,false,"parse: failed to parse modelset/raw-data/repo-ecore-all/data/NanaEB/jastemf/jastemf/org.jastemf.test/specifications/nta-test/model/testmodel.ecore: unexpected package content line 4, column 3 current parser state: | `<eSubpackages name=""ntas"" nsURI=""http://www.jastemf.org/test/ntas"" nsPrefix=""ntas"">` | `    <eClassifiers xsi:type=""ecore:EClass"" name=""Root"">` parsing failed"
modelset/raw-data/repo-ecore-all/data/NanaEB/jastemf/jastemf-examples/siple/org.jastemf.siple/specifications/siple/model/siple.ecore,false,false,false,"parse: failed to parse modelset/raw-data/repo-ecore-all/data/NanaEB/jastemf/jastemf-examples/siple/org.jastemf.siple/specifications/siple/model/siple.ecore: unknown builtit class URL `http://www.eclipse.org/emf/2002/Ecore#//EJavaObject` failed to parse class operation failed to parse class `Expression` line 87, column 107 current parser state: | `` | `      <eParameters name=""vm"" lowerBound=""1"" eType=""#//State""/>` parsing failed"
modelset/raw-data/repo-ecore-all/data/Nasdanika/bank/org.nasdanika.bank/model/bank.ecore,false,false,false,"parse: failed to parse modelset/raw-data/repo-ecore-all/data/Nasdanika/bank/org.nasdanika.bank/model/bank.ecore: expected tag `""` parsing a value for xml attribute `value` failed to parse package annotation line 8, column 723 current parser state: | `sial point of view.""/>` | `    <details key=""label_ru"" value=""Банк""/>` parsing failed"
modelset/raw-data/repo-ecore-all/data/NicolasBonet/ETLMetrics/Implementacion/src/co/edu/uniandes/badSmellsChecker/models/EOL.ecore,false,false,false,"parse: failed to parse modelset/raw-data/repo-ecore-all/data/NicolasBonet/ETLMetrics/Implementacion/src/co/edu/uniandes/badSmellsChecker/models/EOL.ecore: unknown builtit class URL `http://www.eclipse.org/emf/2002/Ecore#//EJavaObject` failed to parse structural features failed to parse class `NameExpression` line 136, column 27 current parser state: | `` | `    <eStructuralFeatures xsi:type=""ecore:EAttribute"" name=""isType"" lowerBound=""1""` parsing failed"
modelset/raw-data/repo-ecore-all/data/NicolasBonet/ETLMetrics/Implementacion/src/co/edu/uniandes/badSmellsChecker/models/Tree.ecore,false,false,false,"parse: failed to parse modelset/raw-data/repo-ecore-all/data/NicolasBonet/ETLMetrics/Implementacion/src/co/edu/uniandes/badSmellsChecker/models/Tree.ecore: unexpected package content line 13, column 1 current parser state: | `</ecore:EPackage>` parsing failed"
modelset/raw-data/repo-ecore-all/data/NicolasBonet/MMGrading/co.edu.uniandes.comparadorModelos/tests/JavaMMEstudiante2.ecore,true,true,true,
modelset/raw-data/repo-ecore-all/data/NicolasR/Facets4GWT---CustomizationGWT/org.eclipse.emf.gwt.ecore/model/Ecore.ecore,false,false,false,"parse: failed to parse modelset/raw-data/repo-ecore-all/data/NicolasR/Facets4GWT---CustomizationGWT/org.eclipse.emf.gwt.ecore/model/Ecore.ecore: Missing attribute `eType` in structural feature `instanceClass` failed to parse structural features failed to parse class `EClassifier` line 120, column 57 current parser state: | `` | `      <eGenericType eClassifier=""#//EJavaClass"">` parsing failed"
modelset/raw-data/repo-ecore-all/data/NicolasR/Facets4GWT---CustomizationGWT/org.eclipse.emf.gwt.ecore/model/XMLType.ecore,false,false,false,"parse: failed to parse modelset/raw-data/repo-ecore-all/data/NicolasR/Facets4GWT---CustomizationGWT/org.eclipse.emf.gwt.ecore/model/XMLType.ecore: unexpected `eClassifiers` attribute `instanceClassName` line 6, column 101 current parser state: | `>` | `    <eAnnotations source=""http:///org/eclipse/emf/ecore/util/ExtendedMetaData"">` parsing failed"
modelset/raw-data/repo-ecore-all/data/Nicopus/yawlnet/dk.dtu.compute.se.mdsu.model_from_java/model/petrinet.ecore,true,true,true,
modelset/raw-data/repo-ecore-all/data/Nicopus/yawlnet/dk.dtu.compute.se.mdsu.tutorial1/model/petrinet.ecore,true,true,true,
modelset/raw-data/repo-ecore-all/data/Nicotin3/while-project/whpp/org.xtext.whpp.mydsl/model/generated/Wh.ecore,true,true,true,
modelset/raw-data/repo-ecore-all/data/Nieo/tda593/room101/RootElement.ecore,false,false,false,"parse: failed to parse modelset/raw-data/repo-ecore-all/data/Nieo/tda593/room101/RootElement.ecore: unknown builtit class URL `types.ecore#//String` failed to parse structural features failed to parse class `Guest` line 6, column 70 current parser state: | `` | `    <eStructuralFeatures xsi:type=""ecore:EAttribute"" name=""nextDestination"" ordered=""false""` parsing failed"
modelset/raw-data/repo-ecore-all/data/Nika24/Xtext/org.xtext.example.entity/model/generated/Entity.ecore,true,true,true,
modelset/raw-data/repo-ecore-all/data/NishitShetty/m2m-quality/de.upb.m2m.quality.casestudies/metamodel/MOMCompletion/pcm.ecore,false,false,false,"parse: failed to parse modelset/raw-data/repo-ecore-all/data/NishitShetty/m2m-quality/de.upb.m2m.quality.casestudies/metamodel/MOMCompletion/pcm.ecore: unexpected package content line 9, column 3 current parser state: | `<eSubpackages name=""core"" nsURI=""http://sdq.ipd.uka.de/PalladioComponentModel/Core/4.0""` | `      nsPrefix="""">` parsing failed"
modelset/raw-data/repo-ecore-all/data/NishitShetty/m2m-quality/de.upb.m2m.quality.casestudies/metamodel/UML2RDBMS/SimpleUML.ecore,true,true,true,
modelset/raw-data/repo-ecore-all/data/NishitShetty/m2m-quality/de.upb.m2m.quality.casestudies/metamodel/tmp/EMOF.ecore,false,false,false,"parse: failed to parse modelset/raw-data/repo-ecore-all/data/NishitShetty/m2m-quality/de.upb.m2m.quality.casestudies/metamodel/tmp/EMOF.ecore: unexpected package attribute `xmi:id` expected one of `name` `nsURI` `nsPrefix` `xmi:version` `xmlns:xmi` `xmlns:xsi` `xmlns:ecore` line 5, column 5 current parser state: | `name=""EMOF"" nsURI=""http://schema.omg.org/spec/MOF/2.0/emof.xml"" nsPrefix=""emof"">` | `  <eClassifiers xsi:type=""ecore:EDataType"" xmi:id=""PrimitiveTypes.Boolean"" name=""Boolean""` parsing failed"
modelset/raw-data/repo-ecore-all/data/NishitShetty/m2m-quality/de.upb.m2m.quality.casestudies/metamodel/tmp/EssentialOCL.ecore,false,false,false,"parse: failed to parse modelset/raw-data/repo-ecore-all/data/NishitShetty/m2m-quality/de.upb.m2m.quality.casestudies/metamodel/tmp/EssentialOCL.ecore: unexpected package attribute `xmi:id` expected one of `name` `nsURI` `nsPrefix` `xmi:version` `xmlns:xmi` `xmlns:xsi` `xmlns:ecore` line 5, column 5 current parser state: | `name=""EssentialOCL"" nsURI=""http://schema.omg.org/spec/QVT/1.0/essentialocl.xml""` | `    nsPrefix=""essentialocl"">` parsing failed"
modelset/raw-data/repo-ecore-all/data/Obeo/emf.compare.acceptance.tests/plugins/emf.compare.arrays/model/types.ecore,false,false,false,"parse: failed to parse modelset/raw-data/repo-ecore-all/data/Obeo/emf.compare.acceptance.tests/plugins/emf.compare.arrays/model/types.ecore: unknown builtit class URL `http://www.eclipse.org/emf/2002/Ecore#//EIntegerObject` failed to parse structural features failed to parse class `SingleTypes` line 11, column 36 current parser state: | `` | `    <eStructuralFeatures xsi:type=""ecore:EAttribute"" name=""long"" ordered=""false"" eType=""ecore:EDataType http://www.eclipse.org/emf/2002/Ecore#//ELong""` parsing failed"
modelset/raw-data/repo-ecore-all/data/Obeo/emf.compare.acceptance.tests/workspace/DynamicEMF/bug389810/test.ecore,true,true,true,
modelset/raw-data/repo-ecore-all/data/ObeoNetwork/BPMN-Designer/plugins/org.obeonetwork.dsl.bpmn2/model/BPMN20.ecore,false,false,false,"parse: failed to parse modelset/raw-data/repo-ecore-all/data/ObeoNetwork/BPMN-Designer/plugins/org.obeonetwork.dsl.bpmn2/model/BPMN20.ecore: expected tag `>` failed to parse package annotation line 5, column 66 current parser state: | `references=""#//BaseElement/description #//Process/decomposedBy #//Process/decomposes""/>` | `  <eClassifiers xsi:type=""ecore:EClass"" name=""Interface"" eSuperTypes=""#//RootElement"">` parsing failed"
modelset/raw-data/repo-ecore-all/data/ObeoNetwork/Database-Designer/plugins/org.obeonetwork.dsl.database/model/database.ecore,false,false,false,"parse: failed to parse modelset/raw-data/repo-ecore-all/data/ObeoNetwork/Database-Designer/plugins/org.obeonetwork.dsl.database/model/database.ecore: unsupported `eType` path `ecore:EClass ../../org.obeonetwork.dsl.typeslibrary/model/typeslibrary.ecore#//UserDefinedTypesLibrary` failed to parse structural features failed to parse class `DataBase` line 16, column 29 current parser state: | `` | `  </eClassifiers>` parsing failed"
modelset/raw-data/repo-ecore-all/data/ObeoNetwork/GraphQLEMF/src/main/resources/metamodels/BPMN20.ecore,false,false,false,"parse: failed to parse modelset/raw-data/repo-ecore-all/data/ObeoNetwork/GraphQLEMF/src/main/resources/metamodels/BPMN20.ecore: expected tag `>` failed to parse package annotation line 5, column 66 current parser state: | `references=""#//BaseElement/description #//Process/decomposedBy #//Process/decomposes""/>` | `  <eClassifiers xsi:type=""ecore:EClass"" name=""Interface"" eSuperTypes=""#//RootElement"">` parsing failed"
modelset/raw-data/repo-ecore-all/data/ObeoNetwork/GraphQLEMF/src/main/resources/metamodels/DI.ecore,false,false,false,"parse: failed to parse modelset/raw-data/repo-ecore-all/data/ObeoNetwork/GraphQLEMF/src/main/resources/metamodels/DI.ecore: unsupported `eType` path `ecore:EClass http://www.eclipse.org/emf/2002/Ecore#//EObject` failed to parse structural features failed to parse class `DiagramElement` line 16, column 42 current parser state: | `` | `    <eStructuralFeatures xsi:type=""ecore:EReference"" name=""style"" ordered=""false""` parsing failed"
modelset/raw-data/repo-ecore-all/data/ObeoNetwork/InformationSystem/models/database/plugins/org.obeonetwork.dsl.database/model/database.ecore,false,false,false,"parse: failed to parse modelset/raw-data/repo-ecore-all/data/ObeoNetwork/InformationSystem/models/database/plugins/org.obeonetwork.dsl.database/model/database.ecore: unsupported `eType` path `ecore:EClass ../../org.obeonetwork.dsl.typeslibrary/model/typeslibrary.ecore#//UserDefinedTypesLibrary` failed to parse structural features failed to parse class `DataBase` line 27, column 28 current parser state: | `` | `      <eAnnotations source=""http://www.eclipse.org/emf/2002/GenModel"">` parsing failed"
modelset/raw-data/repo-ecore-all/data/ObeoNetwork/JSVisualisationEMF/resources/meta-models/BPMN20.ecore,false,false,false,"parse: failed to parse modelset/raw-data/repo-ecore-all/data/ObeoNetwork/JSVisualisationEMF/resources/meta-models/BPMN20.ecore: expected tag `>` failed to parse package annotation line 5, column 66 current parser state: | `references=""#//BaseElement/description #//Process/decomposedBy #//Process/decomposes""/>` | `  <eClassifiers xsi:type=""ecore:EClass"" name=""Interface"" eSuperTypes=""#//RootElement"">` parsing failed"
modelset/raw-data/repo-ecore-all/data/ObeoNetwork/JSVisualisationEMF/resources/meta-models/family.ecore,true,true,true,
modelset/raw-data/repo-ecore-all/data/ObeoNetwork/Robots-Designer-Tutorial/Step0-Initial/fr.obeo.dsl.tuto.mindstorms/model/mindstorms.ecore,true,true,true,
modelset/raw-data/repo-ecore-all/data/ObeoNetwork/SPEM-Designer/org.obeonetwork.dsl.spem/model/spem2.ecore,false,false,false,"parse: failed to parse modelset/raw-data/repo-ecore-all/data/ObeoNetwork/SPEM-Designer/org.obeonetwork.dsl.spem/model/spem2.ecore: unknown builtit class URL `http://www.eclipse.org/emf/2002/Ecore#//EDate` failed to parse structural features failed to parse class `DescribableElement` line 172, column 143 current parser state: | `` | `    <eStructuralFeatures xsi:type=""ecore:EAttribute"" name=""changeDescription"" eType=""ecore:EDataType http://www.eclipse.org/emf/2002/Ecore#//EString""/>` parsing failed"
modelset/raw-data/repo-ecore-all/data/ObeoNetwork/TOGAF-Designer/plugins/org.obeonetwork.dsl.togaf.contentfwk/model/contentfwk.ecore,false,false,false,"parse: failed to parse modelset/raw-data/repo-ecore-all/data/ObeoNetwork/TOGAF-Designer/plugins/org.obeonetwork.dsl.togaf.contentfwk/model/contentfwk.ecore: unknown builtit class URL `http://www.eclipse.org/emf/2002/Ecore#//EDate` failed to parse structural features failed to parse class `PhysicalApplicationComponent` line 620, column 148 current parser state: | `` | `    <eStructuralFeatures xsi:type=""ecore:EAttribute"" name=""dateOfLastRelease"" eType=""ecore:EDataType http://www.eclipse.org/emf/2002/Ecore#//EDate""/>` parsing failed"
modelset/raw-data/repo-ecore-all/data/OldJerryLee/LP-Scheme/org.xtext.example.mydsl/model/generated/MyDsl.ecore,true,true,true,
modelset/raw-data/repo-ecore-all/data/OpenRTM/OpenRTP-aist/jp.go.aist.rtm.toolscommon/src/jp/go/aist/rtm/toolscommon/model/component.ecore,false,false,false,"parse: failed to parse modelset/raw-data/repo-ecore-all/data/OpenRTM/OpenRTP-aist/jp.go.aist.rtm.toolscommon/src/jp/go/aist/rtm/toolscommon/model/component.ecore: unsupported `eType` path `core.ecore#//ModelElement` line 24, column 18 current parser state: | `` | `  <eClassifiers xsi:type=""ecore:EClass"" name=""Component"" abstract=""true"" eSuperTypes=""core.ecore#//WrapperObject #//IPropertyMap"">` parsing failed"
modelset/raw-data/repo-ecore-all/data/OpenSemanticsIO/semiotics-main/bundles/io.opensemantics.semiotics.model.assessment/model/assessment.ecore,false,false,false,"parse: failed to parse modelset/raw-data/repo-ecore-all/data/OpenSemanticsIO/semiotics-main/bundles/io.opensemantics.semiotics.model.assessment/model/assessment.ecore: unexpected class content failed to parse class `Graph` line 132, column 5 current parser state: | `<eTypeParameters name=""T"">` | `      <eBounds eClassifier=""#//Node""/>` parsing failed"
modelset/raw-data/repo-ecore-all/data/OpenSoftwareSolutions/PDFReporter-Studio/com.jaspersoft.studio.data.sql/src-gen/com/jaspersoft/studio/data/Sql.ecore,false,false,false,"parse: failed to parse modelset/raw-data/repo-ecore-all/data/OpenSoftwareSolutions/PDFReporter-Studio/com.jaspersoft.studio.data.sql/src-gen/com/jaspersoft/studio/data/Sql.ecore: unknown builtit class URL `http://www.eclipse.org/emf/2002/Ecore#//EBigDecimal` failed to parse structural features failed to parse class `ScalarOperand` line 248, column 144 current parser state: | `` | `    <eStructuralFeatures xsi:type=""ecore:EAttribute"" name=""sodate"" eType=""ecore:EDataType http://www.eclipse.org/emf/2002/Ecore#//EDate""/>` parsing failed"
modelset/raw-data/repo-ecore-all/data/Optimus13/statemachine_dsl/fsm_tp/model/fsm_tp.ecore,true,true,true,
modelset/raw-data/repo-ecore-all/data/OsmoseEU/OSMOSE_OpenPlatform/OSM_BPM/workspace/org.msee.slmtoolbox.modeling.model/model/bpmn.ecore,false,false,false,"parse: failed to parse modelset/raw-data/repo-ecore-all/data/OsmoseEU/OSMOSE_OpenPlatform/OSM_BPM/workspace/org.msee.slmtoolbox.modeling.model/model/bpmn.ecore: unknown builtit class URL `http://www.eclipse.org/emf/2003/XMLType#//Boolean` failed to parse structural features failed to parse class `Activity` line 33, column 27 current parser state: | `` | `      <eAnnotations source=""http:///org/eclipse/emf/ecore/util/ExtendedMetaData"">` parsing failed"
modelset/raw-data/repo-ecore-all/data/OszkarSemerath/ModelLearning/viatrasolver.learning.domains/metamodels/Family.ecore,true,true,true,
modelset/raw-data/repo-ecore-all/data/Overruler/eclipse.emf/tests/org.eclipse.emf.test.databinding/model/EMFDB.ecore,false,false,false,"parse: failed to parse modelset/raw-data/repo-ecore-all/data/Overruler/eclipse.emf/tests/org.eclipse.emf.test.databinding/model/EMFDB.ecore: unexpected `eClassifiers` attribute `instanceClassName` line 16, column 89 current parser state: | `>` | `    <eStructuralFeatures xsi:type=""ecore:EAttribute"" name=""key"" eType=""ecore:EDataType http://www.eclipse.org/emf/2002/Ecore#//EString""/>` parsing failed"
modelset/raw-data/repo-ecore-all/data/Overruler/org.eclipse.emf/examples/org.eclipse.emf.examples.databinding.project.core.model/model/Project.ecore,false,false,false,"parse: failed to parse modelset/raw-data/repo-ecore-all/data/Overruler/org.eclipse.emf/examples/org.eclipse.emf.examples.databinding.project.core.model/model/Project.ecore: unknown builtit class URL `http://www.eclipse.org/emf/2002/Ecore#//EDate` failed to parse structural features failed to parse class `Project` line 22, column 138 current parser state: | `` | `    <eStructuralFeatures xsi:type=""ecore:EAttribute"" name=""end"" eType=""ecore:EDataType http://www.eclipse.org/emf/2002/Ecore#//EDate""/>` parsing failed"
modelset/raw-data/repo-ecore-all/data/Overruler/org.eclipse.emf/plugins/org.eclipse.emf.edit/model/Tree.ecore,false,false,false,"parse: failed to parse modelset/raw-data/repo-ecore-all/data/Overruler/org.eclipse.emf/plugins/org.eclipse.emf.edit/model/Tree.ecore: unsupported `eType` path `ecore:EClass ../../org.eclipse.emf.ecore/model/Ecore.ecore#//EObject` failed to parse structural features failed to parse class `TreeNode` line 11, column 159 current parser state: | `` | `  </eClassifiers>` parsing failed"
modelset/raw-data/repo-ecore-all/data/Overruler/org.eclipse.emf/tests/org.eclipse.emf.test.core/src/org/eclipse/emf/test/core/extmetadata/extmetadata.ecore,true,true,true,
modelset/raw-data/repo-ecore-all/data/Overruler/org.eclipse.emf/tests/org.eclipse.emf.test.examples/data/htmlExporter/multipackage_library.ecore,false,false,false,"parse: failed to parse modelset/raw-data/repo-ecore-all/data/Overruler/org.eclipse.emf/tests/org.eclipse.emf.test.examples/data/htmlExporter/multipackage_library.ecore: unexpected operation attribute `eExceptions` failed to parse class operation failed to parse class `Library` line 54, column 66 current parser state: | `>` | `      <eAnnotations source=""http://www.eclipse.org/emf/2002/GenModel"">` parsing failed"
modelset/raw-data/repo-ecore-all/data/Overruler/org.eclipse.emf/tests/org.eclipse.emf.test.tools/data/ant.expected/models/1.4_5.0/reload/library.xsd/emf/library.ecore,false,false,false,"parse: failed to parse modelset/raw-data/repo-ecore-all/data/Overruler/org.eclipse.emf/tests/org.eclipse.emf.test.tools/data/ant.expected/models/1.4_5.0/reload/library.xsd/emf/library.ecore: unknown builtit class URL `http://www.eclipse.org/emf/2003/XMLType#//String` failed to parse structural features failed to parse class `Book` line 9, column 155 current parser state: | `` | `      <eAnnotations source=""http:///org/eclipse/emf/ecore/util/ExtendedMetaData"">` parsing failed"
modelset/raw-data/repo-ecore-all/data/Overruler/org.eclipse.emf/tests/org.eclipse.emf.test.xml/data/ecore/Ecore.ecore,false,false,false,"parse: failed to parse modelset/raw-data/repo-ecore-all/data/Overruler/org.eclipse.emf/tests/org.eclipse.emf.test.xml/data/ecore/Ecore.ecore: unexpected `eClassifiers` attribute `instanceClassName` line 220, column 103 current parser state: | `/>` | `  <eClassifiers xsi:type=""ecore:EDataType"" name=""EBigInteger"" instanceClassName=""java.math.BigInteger""/>` parsing failed"
modelset/raw-data/repo-ecore-all/data/Overruler/org.eclipse.mylyn.builds/org.eclipse.mylyn.builds.core/models/builds.ecore,false,false,false,"parse: failed to parse modelset/raw-data/repo-ecore-all/data/Overruler/org.eclipse.mylyn.builds/org.eclipse.mylyn.builds.core/models/builds.ecore: unexpected `eClassifiers` attribute `instanceClassName` line 6, column 122 current parser state: | `/>` | `  <eClassifiers xsi:type=""ecore:EDataType"" name=""BuildStatus"" instanceClassName=""org.eclipse.mylyn.builds.core.BuildStatus""/>` parsing failed"
modelset/raw-data/repo-ecore-all/data/P1erreGaultier/SmallUML/SmallUML/model/smalluml.ecore,true,true,true,
modelset/raw-data/repo-ecore-all/data/PSI-Polska/teneo/hibernate/org.eclipse.emf.teneo.hibernate.examples/model/extlibrary.ecore,false,false,false,"parse: failed to parse modelset/raw-data/repo-ecore-all/data/PSI-Polska/teneo/hibernate/org.eclipse.emf.teneo.hibernate.examples/model/extlibrary.ecore: unknown builtit class URL `http://www.eclipse.org/emf/2002/Ecore#//EFeatureMapEntry` failed to parse structural features failed to parse class `Library` line 47, column 90 current parser state: | `` | `      <eAnnotations source=""http:///org/eclipse/emf/ecore/util/ExtendedMetaData"">` parsing failed"
modelset/raw-data/repo-ecore-all/data/PSI-Polska/teneo/tests/org.eclipse.emf.teneo.samples/src/org/eclipse/emf/teneo/samples/emf/annotations/attroverridesecondarytable/model/overridesecondarytable.ecore,true,true,true,
modelset/raw-data/repo-ecore-all/data/PSI-Polska/teneo/tests/org.eclipse.emf.teneo.samples/src/org/eclipse/emf/teneo/samples/emf/annotations/column/model/column.ecore,false,false,false,"parse: failed to parse modelset/raw-data/repo-ecore-all/data/PSI-Polska/teneo/tests/org.eclipse.emf.teneo.samples/src/org/eclipse/emf/teneo/samples/emf/annotations/column/model/column.ecore: unknown builtit class URL `http://www.eclipse.org/emf/2003/XMLType#//String` failed to parse structural features failed to parse class `Book` line 13, column 155 current parser state: | `` | `      <eAnnotations source=""teneo.jpa"">` parsing failed"
modelset/raw-data/repo-ecore-all/data/PSI-Polska/teneo/tests/org.eclipse.emf.teneo.samples/src/org/eclipse/emf/teneo/samples/emf/annotations/extralazy/model/extralazy.ecore,false,false,false,"parse: failed to parse modelset/raw-data/repo-ecore-all/data/PSI-Polska/teneo/tests/org.eclipse.emf.teneo.samples/src/org/eclipse/emf/teneo/samples/emf/annotations/extralazy/model/extralazy.ecore: unknown builtit class URL `http://www.eclipse.org/emf/2003/XMLType#//String` failed to parse structural features failed to parse class `Book` line 10, column 155 current parser state: | `` | `      <eAnnotations source=""http:///org/eclipse/emf/ecore/util/ExtendedMetaData"">` parsing failed"
modelset/raw-data/repo-ecore-all/data/PSI-Polska/teneo/tests/org.eclipse.emf.teneo.samples/src/org/eclipse/emf/teneo/samples/emf/annotations/lazy/model/lazy.ecore,false,false,false,"parse: failed to parse modelset/raw-data/repo-ecore-all/data/PSI-Polska/teneo/tests/org.eclipse.emf.teneo.samples/src/org/eclipse/emf/teneo/samples/emf/annotations/lazy/model/lazy.ecore: unknown builtit class URL `http://www.eclipse.org/emf/2003/XMLType#//String` failed to parse structural features failed to parse class `Book` line 12, column 82 current parser state: | `` | `      <eAnnotations source=""http:///org/eclipse/emf/ecore/util/ExtendedMetaData"">` parsing failed"
modelset/raw-data/repo-ecore-all/data/PSI-Polska/teneo/tests/org.eclipse.emf.teneo.samples/src/org/eclipse/emf/teneo/samples/emf/annotations/mapkey/model/mapkey.ecore,false,false,false,"parse: failed to parse modelset/raw-data/repo-ecore-all/data/PSI-Polska/teneo/tests/org.eclipse.emf.teneo.samples/src/org/eclipse/emf/teneo/samples/emf/annotations/mapkey/model/mapkey.ecore: unknown builtit class URL `http://www.eclipse.org/emf/2003/XMLType#//String` failed to parse structural features failed to parse class `Book` line 12, column 82 current parser state: | `` | `      <eAnnotations source=""http:///org/eclipse/emf/ecore/util/ExtendedMetaData"">` parsing failed"
modelset/raw-data/repo-ecore-all/data/PSI-Polska/teneo/tests/org.eclipse.emf.teneo.samples/src/org/eclipse/emf/teneo/samples/emf/sample/employee/model/employee.ecore,false,false,false,"parse: failed to parse modelset/raw-data/repo-ecore-all/data/PSI-Polska/teneo/tests/org.eclipse.emf.teneo.samples/src/org/eclipse/emf/teneo/samples/emf/sample/employee/model/employee.ecore: unexpected `eClassifiers` attribute `instanceClassName` line 9, column 90 current parser state: | `>` | `    <eAnnotations source=""http:///org/eclipse/emf/ecore/util/ExtendedMetaData"">` parsing failed"
modelset/raw-data/repo-ecore-all/data/PSI-Polska/teneo/tests/org.eclipse.emf.teneo.samples/src/org/eclipse/emf/teneo/samples/emf/sample/epo2/model/ExtendedPO2.ecore,false,false,false,"parse: failed to parse modelset/raw-data/repo-ecore-all/data/PSI-Polska/teneo/tests/org.eclipse.emf.teneo.samples/src/org/eclipse/emf/teneo/samples/emf/sample/epo2/model/ExtendedPO2.ecore: unexpected `eClassifiers` attribute `instanceClassName` line 22, column 91 current parser state: | `/>` | `  <eClassifiers xsi:type=""ecore:EDataType"" name=""Date"" instanceClassName=""java.util.Date""/>` parsing failed"
modelset/raw-data/repo-ecore-all/data/PSI-Polska/teneo/tests/org.eclipse.emf.teneo.samples/src/org/eclipse/emf/teneo/samples/emf/sample/library/library.ecore,false,false,false,"parse: failed to parse modelset/raw-data/repo-ecore-all/data/PSI-Polska/teneo/tests/org.eclipse.emf.teneo.samples/src/org/eclipse/emf/teneo/samples/emf/sample/library/library.ecore: unknown builtit class URL `http://www.eclipse.org/emf/2003/XMLType#//String` failed to parse structural features failed to parse class `Book` line 12, column 82 current parser state: | `` | `      <eAnnotations source=""http:///org/eclipse/emf/ecore/util/ExtendedMetaData"">` parsing failed"
modelset/raw-data/repo-ecore-all/data/PSI-Polska/teneo/tests/org.eclipse.emf.teneo.samples/src/org/eclipse/emf/teneo/samples/issues/nocollectionowner/model/nocollectionowner.ecore,false,false,false,"parse: failed to parse modelset/raw-data/repo-ecore-all/data/PSI-Polska/teneo/tests/org.eclipse.emf.teneo.samples/src/org/eclipse/emf/teneo/samples/issues/nocollectionowner/model/nocollectionowner.ecore: unknown builtit class URL `http://www.eclipse.org/emf/2002/Ecore#//EIntegerObject` failed to parse structural features failed to parse class `Product` line 8, column 148 current parser state: | `` | `    <eStructuralFeatures xsi:type=""ecore:EAttribute"" name=""description"" eType=""ecore:EDataType http://www.eclipse.org/emf/2002/Ecore#//EString""/>` parsing failed"
modelset/raw-data/repo-ecore-all/data/PSI-Polska/teneo/tests/org.eclipse.emf.teneo.samples/src/org/eclipse/emf/teneo/samples/issues/resourceunload/model/resourceunload.ecore,false,false,false,"parse: failed to parse modelset/raw-data/repo-ecore-all/data/PSI-Polska/teneo/tests/org.eclipse.emf.teneo.samples/src/org/eclipse/emf/teneo/samples/issues/resourceunload/model/resourceunload.ecore: unknown builtit class URL `http://www.eclipse.org/emf/2003/XMLType#//String` failed to parse structural features failed to parse class `Book` line 11, column 155 current parser state: | `` | `      <eAnnotations source=""http:///org/eclipse/emf/ecore/util/ExtendedMetaData"">` parsing failed"
modelset/raw-data/repo-ecore-all/data/PSI-Polska/teneo/tests/org.eclipse.emf.teneo.samples/test/bz288963.ecore,false,false,false,"parse: failed to parse modelset/raw-data/repo-ecore-all/data/PSI-Polska/teneo/tests/org.eclipse.emf.teneo.samples/test/bz288963.ecore: unknown builtit class URL `http://www.eclipse.org/emf/2003/XMLType#//String` failed to parse structural features failed to parse class `Book` line 26, column 50 current parser state: | `` | `      <eAnnotations source=""http:///org/eclipse/emf/ecore/util/ExtendedMetaData"">` parsing failed"
modelset/raw-data/repo-ecore-all/data/PSI-Polska/teneo/tests/org.eclipse.emf.teneo.samples/test/eavlibrary.ecore,false,false,false,"parse: failed to parse modelset/raw-data/repo-ecore-all/data/PSI-Polska/teneo/tests/org.eclipse.emf.teneo.samples/test/eavlibrary.ecore: unknown builtit class URL `http://www.eclipse.org/emf/2003/XMLType#//ID` failed to parse structural features failed to parse class `Book` line 12, column 19 current parser state: | `` | `      <eAnnotations source=""http:///org/eclipse/emf/ecore/util/ExtendedMetaData"">` parsing failed"
modelset/raw-data/repo-ecore-all/data/PSI-Polska/teneo/tests/org.eclipse.emf.teneo.samples/test/tree.ecore,false,false,false,"parse: failed to parse modelset/raw-data/repo-ecore-all/data/PSI-Polska/teneo/tests/org.eclipse.emf.teneo.samples/test/tree.ecore: unknown builtit class URL `http://www.eclipse.org/emf/2003/XMLType#//String` failed to parse structural features failed to parse class `BigTree` line 14, column 154 current parser state: | `` | `      <eAnnotations source=""http:///org/eclipse/emf/ecore/util/ExtendedMetaData"">` parsing failed"
modelset/raw-data/repo-ecore-all/data/PSI-Polska/texo/runtime/org.eclipse.emf.texo.demo/model/accounting.ecore,false,false,false,"parse: failed to parse modelset/raw-data/repo-ecore-all/data/PSI-Polska/texo/runtime/org.eclipse.emf.texo.demo/model/accounting.ecore: unknown builtit class URL `http://www.eclipse.org/emf/2003/XMLType#//String` failed to parse structural features failed to parse class `Account` line 12, column 82 current parser state: | `` | `      <eAnnotations source=""http:///org/eclipse/emf/ecore/util/ExtendedMetaData"">` parsing failed"
modelset/raw-data/repo-ecore-all/data/PSI-Polska/texo/runtime/org.eclipse.emf.texo.demo/model/library.ecore,false,false,false,"parse: failed to parse modelset/raw-data/repo-ecore-all/data/PSI-Polska/texo/runtime/org.eclipse.emf.texo.demo/model/library.ecore: unsupported `eType` path `identifiable.ecore#//Identifiable` line 38, column 18 current parser state: | `` | `  <eClassifiers xsi:type=""ecore:EClass"" name=""Library"" eSuperTypes=""identifiable.ecore#//Identifiable"">` parsing failed"
modelset/raw-data/repo-ecore-all/data/PSI-Polska/texo/tests/org.eclipse.emf.texo.modelgenerator.test/src/org/eclipse/emf/texo/modelgenerator/test/models/issues/SubPackage.ecore,false,false,false,"parse: failed to parse modelset/raw-data/repo-ecore-all/data/PSI-Polska/texo/tests/org.eclipse.emf.texo.modelgenerator.test/src/org/eclipse/emf/texo/modelgenerator/test/models/issues/SubPackage.ecore: unexpected package content line 9, column 3 current parser state: | `<eSubpackages name=""sub1"" nsURI=""http://www.eclipse.org/emf/texo/test/model/issues/subpackage/sub1""` | `      nsPrefix=""sub1"">` parsing failed"
modelset/raw-data/repo-ecore-all/data/PSI-Polska/texo/tests/org.eclipse.emf.texo.modelgenerator.test/src/org/eclipse/emf/texo/modelgenerator/test/models/samples/emap.ecore,false,false,false,"parse: failed to parse modelset/raw-data/repo-ecore-all/data/PSI-Polska/texo/tests/org.eclipse.emf.texo.modelgenerator.test/src/org/eclipse/emf/texo/modelgenerator/test/models/samples/emap.ecore: unknown builtit class URL `http://www.eclipse.org/emf/2003/XMLType#//String` failed to parse structural features failed to parse class `Book` line 11, column 155 current parser state: | `` | `      <eAnnotations source=""http:///org/eclipse/emf/ecore/util/ExtendedMetaData"">` parsing failed"
modelset/raw-data/repo-ecore-all/data/PSI-Polska/texo/tests/org.eclipse.emf.texo.modelgenerator.test/src/org/eclipse/emf/texo/modelgenerator/test/models/samples/extlibrary.ecore,false,false,false,"parse: failed to parse modelset/raw-data/repo-ecore-all/data/PSI-Polska/texo/tests/org.eclipse.emf.texo.modelgenerator.test/src/org/eclipse/emf/texo/modelgenerator/test/models/samples/extlibrary.ecore: unknown builtit class URL `http://www.eclipse.org/emf/2002/Ecore#//EFeatureMapEntry` failed to parse structural features failed to parse class `Library` line 50, column 90 current parser state: | `` | `      <eAnnotations source=""http:///org/eclipse/emf/ecore/util/ExtendedMetaData"">` parsing failed"
modelset/raw-data/repo-ecore-all/data/PSI-Polska/texo/tests/org.eclipse.emf.texo.modelgenerator.test/src/org/eclipse/emf/texo/modelgenerator/test/models/samples/graphiti.ecore,false,false,false,"parse: failed to parse modelset/raw-data/repo-ecore-all/data/PSI-Polska/texo/tests/org.eclipse.emf.texo.modelgenerator.test/src/org/eclipse/emf/texo/modelgenerator/test/models/samples/graphiti.ecore: unexpected package content line 18, column 3 current parser state: | `<eSubpackages name=""pictograms"" nsURI=""http://eclipse.org/graphiti/mm/pictograms""` | `      nsPrefix=""pi"">` parsing failed"
modelset/raw-data/repo-ecore-all/data/PSI-Polska/texo/tests/org.eclipse.emf.texo.modelgenerator.test/src/org/eclipse/emf/texo/modelgenerator/test/models/samples/library.ecore,false,false,false,"parse: failed to parse modelset/raw-data/repo-ecore-all/data/PSI-Polska/texo/tests/org.eclipse.emf.texo.modelgenerator.test/src/org/eclipse/emf/texo/modelgenerator/test/models/samples/library.ecore: unsupported `eType` path `identifiable.ecore#//Identifiable` line 37, column 18 current parser state: | `` | `  <eClassifiers xsi:type=""ecore:EClass"" name=""Library"" eSuperTypes=""identifiable.ecore#//Identifiable"">` parsing failed"
modelset/raw-data/repo-ecore-all/data/PSI-Polska/texo/tests/org.eclipse.emf.texo.modelgenerator.test/src/org/eclipse/emf/texo/modelgenerator/test/models/samples/schoollibrary.ecore,false,false,false,"parse: failed to parse modelset/raw-data/repo-ecore-all/data/PSI-Polska/texo/tests/org.eclipse.emf.texo.modelgenerator.test/src/org/eclipse/emf/texo/modelgenerator/test/models/samples/schoollibrary.ecore: unsupported `eType` path `library.ecore#//Book` line 8, column 104 current parser state: | `` | `  <eClassifiers xsi:type=""ecore:EClass"" name=""SchoolLibrary"" eSuperTypes=""library.ecore#//Library"">` parsing failed"
modelset/raw-data/repo-ecore-all/data/PSI-Polska/texo/tests/org.eclipse.emf.texo.test.model/models/non-emf.ecore,false,false,false,"parse: failed to parse modelset/raw-data/repo-ecore-all/data/PSI-Polska/texo/tests/org.eclipse.emf.texo.test.model/models/non-emf.ecore: unexpected `eClassifiers` attribute `instanceClassName` line 6, column 101 current parser state: | `` | `      abstract=""true"" interface=""true""/>` parsing failed"
modelset/raw-data/repo-ecore-all/data/PSI-Polska/texo/tests/org.eclipse.emf.texo.test.model/models/samples/library.ecore,false,false,false,"parse: failed to parse modelset/raw-data/repo-ecore-all/data/PSI-Polska/texo/tests/org.eclipse.emf.texo.test.model/models/samples/library.ecore: unsupported `eType` path `identifiable.ecore#//Identifiable` line 38, column 18 current parser state: | `` | `  <eClassifiers xsi:type=""ecore:EClass"" name=""Library"" eSuperTypes=""identifiable.ecore#//Identifiable"">` parsing failed"
modelset/raw-data/repo-ecore-all/data/PacktPublishing/Implementing-Domain-Specific-Languages-with-Xtext-and-Xtend/org.example.customgreetings.parent/org.example.customgreetings/model/custom/Greetings.ecore,true,true,true,
modelset/raw-data/repo-ecore-all/data/PalladioSimulator/Palladio-Addons-SimuComExactSchedulers/bundles/de.uka.ipd.sdq.scheduler.configuration/model/Units.ecore,true,true,true,
modelset/raw-data/repo-ecore-all/data/PalladioSimulator/Palladio-Analyzer-Reliability/bundles/org.palladiosimulator.reliability.markov/model/markov.ecore,false,false,false,"parse: failed to parse modelset/raw-data/repo-ecore-all/data/PalladioSimulator/Palladio-Analyzer-Reliability/bundles/org.palladiosimulator.reliability.markov/model/markov.ecore: unexpected structural feature attribute `eKeys` failed to parse structural features failed to parse class `State` line 8, column 65 current parser state: | `/>` | `    <eStructuralFeatures xsi:type=""ecore:EAttribute"" name=""traces"" upperBound=""-1""` parsing failed"
modelset/raw-data/repo-ecore-all/data/PalladioSimulator/Palladio-Core-Commons/bundles/de.uka.ipd.sdq.units/model/Units.ecore,true,true,true,
modelset/raw-data/repo-ecore-all/data/PalladioSimulator/Palladio-ReverseEngineering-SoMoX-JaMoPP/bundles/org.somox.metrics.dsl/model/generated/MetricDSL.ecore,true,true,true,
modelset/raw-data/repo-ecore-all/data/PalladioSimulator/Palladio-Supporting-EclipseJavaDevelopmentTools/bundles/org.palladiosimulator.jdt.metamodel/model/javamodel.ecore,false,false,false,"parse: failed to parse modelset/raw-data/repo-ecore-all/data/PalladioSimulator/Palladio-Supporting-EclipseJavaDevelopmentTools/bundles/org.palladiosimulator.jdt.metamodel/model/javamodel.ecore: unexpected package attribute `xmi:id` expected one of `name` `nsURI` `nsPrefix` `xmi:version` `xmlns:xmi` `xmlns:xsi` `xmlns:ecore` line 3, column 90 current parser state: | `name=""javamodel"" nsURI=""http://www.palladiosimulator.org/javamodel""` | `    nsPrefix=""javamodel"">` parsing failed"
modelset/raw-data/repo-ecore-all/data/Parisoft/noop/org.parisoft.noop/model/generated/Noop.ecore,false,false,false,"parse: failed to parse modelset/raw-data/repo-ecore-all/data/Parisoft/noop/org.parisoft.noop/model/generated/Noop.ecore: unknown builtit class URL `http://www.eclipse.org/emf/2002/Ecore#//EIntegerObject` failed to parse structural features failed to parse class `ByteLiteral` line 296, column 147 current parser state: | `` | `  </eClassifiers>` parsing failed"
modelset/raw-data/repo-ecore-all/data/PatrickMazzuco/LinguagensT2-T3/trabalho2/model/generated/Ling.ecore,true,true,true,
modelset/raw-data/repo-ecore-all/data/PaulAtTUBS/MDSDWS1819/Workspaces/Development/edu.mdsd.mil/model/MIL.ecore,true,true,true,
modelset/raw-data/repo-ecore-all/data/PaulAtTUBS/MDSDWS1819/Workspaces/Development/edu.mdsd.mpl/model/MPL.ecore,true,true,true,
modelset/raw-data/repo-ecore-all/data/PhilMs/MDSD_Task5/ex5/de.wwu.pi.mdsd01.m2m/transforms/umlMM.ecore,true,true,true,
modelset/raw-data/repo-ecore-all/data/PhilMs/MDSD_Task5/mdsd01.exercise04/model/generated/MyDsl01.ecore,true,true,true,
modelset/raw-data/repo-ecore-all/data/PimJager/RobotDSL/RobotDSLMeta/mars.rover/model/generated/RoverDSL.ecore,true,true,true,
modelset/raw-data/repo-ecore-all/data/Pontesegger/eclipse-testview/org.eclipse.ui.testview/model/TestModel.ecore,false,false,false,"parse: failed to parse modelset/raw-data/repo-ecore-all/data/Pontesegger/eclipse-testview/org.eclipse.ui.testview/model/TestModel.ecore: unknown builtit class URL `http://www.eclipse.org/emf/2002/Ecore#//ELongObject` failed to parse class operation failed to parse class `TestElement` line 8, column 114 current parser state: | `` | `    <eOperations name=""getImageDescriptor"" eType=""#//ImageDescriptor""/>` parsing failed"
modelset/raw-data/repo-ecore-all/data/Pontesegger/eclipse-testview/org.eclipse.ui.testview.jdt/model/JUnitTest.ecore,false,false,false,"parse: failed to parse modelset/raw-data/repo-ecore-all/data/Pontesegger/eclipse-testview/org.eclipse.ui.testview.jdt/model/JUnitTest.ecore: unsupported `eType` path `../../org.eclipse.ui.testview/model/TestModel.ecore#//TestCaseElement` line 4, column 147 current parser state: | `` | `  <eClassifiers xsi:type=""ecore:EClass"" name=""JUnitTestSuite"" eSuperTypes=""../../org.eclipse.ui.testview/model/TestModel.ecore#//TestContainer""/>` parsing failed"
modelset/raw-data/repo-ecore-all/data/Poofix/TP-DSL-Gemoc/sources/fr.ut2j.tp01/model/tp01.ecore,true,true,true,
modelset/raw-data/repo-ecore-all/data/Pourfex/IMT_Model_To_Model_To_SQL-HTML/tp.fil/bin/tp/fil/resources/Data.ecore,true,true,true,
modelset/raw-data/repo-ecore-all/data/Ppanganiban/idmDrone/plugin/sar.drone/model/generated/Drn.ecore,true,true,true,
modelset/raw-data/repo-ecore-all/data/Quaaan/com.example.ppo/model/ppo.ecore,false,false,false,"parse: failed to parse modelset/raw-data/repo-ecore-all/data/Quaaan/com.example.ppo/model/ppo.ecore: unexpected `eClassifiers` attribute `instanceClassName` line 32, column 90 current parser state: | `/>` | `  <eClassifiers xsi:type=""ecore:EDataType"" name=""SKU"" instanceClassName=""java.lang.String""/>` parsing failed"
modelset/raw-data/repo-ecore-all/data/R0dr1g0/EstudoDeCaso/source/PiServiceComposition.ecore,false,false,false,"parse: failed to parse modelset/raw-data/repo-ecore-all/data/R0dr1g0/EstudoDeCaso/source/PiServiceComposition.ecore: expected tag `>` failed to parse class annotation failed to parse class `ActivityPartition` line 24, column 32 current parser state: | `references=""#//ActivityPartition"">` | `      <details key=""nodes"" value=""self.nodes->size()>0""/>` parsing failed"
modelset/raw-data/repo-ecore-all/data/RAHussaini/02341/dk.dtu.compute.mbse.petrinet/model/petrinet.ecore,true,true,true,
modelset/raw-data/repo-ecore-all/data/RFang1997/gls/src/PetriNet.ecore,false,false,false,"parse: failed to parse modelset/raw-data/repo-ecore-all/data/RFang1997/gls/src/PetriNet.ecore: expected tag `""` parsing a value for xml attribute `value` failed to parse class annotation failed to parse class `Arc` line 40, column 404 current parser state: | `)""/>` | `      <details key=""poidPositif"" value=""weight>=0""/>` parsing failed"
modelset/raw-data/repo-ecore-all/data/RFang1997/gls/src/SimplePDL.ecore,true,true,true,
modelset/raw-data/repo-ecore-all/data/RHEAGROUP/EcoreNetto/test/ECoreNetto.Tests/ecore.ecore,false,false,false,"parse: failed to parse modelset/raw-data/repo-ecore-all/data/RHEAGROUP/EcoreNetto/test/ECoreNetto.Tests/ecore.ecore: unexpected `eClassifiers` attribute `instanceClassName` line 4, column 104 current parser state: | `/>` | `  <eClassifiers xsi:type=""ecore:EClass"" name=""EAttribute"" eSuperTypes=""#//EStructuralFeature"">` parsing failed"
modelset/raw-data/repo-ecore-all/data/Racheast/AE_MQL/AE_MQL_WS/DMM/model/DMM.ecore,false,false,false,"parse: failed to parse modelset/raw-data/repo-ecore-all/data/Racheast/AE_MQL/AE_MQL_WS/DMM/model/DMM.ecore: Missing attribute `eType` in structural feature `name` failed to parse structural features failed to parse class `Person` line 4, column 81 current parser state: | `` | `      <eType xsi:type=""ecore:EDataType"" href=""http://www.eclipse.org/emf/2002/Ecore#//EString""/>` parsing failed"
modelset/raw-data/repo-ecore-all/data/Racheast/AE_MQL/AE_MQL_WS/Ecore Files/University.ecore,true,true,true,
modelset/raw-data/repo-ecore-all/data/Rajesh2015/DSL-using-Xtext-and-Xtend/org.xtext.example.mydsl/model/generated/MyDsl.ecore,true,true,true,
modelset/raw-data/repo-ecore-all/data/RazowSy/COMPILATION/org.xtext.compilation.whil/model/generated/MyDsl.ecore,false,false,false,"parse: failed to parse modelset/raw-data/repo-ecore-all/data/RazowSy/COMPILATION/org.xtext.compilation.whil/model/generated/MyDsl.ecore: unsupported `eType` path `ecore:EClass http://www.eclipse.org/emf/2002/Ecore#//EObject` failed to parse structural features failed to parse class `Commande` line 24, column 29 current parser state: | `` | `  </eClassifiers>` parsing failed"
modelset/raw-data/repo-ecore-all/data/ReEng/archimetrix/org.archimetrix.gast.java.generator/src/metamodel/gast.ecore,false,false,false,"parse: failed to parse modelset/raw-data/repo-ecore-all/data/ReEng/archimetrix/org.archimetrix.gast.java.generator/src/metamodel/gast.ecore: unexpected package content line 6, column 3 current parser state: | `<eSubpackages name=""statements"" nsURI=""http://www.fzi.de/gast/statements"" nsPrefix=""statements"">` | `    <eAnnotations source=""http://www.eclipse.org/emf/2002/GenModel"">` parsing failed"
modelset/raw-data/repo-ecore-all/data/ReEng/reclipse-emf/trunk/tests/org.reclipse.tests/model/tests.ecore,true,true,true,
modelset/raw-data/repo-ecore-all/data/ReEng/sdm-commons/plugins/de.mdelab.sdm.interpreter.core.executionTrace/model/executionTrace.ecore,false,false,false,"parse: failed to parse modelset/raw-data/repo-ecore-all/data/ReEng/sdm-commons/plugins/de.mdelab.sdm.interpreter.core.executionTrace/model/executionTrace.ecore: unexpected `eClassifiers` attribute `instanceClassName` line 5, column 96 current parser state: | `>` | `    <eTypeParameters name=""KeyType""/>` parsing failed"
modelset/raw-data/repo-ecore-all/data/ReEng/sdm-commons/plugins/org.fujaba.commons/design/notation.ecore,false,false,false,"parse: failed to parse modelset/raw-data/repo-ecore-all/data/ReEng/sdm-commons/plugins/org.fujaba.commons/design/notation.ecore: unsupported `eType` path `ecore:EClass http://www.eclipse.org/emf/2002/Ecore#//EObject` failed to parse structural features failed to parse class `DiagramElement` line 15, column 93 current parser state: | `` | `      <eAnnotations source=""http://www.eclipse.org/emf/2002/GenModel"">` parsing failed"
modelset/raw-data/repo-ecore-all/data/RedhawkSDR/gov.redhawk.core/plugins/gov.redhawk.eclipsecorba.idl/model/expressions.ecore,false,false,false,"parse: failed to parse modelset/raw-data/repo-ecore-all/data/RedhawkSDR/gov.redhawk.core/plugins/gov.redhawk.eclipsecorba.idl/model/expressions.ecore: unsupported `eType` path `idl.ecore#//FileRegion` line 15, column 113 current parser state: | `` | `  <eClassifiers xsi:type=""ecore:EClass"" name=""ConstExpression"" eSuperTypes=""#//Expression"">` parsing failed"
modelset/raw-data/repo-ecore-all/data/RedhawkSDR/gov.redhawk.core/plugins/gov.redhawk.eclipsecorba.idl/model/types.ecore,false,false,false,"parse: failed to parse modelset/raw-data/repo-ecore-all/data/RedhawkSDR/gov.redhawk.core/plugins/gov.redhawk.eclipsecorba.idl/model/types.ecore: unsupported `eType` path `idl.ecore#//TypedElement` line 16, column 119 current parser state: | `` | `  <eClassifiers xsi:type=""ecore:EClass"" name=""VoidType"" eSuperTypes=""idl.ecore#//IdlType""/>` parsing failed"
modelset/raw-data/repo-ecore-all/data/Reitzner/xtextmaven/com.agcs.eim.datastore.parent/com.agcs.eim.datastore/model/generated/Datavault.ecore,true,true,true,
modelset/raw-data/repo-ecore-all/data/RemcodM/thesis-ecore-groove-formalisation/other/ecore/introduction.ecore,true,true,true,
modelset/raw-data/repo-ecore-all/data/RenanGreca/SmartFireAlarm/OSATE-AADL2_projects/osate/src/aadl2/impl/aadl2.ecore,false,false,false,"parse: failed to parse modelset/raw-data/repo-ecore-all/data/RenanGreca/SmartFireAlarm/OSATE-AADL2_projects/osate/src/aadl2/impl/aadl2.ecore: unexpected operation attribute `ordered` failed to parse class operation failed to parse class `Element` line 8, column 49 current parser state: | ` lowerBound=""1"" eType=""#//Element""/>` | `    <eStructuralFeatures xsi:type=""ecore:EReference"" name=""ownedElement"" ordered=""false""` parsing failed"
modelset/raw-data/repo-ecore-all/data/RenatoEly/Compiladores/org.xtext.example.compilador/model/generated/MyDsl.ecore,false,false,false,"parse: failed to parse modelset/raw-data/repo-ecore-all/data/RenatoEly/Compiladores/org.xtext.example.compilador/model/generated/MyDsl.ecore: unsupported `eType` path `ecore:EClass http://www.eclipse.org/emf/2002/Ecore#//EObject` failed to parse structural features failed to parse class `iteration_statement` line 485, column 29 current parser state: | `` | `    <eStructuralFeatures xsi:type=""ecore:EReference"" name=""statement"" eType=""#//statement""` parsing failed"
modelset/raw-data/repo-ecore-all/data/ReoLanguage/ECT/src/ea-core/org.ect.ea/model/ea.ecore,false,false,false,"parse: failed to parse modelset/raw-data/repo-ecore-all/data/ReoLanguage/ECT/src/ea-core/org.ect.ea/model/ea.ecore: unexpected package content line 4, column 3 current parser state: | `<eSubpackages name=""automata"" nsURI=""http://www.cwi.nl/ea/automata"" nsPrefix=""org.ect.ea.automata"">` | `    <eClassifiers xsi:type=""ecore:EClass"" name=""Automaton"" eSuperTypes=""#//extensions/ExtendibleElement"">` parsing failed"
modelset/raw-data/repo-ecore-all/data/Repast/repast.simphony/repast.simphony.statecharts.model/model/statechart.ecore,true,true,true,
modelset/raw-data/repo-ecore-all/data/RepreZen/RAPID-ML/com.reprezen.rapidml.model/src/main/resources/model/RapidML.ecore,false,false,false,"parse: failed to parse modelset/raw-data/repo-ecore-all/data/RepreZen/RAPID-ML/com.reprezen.rapidml.model/src/main/resources/model/RapidML.ecore: unknown builtit class URL `http://www.eclipse.org/emf/2002/Ecore#//EJavaObject` failed to parse class operation failed to parse class `MediaType` line 114, column 110 current parser state: | `` | `    </eOperations>` parsing failed"
modelset/raw-data/repo-ecore-all/data/RevyakinaDiana/Archi/Archi4/plugins/com.archimatetool.model_4.2.0.201801300957/model/archimate.ecore,false,false,false,"parse: failed to parse modelset/raw-data/repo-ecore-all/data/RevyakinaDiana/Archi/Archi4/plugins/com.archimatetool.model_4.2.0.201801300957/model/archimate.ecore: unexpected `eClassifiers` attribute `instanceClassName` line 4, column 88 current parser state: | `` | `      serializable=""false""/>` parsing failed"
modelset/raw-data/repo-ecore-all/data/RickardBremer/mdsd/HotelSystemCode/model/model.ecore,false,false,false,"parse: failed to parse modelset/raw-data/repo-ecore-all/data/RickardBremer/mdsd/HotelSystemCode/model/model.ecore: unexpected operation attribute `ordered` failed to parse class operation failed to parse class `CustomerInterface` line 11, column 52 current parser state: | ` upperBound=""-1"" eType=""#//Room"">` | `      <eParameters name=""dateFrom"" ordered=""false"" lowerBound=""1"" eType=""ecore:EDataType http://www.eclipse.org/emf/2002/Ecore#//EDate""/>` parsing failed"
modelset/raw-data/repo-ecore-all/data/RobertDuda/incremental_transformation/de.hu_berlin.informatik.ctmc.model/model/ctmc.ecore,true,true,true,
modelset/raw-data/repo-ecore-all/data/RobertDuda/incremental_transformation/de.hu_berlin.informatik.dynamicFaultTree/model/dynamicFaultTree.ecore,true,true,true,
modelset/raw-data/repo-ecore-all/data/RobotML/RobotML-SDK/dsl-papyrus/robotml-extension/org.eclipse.papyrus.robotml.extension/model/types.ecore,false,false,false,"parse: failed to parse modelset/raw-data/repo-ecore-all/data/RobotML/RobotML-SDK/dsl-papyrus/robotml-extension/org.eclipse.papyrus.robotml.extension/model/types.ecore: unexpected `eClassifiers` attribute `instanceClassName` line 4, column 86 current parser state: | `>` | `    <eAnnotations source=""http://www.eclipse.org/emf/2002/GenModel"">` parsing failed"
modelset/raw-data/repo-ecore-all/data/Robotics-UniBG/HyperFlex/src/org.hyperflex.featuremodels.model/models/featureModel.ecore,true,true,true,
modelset/raw-data/repo-ecore-all/data/RoiSoleil/gmftools/xtext-gmf-example/org.xtext.cg2009.exercise1.solution/src-gen/org/xtext/cg2009/Entities.ecore,true,true,true,
modelset/raw-data/repo-ecore-all/data/RoiSoleil/gmftools/xtext-gmf-example/org.xtext.example.entities/src-gen/org/xtext/example/Entities.ecore,true,true,true,
modelset/raw-data/repo-ecore-all/data/Romain-GARNIER/DSL/External/ArduinoML/model/arduinoML.ecore,true,true,true,
modelset/raw-data/repo-ecore-all/data/RomainGuider/ceson/fr.obeo.emf.ceson.test/model/Family.ecore,false,false,false,"parse: failed to parse modelset/raw-data/repo-ecore-all/data/RomainGuider/ceson/fr.obeo.emf.ceson.test/model/Family.ecore: unknown builtit class URL `http://www.eclipse.org/emf/2002/Ecore#//EDate` failed to parse structural features failed to parse class `Person` line 7, column 142 current parser state: | `` | `  </eClassifiers>` parsing failed"
modelset/raw-data/repo-ecore-all/data/RovoMe/University/ME_2011_WS_Lab1/model/sooml.ecore,true,true,true,
modelset/raw-data/repo-ecore-all/data/RubenM13/E-EDD-2.0/es.ucm.fdi.ed2.emf/model/ed2.ecore,false,false,false,"parse: failed to parse modelset/raw-data/repo-ecore-all/data/RubenM13/E-EDD-2.0/es.ucm.fdi.ed2.emf/model/ed2.ecore: unknown builtit class URL `http://www.eclipse.org/emf/2002/Ecore#//EIntegerObject` failed to parse structural features failed to parse class `TreeElement` line 12, column 147 current parser state: | `` | `    <eStructuralFeatures xsi:type=""ecore:EAttribute"" name=""name"" eType=""ecore:EDataType http://www.eclipse.org/emf/2002/Ecore#//EString""/>` parsing failed"
modelset/raw-data/repo-ecore-all/data/RvonMassow/Xrest/org.eclipse.xtext.example.domainmodel/model/Domainmodel.ecore,false,false,false,"parse: failed to parse modelset/raw-data/repo-ecore-all/data/RvonMassow/Xrest/org.eclipse.xtext.example.domainmodel/model/Domainmodel.ecore: unsupported `eType` path `ecore:EClass platform:/plugin/org.eclipse.xtext.common.types/model/JavaVMTypes.ecore#//JvmParameterizedTypeReference` failed to parse structural features failed to parse class `Entity` line 24, column 29 current parser state: | `` | `  </eClassifiers>` parsing failed"
modelset/raw-data/repo-ecore-all/data/SE-at-VGU/org.vgu.se.ocl/model/ocl.ecore,false,false,false,"parse: failed to parse modelset/raw-data/repo-ecore-all/data/SE-at-VGU/org.vgu.se.ocl/model/ocl.ecore: unexpected package content line 4, column 3 current parser state: | `<eSubpackages name=""dm"" nsURI=""http://www.example.org/ocl/dm"" nsPrefix=""DM"">` | `    <eClassifiers xsi:type=""ecore:EClass"" name=""EEntity"" eSuperTypes=""#//type/EClassifier"">` parsing failed"
modelset/raw-data/repo-ecore-all/data/SEALABQualityGroup/JASA/JTL/metamodels/placeTransition.ecore,false,false,false,"parse: failed to parse modelset/raw-data/repo-ecore-all/data/SEALABQualityGroup/JASA/JTL/metamodels/placeTransition.ecore: unexpected `eClassifiers` attribute `instanceClassName` line 14, column 104 current parser state: | `/>` | `  <eClassifiers xsi:type=""ecore:EDataType"" name=""Natural"" instanceClassName=""java.lang.Integer""/>` parsing failed"
modelset/raw-data/repo-ecore-all/data/SEALABQualityGroup/padre/it.univaq.disim.sealab.padre.performanceanalysis/resources/metamodels/Tracing/Trace.ecore,true,true,true,
modelset/raw-data/repo-ecore-all/data/SENSIDL-PROJECT/SensIDL-VortoIntegration/bundles/de.fzi.sensidl.vorto.transformation/VortoMetaModel/Datatype.ecore,false,false,false,"parse: failed to parse modelset/raw-data/repo-ecore-all/data/SENSIDL-PROJECT/SensIDL-VortoIntegration/bundles/de.fzi.sensidl.vorto.transformation/VortoMetaModel/Datatype.ecore: unsupported `eType` path `Model.ecore#//Model` line 64, column 88 current parser state: | `` | `  <eClassifiers xsi:type=""ecore:EClass"" name=""PropertyType""/>` parsing failed"
modelset/raw-data/repo-ecore-all/data/SINTEF-9012/bvr/no.sintef.bvr.engine.test/src/test/resources/realistic/modelSafetyModule0/model/Ecore.ecore,false,false,false,"parse: failed to parse modelset/raw-data/repo-ecore-all/data/SINTEF-9012/bvr/no.sintef.bvr.engine.test/src/test/resources/realistic/modelSafetyModule0/model/Ecore.ecore: Missing attribute `eType` in structural feature `instanceClass` failed to parse structural features failed to parse class `EClassifier` line 133, column 57 current parser state: | `` | `      <eGenericType eClassifier=""#//EJavaClass"">` parsing failed"
modelset/raw-data/repo-ecore-all/data/SINTEF-9012/bvr/no.sintef.bvr.engine.test/src/test/resources/realistic/modelSafetyModule0/model/Types.ecore,false,false,false,"parse: failed to parse modelset/raw-data/repo-ecore-all/data/SINTEF-9012/bvr/no.sintef.bvr.engine.test/src/test/resources/realistic/modelSafetyModule0/model/Types.ecore: unexpected `eClassifiers` attribute `instanceClassName` line 17, column 86 current parser state: | `>` | `    <eAnnotations source=""http://www.eclipse.org/emf/2002/GenModel"">` parsing failed"
modelset/raw-data/repo-ecore-all/data/SINTEF-9012/bvr/no.sintef.bvr.realop.model/model/Realop.ecore,true,true,true,
modelset/raw-data/repo-ecore-all/data/SINTEF-9012/cloudml/codecs/kmf/metamodel/CloudML-2.0.ecore,false,false,false,"parse: failed to parse modelset/raw-data/repo-ecore-all/data/SINTEF-9012/cloudml/codecs/kmf/metamodel/CloudML-2.0.ecore: unexpected package content line 4, column 3 current parser state: | `<eSubpackages name=""core"" nsURI=""http://cloudml.net/core"" nsPrefix=""net.cloudml.core"">` | `    <eClassifiers xsi:type=""ecore:EClass"" name=""CloudMLElement"" abstract=""true"">` parsing failed"
modelset/raw-data/repo-ecore-all/data/SINTEF-9012/cloudml/codecs/kmf/metamodel/CloudML-2.1.ecore,false,false,false,"parse: failed to parse modelset/raw-data/repo-ecore-all/data/SINTEF-9012/cloudml/codecs/kmf/metamodel/CloudML-2.1.ecore: unexpected package content line 4, column 3 current parser state: | `<eSubpackages name=""core"" nsURI=""http://cloudml.net/core"" nsPrefix=""net.cloudml.core"">` | `    <eClassifiers xsi:type=""ecore:EClass"" name=""CloudMLElement"" abstract=""true"">` parsing failed"
modelset/raw-data/repo-ecore-all/data/SINTEF-9012/cloudml/codecs/kmf/metamodel/CloudML.ecore,false,false,false,"parse: failed to parse modelset/raw-data/repo-ecore-all/data/SINTEF-9012/cloudml/codecs/kmf/metamodel/CloudML.ecore: unexpected package content line 4, column 3 current parser state: | `<eSubpackages name=""core"" nsURI=""http://cloudml.net/core"" nsPrefix=""net.cloudml.core"">` | `    <eClassifiers xsi:type=""ecore:EClass"" name=""CloudMLElement"" abstract=""true"" interface=""true""/>` parsing failed"
modelset/raw-data/repo-ecore-all/data/SINTEF-9012/diva/diva.model/model/DiVA.ecore,false,false,false,"parse: failed to parse modelset/raw-data/repo-ecore-all/data/SINTEF-9012/diva/diva.model/model/DiVA.ecore: unexpected `eClassifiers` attribute `instanceClassName` line 61, column 94 current parser state: | `/>` | `  <eClassifiers xsi:type=""ecore:EClass"" name=""EnumLiteral"" eSuperTypes=""#//NamedElement""/>` parsing failed"
modelset/raw-data/repo-ecore-all/data/SINTEF-9012/modaclouds-metamodels/CloudML/CloudML-2.1.ecore,false,false,false,"parse: failed to parse modelset/raw-data/repo-ecore-all/data/SINTEF-9012/modaclouds-metamodels/CloudML/CloudML-2.1.ecore: unexpected package content line 4, column 3 current parser state: | `<eSubpackages name=""core"" nsURI=""http://cloudml.net/core"" nsPrefix=""net.cloudml.core"">` | `    <eClassifiers xsi:type=""ecore:EClass"" name=""CloudMLElement"" abstract=""true"">` parsing failed"
modelset/raw-data/repo-ecore-all/data/SKollerud/TDT4250/model/coursePages.ecore,false,false,false,"parse: failed to parse modelset/raw-data/repo-ecore-all/data/SKollerud/TDT4250/model/coursePages.ecore: unknown builtit class URL `http://www.eclipse.org/emf/2002/Ecore#//EDate` failed to parse structural features failed to parse class `EvaluationObject` line 68, column 137 current parser state: | `` | `  </eClassifiers>` parsing failed"
modelset/raw-data/repo-ecore-all/data/SLAsticSPE/slastic/model/Units.ecore,true,true,true,
modelset/raw-data/repo-ecore-all/data/SLAsticSPE/slastic/model/pcm.ecore,false,false,false,"parse: failed to parse modelset/raw-data/repo-ecore-all/data/SLAsticSPE/slastic/model/pcm.ecore: unexpected package content line 6, column 3 current parser state: | `<eSubpackages name=""core"" nsURI=""http://sdq.ipd.uka.de/PalladioComponentModel/Core/1.0""` | `      nsPrefix="""">` parsing failed"
modelset/raw-data/repo-ecore-all/data/SOM-Research/EMFtoCSP/plugins/fr.inria.atlanmod.emftocsp.examples/samples/ecore/eShop.ecore,true,true,true,
modelset/raw-data/repo-ecore-all/data/SOM-Research/UmlToNoSQL/eclipse/som.umltonosql.metamodel.graphdb/model/graphdb.ecore,true,true,true,
modelset/raw-data/repo-ecore-all/data/SOM-Research/UmlToNoSQL/eclipse/som.umltonosql.metamodel.relationaldb/model/relationaldb.ecore,true,true,true,
modelset/raw-data/repo-ecore-all/data/SOM-Research/alf-verifier/org.xtext.alf/src-gen/org/xtext/alf/Alf.ecore,true,false,false,"generate: timeout after 120s: /arachne/target/debug/arachne generate modelset/raw-data/repo-ecore-all/data/SOM-Research/alf-verifier/org.xtext.alf/src-gen/org/xtext/alf/Alf.ecore -o /var/folders/24/3kt9vzrj6qzd_r760kn9ybsm0000gn/T/arachne-modelset-wtmcu15i/generated-00338 -p modelset-00338-620cce91 [INFO  arachne] Starting code generation [INFO  arachne_codegen] Validating configuration [INFO  arachne_codegen] Parsing ecore metamodel: ""modelset/raw-data/repo-ecore-all/data/SOM-Research/alf-verifier/org.xtext.alf/src-gen/org/xtext/alf/Alf.ecore"" [WARN  ecore_rs::parser::raw] XML-level class literal redefinition for `literal` from `1` to `out` [WARN  ecore_rs::parser::raw] XML-level class literal redefinition for `literal` from `2` to `inout` [WARN  ecore_rs::parser::raw] XML-level class literal redefinition for `literal` from `1` to `false` [WARN  ecore_rs::parser::raw] XML-level class literal redefinition for `literal` from `1` to `destroyLink` [WARN  ecore_rs::parser::raw] XML-level class literal redefinition for `literal` from `2` to `clearAssoc` [WARN  ecore_rs::parser::raw] XML-level class literal redefinition for `literal` from `3` to `destroy` [WARN  ecore_rs::parser::raw] XML-level class literal redefinition for `literal` from `1` to `reject` [WARN  ecore_rs::parser::raw] XML-level class literal redefinition for `literal` from `1` to `iterate` [WARN  ecore_rs::parser::raw] XML-level class literal redefinition for `literal` from `1` to `exists` [WARN  ecore_rs::parser::raw] XML-level class literal redefinition for `literal` from `2` to `one` [WARN  ecore_rs::parser::raw] XML-level class literal redefinition for `literal` from `1` to `determined` [WARN  ecore_rs::parser::raw] XML-level class literal redefinition for `literal` from `2` to `assured` [WARN  ecore_rs::parser::raw] XML-level class literal redefinition for `literal` from `3` to `parallel` [WARN  ecore_rs::parser::raw] XML-level class literal redefinition for `literal` from `1` to `+=` [WARN  ecore_rs::parser::raw] XML-level class literal redefinition for `literal` from `2` to `-=` [WARN  ecore_rs::parser::raw] XML-level class literal redefinition for `literal` from `3` to `*=` [WARN  ecore_rs::parser::raw] XML-level class literal redefinition for `literal` from `4` to `%=` [WARN  ecore_rs::parser::raw] XML-level class literal redefinition for `literal` from `5` to `/=` [WARN  ecore_rs::parser::raw] XML-level class literal redefinition for `literal` from `6` to `&amp;=` [WARN  ecore_rs::parser::raw] XML-level class literal redefinition for `literal` from `7` to `|=` [WARN  ecore_rs::parser::raw] XML-level class literal redefinition for `literal` from `8` to `^=` [WARN  ecore_rs::parser::raw] XML-level class literal redefinition for `literal` from `9` to `&lt;&lt;=` [WARN  ecore_rs::parser::raw] XML-level class literal redefinition for `literal` from `10` to `>>=` [WARN  ecore_rs::parser::raw] XML-level class literal redefinition for `literal` from `11` to `>>>=` [INFO  arachne_codegen] Generating Rust tokens"
modelset/raw-data/repo-ecore-all/data/SOM-Research/collaboro/plugins/fr.inria.atlanmod.collaboro.notation/model/notation.ecore,false,false,false,"parse: failed to parse modelset/raw-data/repo-ecore-all/data/SOM-Research/collaboro/plugins/fr.inria.atlanmod.collaboro.notation/model/notation.ecore: unsupported `eType` path `ecore:EClass platform:/plugin/org.eclipse.emf.ecore/model/Ecore.ecore#//EAttribute` failed to parse structural features failed to parse class `Value` line 37, column 101 current parser state: | `` | `  </eClassifiers>` parsing failed"
modelset/raw-data/repo-ecore-all/data/SOM-Research/collaboro/plugins/fr.inria.atlanmod.collaboro.notation.cdo/model/notation.ecore,false,false,false,"parse: failed to parse modelset/raw-data/repo-ecore-all/data/SOM-Research/collaboro/plugins/fr.inria.atlanmod.collaboro.notation.cdo/model/notation.ecore: unsupported `eType` path `ecore:EClass platform:/plugin/org.eclipse.emf.ecore/model/Ecore.ecore#//EAttribute` failed to parse structural features failed to parse class `Value` line 33, column 101 current parser state: | `` | `  </eClassifiers>` parsing failed"
modelset/raw-data/repo-ecore-all/data/SOM-Research/emf-rest/emf-rest-demos/family.web/target/classes/Example.ecore,true,true,true,
modelset/raw-data/repo-ecore-all/data/SOM-Research/hawk-neoemf-models-2018-tutorial/projects/tutorial.common/metamodels/JDTAST.ecore,false,false,false,"parse: failed to parse modelset/raw-data/repo-ecore-all/data/SOM-Research/hawk-neoemf-models-2018-tutorial/projects/tutorial.common/metamodels/JDTAST.ecore: unexpected content at package level line 2, column 1 current parser state: | `<xmi:XMI xmi:version=""2.0"" xmlns:xmi=""http://www.omg.org/XMI"" xmlns:xsi=""http://www.w3.org/2001/XMLSchema-instance""` | `    xmlns:ecore=""http://www.eclipse.org/emf/2002/Ecore"">` parsing failed"
modelset/raw-data/repo-ecore-all/data/SOM-Research/hawk-neoemf-models-2018-tutorial/projects/tutorial.common/metamodels/Person.ecore,true,true,true,
modelset/raw-data/repo-ecore-all/data/SOM-Research/hawk-neoemf-models-2018-tutorial/projects/tutorial.neoemf.jdtast/model/JDTAST.ecore,false,false,false,"parse: failed to parse modelset/raw-data/repo-ecore-all/data/SOM-Research/hawk-neoemf-models-2018-tutorial/projects/tutorial.neoemf.jdtast/model/JDTAST.ecore: unexpected content at package level line 2, column 1 current parser state: | `<xmi:XMI xmi:version=""2.0"" xmlns:xmi=""http://www.omg.org/XMI"" xmlns:xsi=""http://www.w3.org/2001/XMLSchema-instance""` | `    xmlns:ecore=""http://www.eclipse.org/emf/2002/Ecore"">` parsing failed"
modelset/raw-data/repo-ecore-all/data/SQuAT-Team/kamp-test/PCM/org.palladiosimulator.pcm.rsa/features/OCL.ecore,false,false,false,"parse: failed to parse modelset/raw-data/repo-ecore-all/data/SQuAT-Team/kamp-test/PCM/org.palladiosimulator.pcm.rsa/features/OCL.ecore: unexpected package content line 6, column 3 current parser state: | `<eSubpackages name=""types"" nsURI=""http://www.eclipse.org/OCL2/1.0.0/ocl/types"" nsPrefix=""ocl.types"">` | `    <eClassifiers xsi:type=""ecore:EClass"" name=""AnyType"" eSuperTypes=""Ecore.ecore#//EClassifier #//utilities/PredefinedType""/>` parsing failed"
modelset/raw-data/repo-ecore-all/data/Saad1379/DSMLDemo/dsml.tree/model/tree.ecore,true,true,true,
modelset/raw-data/repo-ecore-all/data/SalahEddine21/Model-Manipulator/IdmGUI/SQL.ecore,true,true,true,
modelset/raw-data/repo-ecore-all/data/SalahEddine21/Model-Manipulator/TModel/model/TModel.ecore,true,true,true,
modelset/raw-data/repo-ecore-all/data/Samskip16/MarsRover/MarsRoverMeta/mars.ru.des.robot.tasks/model/generated/TaskDSL.ecore,true,true,true,
modelset/raw-data/repo-ecore-all/data/Samsung/sirius/plugins/org.eclipse.sirius/model/viewpoint.ecore,false,false,false,"parse: failed to parse modelset/raw-data/repo-ecore-all/data/Samsung/sirius/plugins/org.eclipse.sirius/model/viewpoint.ecore: unsupported `eType` path `ecore:EClass platform:/plugin/org.eclipse.emf.ecore/model/Ecore.ecore#//EObject` failed to parse structural features failed to parse class `DAnalysis` line 15, column 58 current parser state: | `` | `    <eStructuralFeatures xsi:type=""ecore:EReference"" name=""eAnnotations"" upperBound=""-1""` parsing failed"
modelset/raw-data/repo-ecore-all/data/Samsung/sirius/plugins/org.eclipse.sirius.diagram/model/diagram.ecore,false,false,false,"parse: failed to parse modelset/raw-data/repo-ecore-all/data/Samsung/sirius/plugins/org.eclipse.sirius.diagram/model/diagram.ecore: expected identifier failed to parse class operation failed to parse class `DDiagram` line 13, column 69 current parser state: | `>` | `        <eAnnotations source=""http://www.eclipse.org/emf/2002/GenModel"">` parsing failed"
modelset/raw-data/repo-ecore-all/data/Samsung/sirius/plugins/org.eclipse.sirius.tests.junit/data/unit/migration/do_not_migrate/fragmentedMigration/fragmentedMigration_p1_p1_1.ecore,true,true,true,
modelset/raw-data/repo-ecore-all/data/SantiGodoy/FamilyDSL/es.uca.mps.SANTIAGO_GODOY.family/model/family.ecore,true,true,true,
modelset/raw-data/repo-ecore-all/data/Scholvac/EclipseTaskJuggler/EclipseTaskJuggler.dsl/model/generated/ETJ.ecore,false,false,false,"parse: failed to parse modelset/raw-data/repo-ecore-all/data/Scholvac/EclipseTaskJuggler/EclipseTaskJuggler.dsl/model/generated/ETJ.ecore: unsupported `eType` path `ecore:EClass http://www.eclipse.org/emf/2002/Ecore#//EObject` failed to parse structural features failed to parse class `TaskAttribute` line 63, column 29 current parser state: | `` | `  </eClassifiers>` parsing failed"
modelset/raw-data/repo-ecore-all/data/SciSpike/emf-labs/labs/labfiles/music.ecore,true,true,true,
modelset/raw-data/repo-ecore-all/data/SciSpike/yaktor-dsl-xtext/conversation/io.yaktor.conversation.as/model/conversation.ecore,false,false,false,"parse: failed to parse modelset/raw-data/repo-ecore-all/data/SciSpike/yaktor-dsl-xtext/conversation/io.yaktor.conversation.as/model/conversation.ecore: unsupported `eType` path `ecore:EClass types.ecore#//Projection` failed to parse structural features failed to parse class `Conversation` line 10, column 75 current parser state: | `` | `    <eStructuralFeatures xsi:type=""ecore:EReference"" name=""restServices"" upperBound=""-1""` parsing failed"
modelset/raw-data/repo-ecore-all/data/SebastienBerger/IDM/.metadata/.plugins/org.eclipse.pde.core/Eclipse Application/org.eclipse.osgi/13/0/.cp/lib/kermeta.ecore,false,false,false,"parse: failed to parse modelset/raw-data/repo-ecore-all/data/SebastienBerger/IDM/.metadata/.plugins/org.eclipse.pde.core/Eclipse Application/org.eclipse.osgi/13/0/.cp/lib/kermeta.ecore: unexpected package content line 11, column 3 current parser state: | `<eSubpackages name=""language"" nsURI=""http://www.kermeta.org/kermeta/1_2_0//kermeta/language""` | `      nsPrefix=""kermeta_language"">` parsing failed"
modelset/raw-data/repo-ecore-all/data/Serranya/org.eclipse.oomph/plugins/org.eclipse.oomph.p2/model/P2.ecore,false,false,false,"parse: failed to parse modelset/raw-data/repo-ecore-all/data/Serranya/org.eclipse.oomph/plugins/org.eclipse.oomph.p2/model/P2.ecore: unsupported `eType` path `../../org.eclipse.oomph.base/model/Base.ecore#//ModelElement` line 27, column 18 current parser state: | `` | `  <eClassifiers xsi:type=""ecore:EClass"" name=""Configuration"" eSuperTypes=""../../org.eclipse.oomph.base/model/Base.ecore#//ModelElement"">` parsing failed"
modelset/raw-data/repo-ecore-all/data/Servicerobotics-Ulm/SmartMDSD-Toolchain/org.ecore.metamodels/org.ecore.base/org.ecore.base.stateMachine/model/stateMachine.ecore,true,true,true,
modelset/raw-data/repo-ecore-all/data/SharkJ/theia-xtext-extension-test/xtext-extension-language-server/org.xtext.example.dsl.parent/org.xtext.example.dsl/model/generated/Dsl.ecore,true,true,true,
modelset/raw-data/repo-ecore-all/data/ShijiBijo84/DbC/Toolbox/Languages/Workspace/no.uio.ifi.hlp/model/HLP.ecore,false,false,false,"parse: failed to parse modelset/raw-data/repo-ecore-all/data/ShijiBijo84/DbC/Toolbox/Languages/Workspace/no.uio.ifi.hlp/model/HLP.ecore: unknown builtit class URL `http://www.eclipse.org/emf/2002/Ecore#//EIntegerObject` failed to parse structural features failed to parse class `LiteralValue` line 30, column 89 current parser state: | `` | `  </eClassifiers>` parsing failed"
modelset/raw-data/repo-ecore-all/data/ShijiBijo84/DbC/Toolbox/Languages/Workspace/no.uio.ifi.llp/model/LLP.ecore,true,true,true,
modelset/raw-data/repo-ecore-all/data/ShijiBijo84/DbC/Toolbox/Languages/Workspace/no.uio.ifi.rm/model/ResourceModel.ecore,true,true,true,
modelset/raw-data/repo-ecore-all/data/ShivaniBali/Theia-Xtext/org.xtext.example.mydsl.parent/org.xtext.example.mydsl/model/generated/MyDsl.ecore,true,true,true,
modelset/raw-data/repo-ecore-all/data/SimenSverdrup/TDT4250_1/com.eclipse.tdt4250.assignment1/model/tdt4250.ecore,true,true,true,
modelset/raw-data/repo-ecore-all/data/SimenSverdrup/TDT4250_1/com.eclipse.tdt4250.assignment1/tdt4250.ecore,true,true,true,
modelset/raw-data/repo-ecore-all/data/SirCipher/ModelDrivenEngineering/Submission/workspace/TrackIt/metamodel/trackit.ecore,false,false,false,"parse: failed to parse modelset/raw-data/repo-ecore-all/data/SirCipher/ModelDrivenEngineering/Submission/workspace/TrackIt/metamodel/trackit.ecore: expected tag `>` failed to parse class annotation failed to parse class `IssueTracker` line 5, column 39 current parser state: | `/>` | `    <eStructuralFeatures xsi:type=""ecore:EAttribute"" name=""projectName"" eType=""ecore:EDataType http://www.eclipse.org/emf/2002/Ecore#//EString""/>` parsing failed"
modelset/raw-data/repo-ecore-all/data/Smahle/ex3/org.study/model/study.ecore,false,false,false,"parse: failed to parse modelset/raw-data/repo-ecore-all/data/Smahle/ex3/org.study/model/study.ecore: unexpected `eClassifiers` attribute `instanceClassName` line 62, column 98 current parser state: | `>` | `    <eAnnotations source=""http:///org/eclipse/emf/ecore/util/ExtendedMetaData"">` parsing failed"
modelset/raw-data/repo-ecore-all/data/Smahle/tdt425019/eclipse-workspace2/tdt4250/model/ra.ecore,false,false,false,"parse: failed to parse modelset/raw-data/repo-ecore-all/data/Smahle/tdt425019/eclipse-workspace2/tdt4250/model/ra.ecore: unexpected `eClassifiers` attribute `instanceClassName` line 72, column 98 current parser state: | `>` | `    <eAnnotations source=""http:///org/eclipse/emf/ecore/util/ExtendedMetaData"">` parsing failed"
modelset/raw-data/repo-ecore-all/data/Snapple49/DES_DSL/des.missionrobot/model/generated/RobotDSL.ecore,true,true,true,
modelset/raw-data/repo-ecore-all/data/Solanj/NTPNetTool/src/ru.mathtech.npntool.npnets.model/model/npnets.ecore,false,false,false,"parse: failed to parse modelset/raw-data/repo-ecore-all/data/Solanj/NTPNetTool/src/ru.mathtech.npntool.npnets.model/model/npnets.ecore: unexpected package content line 7, column 3 current parser state: | `<eSubpackages name=""marking"" nsURI=""http://mathtech.ru/npntool/nets/marking"" nsPrefix=""marking"">` | `    <eClassifiers xsi:type=""ecore:EClass"" name=""Marking"" eSuperTypes=""#//common/INetElement"">` parsing failed"
modelset/raw-data/repo-ecore-all/data/Sorour-j/Epsilon/examples/org.eclipse.epsilon.egl.servlet/Graph.ecore,true,true,true,
modelset/raw-data/repo-ecore-all/data/Sorour-j/Epsilon/examples/org.eclipse.epsilon.emc.emf.ext/tree.ecore,true,true,true,
modelset/raw-data/repo-ecore-all/data/Sorour-j/Epsilon/examples/org.eclipse.epsilon.eugenia.examples.svg/model/people.ecore,false,false,false,"parse: failed to parse modelset/raw-data/repo-ecore-all/data/Sorour-j/Epsilon/examples/org.eclipse.epsilon.eugenia.examples.svg/model/people.ecore: expected tag `>` failed to parse class annotation failed to parse class `Model` line 5, column 39 current parser state: | `/>` | `    <eStructuralFeatures xsi:type=""ecore:EReference"" name=""people"" upperBound=""-1""` parsing failed"
modelset/raw-data/repo-ecore-all/data/Sorour-j/Epsilon/examples/org.eclipse.epsilon.examples.emc.simulink.emf/metamodel/simulink.ecore,false,false,false,"parse: failed to parse modelset/raw-data/repo-ecore-all/data/Sorour-j/Epsilon/examples/org.eclipse.epsilon.examples.emc.simulink.emf/metamodel/simulink.ecore: unexpected package content line 350, column 1 current parser state: | `</ecore:EPackage>` parsing failed"
modelset/raw-data/repo-ecore-all/data/Sorour-j/Epsilon/examples/org.eclipse.epsilon.examples.flock.petrinets/metamodels/Original.ecore,true,true,true,
modelset/raw-data/repo-ecore-all/data/Sorour-j/Epsilon/examples/org.eclipse.epsilon.examples.metamodels/Entity.ecore,false,false,false,"parse: failed to parse modelset/raw-data/repo-ecore-all/data/Sorour-j/Epsilon/examples/org.eclipse.epsilon.examples.metamodels/Entity.ecore: unknown builtit class URL `http://www.eclipse.org/emf/2002/Ecore#//EBooleanObject` failed to parse structural features failed to parse class `Entity` line 14, column 150 current parser state: | `` | `  </eClassifiers>` parsing failed"
modelset/raw-data/repo-ecore-all/data/Sorour-j/Epsilon/examples/org.eclipse.epsilon.examples.metamodels/HTML.ecore,true,true,true,
modelset/raw-data/repo-ecore-all/data/Sorour-j/Epsilon/tests/org.eclipse.epsilon.concordance.clients.test/src/org/eclipse/epsilon/concordance/clients/migration/Original.ecore,true,true,true,
modelset/raw-data/repo-ecore-all/data/Sorour-j/Epsilon/tests/org.eclipse.epsilon.emc.emf.test/src/org/eclipse/epsilon/emc/emf/xml/fragmented/WT_DesignPatterns.ecore,false,false,false,"parse: failed to parse modelset/raw-data/repo-ecore-all/data/Sorour-j/Epsilon/tests/org.eclipse.epsilon.emc.emf.test/src/org/eclipse/epsilon/emc/emf/xml/fragmented/WT_DesignPatterns.ecore: unknown builtit class URL `http://www.eclipse.org/emf/2002/Ecore#//EBooleanObject` failed to parse structural features failed to parse class `StateMachine` line 35, column 37 current parser state: | `` | `  </eClassifiers>` parsing failed"
modelset/raw-data/repo-ecore-all/data/SpagoBILabs/SpagoBI-Meta/it.eng.spagobi.meta.model/model/SpagoBIMetaModel.ecore,false,false,false,"parse: failed to parse modelset/raw-data/repo-ecore-all/data/SpagoBILabs/SpagoBI-Meta/it.eng.spagobi.meta.model/model/SpagoBIMetaModel.ecore: unexpected `eClassifiers` attribute `instanceClassName` line 30, column 109 current parser state: | `>` | `    <eStructuralFeatures xsi:type=""ecore:EAttribute"" name=""key"" eType=""ecore:EDataType http://www.eclipse.org/emf/2002/Ecore#//EString""/>` parsing failed"
modelset/raw-data/repo-ecore-all/data/SpockReko/mdsd1617/se.chalmers.cse.mdsd1617.group13/se.ecore,false,false,false,"parse: failed to parse modelset/raw-data/repo-ecore-all/data/SpockReko/mdsd1617/se.chalmers.cse.mdsd1617.group13/se.ecore: unexpected package content line 4, column 3 current parser state: | `<eSubpackages name=""chalmers"" nsURI=""http:///se/chalmers.ecore"" nsPrefix=""se.chalmers"">` | `    <eSubpackages name=""cse"" nsURI=""http:///se/chalmers/cse.ecore"" nsPrefix=""se.chalmers.cse"">` parsing failed"
modelset/raw-data/repo-ecore-all/data/SpriMoon/EMF_custom/sources/com.proxiad.emfcustomizer.samples.entity2ddlxtend/src/entity/entity.ecore,true,true,true,
modelset/raw-data/repo-ecore-all/data/Starbeuck/ESIR2/COMP/org.xtext.example.Comp/model/generated/Comp.ecore,true,true,true,
modelset/raw-data/repo-ecore-all/data/StefanHennig/EMFStoreAddressBook/org.eclipse.emfstore.addressbook/model/addressbook.ecore,false,false,false,"parse: failed to parse modelset/raw-data/repo-ecore-all/data/StefanHennig/EMFStoreAddressBook/org.eclipse.emfstore.addressbook/model/addressbook.ecore: unknown builtit class URL `http://www.eclipse.org/emf/2002/Ecore#//EDate` failed to parse structural features failed to parse class `Note` line 54, column 137 current parser state: | `` | `    <eStructuralFeatures xsi:type=""ecore:EAttribute"" name=""Type"" eType=""#//NoteType""/>` parsing failed"
modelset/raw-data/repo-ecore-all/data/SvenPeldszus/GravityTTC/TypeGraphBasic/model/TypeGraphBasic.ecore,false,false,false,"parse: failed to parse modelset/raw-data/repo-ecore-all/data/SvenPeldszus/GravityTTC/TypeGraphBasic/model/TypeGraphBasic.ecore: unsupported `eType` path `//TPackage` failed to parse structural features failed to parse class `TClass` line 4, column 144 current parser state: | `` | `    <eStructuralFeatures xsi:type=""ecore:EReference"" name=""signature"" upperBound=""-1"" eType=""//TSignature""/>` parsing failed"
modelset/raw-data/repo-ecore-all/data/SvenPeldszus/rgse.ttc17.emoflon.tgg/rgse.ttc17.metamodels.src/originalModels/61850.ecore,false,false,false,"parse: failed to parse modelset/raw-data/repo-ecore-all/data/SvenPeldszus/rgse.ttc17.emoflon.tgg/rgse.ttc17.metamodels.src/originalModels/61850.ecore: unexpected package content line 44, column 3 current parser state: | `<eSubpackages name=""LNNodes"" nsURI=""http://www.transformation-tool-contest.eu/2017/smartGrids/substationStandard/LNNodes"" nsPrefix=""ln"">` | `    <eSubpackages name=""DomainLNs"" nsURI=""http://www.transformation-tool-contest.eu/2017/smartGrids/substationStandard/DomainLNs"" nsPrefix=""domain"">` parsing failed"
modelset/raw-data/repo-ecore-all/data/SwiftPengu/ProbabilisticVulnerabilityAnalysis/MDE/models/ProbLog.ecore,false,false,false,"parse: failed to parse modelset/raw-data/repo-ecore-all/data/SwiftPengu/ProbabilisticVulnerabilityAnalysis/MDE/models/ProbLog.ecore: unknown builtit class URL `http://www.eclipse.org/emf/2002/Ecore#//EBooleanObject` failed to parse structural features failed to parse class `Evidence` line 17, column 147 current parser state: | `` | `  </eClassifiers>` parsing failed"
modelset/raw-data/repo-ecore-all/data/SysMLATL/SysMLPromelaTransformation/MMInterModel.ecore,true,true,true,
modelset/raw-data/repo-ecore-all/data/SystemsAssuranceGroup/ASE_Case_Study/auv.casestudy/model/robochart.ecore,true,false,false,"generate: timeout after 120s: /arachne/target/debug/arachne generate modelset/raw-data/repo-ecore-all/data/SystemsAssuranceGroup/ASE_Case_Study/auv.casestudy/model/robochart.ecore -o /var/folders/24/3kt9vzrj6qzd_r760kn9ybsm0000gn/T/arachne-modelset-wtmcu15i/generated-00390 -p modelset-00390-534eea3f [INFO  arachne] Starting code generation [INFO  arachne_codegen] Validating configuration [INFO  arachne_codegen] Parsing ecore metamodel: ""modelset/raw-data/repo-ecore-all/data/SystemsAssuranceGroup/ASE_Case_Study/auv.casestudy/model/robochart.ecore"" [INFO  arachne_codegen] Generating Rust tokens"
modelset/raw-data/repo-ecore-all/data/TC06/MBSE/DTU/dk.dtu.compute.mbse.petrinet/model/petrinet.ecore,true,true,true,
modelset/raw-data/repo-ecore-all/data/TESTSD2EFSM/Tool/EFSM/model/efsm.ecore,false,false,false,"parse: failed to parse modelset/raw-data/repo-ecore-all/data/TESTSD2EFSM/Tool/EFSM/model/efsm.ecore: unknown builtit class URL `http://www.eclipse.org/emf/2003/XMLType#//String` failed to parse structural features failed to parse class `Event` line 44, column 140 current parser state: | `` | `    <eStructuralFeatures xsi:type=""ecore:EAttribute"" name=""return"" eType=""ecore:EDataType http://www.eclipse.org/emf/2003/XMLType#//String""/>` parsing failed"
modelset/raw-data/repo-ecore-all/data/TESTSD2EFSM/Transformation/EFSM/model/efsm.ecore,true,true,true,
modelset/raw-data/repo-ecore-all/data/Taddist/Eclipse-Modeling-Framwork/org.eclipse.sirius.sample.basicfamily/model/basicfamily.ecore,true,true,true,
modelset/raw-data/repo-ecore-all/data/Taddist/MDE_Project/META/SQL.ecore,true,true,true,
modelset/raw-data/repo-ecore-all/data/Taddist/StateMachineDC/StateMachineDC/model/StateMachineDC.ecore,false,false,false,"parse: failed to parse modelset/raw-data/repo-ecore-all/data/Taddist/StateMachineDC/StateMachineDC/model/StateMachineDC.ecore: unexpected class content failed to parse class `CompositeState` line 22, column 5 current parser state: | `<eTypeParameters name=""T""/>` | `    <eStructuralFeatures xsi:type=""ecore:EReference"" name=""states"" lowerBound=""1""` parsing failed"
modelset/raw-data/repo-ecore-all/data/Tagpower/SmallUML/SmallUML/model/smalluml.ecore,true,true,true,
modelset/raw-data/repo-ecore-all/data/Tarik0303/various-dev-projects/EMF/EMF_tutorial/org.eclipse.example.bowlingmodel/bowling.ecore,false,false,false,"parse: failed to parse modelset/raw-data/repo-ecore-all/data/Tarik0303/various-dev-projects/EMF/EMF_tutorial/org.eclipse.example.bowlingmodel/bowling.ecore: unknown builtit class URL `http://www.eclipse.org/emf/2002/Ecore#//EDate` failed to parse structural features failed to parse class `Player` line 6, column 144 current parser state: | `` | `    <eStructuralFeatures xsi:type=""ecore:EAttribute"" name=""height"" eType=""ecore:EDataType http://www.eclipse.org/emf/2002/Ecore#//EDouble""/>` parsing failed"
modelset/raw-data/repo-ecore-all/data/TatyPerson/cplie/vary.pseudocodigo.dsl.activator/model/generated/Activator.ecore,true,true,true,
modelset/raw-data/repo-ecore-all/data/Teiid-Designer/teiid-designer/tests/org.teiid.designer.core.test/testdata/cloneProject/Custom Metamodels/library.ecore,true,true,true,
modelset/raw-data/repo-ecore-all/data/Teiid-Designer/teiid-designer/tests/org.teiid.designer.core.test/testdata/relational.ecore,false,false,false,"parse: failed to parse modelset/raw-data/repo-ecore-all/data/Teiid-Designer/teiid-designer/tests/org.teiid.designer.core.test/testdata/relational.ecore: unexpected class content failed to parse class `Table` line 13, column 5 current parser state: | `<eReferences name=""columns"" eType=""#//Column"" upperBound=""-1"" containment=""true""` | `        eOpposite=""#//Column/table""/>` parsing failed"
modelset/raw-data/repo-ecore-all/data/Teiid-Designer/teiid-modeshape/sequencers/teiid-modeshape-sequencer-vdb/src/test/resources/ecore/Library.ecore,false,false,false,"parse: failed to parse modelset/raw-data/repo-ecore-all/data/Teiid-Designer/teiid-modeshape/sequencers/teiid-modeshape-sequencer-vdb/src/test/resources/ecore/Library.ecore: unexpected class content failed to parse class `Book` line 13, column 5 current parser state: | `<eReferences name=""author"" eType=""#//Writer"" upperBound=""-1"" eOpposite=""#//Writer/books""/>` | `    <eAttributes name=""title"" eType=""ecore:EDataType http://www.eclipse.org/emf/2002/Ecore#//EString""/>` parsing failed"
modelset/raw-data/repo-ecore-all/data/Tha1n/CompilerWhileCpp/whileComp/model/generated/WhileCpp.ecore,true,true,true,
modelset/raw-data/repo-ecore-all/data/TheBirdyDeveloper/COMP_Pretty_Printer_ESIR/org.xtext.comp/model/generated/Wh.ecore,false,false,false,"parse: failed to parse modelset/raw-data/repo-ecore-all/data/TheBirdyDeveloper/COMP_Pretty_Printer_ESIR/org.xtext.comp/model/generated/Wh.ecore: unsupported `eType` path `ecore:EClass http://www.eclipse.org/emf/2002/Ecore#//EObject` failed to parse structural features failed to parse class `Command` line 35, column 29 current parser state: | `` | `  </eClassifiers>` parsing failed"
modelset/raw-data/repo-ecore-all/data/TheBirdyDeveloper/CodeGen/org.xtext.comp/model/generated/Wh.ecore,false,false,false,"parse: failed to parse modelset/raw-data/repo-ecore-all/data/TheBirdyDeveloper/CodeGen/org.xtext.comp/model/generated/Wh.ecore: unsupported `eType` path `ecore:EClass http://www.eclipse.org/emf/2002/Ecore#//EObject` failed to parse structural features failed to parse class `Command` line 39, column 29 current parser state: | `` | `  </eClassifiers>` parsing failed"
modelset/raw-data/repo-ecore-all/data/TheProjecter/vclipse/plugins/org.vclipse.vcml.mm/model/VCML.ecore,false,false,false,"parse: failed to parse modelset/raw-data/repo-ecore-all/data/TheProjecter/vclipse/plugins/org.vclipse.vcml.mm/model/VCML.ecore: unsupported `eType` path `ecore:EClass http://www.eclipse.org/emf/2002/Ecore#//EObject` failed to parse structural features failed to parse class `NegatedConstraintRestrictionLHS` line 378, column 29 current parser state: | `` | `  </eClassifiers>` parsing failed"
modelset/raw-data/repo-ecore-all/data/Theomariee/esir2compJS/workspace/compilation/model/generated/WhileLanguage.ecore,false,false,false,"parse: failed to parse modelset/raw-data/repo-ecore-all/data/Theomariee/esir2compJS/workspace/compilation/model/generated/WhileLanguage.ecore: unsupported `eType` path `ecore:EClass http://www.eclipse.org/emf/2002/Ecore#//EObject` failed to parse structural features failed to parse class `Command` line 44, column 29 current parser state: | `` | `  </eClassifiers>` parsing failed"
modelset/raw-data/repo-ecore-all/data/ThomasKurz/4DIAC/plugins/org.eclipse.fordiac.ide.model/model/lib.ecore,false,false,false,"parse: failed to parse modelset/raw-data/repo-ecore-all/data/ThomasKurz/4DIAC/plugins/org.eclipse.fordiac.ide.model/model/lib.ecore: unsupported `eType` path `ecore:EClass palette.ecore#//AdapterTypePaletteEntry` failed to parse structural features failed to parse class `AdapterDeclaration` line 20, column 136 current parser state: | `` | `  </eClassifiers>` parsing failed"
modelset/raw-data/repo-ecore-all/data/TidyMaze/petStoreRetro/src/tp/fil/resources/Data.ecore,true,true,true,
modelset/raw-data/repo-ecore-all/data/TomasEHU/Books/metamodels/BooksOne.ecore,true,true,true,
modelset/raw-data/repo-ecore-all/data/TransformationToolContest/ttc2016-live/examples/eu.ttc.dataflow.examples.class2rdb/metamodels/Class.ecore,false,false,false,"parse: failed to parse modelset/raw-data/repo-ecore-all/data/TransformationToolContest/ttc2016-live/examples/eu.ttc.dataflow.examples.class2rdb/metamodels/Class.ecore: unexpected content at package level line 2, column 1 current parser state: | `<xmi:XMI xmi:version=""2.0"" xmlns:xmi=""http://www.omg.org/XMI"" xmlns:xsi=""http://www.w3.org/2001/XMLSchema-instance""` | `    xmlns:ecore=""http://www.eclipse.org/emf/2002/Ecore"">` parsing failed"
modelset/raw-data/repo-ecore-all/data/TransformationToolContest/ttc2016-live/examples/eu.ttc.dataflow.examples.class2rdb/metamodels/Relational.ecore,false,false,false,"parse: failed to parse modelset/raw-data/repo-ecore-all/data/TransformationToolContest/ttc2016-live/examples/eu.ttc.dataflow.examples.class2rdb/metamodels/Relational.ecore: unexpected content at package level line 2, column 1 current parser state: | `<xmi:XMI xmi:version=""2.0"" xmlns:xmi=""http://www.omg.org/XMI"" xmlns:xsi=""http://www.w3.org/2001/XMLSchema-instance""` | `    xmlns:ecore=""http://www.eclipse.org/emf/2002/Ecore"">` parsing failed"
modelset/raw-data/repo-ecore-all/data/TransformationToolContest/ttc2016-live/examples/eu.ttc.dataflow.examples.families2persons/metamodels/Families.ecore,true,true,true,
modelset/raw-data/repo-ecore-all/data/TransformationToolContest/ttc2016-live/examples/eu.ttc.dataflow.examples.families2persons/metamodels/Persons.ecore,true,true,true,
modelset/raw-data/repo-ecore-all/data/TransformationToolContest/ttc2016-live/examples/eu.ttc.dataflow.examples.flowchart2html/metamodels/HTML.ecore,true,true,true,
modelset/raw-data/repo-ecore-all/data/TransformationToolContest/ttc2016-live/examples/eu.ttc.dataflow.examples.tree2graph/metamodels/Graph.ecore,true,true,true,
modelset/raw-data/repo-ecore-all/data/TransformationToolContest/ttc2016-live/examples/eu.ttc.dataflow.examples.tree2graph/metamodels/Tree.ecore,true,true,true,
modelset/raw-data/repo-ecore-all/data/TransformationToolContest/ttc2019-live/metamodels/ttc2019.live.metamodels/models/BibTeX.ecore,true,true,true,
modelset/raw-data/repo-ecore-all/data/TransformationToolContest/ttc2019-live/metamodels/ttc2019.live.metamodels/models/DocBook.ecore,true,true,true,
modelset/raw-data/repo-ecore-all/data/Trollderim/MDSD-Lab/edu.mdsd.mil/model/MIL.ecore,true,true,true,
modelset/raw-data/repo-ecore-all/data/Trollderim/MDSD-Lab/edu.mdsd.mpl/model/MPL.ecore,true,true,true,
modelset/raw-data/repo-ecore-all/data/Trust40-Project/Palladio-Supporting-Prolog/bundles/org.palladiosimulator.supporting.prolog.model/model/prolog.ecore,false,false,false,"parse: failed to parse modelset/raw-data/repo-ecore-all/data/Trust40-Project/Palladio-Supporting-Prolog/bundles/org.palladiosimulator.supporting.prolog.model/model/prolog.ecore: unexpected package content line 49, column 3 current parser state: | `<eSubpackages name=""directives"" nsURI=""http://palladiosimulator.org/supporting/prolog/directives/0.1.0""` | `      nsPrefix=""directives"">` parsing failed"
modelset/raw-data/repo-ecore-all/data/TypeFox/Xtext-XMI/io.typefox.xtextxmi.tree/model/Tree.ecore,true,true,true,
modelset/raw-data/repo-ecore-all/data/TypeFox/xtext-splitted-repo/org.eclipse.xtext.testlanguages/model/generated/NoJdtTestLanguage.ecore,true,true,true,
modelset/raw-data/repo-ecore-all/data/TypeFox/xtext-splitted-repo/org.eclipse.xtext.tests/src/org/eclipse/xtext/generator/ecore/GenModelAccessTest.ecore,false,false,false,"parse: failed to parse modelset/raw-data/repo-ecore-all/data/TypeFox/xtext-splitted-repo/org.eclipse.xtext.tests/src/org/eclipse/xtext/generator/ecore/GenModelAccessTest.ecore: unexpected `eClassifiers` attribute `instanceClassName` line 10, column 100 current parser state: | `/>` | `  <eClassifiers xsi:type=""ecore:EEnum"" name=""RootEnum"">` parsing failed"
modelset/raw-data/repo-ecore-all/data/TypeFox/xtext-splitted-repo/org.eclipse.xtext.tests/src/org/eclipse/xtext/util/GenericsTest.ecore,false,false,false,"parse: failed to parse modelset/raw-data/repo-ecore-all/data/TypeFox/xtext-splitted-repo/org.eclipse.xtext.tests/src/org/eclipse/xtext/util/GenericsTest.ecore: unexpected class content failed to parse class `A` line 7, column 5 current parser state: | `<eTypeParameters name=""T""/>` | `    <eStructuralFeatures xsi:type=""ecore:EReference"" name=""someReference"">` parsing failed"
modelset/raw-data/repo-ecore-all/data/UMLRTSyntesizer/FSE2020/umlrtsyntesizer.ExecTraces.parent/umlrtsyntesizer.ExecTraces/model/generated/ExecTraces.ecore,true,true,true,
modelset/raw-data/repo-ecore-all/data/UNIT-Research-Development/ModelTransformation/com.unitbilisim.research.transformation/model/My.ecore,false,false,false,"parse: failed to parse modelset/raw-data/repo-ecore-all/data/UNIT-Research-Development/ModelTransformation/com.unitbilisim.research.transformation/model/My.ecore: unexpected package content line 28, column 3 current parser state: | `<eSubpackages name=""TestPackage"" nsURI=""TestPackage"" nsPrefix=""TestPackage"">` | `    <eClassifiers xsi:type=""ecore:EClass"" name=""Test"">` parsing failed"
modelset/raw-data/repo-ecore-all/data/UNIT-Research-Development/TextualConcreteSyntax/mdse.book.swml.tcs/src-gen/mdse/book/SWML.ecore,true,true,true,
modelset/raw-data/repo-ecore-all/data/UOY-Enterprise/parallel-crepe-locality/resources/petrinet/petrinet.ecore,true,true,true,
modelset/raw-data/repo-ecore-all/data/UrtziOtamendi/MetaModelEcore/metamodel/Kasu1.ecore,true,true,true,
modelset/raw-data/repo-ecore-all/data/UrtziOtamendi/MetaModelEcore/metamodel/Kasu11.ecore,true,true,true,
modelset/raw-data/repo-ecore-all/data/UrtziOtamendi/MetaModelEcore/metamodel/Kasu2.ecore,true,true,true,
modelset/raw-data/repo-ecore-all/data/UrtziOtamendi/MetaModelEcore/metamodel/Kasu3.ecore,true,true,true,
modelset/raw-data/repo-ecore-all/data/UrtziOtamendi/MetaModelEcore/metamodel/Kasu4.ecore,true,true,true,
modelset/raw-data/repo-ecore-all/data/Vectovox/DAT240-2014-Group3/petrinet/se.chalmers.cse.mde2014.petrinet.graphicalEditor/model/petrinet.ecore,true,true,true,
modelset/raw-data/repo-ecore-all/data/Vedsted/MDSD-IoT-DSL/sdu.mdsd.iot/model/generated/IoT.ecore,true,true,true,
modelset/raw-data/repo-ecore-all/data/Vedsted/ModelDrivenDevelopment/Assignment2_MathInterpreter/org.xtext.jvs.asso/model/generated/Asso.ecore,true,true,true,
modelset/raw-data/repo-ecore-all/data/Vedsted/ModelDrivenDevelopment/Entities_DSL/org.xtext.jvs.entities/model/generated/Entities.ecore,true,true,true,
modelset/raw-data/repo-ecore-all/data/Vignesh-Sairaj/state-machine-DSL/org.xtext.cs130.statemachine/model/generated/StateMachine.ecore,true,true,true,
modelset/raw-data/repo-ecore-all/data/Vinayakatk/FormSection/EXTRA/org.xtext.example.mydsl/model/generated/MyDsl.ecore,true,true,true,
modelset/raw-data/repo-ecore-all/data/Vinayakatk/FormSection/my.generator.project/src/metamodel/Library.ecore,true,true,true,
modelset/raw-data/repo-ecore-all/data/Vinayakatk/FormSection/my.generator.project/src/metamodel/metamodel.ecore,true,true,true,
modelset/raw-data/repo-ecore-all/data/Vinayakatk/FormSection/org.eclipse.emf.examples.library/model/extlibrary.ecore,false,false,false,"parse: failed to parse modelset/raw-data/repo-ecore-all/data/Vinayakatk/FormSection/org.eclipse.emf.examples.library/model/extlibrary.ecore: expected tag `source` failed to parse structural feature annotation failed to parse structural features failed to parse class `Library` line 16, column 20 current parser state: | `>` | `        <details key=""""/>` parsing failed"
modelset/raw-data/repo-ecore-all/data/Vinayakatk/FormSection/org.xtext.example.myStateMachines/model/generated/MyStateMachines.ecore,true,false,false,"generate: [INFO  arachne] Starting code generation [INFO  arachne_codegen] Validating configuration [INFO  arachne_codegen] Parsing ecore metamodel: ""modelset/raw-data/repo-ecore-all/data/Vinayakatk/FormSection/org.xtext.example.myStateMachines/model/generated/MyStateMachines.ecore"" [INFO  arachne_codegen] Generating Rust tokens [ERROR arachne] Error: Failed to find a root class in `myStateMachines` package"
modelset/raw-data/repo-ecore-all/data/Vinayakatk/xtextScopes/xtextscopes/org.xtext.example.mydsl/model/generated/MyDsl.ecore,true,true,true,
modelset/raw-data/repo-ecore-all/data/Virtlink/paplj-xtext/org.metaborg.paplj.parent/org.metaborg.paplj/model/generated/Paplj.ecore,true,false,false,"generate: timeout after 120s: /arachne/target/debug/arachne generate modelset/raw-data/repo-ecore-all/data/Virtlink/paplj-xtext/org.metaborg.paplj.parent/org.metaborg.paplj/model/generated/Paplj.ecore -o /var/folders/24/3kt9vzrj6qzd_r760kn9ybsm0000gn/T/arachne-modelset-wtmcu15i/generated-00447 -p modelset-00447-39f76e97 [INFO  arachne] Starting code generation [INFO  arachne_codegen] Validating configuration [INFO  arachne_codegen] Parsing ecore metamodel: ""modelset/raw-data/repo-ecore-all/data/Virtlink/paplj-xtext/org.metaborg.paplj.parent/org.metaborg.paplj/model/generated/Paplj.ecore"" [INFO  arachne_codegen] Generating Rust tokens"
modelset/raw-data/repo-ecore-all/data/VitoInfinito/moodels/Hotel/Classes.ecore,false,false,false,"parse: failed to parse modelset/raw-data/repo-ecore-all/data/VitoInfinito/moodels/Hotel/Classes.ecore: unexpected package content line 4, column 3 current parser state: | `<eSubpackages name=""Bookables"" nsURI=""http:///Classes/Bookables.ecore"" nsPrefix=""Classes.Bookables"">` | `    <eClassifiers xsi:type=""ecore:EClass"" name=""Bookable"" abstract=""true"">` parsing failed"
modelset/raw-data/repo-ecore-all/data/WesleyAnibal/CompilatorGoLang/org.xtext.go/model/generated/Go.ecore,false,false,false,"parse: failed to parse modelset/raw-data/repo-ecore-all/data/WesleyAnibal/CompilatorGoLang/org.xtext.go/model/generated/Go.ecore: unsupported `eType` path `ecore:EClass http://www.eclipse.org/emf/2002/Ecore#//EObject` failed to parse structural features failed to parse class `Atrib` line 44, column 29 current parser state: | `` | `  </eClassifiers>` parsing failed"
modelset/raw-data/repo-ecore-all/data/Wessbas/wessbas.behaviorModelExtractor/model/behavior.ecore,false,false,false,"parse: failed to parse modelset/raw-data/repo-ecore-all/data/Wessbas/wessbas.behaviorModelExtractor/model/behavior.ecore: unknown builtit class URL `http://www.eclipse.org/emf/2002/Ecore#//EBigDecimal` failed to parse structural features failed to parse class `Transition` line 54, column 86 current parser state: | `` | `    <eStructuralFeatures xsi:type=""ecore:EAttribute"" name=""thinkTimeParams"" upperBound=""-1""` parsing failed"
modelset/raw-data/repo-ecore-all/data/Wessbas/wessbas.wessbas2pcm/model/cbmg.ecore,true,true,true,
modelset/raw-data/repo-ecore-all/data/Xandaros/grgen/engine-net-2/examples/HelloWorld-TTC2011/graph1.ecore,true,true,true,
modelset/raw-data/repo-ecore-all/data/Xandaros/grgen/engine-net-2/examples/HelloWorld-TTC2011/graph3.ecore,true,true,true,
modelset/raw-data/repo-ecore-all/data/Xandaros/grgen/engine-net-2/examples/ProgramComprehension-GraBaTs09/JDTAST.ecore,false,false,false,"parse: failed to parse modelset/raw-data/repo-ecore-all/data/Xandaros/grgen/engine-net-2/examples/ProgramComprehension-GraBaTs09/JDTAST.ecore: unexpected content at package level line 2, column 1 current parser state: | `<xmi:XMI xmi:version=""2.0""` | `    xmlns:xmi=""http://www.omg.org/XMI"" xmlns:xsi=""http://www.w3.org/2001/XMLSchema-instance""` parsing failed"
modelset/raw-data/repo-ecore-all/data/Xandaros/grgen/engine-net-2/examples/Reengineering-TTC-2011/java.ecore,false,false,false,"parse: failed to parse modelset/raw-data/repo-ecore-all/data/Xandaros/grgen/engine-net-2/examples/Reengineering-TTC-2011/java.ecore: unexpected content at package level line 2, column 1 current parser state: | `<xmi:XMI xmi:version=""2.0"" xmlns:xmi=""http://www.omg.org/XMI"" xmlns:xsi=""http://www.w3.org/2001/XMLSchema-instance"" xmlns:ecore=""http://www.eclipse.org/emf/2002/Ecore"">` | `  <ecore:EPackage name=""annotations"" nsURI=""http://www.emftext.org/java/annotations"" nsPrefix=""annotations"">` parsing failed"
modelset/raw-data/repo-ecore-all/data/Xayna/cSiTra/Final-SQL-MOF/model/Sql.ecore,false,false,false,"parse: failed to parse modelset/raw-data/repo-ecore-all/data/Xayna/cSiTra/Final-SQL-MOF/model/Sql.ecore: unknown builtit class URL `http://www.eclipse.org/emf/2002/Ecore#//EJavaObject` failed to parse structural features failed to parse class `Cell` line 68, column 144 current parser state: | `` | `    <eStructuralFeatures xsi:type=""ecore:EReference"" name=""column"" lowerBound=""1""` parsing failed"
modelset/raw-data/repo-ecore-all/data/Xayna/cSiTra/NoSql-MOF/model/NoSql.ecore,true,false,false,"generate: [INFO  arachne] Starting code generation [INFO  arachne_codegen] Validating configuration [INFO  arachne_codegen] Parsing ecore metamodel: ""modelset/raw-data/repo-ecore-all/data/Xayna/cSiTra/NoSql-MOF/model/NoSql.ecore"" [INFO  arachne_codegen] Generating Rust tokens [ERROR arachne] Error: Failed to find a root class in `nosql` package"
modelset/raw-data/repo-ecore-all/data/Xilaew/uml-activity-testcasegenerator/umlModels/ocluml/OCLUML.ecore,false,false,false,"parse: failed to parse modelset/raw-data/repo-ecore-all/data/Xilaew/uml-activity-testcasegenerator/umlModels/ocluml/OCLUML.ecore: unexpected package content line 4, column 3 current parser state: | `<eSubpackages name=""uml"" nsURI=""http://www.eclipse.org/ocl/1.1.0/UML"" nsPrefix=""ocl.uml"">` | `    <eClassifiers xsi:type=""ecore:EClass"" name=""AnyType"">` parsing failed"
modelset/raw-data/repo-ecore-all/data/Yakindu/statecharts/plugins/org.yakindu.base.types/model/types.ecore,false,false,false,"parse: failed to parse modelset/raw-data/repo-ecore-all/data/Yakindu/statecharts/plugins/org.yakindu.base.types/model/types.ecore: unsupported `eType` path `base.ecore#//DomainElement` line 9, column 18 current parser state: | `` | `  <eClassifiers xsi:type=""ecore:EClass"" name=""Type"" eSuperTypes=""#//Declaration"">` parsing failed"
modelset/raw-data/repo-ecore-all/data/Yakindu/statecharts/plugins/org.yakindu.sct.model.sgen/model/emf/sgen.ecore,false,false,false,"parse: failed to parse modelset/raw-data/repo-ecore-all/data/Yakindu/statecharts/plugins/org.yakindu.sct.model.sgen/model/emf/sgen.ecore: unsupported `eType` path `ecore:EClass ../../../org.yakindu.base.types/model/types.ecore#//Property` failed to parse structural features failed to parse class `GeneratorModel` line 10, column 29 current parser state: | `` | `  </eClassifiers>` parsing failed"
modelset/raw-data/repo-ecore-all/data/YangZhou91/ECSE429_Project/ca.mcgill.sel.core/model/CORE.ecore,false,false,false,"parse: failed to parse modelset/raw-data/repo-ecore-all/data/YangZhou91/ECSE429_Project/ca.mcgill.sel.core/model/CORE.ecore: unexpected class content failed to parse class `COREBinding` line 52, column 5 current parser state: | `<eTypeParameters name=""S"">` | `      <eBounds eClassifier=""#//COREModel""/>` parsing failed"
modelset/raw-data/repo-ecore-all/data/Yechoh/MarsRoverMartin/MarsRoverMeta/robot/model/generated/DSL.ecore,true,true,true,
modelset/raw-data/repo-ecore-all/data/YounesB-McGill/Comp550-Project/cruise.umple/test/cruise/umple/implementation/ecore/My.ecore,false,false,false,"parse: failed to parse modelset/raw-data/repo-ecore-all/data/YounesB-McGill/Comp550-Project/cruise.umple/test/cruise/umple/implementation/ecore/My.ecore: unexpected package content line 39, column 1 current parser state: | `</ecore:EPackage>` parsing failed"
modelset/raw-data/repo-ecore-all/data/YounesB-McGill/Comp550-Project/cruise.umple.validator/test/cruise/umple/validator/EcoreValidatorTest_valid.ecore,false,false,false,"parse: failed to parse modelset/raw-data/repo-ecore-all/data/YounesB-McGill/Comp550-Project/cruise.umple.validator/test/cruise/umple/validator/EcoreValidatorTest_valid.ecore: unexpected content at package level line 2, column 1 current parser state: | `<xmi:XMI xmi:version=""2.0"" xmlns:xmi=""http://www.omg.org/XMI"" xmlns:xsi=""http://www.w3.org/2001/XMLSchema-instance""` | `    xmlns:ecore=""http://www.eclipse.org/emf/2002/Ecore"">` parsing failed"
modelset/raw-data/repo-ecore-all/data/YuriBittencourt/ESOM-19-1-Yuri/Semana 09 - Estudo de Caso com Eclipse Sirius/org.eclipse.sirius.sample.basicfamily/model/basicfamily.ecore,true,true,true,
modelset/raw-data/repo-ecore-all/data/Zanfroni/LingProgT2/org.t2.domainmodel/model/generated/Domainmodel.ecore,true,true,true,
modelset/raw-data/repo-ecore-all/data/ZeligsoftDev/CX4CBDDS/bundles/com.zeligsoft.base.testsupport/models/validationModel.ecore,true,true,true,
modelset/raw-data/repo-ecore-all/data/ZeligsoftDev/CX4CBDDS/bundles/com.zeligsoft.cx.langc/model/langc.ecore,true,false,false,"generate: timeout after 120s: /arachne/target/debug/arachne generate modelset/raw-data/repo-ecore-all/data/ZeligsoftDev/CX4CBDDS/bundles/com.zeligsoft.cx.langc/model/langc.ecore -o /var/folders/24/3kt9vzrj6qzd_r760kn9ybsm0000gn/T/arachne-modelset-wtmcu15i/generated-00468 -p modelset-00468-ae3f52c6 [INFO  arachne] Starting code generation [INFO  arachne_codegen] Validating configuration [INFO  arachne_codegen] Parsing ecore metamodel: ""modelset/raw-data/repo-ecore-all/data/ZeligsoftDev/CX4CBDDS/bundles/com.zeligsoft.cx.langc/model/langc.ecore"" [WARN  ecore_rs::parser::raw] XML-level class literal redefinition for `literal` from `1` to `const` [WARN  ecore_rs::parser::raw] XML-level class literal redefinition for `literal` from `1` to `pointer` [WARN  ecore_rs::parser::raw] XML-level class literal redefinition for `literal` from `2` to `const_pointer` [INFO  arachne_codegen] Generating Rust tokens"
modelset/raw-data/repo-ecore-all/data/ZeligsoftDev/CX4CBDDS/bundles/com.zeligsoft.domain.dds4ccm.codegen/xsd/codetaginfo.ecore,false,false,false,"parse: failed to parse modelset/raw-data/repo-ecore-all/data/ZeligsoftDev/CX4CBDDS/bundles/com.zeligsoft.domain.dds4ccm.codegen/xsd/codetaginfo.ecore: unknown builtit class URL `http://www.eclipse.org/emf/2002/Ecore#//EFeatureMapEntry` failed to parse structural features failed to parse class `CodeTag` line 12, column 90 current parser state: | `` | `      <eAnnotations source=""http:///org/eclipse/emf/ecore/util/ExtendedMetaData"">` parsing failed"
modelset/raw-data/repo-ecore-all/data/ZeligsoftDev/CX4CBDDS/bundles/com.zeligsoft.domain.omg.corba.dsl/src/IDL.ecore,true,true,true,
modelset/raw-data/repo-ecore-all/data/ZeligsoftDev/CX4CBDDS/bundles/com.zeligsoft.domain.omg.corba.dsl/src-gen/com/zeligsoft/domain/omg/corba/dsl/IDL.ecore,true,true,true,
modelset/raw-data/repo-ecore-all/data/Zenthurion/MDSD/dk.sdu.mdsd.mathinterpreter/model/generated/MathInterpreter.ecore,false,false,false,"parse: failed to parse modelset/raw-data/repo-ecore-all/data/Zenthurion/MDSD/dk.sdu.mdsd.mathinterpreter/model/generated/MathInterpreter.ecore: unsupported `eType` path `ecore:EClass http://www.eclipse.org/emf/2002/Ecore#//EObject` failed to parse structural features failed to parse class `PlusOrMinus` line 22, column 29 current parser state: | `` | `    <eStructuralFeatures xsi:type=""ecore:EAttribute"" name=""operator"" eType=""ecore:EDataType http://www.eclipse.org/emf/2002/Ecore#//EString""/>` parsing failed"
modelset/raw-data/repo-ecore-all/data/Zilarion/2IMP20-Generic-Language-Technology/Assignment 3/nl.tue.glt.platoon/model/platoon.ecore,true,true,true,
modelset/raw-data/repo-ecore-all/data/Zilarion/2IMP20-Generic-Language-Technology/Assignment 3/nl.tue.glt.platoon.platoon2nxc/models/platoon.ecore,true,true,true,
modelset/raw-data/repo-ecore-all/data/a66as/kitalpha/transposer/plugins/org.polarsys.kitalpha.transposer.transformation.emf.traces.ecore/model/traces.ecore,false,false,false,"parse: failed to parse modelset/raw-data/repo-ecore-all/data/a66as/kitalpha/transposer/plugins/org.polarsys.kitalpha.transposer.transformation.emf.traces.ecore/model/traces.ecore: unsupported `eType` path `ecore:EClass http://www.eclipse.org/emf/2002/Ecore#//EObject` failed to parse structural features failed to parse class `Trace` line 9, column 79 current parser state: | `` | `    <eStructuralFeatures xsi:type=""ecore:EReference"" name=""target"" lowerBound=""1""` parsing failed"
modelset/raw-data/repo-ecore-all/data/abdelghafourzguindou/ModelTransformer/RobotWork/metamodel/do.ecore,true,true,true,
modelset/raw-data/repo-ecore-all/data/abdelghafourzguindou/ModelTransformer/RobotWork/metamodel/sql.ecore,true,true,true,
modelset/raw-data/repo-ecore-all/data/abdelghafourzguindou/ModelTransformer/stateMachine/StateMachine/model/StateMachineDC.ecore,true,true,true,
modelset/raw-data/repo-ecore-all/data/abdellAtmani/Modif/testModif/metamodel/Ecore.ecore,false,false,false,"parse: failed to parse modelset/raw-data/repo-ecore-all/data/abdellAtmani/Modif/testModif/metamodel/Ecore.ecore: unexpected content at package level line 2, column 1 current parser state: | `<xmi:XMI xmi:version=""2.0""` | `    xmlns:xmi=""http://www.omg.org/XMI"" xmlns:xsi=""http://www.w3.org/2001/XMLSchema-instance""` parsing failed"
modelset/raw-data/repo-ecore-all/data/abdellAtmani/Modif/testModif/metamodel/Master.ecore,false,false,false,"parse: failed to parse modelset/raw-data/repo-ecore-all/data/abdellAtmani/Modif/testModif/metamodel/Master.ecore: unsupported `eType` path `//test2/B` failed to parse structural features failed to parse class `Classe` line 4, column 122 current parser state: | `` | `  </eClassifiers>` parsing failed"
modelset/raw-data/repo-ecore-all/data/abdellAtmani/Modif/testModif/metamodel/My.ecore,false,false,false,"parse: failed to parse modelset/raw-data/repo-ecore-all/data/abdellAtmani/Modif/testModif/metamodel/My.ecore: unexpected package content line 11, column 3 current parser state: | `<eSubpackages name=""test2"" nsURI=""http://fr.ubo.mde.test2"" nsPrefix=""test2"">` | `    <eClassifiers xsi:type=""ecore:EClass"" name=""B"" eSuperTypes=""#//N"">` parsing failed"
modelset/raw-data/repo-ecore-all/data/abdellAtmani/Modif/testModif/metamodel/metamodel/test2.ecore,false,false,false,"parse: failed to parse modelset/raw-data/repo-ecore-all/data/abdellAtmani/Modif/testModif/metamodel/metamodel/test2.ecore: unsupported `eType` path `//test22/B` failed to parse structural features failed to parse class `A` line 4, column 118 current parser state: | `` | `  </eClassifiers>` parsing failed"
modelset/raw-data/repo-ecore-all/data/abdellAtmani/Modif/testModif/metamodel/test2.ecore,false,false,false,"parse: failed to parse modelset/raw-data/repo-ecore-all/data/abdellAtmani/Modif/testModif/metamodel/test2.ecore: unsupported `eType` path `//test2/B` failed to parse structural features failed to parse class `Classe` line 4, column 122 current parser state: | `` | `  </eClassifiers>` parsing failed"
modelset/raw-data/repo-ecore-all/data/abdellAtmani/Modif/testModif/metamodel/uml2.ecore,false,false,false,"parse: failed to parse modelset/raw-data/repo-ecore-all/data/abdellAtmani/Modif/testModif/metamodel/uml2.ecore: unsupported `eType` path `//test2/B` failed to parse structural features failed to parse class `Classe` line 4, column 122 current parser state: | `` | `  </eClassifiers>` parsing failed"
modelset/raw-data/repo-ecore-all/data/abdush/BPMN2StateChart/BPMN Normalization/metamodels/BPMNDI.ecore,false,false,false,"parse: failed to parse modelset/raw-data/repo-ecore-all/data/abdush/BPMN2StateChart/BPMN Normalization/metamodels/BPMNDI.ecore: unknown builtit class URL `http://www.eclipse.org/emf/2002/Ecore#//EFeatureMapEntry` failed to parse structural features failed to parse class `DocumentRoot` line 10, column 90 current parser state: | `` | `      <eAnnotations source=""http:///org/eclipse/emf/ecore/util/ExtendedMetaData"">` parsing failed"
modelset/raw-data/repo-ecore-all/data/abelgomez/cpntools.toolkit/plugins/io.github.abelgomez.cpntools/model/cpntools.ecore,false,false,false,"parse: failed to parse modelset/raw-data/repo-ecore-all/data/abelgomez/cpntools.toolkit/plugins/io.github.abelgomez.cpntools/model/cpntools.ecore: unknown builtit class URL `http://www.eclipse.org/emf/2002/Ecore#//EIntegerObject` failed to parse class operation failed to parse class `Page` line 17, column 113 current parser state: | `` | `      <eParameters name=""height"" eType=""ecore:EDataType http://www.eclipse.org/emf/2002/Ecore#//EIntegerObject""/>` parsing failed"
modelset/raw-data/repo-ecore-all/data/abelgomez/kyanos.benchmarks/org.eclipse.gmt.modisco.java.kyanos/model/java.ecore,true,false,false,"generate: timeout after 120s: /arachne/target/debug/arachne generate modelset/raw-data/repo-ecore-all/data/abelgomez/kyanos.benchmarks/org.eclipse.gmt.modisco.java.kyanos/model/java.ecore -o /var/folders/24/3kt9vzrj6qzd_r760kn9ybsm0000gn/T/arachne-modelset-wtmcu15i/generated-00487 -p modelset-00487-8f3bc1ee [INFO  arachne] Starting code generation [INFO  arachne_codegen] Validating configuration [INFO  arachne_codegen] Parsing ecore metamodel: ""modelset/raw-data/repo-ecore-all/data/abelgomez/kyanos.benchmarks/org.eclipse.gmt.modisco.java.kyanos/model/java.ecore"" [WARN  ecore_rs::parser::raw] Structural feature `body` sets `ordered` while `upperBound=1`; this has no effect [WARN  ecore_rs::parser::raw] `eOpposite` attributes are currently not supported, ignoring [WARN  ecore_rs::parser::raw] `eOpposite` attributes are currently not supported, ignoring [WARN  ecore_rs::parser::raw] `eOpposite` attributes are currently not supported, ignoring [WARN  ecore_rs::parser::raw] Structural feature `method` sets `ordered` while `upperBound=1`; this has no effect [WARN  ecore_rs::parser::raw] `eOpposite` attributes are currently not supported, ignoring [WARN  ecore_rs::parser::raw] `eOpposite` attributes are currently not supported, ignoring [WARN  ecore_rs::parser::raw] Structural feature `package` sets `ordered` while `upperBound=1`; this has no effect [WARN  ecore_rs::parser::raw] `eOpposite` attributes are currently not supported, ignoring [WARN  ecore_rs::parser::raw] Structural feature `qualifier` sets `ordered` while `upperBound=1`; this has no effect [WARN  ecore_rs::parser::raw] Structural feature `type` sets `ordered` while `upperBound=1`; this has no effect [WARN  ecore_rs::parser::raw] `eOpposite` attributes are currently not supported, ignoring [WARN  ecore_rs::parser::raw] Structural feature `type` sets `ordered` while `upperBound=1`; this has no effect [WARN  ecore_rs::parser::raw] Structural feature `originalFilePath` sets `ordered` while `upperBound=1`; this has no effect [WARN  ecore_rs::parser::raw] Structural feature `originalFilePath` sets `unique` while `upperBound=1`; this has no effect [WARN  ecore_rs::parser::raw] Structural feature `manifest` sets `ordered` while `upperBound=1`; this has no effect [WARN  ecore_rs::parser::raw] Structural feature `message` sets `ordered` while `upperBound=1`; this has no effect [WARN  ecore_rs::parser::raw] Structural feature `expression` sets `ordered` while `upperBound=1`; this has no effect [WARN  ecore_rs::parser::raw] Structural feature `originalCompilationUnit` sets `ordered` while `upperBound=1`; this has no effect [WARN  ecore_rs::parser::raw] Structural feature `originalClassFile` sets `ordered` while `upperBound=1`; this has no effect [WARN  ecore_rs::parser::raw] Structural feature `member` sets `ordered` while `upperBound=1`; this has no effect [WARN  ecore_rs::parser::raw] `eOpposite` attributes are currently not supported, ignoring [WARN  ecore_rs::parser::raw] Structural feature `value` sets `ordered` while `upperBound=1`; this has no effect [WARN  ecore_rs::parser::raw] Structural feature `default` sets `ordered` while `upperBound=1`; this has no effect [WARN  ecore_rs::parser::raw] Structural feature `type` sets `ordered` while `upperBound=1`; this has no effect [WARN  ecore_rs::parser::raw] `eOpposite` attributes are currently not supported, ignoring [WARN  ecore_rs::parser::raw] `eOpposite` attributes are currently not supported, ignoring [WARN  ecore_rs::parser::raw] Structural feature `classInstanceCreation` sets `ordered` while `upperBound=1`; this has no effect [WARN  ecore_rs::parser::raw] `eOpposite` attributes are currently not supported, ignoring [WARN  ecore_rs::parser::raw] Structural feature `array` sets `ordered` while `upperBound=1`; this has no effect [WARN  ecore_rs::parser::raw] Structural feature `index` sets `ordered` while `upperBound=1`; this has no effect [WARN  ecore_rs::parser::raw] Structural feature `initializer` sets `ordered` while `upperBound=1`; this has no effect [WARN  ecore_rs::parser::raw] Structural feature `type` sets `ordered` while `upperBound=1`; this has no effect [WARN  ecore_rs::parser::raw] Structural feature `array` sets `ordered` while `upperBound=1`; this has no effect [WARN  ecore_rs::parser [output truncated after 4000 chars]"
modelset/raw-data/repo-ecore-all/data/abelgomez/kyanos.benchmarks/org.eclipse.gmt.modisco.java.kyanos/src/org/eclipse/gmt/modisco/java/kyanos/impl/java.ecore,true,false,false,"generate: timeout after 120s: /arachne/target/debug/arachne generate modelset/raw-data/repo-ecore-all/data/abelgomez/kyanos.benchmarks/org.eclipse.gmt.modisco.java.kyanos/src/org/eclipse/gmt/modisco/java/kyanos/impl/java.ecore -o /var/folders/24/3kt9vzrj6qzd_r760kn9ybsm0000gn/T/arachne-modelset-wtmcu15i/generated-00488 -p modelset-00488-eea820d1 [INFO  arachne] Starting code generation [INFO  arachne_codegen] Validating configuration [INFO  arachne_codegen] Parsing ecore metamodel: ""modelset/raw-data/repo-ecore-all/data/abelgomez/kyanos.benchmarks/org.eclipse.gmt.modisco.java.kyanos/src/org/eclipse/gmt/modisco/java/kyanos/impl/java.ecore"" [WARN  ecore_rs::parser::raw] Structural feature `body` sets `ordered` while `upperBound=1`; this has no effect [WARN  ecore_rs::parser::raw] `eOpposite` attributes are currently not supported, ignoring [WARN  ecore_rs::parser::raw] `eOpposite` attributes are currently not supported, ignoring [WARN  ecore_rs::parser::raw] `eOpposite` attributes are currently not supported, ignoring [WARN  ecore_rs::parser::raw] Structural feature `method` sets `ordered` while `upperBound=1`; this has no effect [WARN  ecore_rs::parser::raw] `eOpposite` attributes are currently not supported, ignoring [WARN  ecore_rs::parser::raw] `eOpposite` attributes are currently not supported, ignoring [WARN  ecore_rs::parser::raw] Structural feature `package` sets `ordered` while `upperBound=1`; this has no effect [WARN  ecore_rs::parser::raw] `eOpposite` attributes are currently not supported, ignoring [WARN  ecore_rs::parser::raw] Structural feature `qualifier` sets `ordered` while `upperBound=1`; this has no effect [WARN  ecore_rs::parser::raw] Structural feature `type` sets `ordered` while `upperBound=1`; this has no effect [WARN  ecore_rs::parser::raw] `eOpposite` attributes are currently not supported, ignoring [WARN  ecore_rs::parser::raw] Structural feature `type` sets `ordered` while `upperBound=1`; this has no effect [WARN  ecore_rs::parser::raw] Structural feature `originalFilePath` sets `ordered` while `upperBound=1`; this has no effect [WARN  ecore_rs::parser::raw] Structural feature `originalFilePath` sets `unique` while `upperBound=1`; this has no effect [WARN  ecore_rs::parser::raw] Structural feature `manifest` sets `ordered` while `upperBound=1`; this has no effect [WARN  ecore_rs::parser::raw] Structural feature `message` sets `ordered` while `upperBound=1`; this has no effect [WARN  ecore_rs::parser::raw] Structural feature `expression` sets `ordered` while `upperBound=1`; this has no effect [WARN  ecore_rs::parser::raw] Structural feature `originalCompilationUnit` sets `ordered` while `upperBound=1`; this has no effect [WARN  ecore_rs::parser::raw] Structural feature `originalClassFile` sets `ordered` while `upperBound=1`; this has no effect [WARN  ecore_rs::parser::raw] Structural feature `member` sets `ordered` while `upperBound=1`; this has no effect [WARN  ecore_rs::parser::raw] `eOpposite` attributes are currently not supported, ignoring [WARN  ecore_rs::parser::raw] Structural feature `value` sets `ordered` while `upperBound=1`; this has no effect [WARN  ecore_rs::parser::raw] Structural feature `default` sets `ordered` while `upperBound=1`; this has no effect [WARN  ecore_rs::parser::raw] Structural feature `type` sets `ordered` while `upperBound=1`; this has no effect [WARN  ecore_rs::parser::raw] `eOpposite` attributes are currently not supported, ignoring [WARN  ecore_rs::parser::raw] `eOpposite` attributes are currently not supported, ignoring [WARN  ecore_rs::parser::raw] Structural feature `classInstanceCreation` sets `ordered` while `upperBound=1`; this has no effect [WARN  ecore_rs::parser::raw] `eOpposite` attributes are currently not supported, ignoring [WARN  ecore_rs::parser::raw] Structural feature `array` sets `ordered` while `upperBound=1`; this has no effect [WARN  ecore_rs::parser::raw] Structural feature `index` sets `ordered` while `upperBound=1`; this has no effect [WARN  ecore_rs::parser::raw] Structural feature `initializer` sets `ordered` while `upperBound=1`; this has no effect [WARN  ecore_rs::parser::raw] Structural feature `type` sets `ordered` while `upperBound=1`; this has no effect [WARN  ecore_rs::parser::raw] Structural feature `array` sets `ordered` while `upperBound=1`; thi [output truncated after 4000 chars]"
modelset/raw-data/repo-ecore-all/data/abildashev/gridme/com.googlecode.gridme.simstate/src/metamodel/statemachine.ecore,true,true,true,
modelset/raw-data/repo-ecore-all/data/abnerrjo/PascalCompiler/org.xtext.example.Pascal/model/generated/Pascal.ecore,false,false,false,"parse: failed to parse modelset/raw-data/repo-ecore-all/data/abnerrjo/PascalCompiler/org.xtext.example.Pascal/model/generated/Pascal.ecore: unsupported `eType` path `ecore:EClass http://www.eclipse.org/emf/2002/Ecore#//EObject` failed to parse structural features failed to parse class `simple_expression` line 101, column 98 current parser state: | `` | `    <eStructuralFeatures xsi:type=""ecore:EAttribute"" name=""operators"" unique=""false""` parsing failed"
modelset/raw-data/repo-ecore-all/data/abouakaz/ADFG/gmf.adfg/model/adfg.ecore,false,false,false,"parse: failed to parse modelset/raw-data/repo-ecore-all/data/abouakaz/ADFG/gmf.adfg/model/adfg.ecore: unexpected structural feature attribute `eKeys` failed to parse structural features failed to parse class `Application` line 6, column 93 current parser state: | `/>` | `    <eStructuralFeatures xsi:type=""ecore:EAttribute"" name=""nbGraphs"" lowerBound=""1""` parsing failed"
modelset/raw-data/repo-ecore-all/data/abrahamreq/sma.formularios/metamodel/form.ecore,false,false,false,"parse: failed to parse modelset/raw-data/repo-ecore-all/data/abrahamreq/sma.formularios/metamodel/form.ecore: expected tag `>` failed to parse package annotation line 4, column 29 current parser state: | `/>` | `  <eClassifiers xsi:type=""ecore:EClass"" name=""Formulario"">` parsing failed"
modelset/raw-data/repo-ecore-all/data/abreslav/astrans/ru.ifmo.rain.astrans.interpreter.trace/model/trace.ecore,false,false,false,"parse: failed to parse modelset/raw-data/repo-ecore-all/data/abreslav/astrans/ru.ifmo.rain.astrans.interpreter.trace/model/trace.ecore: unsupported `eType` path `ecore:EClass http://www.eclipse.org/emf/2002/Ecore#//EClass` failed to parse class operation failed to parse class `Trace` line 8, column 102 current parser state: | `` | `      <eParameters name=""image"" eType=""ecore:EClass http://www.eclipse.org/emf/2002/Ecore#//EClass""/>` parsing failed"
modelset/raw-data/repo-ecore-all/data/abreslav/astrans/ru.ifmo.rain.astrans.tests/testData/backtrans/testResolvedAbstractClass/model.ecore,true,true,true,
modelset/raw-data/repo-ecore-all/data/abreslav/astrans/ru.ifmo.rain.astrans.tests/testData/dependencies/testCycle/input.ecore,true,true,true,
modelset/raw-data/repo-ecore-all/data/abreslav/astrans/ru.ifmo.rain.astrans.tests/testData/dependencies/testProvidingScopeInformation/input.ecore,true,true,true,
modelset/raw-data/repo-ecore-all/data/abreslav/astrans/ru.ifmo.rain.astrans.tests/testData/interpreter/testCrossReferencesOnly/expected.ecore,true,true,true,
modelset/raw-data/repo-ecore-all/data/abreslav/astrans/ru.ifmo.rain.astrans.tests/testData/interpreter/testCrossReferencesOnly/input.ecore,true,true,true,
modelset/raw-data/repo-ecore-all/data/abreslav/astrans/ru.ifmo.rain.astrans.tests/testData/interpreter/testCrossReferencesOnly/output.ecore,false,false,false,"parse: failed to parse modelset/raw-data/repo-ecore-all/data/abreslav/astrans/ru.ifmo.rain.astrans.tests/testData/interpreter/testCrossReferencesOnly/output.ecore: unsupported `eType` path `//C` failed to parse structural features failed to parse class `AAS` line 4, column 98 current parser state: | `` | `    <eStructuralFeatures xsi:type=""ecore:EReference"" name=""c"" eType=""//BAS"" containment=""true""/>` parsing failed"
modelset/raw-data/repo-ecore-all/data/abreslav/astrans/ru.ifmo.rain.astrans.tests/testData/interpreter/testNotMappedSuperclasses/input.ecore,false,false,false,"parse: failed to parse modelset/raw-data/repo-ecore-all/data/abreslav/astrans/ru.ifmo.rain.astrans.tests/testData/interpreter/testNotMappedSuperclasses/input.ecore: unsupported `eType` path `external.ecore#//E` line 7, column 89 current parser state: | `` | `</ecore:EPackage>` parsing failed"
