name,parse,generate,compile,error
modelset/raw-data/repo-ecore-all/data/jesusc/atl-tutorial/src/guigen.trafo.uml2gui/metamodels/wireframe.ecore,false,false,false,"parse: failed to parse modelset/raw-data/repo-ecore-all/data/jesusc/atl-tutorial/src/guigen.trafo.uml2gui/metamodels/wireframe.ecore: unknown builtit class URL `http://www.eclipse.org/emf/2002/Ecore#//ELongObject` failed to parse structural features failed to parse class `Widget` line 30, column 34 current parser state: | `` | `      <eAnnotations source=""http://www.eclipse.org/emf/2002/GenModel"">` parsing failed"
modelset/raw-data/repo-ecore-all/data/jesusc/bento/bin/zoo/uml2measure/OO_concept.ecore,true,true,true,
modelset/raw-data/repo-ecore-all/data/jesusc/bento/componetization/bento.componetization.atl.metrics/metamodels/Measure.ecore,false,false,false,"parse: failed to parse modelset/raw-data/repo-ecore-all/data/jesusc/bento/componetization/bento.componetization.atl.metrics/metamodels/Measure.ecore: unknown builtit class URL `http://www.eclipse.org/emf/2002/Ecore#//EIntegerObject` failed to parse structural features failed to parse class `IntegerMeasure` line 67, column 119 current parser state: | `` | `  </eClassifiers>` parsing failed"
modelset/raw-data/repo-ecore-all/data/jesusc/bento/examples/evaluation/bento.benchmarks/components/oo2java/uml2java/SimpleUML.ecore,true,true,true,
modelset/raw-data/repo-ecore-all/data/jesusc/bento/examples/evaluation/bento.benchmarks/tests/remove_multiple_inheritance/metamodels/SimpleUML.ecore,true,true,true,
modelset/raw-data/repo-ecore-all/data/jesusc/bento/examples/evaluation/bento.componetization.atl.examples/bin/paper/metrics/Metrics.ecore,false,false,false,"parse: failed to parse modelset/raw-data/repo-ecore-all/data/jesusc/bento/examples/evaluation/bento.componetization.atl.examples/bin/paper/metrics/Metrics.ecore: unknown builtit class URL `http://www.eclipse.org/emf/2002/Ecore#//EDoubleObject` failed to parse structural features failed to parse class `Metric` line 13, column 161 current parser state: | `` | `  </eClassifiers>` parsing failed"
modelset/raw-data/repo-ecore-all/data/jesusc/bento/examples/evaluation/bento.componetization.atl.examples/src/paper/metrics/SimpleUML.ecore,true,true,true,
modelset/raw-data/repo-ecore-all/data/jesusc/bento/examples/evaluation/bento.componetization.atl.examples/tmp_/UML2_concept.ecore,false,false,false,"parse: failed to parse modelset/raw-data/repo-ecore-all/data/jesusc/bento/examples/evaluation/bento.componetization.atl.examples/tmp_/UML2_concept.ecore: unsupported `eType` path `ecore:EClass #//PackageableElement` failed to parse structural features failed to parse class `Package` line 12, column 29 current parser state: | `` | `  </eClassifiers>` parsing failed"
modelset/raw-data/repo-ecore-all/data/jesusc/bento/examples/evaluation/bento.componetization.atl.examples/tmp_/UML2_effective.ecore,true,true,true,
modelset/raw-data/repo-ecore-all/data/jesusc/bento/examples/evaluation/bento.examples.flow_diagrams.petrinets/bindings/apromore2pn/apromore.ecore,true,true,true,
modelset/raw-data/repo-ecore-all/data/jesusc/bento/examples/evaluation/bento.examples.flow_diagrams.petrinets/bindings/bender2pn/StateMachine.ecore,true,true,true,
modelset/raw-data/repo-ecore-all/data/jesusc/bento/examples/library/bento.rev.oo2dot/reveng/original/KM3_modified.ecore,false,false,false,"parse: failed to parse modelset/raw-data/repo-ecore-all/data/jesusc/bento/examples/library/bento.rev.oo2dot/reveng/original/KM3_modified.ecore: unknown builtit class URL `http://www.eclipse.org/emf/2002/Ecore#//EBooleanObject` failed to parse structural features failed to parse class `Class` line 27, column 104 current parser state: | `` | `    <eStructuralFeatures xsi:type=""ecore:EReference"" name=""supertypes"" ordered=""false""` parsing failed"
modelset/raw-data/repo-ecore-all/data/jesusc/bento/examples/library/bento.rev.oo2measure/metamodels/OO.ecore,true,true,true,
modelset/raw-data/repo-ecore-all/data/jesusc/bento/examples/library/bento.trafolib.oorefactorings.bindings/gen/Test1_flattened.ecore,false,false,false,"parse: failed to parse modelset/raw-data/repo-ecore-all/data/jesusc/bento/examples/library/bento.trafolib.oorefactorings.bindings/gen/Test1_flattened.ecore: unsupported `eType` path `//B` failed to parse structural features failed to parse class `A` line 7, column 41 current parser state: | `` | `  </eClassifiers>` parsing failed"
modelset/raw-data/repo-ecore-all/data/jesusc/bento/examples/library/bento.trafolib.oorefactorings.bindings/gen/Test2_flattened.ecore,false,false,false,"parse: failed to parse modelset/raw-data/repo-ecore-all/data/jesusc/bento/examples/library/bento.trafolib.oorefactorings.bindings/gen/Test2_flattened.ecore: unsupported `eType` path `//B` failed to parse structural features failed to parse class `A` line 6, column 41 current parser state: | `` | `  </eClassifiers>` parsing failed"
modelset/raw-data/repo-ecore-all/data/jesusc/bento/examples/library/bento.trafolib.oorefactorings.bindings/tests/Ecore.ecore,false,false,false,"parse: failed to parse modelset/raw-data/repo-ecore-all/data/jesusc/bento/examples/library/bento.trafolib.oorefactorings.bindings/tests/Ecore.ecore: unexpected `eClassifiers` attribute `serializable` line 274, column 27 current parser state: | `/>` | `  <eClassifiers xsi:type=""ecore:EDataType"" name=""EDouble"" instanceClassName=""double"">` parsing failed"
modelset/raw-data/repo-ecore-all/data/jesusc/bento/examples/library/bento.trafolib.oorefactorings.bindings/tests/Test1.ecore,true,true,true,
modelset/raw-data/repo-ecore-all/data/jesusc/bento/examples/library/bento.trafolib.oorefactorings.bindings/tests/Test2.ecore,false,false,false,"parse: failed to parse modelset/raw-data/repo-ecore-all/data/jesusc/bento/examples/library/bento.trafolib.oorefactorings.bindings/tests/Test2.ecore: unexpected package content line 10, column 3 current parser state: | `<eSubpackages name=""test2sub1"" nsURI=""http://test2sub"" nsPrefix=""test2sub"">` | `    <eClassifiers xsi:type=""ecore:EClass"" name=""D""/>` parsing failed"
modelset/raw-data/repo-ecore-all/data/jesusc/bento/examples/library/bento.trafolib.petrinet2matrix/metamodels/PetriNet.ecore,true,true,true,
modelset/raw-data/repo-ecore-all/data/jesusc/bento/examples/library/bento.trafolib.petrinet2matrix.bindings/metamodels/1_renamed_petri_net.ecore,true,true,true,
modelset/raw-data/repo-ecore-all/data/jesusc/bento/examples/library/bento.trafolib.petrinet2matrix.bindings/metamodels/2_simple_arc_petri_net.ecore,true,true,true,
modelset/raw-data/repo-ecore-all/data/jesusc/bento/examples/library/bento.trafolib.petrinet2matrix.bindings/metamodels/3_no_arc_petri_net.ecore,true,true,true,
modelset/raw-data/repo-ecore-all/data/jesusc/bento/examples/simple/bento.rev.oo2metrics_running_example/metamodels/OO.ecore,true,true,true,
modelset/raw-data/repo-ecore-all/data/jesusc/bento/plugins/genericity.language.gbind/metamodel/gbind.ecore,false,false,false,"parse: failed to parse modelset/raw-data/repo-ecore-all/data/jesusc/bento/plugins/genericity.language.gbind/metamodel/gbind.ecore: unexpected package content line 4, column 3 current parser state: | `<eSubpackages name=""simpleocl"" nsURI=""http://soft.vub.ac.be/simpleocl/2011/SimpleOCL""` | `      nsPrefix=""simpleocl"">` parsing failed"
modelset/raw-data/repo-ecore-all/data/jesusc/bento/tests/bento.sirius.tests.metamodels/resources/concepts/graph.ecore,true,true,true,
modelset/raw-data/repo-ecore-all/data/jesusc/eclectic/plugins/org.eclectic.frontend.asm/util/merge/models/test1.ecore,true,true,true,
modelset/raw-data/repo-ecore-all/data/jesusc/eclectic/plugins/org.eclectic.frontend.asm/util/merge/models/test2.ecore,true,true,true,
modelset/raw-data/repo-ecore-all/data/jesusc/eclectic/tests/org.eclectic.frontend.test/metamodels/petrinet-migration/After.ecore,true,true,true,
modelset/raw-data/repo-ecore-all/data/jesusc/eclectic/tests/org.eclectic.frontend.test/metamodels/petrinet-migration/Before.ecore,true,true,true,
modelset/raw-data/repo-ecore-all/data/jesusc/eclectic/tests/org.eclectic.test/fixtures/metamodels/Binary.ecore,false,false,false,"parse: failed to parse modelset/raw-data/repo-ecore-all/data/jesusc/eclectic/tests/org.eclectic.test/fixtures/metamodels/Binary.ecore: unknown builtit class URL `http://www.eclipse.org/emf/2002/Ecore#//EIntegerObject` failed to parse structural features failed to parse class `Bit` line 25, column 162 current parser state: | `` | `  </eClassifiers>` parsing failed"
modelset/raw-data/repo-ecore-all/data/jesusc/eclectic/tests/org.eclectic.test/fixtures/metamodels/ClassDiagram.ecore,true,true,true,
modelset/raw-data/repo-ecore-all/data/jesusc/eclectic/tests/org.eclectic.test.family/bin/uml2java/ocl_constraints.ecore,false,false,false,"parse: failed to parse modelset/raw-data/repo-ecore-all/data/jesusc/eclectic/tests/org.eclectic.test.family/bin/uml2java/ocl_constraints.ecore: unexpected content at package level line 2, column 1 current parser state: | `<xmi:XMI xmi:version=""2.0"" xmlns:xmi=""http://www.omg.org/XMI"" xmlns:xsi=""http://www.w3.org/2001/XMLSchema-instance"" xmlns:ecore=""http://www.eclipse.org/emf/2002/Ecore"">` | `  <ecore:EPackage name=""ocl_constraints"" nsURI=""ocl_constraints"" nsPrefix=""ocl_constraints"">` parsing failed"
modelset/raw-data/repo-ecore-all/data/jesusc/eclectic/tests/org.eclectic.test.jvm_integration/fixtures/metamodels/mention_graph.ecore,true,true,true,
modelset/raw-data/repo-ecore-all/data/jesusc/eclectic/tests/org.eclectic.test.jvm_integration/fixtures/metamodels/petrinet.ecore,true,true,true,
modelset/raw-data/repo-ecore-all/data/jesusc/eclectic/tests/org.eclectic.test.streaming.largemodels/model/JDTAST.ecore,false,false,false,"parse: failed to parse modelset/raw-data/repo-ecore-all/data/jesusc/eclectic/tests/org.eclectic.test.streaming.largemodels/model/JDTAST.ecore: unexpected content at package level line 2, column 1 current parser state: | `<xmi:XMI xmi:version=""2.0""` | `    xmlns:xmi=""http://www.omg.org/XMI"" xmlns:xsi=""http://www.w3.org/2001/XMLSchema-instance""` parsing failed"
modelset/raw-data/repo-ecore-all/data/jesusc/eclectic/tests/org.eclectic.test.streaming.largemodels/model/jdt-genversion/JDTAST.ecore,false,false,false,"parse: failed to parse modelset/raw-data/repo-ecore-all/data/jesusc/eclectic/tests/org.eclectic.test.streaming.largemodels/model/jdt-genversion/JDTAST.ecore: unknown builtit class URL `JDTAST1.ecore#//Boolean` failed to parse structural features failed to parse class `Expression` line 43, column 88 current parser state: | `` | `    <eStructuralFeatures xsi:type=""ecore:EAttribute"" name=""resolveUnboxing"" ordered=""false""` parsing failed"
modelset/raw-data/repo-ecore-all/data/jesusc/eclectic/tests/org.eclectic.test.streaming.largemodels/model/jdt-genversion/JDTAST2.ecore,false,false,false,"parse: failed to parse modelset/raw-data/repo-ecore-all/data/jesusc/eclectic/tests/org.eclectic.test.streaming.largemodels/model/jdt-genversion/JDTAST2.ecore: unknown builtit class URL `JDTAST1.ecore#//String` failed to parse structural features failed to parse class `IJavaElement` line 8, column 87 current parser state: | `` | `  </eClassifiers>` parsing failed"
modelset/raw-data/repo-ecore-all/data/jesusc/efinder/plugins/efinder.core/model/efinder.ecore,false,false,false,"parse: failed to parse modelset/raw-data/repo-ecore-all/data/jesusc/efinder/plugins/efinder.core/model/efinder.ecore: unsupported `eType` path `ecore:EClass http://www.eclipse.org/emf/2002/Ecore#//EStructuralFeature` failed to parse structural features failed to parse class `MetamodelFeatureRef` line 57, column 90 current parser state: | `` | `  </eClassifiers>` parsing failed"
modelset/raw-data/repo-ecore-all/data/jesusc/efinder/tests/efinder.core.tests/resources/metamodels/people.ecore,false,false,false,"parse: failed to parse modelset/raw-data/repo-ecore-all/data/jesusc/efinder/tests/efinder.core.tests/resources/metamodels/people.ecore: expected tag `>` failed to parse class annotation failed to parse class `Model` line 5, column 32 current parser state: | `/>` | `    <eStructuralFeatures xsi:type=""ecore:EReference"" name=""people"" upperBound=""-1""` parsing failed"
modelset/raw-data/repo-ecore-all/data/jesusc/emop/examples/mop.emf.atl.examples/metamodels/PNML_small.ecore,true,true,true,
modelset/raw-data/repo-ecore-all/data/jesusc/emop/examples/mop.emf.atl.examples/metamodels/PetriNet.ecore,false,false,false,"parse: failed to parse modelset/raw-data/repo-ecore-all/data/jesusc/emop/examples/mop.emf.atl.examples/metamodels/PetriNet.ecore: unexpected content at package level line 2, column 1 current parser state: | `<xmi:XMI xmi:version=""2.0"" xmlns:xmi=""http://www.omg.org/XMI"" xmlns:xsi=""http://www.w3.org/2001/XMLSchema-instance""` | `    xmlns:ecore=""http://www.eclipse.org/emf/2002/Ecore"">` parsing failed"
modelset/raw-data/repo-ecore-all/data/jesusc/emop/examples/mop.emf.examples/examples/SimpleUML.ecore,true,true,true,
modelset/raw-data/repo-ecore-all/data/jesusc/rubytl/age/gts.rubytl.launching.core/test/gts/rubytl/launching/core/data/class2table/ClassM.ecore,true,true,true,
modelset/raw-data/repo-ecore-all/data/jesusc/rubytl/age/gts.rubytl.launching.core/test/gts/rubytl/launching/core/data/class2table/TableM.ecore,true,true,true,
modelset/raw-data/repo-ecore-all/data/jesusc/rubytl/rubytl-core/test/files/metamodels/Packages.ecore,false,false,false,"parse: failed to parse modelset/raw-data/repo-ecore-all/data/jesusc/rubytl/rubytl-core/test/files/metamodels/Packages.ecore: unsupported `eType` path `ecore:EClass http://www.eclipse.org/emf/2002/Ecore#//EObject` failed to parse structural features failed to parse class `Model` line 11, column 98 current parser state: | `` | `  </eClassifiers>` parsing failed"
modelset/raw-data/repo-ecore-all/data/jfbrazeau/EMF-To-GraphViz/org.emftools.samples.school/model/school.ecore,false,false,false,"parse: failed to parse modelset/raw-data/repo-ecore-all/data/jfbrazeau/EMF-To-GraphViz/org.emftools.samples.school/model/school.ecore: unknown builtit class URL `http://www.eclipse.org/emf/2002/Ecore#//EDiagnosticChain` failed to parse class operation failed to parse class `Classroom` line 8, column 120 current parser state: | `` | `      <eParameters name=""context"">` parsing failed"
modelset/raw-data/repo-ecore-all/data/jgralab/ecore2tg/testit/testdata/ecore2tg2ecore_university/UniversityExtended.ecore,false,false,false,"parse: failed to parse modelset/raw-data/repo-ecore-all/data/jgralab/ecore2tg/testit/testdata/ecore2tg2ecore_university/UniversityExtended.ecore: unexpected package content line 18, column 3 current parser state: | `<eSubpackages name=""people"" nsURI=""http://universityextended/1.0/people"" nsPrefix=""people"">` | `    <eClassifiers xsi:type=""ecore:EClass"" name=""Person"">` parsing failed"
modelset/raw-data/repo-ecore-all/data/jgralab/ecore2tg/testit/testdata/ecore2tg_MultipleInheritanceEdgeClasses/MultipleInheritanceEdgeClasses.ecore,true,true,true,
modelset/raw-data/repo-ecore-all/data/jgralab/funnyqt/test/input/AddressBook.ecore,true,true,true,
modelset/raw-data/repo-ecore-all/data/jgralab/funnyqt/test/input/Families.ecore,true,true,true,
modelset/raw-data/repo-ecore-all/data/jgralab/funnyqt/test/input/PMatchTestMetamodel.ecore,true,true,true,
modelset/raw-data/repo-ecore-all/data/jgralab/funnyqt/test/input/uml-rdbms-bidi/classdiagram.ecore,true,true,true,
modelset/raw-data/repo-ecore-all/data/jgralab/funnyqt/test/input/uml-rdbms-bidi/database.ecore,true,true,true,
modelset/raw-data/repo-ecore-all/data/jhon0010/MDE/CadenaTransformacion/Cadena Petrinet2HTMLGraph/metamodels/graph.ecore,true,true,true,
modelset/raw-data/repo-ecore-all/data/jhon0010/MDE/MarketPlace2SQL/metamodels/DB.ecore,false,false,false,"parse: failed to parse modelset/raw-data/repo-ecore-all/data/jhon0010/MDE/MarketPlace2SQL/metamodels/DB.ecore: unknown builtit class URL `http://www.eclipse.org/emf/2002/Ecore#//EBooleanObject` failed to parse structural features failed to parse class `ForeignKey` line 32, column 148 current parser state: | `` | `  </eClassifiers>` parsing failed"
modelset/raw-data/repo-ecore-all/data/jhon0010/MDE/Parcial2TeoricoResuelto/metamodels/Class.ecore,true,true,true,
modelset/raw-data/repo-ecore-all/data/jhon0010/MDE/Parcial2TeoricoResuelto/metamodels/DB.ecore,false,false,false,"parse: failed to parse modelset/raw-data/repo-ecore-all/data/jhon0010/MDE/Parcial2TeoricoResuelto/metamodels/DB.ecore: unknown builtit class URL `http://www.eclipse.org/emf/2002/Ecore#//EBooleanObject` failed to parse structural features failed to parse class `ForeignKey` line 33, column 148 current parser state: | `` | `  </eClassifiers>` parsing failed"
modelset/raw-data/repo-ecore-all/data/jhon0010/MDE/Proyecto/html/model/html5.ecore,true,true,true,
modelset/raw-data/repo-ecore-all/data/jimclarkuk/Eclipse-Dojos/EMFBasics/EMF_Demo/model/library.ecore,true,true,true,
modelset/raw-data/repo-ecore-all/data/jjfraney/tjpeditor/org.jjflyboy.tjpeditor/src-gen/org/jjflyboy/tjpeditor/project/impl/project.ecore,false,false,false,"parse: failed to parse modelset/raw-data/repo-ecore-all/data/jjfraney/tjpeditor/org.jjflyboy.tjpeditor/src-gen/org/jjflyboy/tjpeditor/project/impl/project.ecore: unsupported `eType` path `ecore:EClass http://www.eclipse.org/xtext/common/JavaVMTypes#//JvmIdentifiableElement` failed to parse structural features failed to parse class `XBinaryOperation` line 965, column 164 current parser state: | `` | `    <eStructuralFeatures xsi:type=""ecore:EReference"" name=""rightOperand"" eType=""#//LogicalExpression""` parsing failed"
modelset/raw-data/repo-ecore-all/data/jjunac/vrep-dsl/org.robot.model/model/robot.ecore,true,true,true,
modelset/raw-data/repo-ecore-all/data/jkitaj/emf4cpp/emf4cpp/emf4cpp/emf4cpp.tests/metamodels/emof.ecore,false,false,false,"parse: failed to parse modelset/raw-data/repo-ecore-all/data/jkitaj/emf4cpp/emf4cpp/emf4cpp/emf4cpp.tests/metamodels/emof.ecore: unexpected package attribute `xmi:id` expected one of `name` `nsURI` `nsPrefix` `xmi:version` `xmlns:xmi` `xmlns:xsi` `xmlns:ecore` line 2, column 190 current parser state: | `name=""emof"" nsURI=""http:///emof.ecore"" nsPrefix=""emof"">` | `  <eClassifiers xsi:type=""ecore:EDataType"" xmi:id=""emof.Boolean"" name=""Boolean"" instanceClassName=""java.lang.Boolean""/>` parsing failed"
modelset/raw-data/repo-ecore-all/data/jkitaj/emf4cpp/emf4cpp/emf4cpp/emf4cpp.tests/tree-bintree/Tree.ecore,true,true,true,
modelset/raw-data/repo-ecore-all/data/jkouwer/basicfamily/basic.family/model/basicfamily.ecore,false,false,false,"parse: failed to parse modelset/raw-data/repo-ecore-all/data/jkouwer/basicfamily/basic.family/model/basicfamily.ecore: unknown builtit class URL `http://www.eclipse.org/emf/2002/Ecore#//EDate` failed to parse structural features failed to parse class `Person` line 13, column 142 current parser state: | `` | `    <eStructuralFeatures xsi:type=""ecore:EReference"" name=""parents"" upperBound=""2""` parsing failed"
modelset/raw-data/repo-ecore-all/data/jku-isse/ecco/extras/emf/src/test/resources/Library.ecore,false,false,false,"parse: failed to parse modelset/raw-data/repo-ecore-all/data/jku-isse/ecco/extras/emf/src/test/resources/Library.ecore: unknown builtit class URL `http://www.eclipse.org/emf/2003/XMLType#//String` failed to parse structural features failed to parse class `Book` line 11, column 82 current parser state: | `` | `      <eAnnotations source=""http:///org/eclipse/emf/ecore/util/ExtendedMetaData"">` parsing failed"
modelset/raw-data/repo-ecore-all/data/jlcanovas/gra2mol/core/Grammar2Model/metamodel/Service.ecore,true,true,true,
modelset/raw-data/repo-ecore-all/data/jlcanovas/gra2mol/core/Grammar2Model/metamodel/javaSimplified.ecore,true,true,true,
modelset/raw-data/repo-ecore-all/data/jlcanovas/gra2mol/core/Grammar2Model/metamodel/javamodse.ecore,true,true,true,
modelset/raw-data/repo-ecore-all/data/jlcanovas/gra2mol/examples/Grammar2Model.examples.Java2ASTMModel/files/metamodels/astm.ecore,true,false,false,"generate: timeout after 120s: /arachne/target/debug/arachne generate modelset/raw-data/repo-ecore-all/data/jlcanovas/gra2mol/examples/Grammar2Model.examples.Java2ASTMModel/files/metamodels/astm.ecore -o /var/folders/24/3kt9vzrj6qzd_r760kn9ybsm0000gn/T/arachne-modelset-b3l8v7mw/generated-00069 -p modelset-00069-4a9d54f6 [INFO  arachne] Starting code generation [INFO  arachne_codegen] Validating configuration [INFO  arachne_codegen] Parsing ecore metamodel: ""modelset/raw-data/repo-ecore-all/data/jlcanovas/gra2mol/examples/Grammar2Model.examples.Java2ASTMModel/files/metamodels/astm.ecore"" [INFO  arachne_codegen] Generating Rust tokens"
modelset/raw-data/repo-ecore-all/data/jlcanovas/gra2mol/examples/Grammar2Model.examples.Java2ASTMModel/files/metamodels/gsastm.ecore,false,false,false,"parse: failed to parse modelset/raw-data/repo-ecore-all/data/jlcanovas/gra2mol/examples/Grammar2Model.examples.Java2ASTMModel/files/metamodels/gsastm.ecore: unexpected content at package level line 2, column 1 current parser state: | `<xmi:XMI xmi:version=""2.0""` | `    xmlns:xmi=""http://www.omg.org/XMI"" xmlns:xsi=""http://www.w3.org/2001/XMLSchema-instance""` parsing failed"
modelset/raw-data/repo-ecore-all/data/jlcanovas/gra2mol/examples/Grammar2Model.examples.Java2JavaModel/files/metamodels/javaSimplified.ecore,true,true,true,
modelset/raw-data/repo-ecore-all/data/jlcanovas/gra2mol/examples/Grammar2Model.examples.Maude2Model/files/metamodels/Maude.ecore,true,true,true,
modelset/raw-data/repo-ecore-all/data/jlcanovas/gra2mol/examples/Grammar2Model.examples.PLSQL2ASTMModel/metamodels/astm-v1.ecore,false,false,false,"parse: failed to parse modelset/raw-data/repo-ecore-all/data/jlcanovas/gra2mol/examples/Grammar2Model.examples.PLSQL2ASTMModel/metamodels/astm-v1.ecore: unexpected content at package level line 2, column 1 current parser state: | `<xmi:XMI xmi:version=""2.0""` | `    xmlns:xmi=""http://www.omg.org/XMI"" xmlns:xsi=""http://www.w3.org/2001/XMLSchema-instance""` parsing failed"
modelset/raw-data/repo-ecore-all/data/jlcanovas/gra2mol/examples/Grammar2Model.examples.PLSQL2ASTMModel/metamodels/astm-v2.ecore,false,false,false,"parse: failed to parse modelset/raw-data/repo-ecore-all/data/jlcanovas/gra2mol/examples/Grammar2Model.examples.PLSQL2ASTMModel/metamodels/astm-v2.ecore: unexpected content at package level line 2, column 1 current parser state: | `<xmi:XMI xmi:version=""2.0""` | `    xmlns:xmi=""http://www.omg.org/XMI"" xmlns:xsi=""http://www.w3.org/2001/XMLSchema-instance""` parsing failed"
modelset/raw-data/repo-ecore-all/data/jlcanovas/gra2mol/examples/Grammar2Model.examples.extractHierarchy/files/metamodels/ClassM.ecore,true,true,true,
modelset/raw-data/repo-ecore-all/data/jlcanovas/gra2mol/examples/Grammar2Model.examples.wikiDB2Model/files/metamodels/wikiGraph-onekin.ecore,true,true,true,
modelset/raw-data/repo-ecore-all/data/jlcanovas/gra2mol/examples/Grammar2Model.examples.wikiDB2Model/files/metamodels/wikiGraph.ecore,true,true,true,
modelset/raw-data/repo-ecore-all/data/jlh5587/COMP7970-XText/org.xtext.example.mydsl/model/generated/MyDsl.ecore,true,true,true,
modelset/raw-data/repo-ecore-all/data/jlh5587/xtextGrammer/org.xtext.comp7290.agent/model/generated/AgentDSL.ecore,true,true,true,
modelset/raw-data/repo-ecore-all/data/jmhorcas/istar2fm/metamodels/featureModelMetamodel.ecore,false,false,false,"parse: failed to parse modelset/raw-data/repo-ecore-all/data/jmhorcas/istar2fm/metamodels/featureModelMetamodel.ecore: unknown builtit class URL `http://www.eclipse.org/emf/2003/XMLType#//String` failed to parse structural features failed to parse class `Feature` line 14, column 20 current parser state: | `` | `    <eStructuralFeatures xsi:type=""ecore:EAttribute"" name=""name"" eType=""ecore:EDataType http://www.eclipse.org/emf/2003/XMLType#//String""/>` parsing failed"
modelset/raw-data/repo-ecore-all/data/jmhorcas/vEXgine/lib/CVLModel/model/CVLModel.ecore,false,false,false,"parse: failed to parse modelset/raw-data/repo-ecore-all/data/jmhorcas/vEXgine/lib/CVLModel/model/CVLModel.ecore: unknown builtit class URL `http://www.eclipse.org/emf/2003/XMLType#//Boolean` failed to parse class operation failed to parse class `VSpec` line 5, column 107 current parser state: | `` | `    <eOperations name=""isCloneable"" eType=""ecore:EDataType http://www.eclipse.org/emf/2003/XMLType#//Boolean""/>` parsing failed"
modelset/raw-data/repo-ecore-all/data/joaocv3/linguagens-de-programacao/tutorial_15_min/org.ages/model/generated/AGES.ecore,true,true,true,
modelset/raw-data/repo-ecore-all/data/joe-hache/IDM_Arduino/model/ArduinoML.ecore,true,true,true,
modelset/raw-data/repo-ecore-all/data/joe-hache/IDM_Arduino_Polytech/IDMArduino/model/ArduinoML.ecore,true,true,true,
modelset/raw-data/repo-ecore-all/data/joergreichert/Cool/edu.stanford.compilers.cool/model/generated/Cool.ecore,true,false,false,"generate: timeout after 120s: /arachne/target/debug/arachne generate modelset/raw-data/repo-ecore-all/data/joergreichert/Cool/edu.stanford.compilers.cool/model/generated/Cool.ecore -o /var/folders/24/3kt9vzrj6qzd_r760kn9ybsm0000gn/T/arachne-modelset-b3l8v7mw/generated-00085 -p modelset-00085-707af9f5 [INFO  arachne] Starting code generation [INFO  arachne_codegen] Validating configuration [INFO  arachne_codegen] Parsing ecore metamodel: ""modelset/raw-data/repo-ecore-all/data/joergreichert/Cool/edu.stanford.compilers.cool/model/generated/Cool.ecore"" [INFO  arachne_codegen] Generating Rust tokens"
modelset/raw-data/repo-ecore-all/data/joergreichert/spray/examples/featuremodeling/org.eclipselabs.spray.featuremodeling.domain/model/fmp.ecore,false,false,false,"parse: failed to parse modelset/raw-data/repo-ecore-all/data/joergreichert/spray/examples/featuremodeling/org.eclipselabs.spray.featuremodeling.domain/model/fmp.ecore: unknown builtit class URL `http://www.eclipse.org/emf/2002/Ecore#//EIntegerObject` failed to parse structural features failed to parse class `TypedValue` line 45, column 154 current parser state: | `` | `    <eStructuralFeatures xsi:type=""ecore:EAttribute"" name=""stringValue"" eType=""ecore:EDataType http://www.eclipse.org/emf/2002/Ecore#//EString""/>` parsing failed"
modelset/raw-data/repo-ecore-all/data/joeseibel/budgeting/budgeting/model/generated/Budgeting.ecore,false,false,false,"parse: failed to parse modelset/raw-data/repo-ecore-all/data/joeseibel/budgeting/budgeting/model/generated/Budgeting.ecore: unknown builtit class URL `http://www.eclipse.org/emf/2002/Ecore#//EIntegerObject` failed to parse structural features failed to parse class `CashTransaction` line 69, column 145 current parser state: | `` | `  </eClassifiers>` parsing failed"
modelset/raw-data/repo-ecore-all/data/jokingarcia/ContinuousEvolution/ContinuousEvolution_BookShop/metamodels/SWML.ecore,true,true,true,
modelset/raw-data/repo-ecore-all/data/jokingarcia/ContinuousEvolution/ContinuousEvolution_BookShop/metamodels/SWML_v2.ecore,true,true,true,
modelset/raw-data/repo-ecore-all/data/jokingarcia/HandyMOF/HandyMOF_Traces/metamodels/Map.ecore,true,true,true,
modelset/raw-data/repo-ecore-all/data/jokingarcia/HandyMOF/HandyMOF_Traces/metamodels/mofscriptmodel.ecore,true,true,true,
modelset/raw-data/repo-ecore-all/data/jokingarcia/MOFScript_Adaptation/ScheMoL.Blog/bootstrap/wikidb116.ecore,false,false,false,"parse: failed to parse modelset/raw-data/repo-ecore-all/data/jokingarcia/MOFScript_Adaptation/ScheMoL.Blog/bootstrap/wikidb116.ecore: Missing attribute `eType` in structural feature `pr_user` failed to parse structural features failed to parse class `version116_page_restrictions` line 4, column 69 current parser state: | `` | `      <eType xsi:type=""ecore:EDataType"" href=""http://www.eclipse.org/emf/2002/Ecore#//ELong""/>` parsing failed"
modelset/raw-data/repo-ecore-all/data/jokingarcia/MOFScript_Adaptation/ScheMoL.Blog/bootstrap/wikidb119.ecore,false,false,false,"parse: failed to parse modelset/raw-data/repo-ecore-all/data/jokingarcia/MOFScript_Adaptation/ScheMoL.Blog/bootstrap/wikidb119.ecore: Missing attribute `eType` in structural feature `si_page` failed to parse structural features failed to parse class `searchindex` line 4, column 69 current parser state: | `` | `      <eType xsi:type=""ecore:EDataType"" href=""http://www.eclipse.org/emf/2002/Ecore#//ELong""/>` parsing failed"
modelset/raw-data/repo-ecore-all/data/jokingarcia/MOFScript_Adaptation/metamodels/wikidb116.ecore,false,false,false,"parse: failed to parse modelset/raw-data/repo-ecore-all/data/jokingarcia/MOFScript_Adaptation/metamodels/wikidb116.ecore: unknown builtit class URL `http://www.eclipse.org/emf/2002/Ecore#//EDate` failed to parse structural features failed to parse class `categorylinks` line 45, column 145 current parser state: | `` | `  </eClassifiers>` parsing failed"
modelset/raw-data/repo-ecore-all/data/jokingarcia/MOFScript_Adaptation/metamodels/wikidb119.ecore,false,false,false,"parse: failed to parse modelset/raw-data/repo-ecore-all/data/jokingarcia/MOFScript_Adaptation/metamodels/wikidb119.ecore: unknown builtit class URL `http://www.eclipse.org/emf/2002/Ecore#//EDate` failed to parse structural features failed to parse class `categorylinks` line 28, column 145 current parser state: | `` | `    <eStructuralFeatures xsi:type=""ecore:EAttribute"" name=""cl_type"" eType=""ecore:EDataType http://www.eclipse.org/emf/2002/Ecore#//EString""` parsing failed"
modelset/raw-data/repo-ecore-all/data/jokingarcia/Transformation_coevolution/final/AssistantMVC.ecore,true,true,true,
modelset/raw-data/repo-ecore-all/data/jokingarcia/Transformation_coevolution/final/AssistantMVCFinal.ecore,true,true,true,
modelset/raw-data/repo-ecore-all/data/jokingarcia/Transformation_coevolution/metamodels/AssistantMVC.ecore,true,true,true,
modelset/raw-data/repo-ecore-all/data/jokingarcia/Transformation_coevolution/metamodels/AssistantMVCEvol.ecore,true,true,true,
modelset/raw-data/repo-ecore-all/data/jokingarcia/Transformation_coevolution/metamodels/AssistantMVCEvol10.ecore,true,true,true,
modelset/raw-data/repo-ecore-all/data/jokingarcia/Transformation_coevolution/metamodels/AssistantMVCEvol11.ecore,true,true,true,
modelset/raw-data/repo-ecore-all/data/jokingarcia/Transformation_coevolution/metamodels/AssistantMVCEvol12.ecore,true,true,true,
modelset/raw-data/repo-ecore-all/data/jokingarcia/Transformation_coevolution/metamodels/AssistantMVCEvol13.ecore,true,true,true,
modelset/raw-data/repo-ecore-all/data/jokingarcia/Transformation_coevolution/metamodels/AssistantMVCEvol14.ecore,true,true,true,
modelset/raw-data/repo-ecore-all/data/jokingarcia/Transformation_coevolution/metamodels/AssistantMVCEvol15.ecore,true,true,true,
modelset/raw-data/repo-ecore-all/data/jokingarcia/Transformation_coevolution/metamodels/AssistantMVCEvol16.ecore,true,true,true,
modelset/raw-data/repo-ecore-all/data/jokingarcia/Transformation_coevolution/metamodels/AssistantMVCEvol17.ecore,true,true,true,
modelset/raw-data/repo-ecore-all/data/jokingarcia/Transformation_coevolution/metamodels/AssistantMVCEvol18.ecore,true,true,true,
modelset/raw-data/repo-ecore-all/data/jokingarcia/Transformation_coevolution/metamodels/AssistantMVCEvol2.ecore,true,true,true,
modelset/raw-data/repo-ecore-all/data/jokingarcia/Transformation_coevolution/metamodels/AssistantMVCEvol21.ecore,true,true,true,
modelset/raw-data/repo-ecore-all/data/jokingarcia/Transformation_coevolution/metamodels/AssistantMVCEvol22.ecore,true,true,true,
modelset/raw-data/repo-ecore-all/data/jokingarcia/Transformation_coevolution/metamodels/AssistantMVCEvol23.ecore,true,true,true,
modelset/raw-data/repo-ecore-all/data/jokingarcia/Transformation_coevolution/metamodels/AssistantMVCEvol3.ecore,true,true,true,
modelset/raw-data/repo-ecore-all/data/jokingarcia/Transformation_coevolution/metamodels/AssistantMVCEvol4.ecore,true,true,true,
modelset/raw-data/repo-ecore-all/data/jokingarcia/Transformation_coevolution/metamodels/AssistantMVCEvol5.ecore,true,true,true,
modelset/raw-data/repo-ecore-all/data/jokingarcia/Transformation_coevolution/metamodels/AssistantMVCEvol6.ecore,true,true,true,
modelset/raw-data/repo-ecore-all/data/jokingarcia/Transformation_coevolution/metamodels/AssistantMVCEvol7.ecore,true,true,true,
modelset/raw-data/repo-ecore-all/data/jokingarcia/Transformation_coevolution/metamodels/AssistantMVCEvol8.ecore,true,true,true,
modelset/raw-data/repo-ecore-all/data/jokingarcia/Transformation_coevolution/metamodels/AssistantMVCEvol9.ecore,true,true,true,
modelset/raw-data/repo-ecore-all/data/jokingarcia/Transformation_coevolution/metamodels/Ecore.ecore,false,false,false,"parse: failed to parse modelset/raw-data/repo-ecore-all/data/jokingarcia/Transformation_coevolution/metamodels/Ecore.ecore: Missing attribute `eType` in structural feature `instanceClass` failed to parse structural features failed to parse class `EClassifier` line 120, column 57 current parser state: | `` | `      <eGenericType eClassifier=""#//EJavaClass"">` parsing failed"
modelset/raw-data/repo-ecore-all/data/jokingarcia/Transformation_coevolution/metamodels/StateMachines-2.0.ecore,true,true,true,
modelset/raw-data/repo-ecore-all/data/jonasanker/mdse-exercises/02_fsm/jonas/org.mdse.fsm/model/FSM.ecore,true,true,true,
modelset/raw-data/repo-ecore-all/data/jonasanker/mdse-exercises/02_fsm/morten/org.mdse.fsm/model/fsm.ecore,true,true,true,
modelset/raw-data/repo-ecore-all/data/jonasanker/mdse-exercises/05_static_semantics_genealogy/morten/Development/org.mdse.genealogy/model/Genealogy.ecore,true,true,true,
modelset/raw-data/repo-ecore-all/data/jonaslochsen/tdt4250-EcoreModeling/assignment1/model/course.ecore,true,true,true,
modelset/raw-data/repo-ecore-all/data/jonathanfievet/gemoc_fsm_aspect/Gemoc/model/gemoc.ecore,true,true,true,
modelset/raw-data/repo-ecore-all/data/jonathanfievet/gemoc_fsm_aspect/org.company.FSM.xdsml/model-gen/FSMLanguageMT.ecore,false,false,false,"parse: failed to parse modelset/raw-data/repo-ecore-all/data/jonathanfievet/gemoc_fsm_aspect/org.company.FSM.xdsml/model-gen/FSMLanguageMT.ecore: expected tag `>` failed to parse operation annotation failed to parse class operation failed to parse class `FSM` line 6, column 36 current parser state: | `/>` | `    </eOperations>` parsing failed"
modelset/raw-data/repo-ecore-all/data/jonathanfievet/gemoc_fsm_aspect/org.company.fsm.xdsml.fsmlanguage/model/FSMLanguage.ecore,false,false,false,"parse: failed to parse modelset/raw-data/repo-ecore-all/data/jonathanfievet/gemoc_fsm_aspect/org.company.fsm.xdsml.fsmlanguage/model/FSMLanguage.ecore: expected tag `>` failed to parse operation annotation failed to parse class operation failed to parse class `FSM` line 6, column 36 current parser state: | `/>` | `    </eOperations>` parsing failed"
modelset/raw-data/repo-ecore-all/data/jpilgrim/mitra2/plugins/de.jevopi.mitra2/src-gen/de/jevopi/mitra2/Mitra.ecore,false,false,false,"parse: failed to parse modelset/raw-data/repo-ecore-all/data/jpilgrim/mitra2/plugins/de.jevopi.mitra2/src-gen/de/jevopi/mitra2/Mitra.ecore: unsupported `eType` path `ecore:EClass http://www.eclipse.org/emf/2002/Ecore#//EClassifier` failed to parse structural features failed to parse class `ReferenceType` line 181, column 147 current parser state: | `` | `  </eClassifiers>` parsing failed"
modelset/raw-data/repo-ecore-all/data/jpilgrim/mitra2/tests/de.jevopi.mitra2.test/src/mitraParserTest/simpleUML.ecore,true,true,true,
modelset/raw-data/repo-ecore-all/data/jpschneider/ddsmodeler/projects/DdsMetamodel/model/ddsMetamodel.ecore,true,true,true,
modelset/raw-data/repo-ecore-all/data/jpvelsamy/handyman/handyman.parent/handyman/model/generated/Dsl.ecore,true,true,true,
modelset/raw-data/repo-ecore-all/data/jpvelsamy/sparrow/org.etl.dsl.etl.Sparrow/model/generated/Sparrow.ecore,true,true,true,
modelset/raw-data/repo-ecore-all/data/jreimone/refactory/Coral/dk.itu.sdg.language.hbm.xml/metamodel/hbmxml.ecore,true,true,true,
modelset/raw-data/repo-ecore-all/data/jreimone/refactory/Coral/org.emftext.language.java/metamodel/java.ecore,false,false,false,"parse: failed to parse modelset/raw-data/repo-ecore-all/data/jreimone/refactory/Coral/org.emftext.language.java/metamodel/java.ecore: unexpected package attribute `xmi:id` expected one of `name` `nsURI` `nsPrefix` `xmi:version` `xmlns:xmi` `xmlns:xsi` `xmlns:ecore` line 5, column 5 current parser state: | `name=""java"" nsURI=""http://www.emftext.org/java"" nsPrefix=""java"">` | `  <eSubpackages xmi:id=""_Wosmsdz1Ed2bJ_pQViWxFg"" name=""annotations"" nsURI=""http://www.emftext.org/java/annotations""` parsing failed"
modelset/raw-data/repo-ecore-all/data/jreimone/refactory/Lässig/dk.itu.sdg.language.epsilon.db/model/DB.ecore,false,false,false,"parse: failed to parse modelset/raw-data/repo-ecore-all/data/jreimone/refactory/Lässig/dk.itu.sdg.language.epsilon.db/model/DB.ecore: unknown builtit class URL `http://www.eclipse.org/emf/2002/Ecore#//EBooleanObject` failed to parse structural features failed to parse class `ForeignKey` line 29, column 148 current parser state: | `` | `  </eClassifiers>` parsing failed"
modelset/raw-data/repo-ecore-all/data/jreimone/refactory/Lässig/dk.itu.sdg.language.epsilon.families/model/Families.ecore,true,true,true,
modelset/raw-data/repo-ecore-all/data/jreimone/refactory/Lässig/dk.itu.sdg.language.epsilon.tree/model/Tree.ecore,true,true,true,
modelset/raw-data/repo-ecore-all/data/jreimone/refactory/OntoMore/Tests/org.ontomore.refactoring.totest/sandbox/ReplaceDataValueWithObject_IN.ecore,true,true,true,
modelset/raw-data/repo-ecore-all/data/jreimone/refactory/OntoMore/Tests/org.ontomore.transformation.test/actual/ObjectProperty_4.ecore,true,true,true,
modelset/raw-data/repo-ecore-all/data/jreimone/refactory/OntoMore/Tests/org.ontomore.transformation.test/expected/ObjectProperty_3.ecore,true,true,true,
modelset/raw-data/repo-ecore-all/data/jreimone/refactory/OntoMore/Tests/org.ontomore.transformation.test/expected/ObjectProperty_4.ecore,true,true,true,
modelset/raw-data/repo-ecore-all/data/jreimone/refactory/Registrations/Mappings/org.emftext.refactoring.mappings.stp.bpmn/metamodel/bpmn.ecore,false,false,false,"parse: failed to parse modelset/raw-data/repo-ecore-all/data/jreimone/refactory/Registrations/Mappings/org.emftext.refactoring.mappings.stp.bpmn/metamodel/bpmn.ecore: unknown builtit class URL `http://www.eclipse.org/emf/2003/XMLType#//Boolean` failed to parse structural features failed to parse class `Activity` line 33, column 27 current parser state: | `` | `      <eAnnotations source=""http:///org/eclipse/emf/ecore/util/ExtendedMetaData"">` parsing failed"
modelset/raw-data/repo-ecore-all/data/jreimone/source-analysator/bundles/net.reimone.sourceanalysator.model/metamodel/sourceanalysator.ecore,true,true,true,
modelset/raw-data/repo-ecore-all/data/jrfaller/gumm-project/dataset/metamodels/Ecore.ecore,false,false,false,"parse: failed to parse modelset/raw-data/repo-ecore-all/data/jrfaller/gumm-project/dataset/metamodels/Ecore.ecore: Missing attribute `eType` in structural feature `instanceClass` failed to parse structural features failed to parse class `EClassifier` line 110, column 57 current parser state: | `` | `      <eGenericType eClassifier=""#//EJavaClass"">` parsing failed"
modelset/raw-data/repo-ecore-all/data/jrfaller/gumm-project/dataset/metamodels/etrace.ecore,false,false,false,"parse: failed to parse modelset/raw-data/repo-ecore-all/data/jrfaller/gumm-project/dataset/metamodels/etrace.ecore: unsupported `eType` path `ecore:EClass http://www.eclipse.org/emf/2002/Ecore#//EObject` failed to parse structural features failed to parse class `AbstractLink` line 7, column 138 current parser state: | `` | `    <eStructuralFeatures xsi:type=""ecore:EReference"" name=""target"" eType=""ecore:EClass http://www.eclipse.org/emf/2002/Ecore#//EObject""/>` parsing failed"
modelset/raw-data/repo-ecore-all/data/jrwilliams/org.crepe.inria/test-models/DOT.ecore,true,true,true,
modelset/raw-data/repo-ecore-all/data/jsanchezp/e-edd/es.ucm.fdi.edd.emf/model/edd.ecore,false,false,false,"parse: failed to parse modelset/raw-data/repo-ecore-all/data/jsanchezp/e-edd/es.ucm.fdi.edd.emf/model/edd.ecore: unknown builtit class URL `http://www.eclipse.org/emf/2002/Ecore#//EIntegerObject` failed to parse structural features failed to parse class `TreeElement` line 15, column 147 current parser state: | `` | `    <eStructuralFeatures xsi:type=""ecore:EAttribute"" name=""name"" eType=""ecore:EDataType http://www.eclipse.org/emf/2002/Ecore#//EString""/>` parsing failed"
modelset/raw-data/repo-ecore-all/data/jsanchezp/e-edd/es.ucm.fdi.edd.gmf/model/edd.ecore,false,false,false,"parse: failed to parse modelset/raw-data/repo-ecore-all/data/jsanchezp/e-edd/es.ucm.fdi.edd.gmf/model/edd.ecore: unknown builtit class URL `http://www.eclipse.org/emf/2002/Ecore#//EIntegerObject` failed to parse structural features failed to parse class `TreeElement` line 15, column 147 current parser state: | `` | `    <eStructuralFeatures xsi:type=""ecore:EAttribute"" name=""name"" eType=""ecore:EDataType http://www.eclipse.org/emf/2002/Ecore#//EString""/>` parsing failed"
modelset/raw-data/repo-ecore-all/data/juanamari94/org.eclipse.xtext.example.iotdsl/model/generated/Iotdsl.ecore,true,false,false,"generate: timeout after 120s: /arachne/target/debug/arachne generate modelset/raw-data/repo-ecore-all/data/juanamari94/org.eclipse.xtext.example.iotdsl/model/generated/Iotdsl.ecore -o /var/folders/24/3kt9vzrj6qzd_r760kn9ybsm0000gn/T/arachne-modelset-b3l8v7mw/generated-00150 -p modelset-00150-bceaffe8 [INFO  arachne] Starting code generation [INFO  arachne_codegen] Validating configuration [INFO  arachne_codegen] Parsing ecore metamodel: ""modelset/raw-data/repo-ecore-all/data/juanamari94/org.eclipse.xtext.example.iotdsl/model/generated/Iotdsl.ecore"" [INFO  arachne_codegen] Generating Rust tokens"
modelset/raw-data/repo-ecore-all/data/juancadavid/Eclipse-UPR/standardized/bundles/org.eclipse.upr.bpmn/bin/org/eclipse/upr/bpmnprof/impl/bpmnprof.ecore,false,false,false,"parse: failed to parse modelset/raw-data/repo-ecore-all/data/juancadavid/Eclipse-UPR/standardized/bundles/org.eclipse.upr.bpmn/bin/org/eclipse/upr/bpmnprof/impl/bpmnprof.ecore: unknown builtit class URL `http://www.eclipse.org/emf/2002/Ecore#//EDiagnosticChain` failed to parse class operation failed to parse class `InclusiveGateway` line 13, column 121 current parser state: | `` | `      <eParameters name=""context"">` parsing failed"
modelset/raw-data/repo-ecore-all/data/juancadavid/Eclipse-UPR/standardized/bundles/org.eclipse.upr.soaml/model/soaml.ecore,false,false,false,"parse: failed to parse modelset/raw-data/repo-ecore-all/data/juancadavid/Eclipse-UPR/standardized/bundles/org.eclipse.upr.soaml/model/soaml.ecore: unsupported `eType` path `ecore:EClass platform:/plugin/org.eclipse.uml2.uml/model/UML.ecore#//Collaboration` failed to parse structural features failed to parse class `Collaboration` line 6, column 116 current parser state: | `` | `    <eStructuralFeatures xsi:type=""ecore:EAttribute"" name=""isStrict"" ordered=""false""` parsing failed"
modelset/raw-data/repo-ecore-all/data/juancadavid/papyrus/extraplugins/diagram-definition/org.eclipse.papyrus.dd/model/DG.ecore,false,false,false,"parse: failed to parse modelset/raw-data/repo-ecore-all/data/juancadavid/papyrus/extraplugins/diagram-definition/org.eclipse.papyrus.dd/model/DG.ecore: expected identifier failed to parse class operation failed to parse class `Canvas` line 18, column 119 current parser state: | `>` | `        <eAnnotations source=""http://www.eclipse.org/emf/2002/GenModel"">` parsing failed"
modelset/raw-data/repo-ecore-all/data/juancadavid/papyrus/sandbox/org.eclipse.papyrus.properties.generation/Source/sample.ecore,true,true,true,
modelset/raw-data/repo-ecore-all/data/juli1/rdalte/fr.openpeople.rdal.model/model/metamodel/rdal.ecore,false,false,false,"parse: failed to parse modelset/raw-data/repo-ecore-all/data/juli1/rdalte/fr.openpeople.rdal.model/model/metamodel/rdal.ecore: unsupported `eType` path `ecore:EClass http://www.eclipse.org/emf/2002/Ecore#//EObject` failed to parse structural features failed to parse class `ContractualElement` line 23, column 79 current parser state: | `` | `    <eStructuralFeatures xsi:type=""ecore:EReference"" name=""category"" eType=""ecore:EClass ../../../fr.labsticc.framework.settings.model/model/settings.ecore#//Category""/>` parsing failed"
modelset/raw-data/repo-ecore-all/data/karthikv1392/WebDev/model/DDA.ecore,true,true,true,
modelset/raw-data/repo-ecore-all/data/kartiksayani/Fortify-X10/XtextSample/org.example.domainmodel/model/generated/DomainModel.ecore,true,true,true,
modelset/raw-data/repo-ecore-all/data/kathisai/xtextSample/org.xtext.entites.entities/model/generated/Entities.ecore,true,true,true,
modelset/raw-data/repo-ecore-all/data/kbirken/simbench/plugins/org.nanosite.feamo/model/generated/FeaMo.ecore,true,true,true,
modelset/raw-data/repo-ecore-all/data/kchobantonov/org.eclipse.emf.teneo/tests/org.eclipse.emf.teneo.commontest/src/org/eclipse/emf/teneo/test/emf/sample/library.ecore,false,false,false,"parse: failed to parse modelset/raw-data/repo-ecore-all/data/kchobantonov/org.eclipse.emf.teneo/tests/org.eclipse.emf.teneo.commontest/src/org/eclipse/emf/teneo/test/emf/sample/library.ecore: unknown builtit class URL `http://www.eclipse.org/emf/2003/XMLType#//String` failed to parse structural features failed to parse class `Book` line 12, column 82 current parser state: | `` | `      <eAnnotations source=""http:///org/eclipse/emf/ecore/util/ExtendedMetaData"">` parsing failed"
modelset/raw-data/repo-ecore-all/data/kchobantonov/org.eclipse.emf.teneo/tests/org.eclipse.emf.teneo.samples/src/org/eclipse/emf/teneo/samples/emf/schemaconstructs/emap/model/emap.ecore,false,false,false,"parse: failed to parse modelset/raw-data/repo-ecore-all/data/kchobantonov/org.eclipse.emf.teneo/tests/org.eclipse.emf.teneo.samples/src/org/eclipse/emf/teneo/samples/emf/schemaconstructs/emap/model/emap.ecore: unknown builtit class URL `http://www.eclipse.org/emf/2003/XMLType#//String` failed to parse structural features failed to parse class `Book` line 10, column 155 current parser state: | `` | `      <eAnnotations source=""http:///org/eclipse/emf/ecore/util/ExtendedMetaData"">` parsing failed"
modelset/raw-data/repo-ecore-all/data/kchobantonov/org.eclipse.emf.teneo/tests/org.eclipse.emf.teneo.samples/src/org/eclipse/emf/teneo/samples/issues/bz321765/model/bz321765.ecore,false,false,false,"parse: failed to parse modelset/raw-data/repo-ecore-all/data/kchobantonov/org.eclipse.emf.teneo/tests/org.eclipse.emf.teneo.samples/src/org/eclipse/emf/teneo/samples/issues/bz321765/model/bz321765.ecore: unknown builtit class URL `http://www.eclipse.org/emf/2003/XMLType#//String` failed to parse structural features failed to parse class `Employee` line 21, column 155 current parser state: | `` | `      <eAnnotations source=""http:///org/eclipse/emf/ecore/util/ExtendedMetaData"">` parsing failed"
modelset/raw-data/repo-ecore-all/data/kchobantonov/org.eclipse.emf.teneo/tests/org.eclipse.emf.teneo.samples/src/org/eclipse/example/library/model/library.ecore,false,false,false,"parse: failed to parse modelset/raw-data/repo-ecore-all/data/kchobantonov/org.eclipse.emf.teneo/tests/org.eclipse.emf.teneo.samples/src/org/eclipse/example/library/model/library.ecore: unknown builtit class URL `http://www.eclipse.org/emf/2003/XMLType#//String` failed to parse structural features failed to parse class `Book` line 11, column 155 current parser state: | `` | `      <eAnnotations source=""http:///org/eclipse/emf/ecore/util/ExtendedMetaData"">` parsing failed"
modelset/raw-data/repo-ecore-all/data/kchobantonov/org.eclipse.emf.teneo/tests/org.eclipse.emf.teneo.samples/test/lobj.ecore,false,false,false,"parse: failed to parse modelset/raw-data/repo-ecore-all/data/kchobantonov/org.eclipse.emf.teneo/tests/org.eclipse.emf.teneo.samples/test/lobj.ecore: unknown builtit class URL `http://www.eclipse.org/emf/2003/XMLType#//ID` failed to parse structural features failed to parse class `LearningObject` line 11, column 88 current parser state: | `` | `      <eAnnotations source=""http:///org/eclipse/emf/ecore/util/ExtendedMetaData"">` parsing failed"
modelset/raw-data/repo-ecore-all/data/kchristi-MrAleborg/ProjetIDM_StateMachine/StateMachine/metaModels/StateMachine.ecore,true,false,false,"generate: [INFO  arachne] Starting code generation [INFO  arachne_codegen] Validating configuration [INFO  arachne_codegen] Parsing ecore metamodel: ""modelset/raw-data/repo-ecore-all/data/kchristi-MrAleborg/ProjetIDM_StateMachine/StateMachine/metaModels/StateMachine.ecore"" [WARN  ecore_rs::parser::raw] `eOpposite` attributes are currently not supported, ignoring [WARN  ecore_rs::parser::raw] `eOpposite` attributes are currently not supported, ignoring [INFO  arachne_codegen] Generating Rust tokens [ERROR arachne] Error: Failed to find a root class in `SimplStateMachine` package"
modelset/raw-data/repo-ecore-all/data/kegesch/tdt4250-2019/no.tdt4250.model/model/programmes.ecore,true,true,true,
modelset/raw-data/repo-ecore-all/data/kemlg/aliveclipse/net.sf.ictalive.EventMetamodel/model/SL.ecore,false,false,false,"parse: failed to parse modelset/raw-data/repo-ecore-all/data/kemlg/aliveclipse/net.sf.ictalive.EventMetamodel/model/SL.ecore: unsupported `eType` path `CL.ecore#//agents/Agent` line 30, column 18 current parser state: | `` | `  <eClassifiers xsi:type=""ecore:EClass"" name=""ServiceConsumer"" eSuperTypes=""CL.ecore#//agents/Agent"">` parsing failed"
modelset/raw-data/repo-ecore-all/data/kemlg/aliveclipse/net.sf.ictalive.coordination/model/actions.ecore,false,false,false,"parse: failed to parse modelset/raw-data/repo-ecore-all/data/kemlg/aliveclipse/net.sf.ictalive.coordination/model/actions.ecore: unsupported `eType` path `ecore:EClass ../../net.sf.ictalive.operetta/model/OperA.ecore#//Role` failed to parse structural features failed to parse class `Action` line 7, column 87 current parser state: | `` | `  </eClassifiers>` parsing failed"
modelset/raw-data/repo-ecore-all/data/kevoree/kmf-samples/cloudml/org.kevoree.modeling.sample.cloudml.kt/metamodel/CloudML.ecore,false,false,false,"parse: failed to parse modelset/raw-data/repo-ecore-all/data/kevoree/kmf-samples/cloudml/org.kevoree.modeling.sample.cloudml.kt/metamodel/CloudML.ecore: unexpected package content line 4, column 3 current parser state: | `<eSubpackages name=""core"" nsURI=""http://org.cloudml/core"" nsPrefix=""org.cloudml.core"">` | `    <eClassifiers xsi:type=""ecore:EClass"" name=""CloudMLElement"" abstract=""true"" interface=""true""/>` parsing failed"
modelset/raw-data/repo-ecore-all/data/kevoree/kmf-samples/diva/org.kevoree.modeling.sample.diva.kt/metamodel/diva.ecore,false,false,false,"parse: failed to parse modelset/raw-data/repo-ecore-all/data/kevoree/kmf-samples/diva/org.kevoree.modeling.sample.diva.kt/metamodel/diva.ecore: unexpected package content line 215, column 1 current parser state: | `</ecore:EPackage>` parsing failed"
modelset/raw-data/repo-ecore-all/data/kevoree/kmf-samples/ecore/org.kevoree.modeling.sample.ecore.kt/src/test/resources/ecore.ecore,false,false,false,"parse: failed to parse modelset/raw-data/repo-ecore-all/data/kevoree/kmf-samples/ecore/org.kevoree.modeling.sample.ecore.kt/src/test/resources/ecore.ecore: Missing attribute `eType` in structural feature `instanceClass` failed to parse structural features failed to parse class `EClassifier` line 121, column 57 current parser state: | `` | `      <eGenericType eClassifier=""#//EJavaClass"">` parsing failed"
modelset/raw-data/repo-ecore-all/data/kevoree/kmf-samples/fsm/org.kevoree.modeling.sample.fsm.emf/metamodel/fsm.ecore,true,true,true,
modelset/raw-data/repo-ecore-all/data/kevoree/kmf-samples/fsm/org.kevoree.modeling.sample.fsm.kt/metamodel/org.fsmsample.ecore,true,true,true,
modelset/raw-data/repo-ecore-all/data/kevoree/kmf-samples/kermeta/org.kevoree.modeling.sample.kermeta.js/metamodel/kermeta.ecore,false,false,false,"parse: failed to parse modelset/raw-data/repo-ecore-all/data/kevoree/kmf-samples/kermeta/org.kevoree.modeling.sample.kermeta.js/metamodel/kermeta.ecore: unexpected package content line 6, column 3 current parser state: | `<eSubpackages name=""kermeta"" nsURI=""http://www.kermeta.org/kermeta/2_1_0//org/kermeta""` | `      nsPrefix=""org_kermeta"">` parsing failed"
modelset/raw-data/repo-ecore-all/data/kevoree/kmf-samples/multiecore/metamodel/B.ecore,false,false,false,"parse: failed to parse modelset/raw-data/repo-ecore-all/data/kevoree/kmf-samples/multiecore/metamodel/B.ecore: unsupported `eType` path `A.ecore#//A` line 4, column 77 current parser state: | `` | `</ecore:EPackage>` parsing failed"
modelset/raw-data/repo-ecore-all/data/kevoree/kmf-samples/uml/metamodel/ecore.ecore,false,false,false,"parse: failed to parse modelset/raw-data/repo-ecore-all/data/kevoree/kmf-samples/uml/metamodel/ecore.ecore: unexpected class content failed to parse class `EEList` line 408, column 5 current parser state: | `<eTypeParameters name=""E""/>` | `  </eClassifiers>` parsing failed"
modelset/raw-data/repo-ecore-all/data/keyurmahajan/EclipseLearning/org.hinditron.machineLibrary.model/src/MachineLibrary/impl/MachineLibrary.ecore,false,false,false,"parse: failed to parse modelset/raw-data/repo-ecore-all/data/keyurmahajan/EclipseLearning/org.hinditron.machineLibrary.model/src/MachineLibrary/impl/MachineLibrary.ecore: expected tag `""` parsing a value for xml attribute `defaultValueLiteral` failed to parse structural features failed to parse class `WinCCLnk` line 57, column 97 current parser state: | `t;""/>` | `  </eClassifiers>` parsing failed"
modelset/raw-data/repo-ecore-all/data/keyurmahajan/EclipseLearning/org.keyur.emf.model/model/family.ecore,true,true,true,
modelset/raw-data/repo-ecore-all/data/kieler/KLighD/plugins/de.cau.cs.kieler.klighd.krendering/model/krendering.ecore,false,false,false,"parse: failed to parse modelset/raw-data/repo-ecore-all/data/kieler/KLighD/plugins/de.cau.cs.kieler.klighd.krendering/model/krendering.ecore: unknown builtit class URL `http://www.eclipse.org/emf/2002/Ecore#//EJavaObject` failed to parse class operation failed to parse class `KPosition` line 16, column 110 current parser state: | `` | `    </eOperations>` parsing failed"
modelset/raw-data/repo-ecore-all/data/kirapoetica974/smallUml/SmallUML/model/smalluml.ecore,true,true,true,
modelset/raw-data/repo-ecore-all/data/kit-sdq/DemoMetamodels/bundles/edu.kit.ipd.sdq.metamodels.families/model/families.ecore,true,true,true,
modelset/raw-data/repo-ecore-all/data/kit-sdq/DemoMetamodels/bundles/edu.kit.ipd.sdq.metamodels.persons/model/persons.ecore,false,false,false,"parse: failed to parse modelset/raw-data/repo-ecore-all/data/kit-sdq/DemoMetamodels/bundles/edu.kit.ipd.sdq.metamodels.persons/model/persons.ecore: unknown builtit class URL `http://www.eclipse.org/emf/2002/Ecore#//EDate` failed to parse structural features failed to parse class `Person` line 14, column 110 current parser state: | `` | `  </eClassifiers>` parsing failed"
modelset/raw-data/repo-ecore-all/data/kit-sdq/Fault-Tree-Analysis/de.fzi.fta.faultTree/model/FaultTree.ecore,false,false,false,"parse: failed to parse modelset/raw-data/repo-ecore-all/data/kit-sdq/Fault-Tree-Analysis/de.fzi.fta.faultTree/model/FaultTree.ecore: unexpected structural feature attribute `eKeys` failed to parse structural features failed to parse class `FaultTree` line 30, column 78 current parser state: | `/>` | `    <eStructuralFeatures xsi:type=""ecore:EReference"" name=""primaryEvents"" upperBound=""-1""` parsing failed"
modelset/raw-data/repo-ecore-all/data/kit-sdq/Metamodel-Reference-Architecture-Validation/casestudies/bpmn/metamodel/interim/proto.mbpmn/model/BPMN20.ecore,false,false,false,"parse: failed to parse modelset/raw-data/repo-ecore-all/data/kit-sdq/Metamodel-Reference-Architecture-Validation/casestudies/bpmn/metamodel/interim/proto.mbpmn/model/BPMN20.ecore: unknown builtit class URL `http://www.eclipse.org/emf/2002/Ecore#//EFeatureMapEntry` failed to parse structural features failed to parse class `DocumentRoot` line 11, column 90 current parser state: | `` | `      <eAnnotations source=""http:///org/eclipse/emf/ecore/util/ExtendedMetaData"">` parsing failed"
modelset/raw-data/repo-ecore-all/data/kit-sdq/Metamodel-Reference-Architecture-Validation/casestudies/bpmn/metamodel/interim/proto.mbpmn/model/BPMNDI.ecore,false,false,false,"parse: failed to parse modelset/raw-data/repo-ecore-all/data/kit-sdq/Metamodel-Reference-Architecture-Validation/casestudies/bpmn/metamodel/interim/proto.mbpmn/model/BPMNDI.ecore: unknown builtit class URL `http://www.eclipse.org/emf/2002/Ecore#//EFeatureMapEntry` failed to parse structural features failed to parse class `DocumentRoot` line 10, column 90 current parser state: | `` | `      <eAnnotations source=""http:///org/eclipse/emf/ecore/util/ExtendedMetaData"">` parsing failed"
modelset/raw-data/repo-ecore-all/data/kit-sdq/Metamodel-Reference-Architecture-Validation/casestudies/bpmn/metamodel/interim/proto.mbpmn.services/model/services.ecore,false,false,false,"parse: failed to parse modelset/raw-data/repo-ecore-all/data/kit-sdq/Metamodel-Reference-Architecture-Validation/casestudies/bpmn/metamodel/interim/proto.mbpmn.services/model/services.ecore: unexpected package content line 4, column 3 current parser state: | `<eSubpackages name=""services"" nsURI=""services.services"" nsPrefix=""services"">` | `    <eClassifiers xsi:type=""ecore:EClass"" name=""EndPoint"" eSuperTypes=""../../proto.mbpmn.foundation/model/foundation.ecore#//foundation/RootElement"">` parsing failed"
modelset/raw-data/repo-ecore-all/data/kit-sdq/Metamodel-Reference-Architecture-Validation/evaluationtooling/metamodelassessor.manualtests/models/generics/generic_test.ecore,false,false,false,"parse: failed to parse modelset/raw-data/repo-ecore-all/data/kit-sdq/Metamodel-Reference-Architecture-Validation/evaluationtooling/metamodelassessor.manualtests/models/generics/generic_test.ecore: unexpected class content failed to parse class `Door` line 5, column 5 current parser state: | `<eTypeParameters name=""A""/>` | `    <eStructuralFeatures xsi:type=""ecore:EReference"" name=""genref"">` parsing failed"
modelset/raw-data/repo-ecore-all/data/kit-sdq/Metamodel-Reference-Architecture-Validation/evaluationtooling/metamodelassessor.manualtests/models/systematic/test_containmentwalker_dependency.ecore,false,false,false,"parse: failed to parse modelset/raw-data/repo-ecore-all/data/kit-sdq/Metamodel-Reference-Architecture-Validation/evaluationtooling/metamodelassessor.manualtests/models/systematic/test_containmentwalker_dependency.ecore: unexpected package content line 10, column 3 current parser state: | `<eSubpackages name=""subpackage"" nsURI=""subpackage.de"" nsPrefix=""subpackage"">` | `    <eClassifiers xsi:type=""ecore:EClass"" name=""ClassInOtherPackage""/>` parsing failed"
modelset/raw-data/repo-ecore-all/data/kit-sdq/Metamodel-Reference-Architecture-Validation/evaluationtooling/metamodelassessor.manualtests/models/systematic/test_down.ecore,true,true,true,
modelset/raw-data/repo-ecore-all/data/kit-sdq/Metamodel-Reference-Architecture-Validation/evaluationtooling/metamodelassessor.manualtests/models/systematic/test_up.ecore,false,false,false,"parse: failed to parse modelset/raw-data/repo-ecore-all/data/kit-sdq/Metamodel-Reference-Architecture-Validation/evaluationtooling/metamodelassessor.manualtests/models/systematic/test_up.ecore: unknown builtit class URL `http://www.eclipse.org/emf/2002/Ecore#//EByteArray` failed to parse structural features failed to parse class `B` line 7, column 150 current parser state: | `` | `  </eClassifiers>` parsing failed"
modelset/raw-data/repo-ecore-all/data/kit-sdq-emf-refactor-fork/edu.kit.ipd.sdq.emf.refactor/edu.kit.ipd.sdq.emf.refactor.tests/CyclicDependentModularizationHierarchy.ecore,false,false,false,"parse: failed to parse modelset/raw-data/repo-ecore-all/data/kit-sdq-emf-refactor-fork/edu.kit.ipd.sdq.emf.refactor/edu.kit.ipd.sdq.emf.refactor.tests/CyclicDependentModularizationHierarchy.ecore: unsupported `eType` path `ecore:EClass CyclicDependentModularizationHierarchy.ecore#//AnotherType` failed to parse structural features failed to parse class `SuperType` line 5, column 156 current parser state: | `` | `  </eClassifiers>` parsing failed"
modelset/raw-data/repo-ecore-all/data/kit-sdq-emf-refactor-fork/edu.kit.ipd.sdq.emf.refactor/edu.kit.ipd.sdq.emf.refactor.tests/CyclicHierarchy.ecore,false,false,false,"parse: failed to parse modelset/raw-data/repo-ecore-all/data/kit-sdq-emf-refactor-fork/edu.kit.ipd.sdq.emf.refactor/edu.kit.ipd.sdq.emf.refactor.tests/CyclicHierarchy.ecore: unsupported `eType` path `ecore:EClass CyclicHierarchy.ecore#//SubSubType` failed to parse structural features failed to parse class `SuperType` line 5, column 131 current parser state: | `` | `  </eClassifiers>` parsing failed"
modelset/raw-data/repo-ecore-all/data/kit-sdq-emf-refactor-fork/edu.kit.ipd.sdq.emf.refactor/edu.kit.ipd.sdq.emf.refactor.tests/HubLike_Incoming.ecore,false,false,false,"parse: failed to parse modelset/raw-data/repo-ecore-all/data/kit-sdq-emf-refactor-fork/edu.kit.ipd.sdq.emf.refactor/edu.kit.ipd.sdq.emf.refactor.tests/HubLike_Incoming.ecore: unsupported `eType` path `ecore:EClass HubLike_Incoming.ecore#//HubClass` failed to parse structural features failed to parse class `Class1` line 6, column 131 current parser state: | `` | `  </eClassifiers>` parsing failed"
modelset/raw-data/repo-ecore-all/data/kit-sdq-emf-refactor-fork/edu.kit.ipd.sdq.emf.refactor/edu.kit.ipd.sdq.emf.refactor.tests/MultipathHierarchy2.ecore,false,false,false,"parse: failed to parse modelset/raw-data/repo-ecore-all/data/kit-sdq-emf-refactor-fork/edu.kit.ipd.sdq.emf.refactor/edu.kit.ipd.sdq.emf.refactor.tests/MultipathHierarchy2.ecore: unsupported `eType` path `MultipathHierarchy2.ecore#//SuperSuperClass` line 5, column 118 current parser state: | `` | `  <eClassifiers xsi:type=""ecore:EClass"" name=""DerivedClass"" eSuperTypes=""MultipathHierarchy2.ecore#//SuperClass MultipathHierarchy2.ecore#//SuperSuperClass""/>` parsing failed"
modelset/raw-data/repo-ecore-all/data/kit-sdq-emf-refactor-fork/edu.kit.ipd.sdq.emf.refactor/edu.kit.ipd.sdq.emf.refactor.tests/ObligatoryContainerRelation.ecore,false,false,false,"parse: failed to parse modelset/raw-data/repo-ecore-all/data/kit-sdq-emf-refactor-fork/edu.kit.ipd.sdq.emf.refactor/edu.kit.ipd.sdq.emf.refactor.tests/ObligatoryContainerRelation.ecore: unsupported `eType` path `ecore:EClass ObligatoryContainerRelation.ecore#//SecondClass` failed to parse structural features failed to parse class `FirstClass` line 6, column 110 current parser state: | `` | `  </eClassifiers>` parsing failed"
modelset/raw-data/repo-ecore-all/data/kit-sdq-emf-refactor-fork/edu.kit.ipd.sdq.emf.refactor/edu.kit.ipd.sdq.emf.refactor.tests/RedundantContainerRelation.ecore,false,false,false,"parse: failed to parse modelset/raw-data/repo-ecore-all/data/kit-sdq-emf-refactor-fork/edu.kit.ipd.sdq.emf.refactor/edu.kit.ipd.sdq.emf.refactor.tests/RedundantContainerRelation.ecore: unsupported `eType` path `ecore:EClass RedundantContainerRelation.ecore#//SecondClass` failed to parse structural features failed to parse class `FirstClass` line 6, column 109 current parser state: | `` | `  </eClassifiers>` parsing failed"
modelset/raw-data/repo-ecore-all/data/kit-sdq-emf-refactor-fork/edu.kit.ipd.sdq.emf.refactor/edu.kit.ipd.sdq.emf.refactor.tests/SpecializationAggregation.ecore,false,false,false,"parse: failed to parse modelset/raw-data/repo-ecore-all/data/kit-sdq-emf-refactor-fork/edu.kit.ipd.sdq.emf.refactor/edu.kit.ipd.sdq.emf.refactor.tests/SpecializationAggregation.ecore: unsupported `eType` path `ecore:EClass SpecializationAggregation.ecore#//SecondClass` failed to parse structural features failed to parse class `FirstClass` line 5, column 143 current parser state: | `` | `  </eClassifiers>` parsing failed"
modelset/raw-data/repo-ecore-all/data/kit-sdq-emf-refactor-fork/edu.kit.ipd.sdq.emf.refactor/edu.kit.ipd.sdq.emf.refactor.tests/UnutilizedAbstraction_UnusedClasses.ecore,true,true,true,
modelset/raw-data/repo-ecore-all/data/kiwi4boy/urml/ca.queensu.cs.mase.urml/src-gen/ca/queensu/cs/mase/Urml.ecore,true,false,false,"generate: timeout after 120s: /arachne/target/debug/arachne generate modelset/raw-data/repo-ecore-all/data/kiwi4boy/urml/ca.queensu.cs.mase.urml/src-gen/ca/queensu/cs/mase/Urml.ecore -o /var/folders/24/3kt9vzrj6qzd_r760kn9ybsm0000gn/T/arachne-modelset-b3l8v7mw/generated-00199 -p modelset-00199-a2090705 [INFO  arachne] Starting code generation [INFO  arachne_codegen] Validating configuration [INFO  arachne_codegen] Parsing ecore metamodel: ""modelset/raw-data/repo-ecore-all/data/kiwi4boy/urml/ca.queensu.cs.mase.urml/src-gen/ca/queensu/cs/mase/Urml.ecore"" [INFO  arachne_codegen] Generating Rust tokens"
modelset/raw-data/repo-ecore-all/data/kiyo07/UMLStateMachine2NuSMV/NuSMVCodeGenerator/ref/NuSMV.ecore,false,false,false,"parse: failed to parse modelset/raw-data/repo-ecore-all/data/kiyo07/UMLStateMachine2NuSMV/NuSMVCodeGenerator/ref/NuSMV.ecore: unsupported `eType` path `ecore:EClass http://www.eclipse.org/emf/2002/Ecore#//EObject` failed to parse structural features failed to parse class `AssignBody` line 56, column 135 current parser state: | `` | `    <eStructuralFeatures xsi:type=""ecore:EReference"" name=""dotted"" eType=""#//SimpleExpression""` parsing failed"
modelset/raw-data/repo-ecore-all/data/klausklokmose/ModelDrivenDevelopment/MetaModel/model/featureModel.ecore,true,true,true,
modelset/raw-data/repo-ecore-all/data/kocsipetra/temalab/bowlingTournament/model/bowlingTournament.ecore,false,false,false,"parse: failed to parse modelset/raw-data/repo-ecore-all/data/kocsipetra/temalab/bowlingTournament/model/bowlingTournament.ecore: unknown builtit class URL `http://www.eclipse.org/emf/2002/Ecore#//EDate` failed to parse structural features failed to parse class `Player` line 12, column 144 current parser state: | `` | `    <eStructuralFeatures xsi:type=""ecore:EAttribute"" name=""height"" eType=""ecore:EDataType http://www.eclipse.org/emf/2002/Ecore#//EDouble""/>` parsing failed"
modelset/raw-data/repo-ecore-all/data/kortef/Cloud-Resource-Modelling/de.ugoe.cs.oco/bundles/de.ugoe.cs.oco.transformations/src/models/metaModels/Ecore.ecore,false,false,false,"parse: failed to parse modelset/raw-data/repo-ecore-all/data/kortef/Cloud-Resource-Modelling/de.ugoe.cs.oco/bundles/de.ugoe.cs.oco.transformations/src/models/metaModels/Ecore.ecore: Missing attribute `eType` in structural feature `instanceClass` failed to parse structural features failed to parse class `EClassifier` line 121, column 57 current parser state: | `` | `      <eGenericType eClassifier=""#//EJavaClass"">` parsing failed"
modelset/raw-data/repo-ecore-all/data/kortef/Cloud-Resource-Modelling/de.ugoe.cs.oco/bundles/de.ugoe.cs.oco.transformations/src/models/metaModels/PCG.ecore,true,true,true,
modelset/raw-data/repo-ecore-all/data/kraxner/moliz-codegen/org.modelexecution.xmof.codegenerator/xmof.ecore,false,false,false,"parse: failed to parse modelset/raw-data/repo-ecore-all/data/kraxner/moliz-codegen/org.modelexecution.xmof.codegenerator/xmof.ecore: unexpected package content line 4, column 3 current parser state: | `<eSubpackages name=""Syntax"" nsURI=""http://www.modelexecution.org/xmof/syntax"" nsPrefix=""fUML.Syntax"">` | `    <eSubpackages name=""CommonBehaviors"" nsURI=""http://www.modelexecution.org/xmof/syntax/commonbehaviors""` parsing failed"
modelset/raw-data/repo-ecore-all/data/kraxner/moliz-codegen/org.modelexecution.xmof.examples.fsa/fsa.ecore,true,true,true,
modelset/raw-data/repo-ecore-all/data/krisboutthat5/cdo-light/cdo/org.eclipse.emf.cdo.tests.model1/model/model1.ecore,false,false,false,"parse: failed to parse modelset/raw-data/repo-ecore-all/data/krisboutthat5/cdo-light/cdo/org.eclipse.emf.cdo.tests.model1/model/model1.ecore: unknown builtit class URL `http://www.eclipse.org/emf/2002/Ecore#//EDate` failed to parse structural features failed to parse class `PurchaseOrder` line 53, column 137 current parser state: | `` | `    <eStructuralFeatures xsi:type=""ecore:EReference"" name=""supplier"" lowerBound=""1""` parsing failed"
modelset/raw-data/repo-ecore-all/data/krisboutthat5/cdo-light/cdo/org.eclipse.emf.cdo.tests.model3/model/model3.ecore,false,false,false,"parse: failed to parse modelset/raw-data/repo-ecore-all/data/krisboutthat5/cdo-light/cdo/org.eclipse.emf.cdo.tests.model3/model/model3.ecore: unsupported `eType` path `ecore:EClass platform:/plugin/org.eclipse.emf.ecore/model/Ecore.ecore#//EPackage` failed to parse structural features failed to parse class `MetaRef` line 11, column 163 current parser state: | `` | `    <eStructuralFeatures xsi:type=""ecore:EReference"" name=""eClassRef"" eType=""ecore:EClass platform:/plugin/org.eclipse.emf.ecore/model/Ecore.ecore#//EClass""/>` parsing failed"
modelset/raw-data/repo-ecore-all/data/krisboutthat5/cdo-light/cdo/org.eclipse.emf.cdo.tests.model6/model/model6.ecore,false,false,false,"parse: failed to parse modelset/raw-data/repo-ecore-all/data/krisboutthat5/cdo-light/cdo/org.eclipse.emf.cdo.tests.model6/model/model6.ecore: unsupported `eType` path `ecore:EClass http://www.eclipse.org/emf/2002/Ecore#//EObject` failed to parse structural features failed to parse class `D` line 70, column 52 current parser state: | `` | `  </eClassifiers>` parsing failed"
modelset/raw-data/repo-ecore-all/data/krissrex/ntnu-tdt4250-study-emf/no.ntnu.tdt4250.oving1.model/model/studies.ecore,true,false,false,"generate: [INFO  arachne] Starting code generation [INFO  arachne_codegen] Validating configuration [INFO  arachne_codegen] Parsing ecore metamodel: ""modelset/raw-data/repo-ecore-all/data/krissrex/ntnu-tdt4250-study-emf/no.ntnu.tdt4250.oving1.model/model/studies.ecore"" [WARN  ecore_rs::parser::raw] `eOpposite` attributes are currently not supported, ignoring [WARN  ecore_rs::parser::raw] `eOpposite` attributes are currently not supported, ignoring [WARN  ecore_rs::parser::raw] `eOpposite` attributes are currently not supported, ignoring [WARN  ecore_rs::parser::raw] `eOpposite` attributes are currently not supported, ignoring [INFO  arachne_codegen] Generating Rust tokens [INFO  arachne_codegen] Generating classifiers...  thread 'main' (447251) panicked at arachne-codegen/src/codegen/feature/attribute.rs:65:37: Failed to parse type: CourseCode note: run with `RUST_BACKTRACE=1` environment variable to display a backtrace"
modelset/raw-data/repo-ecore-all/data/ks489/HairDressers/model/hairDressersRegSys.ecore,false,false,false,"parse: failed to parse modelset/raw-data/repo-ecore-all/data/ks489/HairDressers/model/hairDressersRegSys.ecore: unknown builtit class URL `http://www.eclipse.org/emf/2002/Ecore#//EFloatObject` failed to parse structural features failed to parse class `Service` line 11, column 151 current parser state: | `` | `    <eStructuralFeatures xsi:type=""ecore:EAttribute"" name=""Time"" eType=""ecore:EDataType http://www.eclipse.org/emf/2002/Ecore#//EDate""/>` parsing failed"
modelset/raw-data/repo-ecore-all/data/kthoms/org.eclipse.xpand/plugins/org.eclipse.xpand.incremental/model/trace.ecore,false,false,false,"parse: failed to parse modelset/raw-data/repo-ecore-all/data/kthoms/org.eclipse.xpand/plugins/org.eclipse.xpand.incremental/model/trace.ecore: unsupported `eType` path `ecore:EClass http://www.eclipse.org/emf/2002/Ecore#//EObject` failed to parse structural features failed to parse class `OutputFile` line 16, column 79 current parser state: | `` | `    <eStructuralFeatures xsi:type=""ecore:EAttribute"" name=""outlet"" eType=""ecore:EDataType http://www.eclipse.org/emf/2002/Ecore#//EString""/>` parsing failed"
modelset/raw-data/repo-ecore-all/data/kthoms/org.eclipse.xpand/plugins/org.eclipse.xtend.util.uml2ecore/out/entity.ecore,false,false,false,"parse: failed to parse modelset/raw-data/repo-ecore-all/data/kthoms/org.eclipse.xpand/plugins/org.eclipse.xtend.util.uml2ecore/out/entity.ecore: unsupported `eType` path `ecore:EClass #//Type` failed to parse structural features failed to parse class `Model` line 9, column 58 current parser state: | `` | `  </eClassifiers>` parsing failed"
modelset/raw-data/repo-ecore-all/data/kthoms/org.eclipse.xpand/tests/org.eclipse.xtend.tests/src/org/eclipse/xtend/typesystem/emf/check/model/test.ecore,false,false,false,"parse: failed to parse modelset/raw-data/repo-ecore-all/data/kthoms/org.eclipse.xpand/tests/org.eclipse.xtend.tests/src/org/eclipse/xtend/typesystem/emf/check/model/test.ecore: unexpected package content line 18, column 3 current parser state: | `<eSubpackages name=""subpackage"" nsURI=""http://oaw.org/test/subpackage"" nsPrefix=""subpackage"">` | `    <eClassifiers xsi:type=""ecore:EClass"" name=""SubpackageMetaClass"">` parsing failed"
modelset/raw-data/repo-ecore-all/data/kthoms/org.eclipse.xpand/tests/org.eclipse.xtend.typesystem.emf.tests/metamodels/mm1.ecore,false,false,false,"parse: failed to parse modelset/raw-data/repo-ecore-all/data/kthoms/org.eclipse.xpand/tests/org.eclipse.xtend.typesystem.emf.tests/metamodels/mm1.ecore: unexpected package content line 9, column 3 current parser state: | `<eSubpackages name=""nested"" nsURI=""http://bla/unique/tests/nested"" nsPrefix=""nested"">` | `    <eClassifiers xsi:type=""ecore:EClass"" name=""SubA"" eSuperTypes=""#//BaseType""/>` parsing failed"
modelset/raw-data/repo-ecore-all/data/ktkatjat/flaws-in-flows/info-flow-eDFD-DSL-VIATRA/Graph/model/graph.ecore,false,false,false,"parse: failed to parse modelset/raw-data/repo-ecore-all/data/ktkatjat/flaws-in-flows/info-flow-eDFD-DSL-VIATRA/Graph/model/graph.ecore: unknown builtit class URL `http://www.eclipse.org/emf/2002/Ecore#//EBigInteger` failed to parse class operation failed to parse class `NodeResponsibility` line 81, column 126 current parser state: | `` | `      <eAnnotations source=""http://www.eclipse.org/emf/2002/Ecore/OCL/Pivot"">` parsing failed"
modelset/raw-data/repo-ecore-all/data/ktkatjat/flaws-in-flows/info-flow-eDFD-DSL-VIATRA/Traceability/model/traceability.ecore,false,false,false,"parse: failed to parse modelset/raw-data/repo-ecore-all/data/ktkatjat/flaws-in-flows/info-flow-eDFD-DSL-VIATRA/Traceability/model/traceability.ecore: unsupported `eType` path `ecore:EClass ../../eDFDFlowTracking1/model/eDFDFlowTracking1.ecore#//EDFD` failed to parse structural features failed to parse class `EDFDToGraph` line 7, column 150 current parser state: | `` | `    <eStructuralFeatures xsi:type=""ecore:EReference"" name=""graphs"" eType=""ecore:EClass ../../Graph/model/graph.ecore#//Graph""/>` parsing failed"
modelset/raw-data/repo-ecore-all/data/kub/gmf-test/com.gooddata.gmf.test.emf/model/graph.ecore,true,true,true,
modelset/raw-data/repo-ecore-all/data/kuentinozaure/TP_DSL/com.m1ice.fsm/model/fsm.ecore,true,true,true,
modelset/raw-data/repo-ecore-all/data/kuhbaar/modeleng/ModelEng_lab1/model/forms.ecore,false,false,false,"parse: failed to parse modelset/raw-data/repo-ecore-all/data/kuhbaar/modeleng/ModelEng_lab1/model/forms.ecore: unexpected package content line 17, column 3 current parser state: | `<eSubpackages name=""entityModeling"" nsURI=""http://ecore_entityModeling.ecore"" nsPrefix=""ecore_entityModeling"">` | `    <eAnnotations source=""http://www.eclipse.org/emf/2002/Ecore"">` parsing failed"
modelset/raw-data/repo-ecore-all/data/kuhbaar/modeleng/at.ac.tuwien.big.forms/model/forms.ecore,true,true,true,
modelset/raw-data/repo-ecore-all/data/kuronosec/vulnfinder/display model/edu.udea.vulnfinder.escaneo/model/escaneo.ecore,false,false,false,"parse: failed to parse modelset/raw-data/repo-ecore-all/data/kuronosec/vulnfinder/display model/edu.udea.vulnfinder.escaneo/model/escaneo.ecore: unknown builtit class URL `http://www.eclipse.org/emf/2002/Ecore#//EDate` failed to parse structural features failed to parse class `Test` line 11, column 137 current parser state: | `` | `    <eStructuralFeatures xsi:type=""ecore:EAttribute"" name=""name"" eType=""ecore:EDataType http://www.eclipse.org/emf/2002/Ecore#//EString""/>` parsing failed"
modelset/raw-data/repo-ecore-all/data/kwrl/masteroppgave/com.kaurel.klang.model/model/klang-expr.ecore,true,true,true,
modelset/raw-data/repo-ecore-all/data/kwrl/masteroppgave/com.kaurel.klang.model/model/klang.ecore,false,false,false,"parse: failed to parse modelset/raw-data/repo-ecore-all/data/kwrl/masteroppgave/com.kaurel.klang.model/model/klang.ecore: unexpected class content failed to parse class `SceneActor` line 18, column 5 current parser state: | `<eGenericSuperTypes` | `        eClassifier=""#//AbstractActor"">` parsing failed"
modelset/raw-data/repo-ecore-all/data/lHunniche/MathInterpreter/dk.klevang.mathInterpreter/model/generated/MathInterpreter.ecore,true,true,true,
modelset/raw-data/repo-ecore-all/data/ladobme/hu.bme.mit.sc/StateChart/model/stateChart.ecore,true,true,true,
modelset/raw-data/repo-ecore-all/data/laforge2001/Test/org.jamp.model.media/metamodel/media.ecore,false,false,false,"parse: failed to parse modelset/raw-data/repo-ecore-all/data/laforge2001/Test/org.jamp.model.media/metamodel/media.ecore: unexpected `eClassifiers` attribute `serializable` line 65, column 27 current parser state: | `/>` | `  <eClassifiers xsi:type=""ecore:EDataType"" name=""PropertyChangeListener"" instanceClassName=""java.beans.PropertyChangeListener""` parsing failed"
modelset/raw-data/repo-ecore-all/data/laoneo/redskin/ch.allon.redskin.core.model/model/shop.ecore,false,false,false,"parse: failed to parse modelset/raw-data/repo-ecore-all/data/laoneo/redskin/ch.allon.redskin.core.model/model/shop.ecore: unknown builtit class URL `http://www.eclipse.org/emf/2002/Ecore#//EIntegerObject` failed to parse structural features failed to parse class `Product` line 8, column 148 current parser state: | `` | `    <eStructuralFeatures xsi:type=""ecore:EAttribute"" name=""description"" eType=""ecore:EDataType http://www.eclipse.org/emf/2002/Ecore#//EString""/>` parsing failed"
modelset/raw-data/repo-ecore-all/data/larissafiorini/t2-lingProg/org.xtext.example.mydsl/model/generated/MyDsl.ecore,true,true,true,
modelset/raw-data/repo-ecore-all/data/latacita/hydra/Hydracan/es.uma.lcc.project.featuremodel/model/featuremodel.ecore,false,false,false,"parse: failed to parse modelset/raw-data/repo-ecore-all/data/latacita/hydra/Hydracan/es.uma.lcc.project.featuremodel/model/featuremodel.ecore: unknown builtit class URL `http://www.eclipse.org/emf/2002/Ecore#//EIntegerObject` failed to parse structural features failed to parse class `TypedValue` line 26, column 154 current parser state: | `` | `    <eStructuralFeatures xsi:type=""ecore:EAttribute"" name=""stringValue"" eType=""ecore:EDataType http://www.eclipse.org/emf/2002/Ecore#//EString""/>` parsing failed"
modelset/raw-data/repo-ecore-all/data/latacita/hydra-temp-/HydraOld/es.uma.lcc.project.featuremodel/model/specializationmodel.ecore,false,false,false,"parse: failed to parse modelset/raw-data/repo-ecore-all/data/latacita/hydra-temp-/HydraOld/es.uma.lcc.project.featuremodel/model/specializationmodel.ecore: unknown builtit class URL `http://www.eclipse.org/emf/2002/Ecore#//EIntegerObject` failed to parse structural features failed to parse class `TypedValue` line 35, column 154 current parser state: | `` | `    <eStructuralFeatures xsi:type=""ecore:EAttribute"" name=""stringValue"" eType=""ecore:EDataType http://www.eclipse.org/emf/2002/Ecore#//EString""/>` parsing failed"
modelset/raw-data/repo-ecore-all/data/latacita/hydra-temp-/HydraOld/tef.project/resources/backup/expressions.ecore,true,true,true,
modelset/raw-data/repo-ecore-all/data/latacita/hydra-temp-/HydraOld/tef.project/resources/expressions.ecore,true,true,true,
modelset/raw-data/repo-ecore-all/data/latacita/hydra-temp-/Hydracan/es.unican.hydracan.constraintHydra/metamodels/hydraConstraints.ecore,false,false,false,"parse: failed to parse modelset/raw-data/repo-ecore-all/data/latacita/hydra-temp-/Hydracan/es.unican.hydracan.constraintHydra/metamodels/hydraConstraints.ecore: unknown builtit class URL `http://www.eclipse.org/emf/2002/Ecore#//EDiagnosticChain` failed to parse class operation failed to parse class `Model` line 8, column 121 current parser state: | `` | `      <eParameters name=""context"" eType=""ecore:EDataType http://www.eclipse.org/emf/2002/Ecore#//EMap""/>` parsing failed"
modelset/raw-data/repo-ecore-all/data/latacita/hydra-temp-/Hydracan/es.unican.hydracan.test.validationFramework/metamodels/test.ecore,false,false,false,"parse: failed to parse modelset/raw-data/repo-ecore-all/data/latacita/hydra-temp-/Hydracan/es.unican.hydracan.test.validationFramework/metamodels/test.ecore: unknown builtit class URL `http://www.eclipse.org/emf/2002/Ecore#//EDiagnosticChain` failed to parse class operation failed to parse class `Person` line 8, column 129 current parser state: | `` | `      <eParameters name=""map"" lowerBound=""1"">` parsing failed"
modelset/raw-data/repo-ecore-all/data/lavernw/jaustoolset/eclipsePlugin/org.jts.eclipse/src-gen/org/jts/eclipse/cjsidl/impl/cjsidl.ecore,false,false,false,"parse: failed to parse modelset/raw-data/repo-ecore-all/data/lavernw/jaustoolset/eclipsePlugin/org.jts.eclipse/src-gen/org/jts/eclipse/cjsidl/impl/cjsidl.ecore: unsupported `eType` path `ecore:EClass http://www.eclipse.org/emf/2002/Ecore#//EObject` failed to parse structural features failed to parse class `jaus` line 8, column 29 current parser state: | `` | `  </eClassifiers>` parsing failed"
modelset/raw-data/repo-ecore-all/data/lcavalcante/ProjetoCompiladores/ufcg.edu.br.ProjetoCompiladores/model/generated/Java.ecore,false,false,false,"parse: failed to parse modelset/raw-data/repo-ecore-all/data/lcavalcante/ProjetoCompiladores/ufcg.edu.br.ProjetoCompiladores/model/generated/Java.ecore: unsupported `eType` path `ecore:EClass http://www.eclipse.org/emf/2002/Ecore#//EObject` failed to parse structural features failed to parse class `Type_declaration` line 19, column 29 current parser state: | `` | `  </eClassifiers>` parsing failed"
modelset/raw-data/repo-ecore-all/data/le99/MHack/sqlDsl4/uniandes.automat.sql/model/generated/Sql.ecore,false,false,false,"parse: failed to parse modelset/raw-data/repo-ecore-all/data/le99/MHack/sqlDsl4/uniandes.automat.sql/model/generated/Sql.ecore: unsupported `eType` path `ecore:EClass http://www.eclipse.org/emf/2002/Ecore#//EObject` failed to parse structural features failed to parse class `Table` line 15, column 98 current parser state: | `` | `  </eClassifiers>` parsing failed"
modelset/raw-data/repo-ecore-all/data/leevi978/TDT4250-1/org.tdt4250.project2/model/studyprogram.ecore,true,true,true,
modelset/raw-data/repo-ecore-all/data/lehrig/m2m-quality/de.upb.m2m.quality.casestudies/metamodel/MOMCompletion/Units.ecore,true,true,true,
modelset/raw-data/repo-ecore-all/data/lehrig/m2m-quality/de.upb.m2m.quality.casestudies/metamodel/UML2RDBMS/SimpleRDBMS.ecore,true,true,true,
modelset/raw-data/repo-ecore-all/data/lehrig/m2m-quality/de.upb.m2m.quality.model/model/QualityMetrics.ecore,true,true,true,
modelset/raw-data/repo-ecore-all/data/lengyela89/sirius-custom/plugins/org.eclipse.sirius.diagram/model/diagram.ecore,false,false,false,"parse: failed to parse modelset/raw-data/repo-ecore-all/data/lengyela89/sirius-custom/plugins/org.eclipse.sirius.diagram/model/diagram.ecore: expected identifier failed to parse class operation failed to parse class `DDiagram` line 13, column 69 current parser state: | `>` | `        <eAnnotations source=""http://www.eclipse.org/emf/2002/GenModel"">` parsing failed"
modelset/raw-data/repo-ecore-all/data/lengyela89/sirius-custom/plugins/org.eclipse.sirius.tests.junit/data/unit/migration/do_not_migrate/fragmentedMigration/fragmentedMigration_p2.ecore,true,true,true,
modelset/raw-data/repo-ecore-all/data/lengyela89/sirius-custom/plugins/org.eclipse.sirius.tests.swtbot/data/unit/vp-1737/vp-1737.ecore,true,true,true,
modelset/raw-data/repo-ecore-all/data/lengyela89/sirius-incremental-refresh/host/examples/cps/org.eclipse.incquery.examples.cps.traceability/model/traceability.ecore,false,false,false,"parse: failed to parse modelset/raw-data/repo-ecore-all/data/lengyela89/sirius-incremental-refresh/host/examples/cps/org.eclipse.incquery.examples.cps.traceability/model/traceability.ecore: unsupported `eType` path `ecore:EClass ../../org.eclipse.incquery.examples.cps.model/model/model.ecore#//CyberPhysicalSystem` failed to parse structural features failed to parse class `CPSToDeployment` line 6, column 173 current parser state: | `` | `    <eStructuralFeatures xsi:type=""ecore:EReference"" name=""deployment"" eType=""ecore:EClass ../../org.eclipse.incquery.examples.cps.deployment/model/deployment.ecore#//Deployment""/>` parsing failed"
modelset/raw-data/repo-ecore-all/data/leoCassiau/Travaux/Middleware/ObeoDesigner-Community/workspace/fr.obeo.dsl.tuto.mindstorms/model/mindstorms.ecore,true,true,true,
modelset/raw-data/repo-ecore-all/data/leoCassiau/Travaux/Model Driven Engineering/com.mia.studio.ide-9.2.1.gtk.x86_64/plugins/com.mia.studio.uml14.metamodel_9.1.1.201609011445/model/behavioral_elements.ecore,false,false,false,"parse: failed to parse modelset/raw-data/repo-ecore-all/data/leoCassiau/Travaux/Model Driven Engineering/com.mia.studio.ide-9.2.1.gtk.x86_64/plugins/com.mia.studio.uml14.metamodel_9.1.1.201609011445/model/behavioral_elements.ecore: unexpected package content line 6, column 3 current parser state: | `<eSubpackages name=""common_behavior"" nsURI=""http:///uml14.behavioral_elements/common_behavior.ecore""` | `      nsPrefix=""behavioral_elements.common_behavior"">` parsing failed"
modelset/raw-data/repo-ecore-all/data/leoCassiau/Travaux/Model Driven Engineering/com.mia.studio.ide-9.2.1.gtk.x86_64/plugins/com.mia.studio.uml14.metamodel_9.1.1.201609011445/model/foundation.ecore,false,false,false,"parse: failed to parse modelset/raw-data/repo-ecore-all/data/leoCassiau/Travaux/Model Driven Engineering/com.mia.studio.ide-9.2.1.gtk.x86_64/plugins/com.mia.studio.uml14.metamodel_9.1.1.201609011445/model/foundation.ecore: unexpected package content line 6, column 3 current parser state: | `<eSubpackages name=""data_types"" nsURI=""http:///uml14.foundation/data_types.ecore""` | `      nsPrefix=""foundation.data_types"">` parsing failed"
modelset/raw-data/repo-ecore-all/data/leoCassiau/smallUML/SmallUML/model/smalluml.ecore,true,false,false,"generate: [INFO  arachne] Starting code generation [INFO  arachne_codegen] Validating configuration [INFO  arachne_codegen] Parsing ecore metamodel: ""modelset/raw-data/repo-ecore-all/data/leoCassiau/smallUML/SmallUML/model/smalluml.ecore"" [INFO  arachne_codegen] Generating Rust tokens [INFO  arachne_codegen] Generating classifiers...  thread 'main' (450403) panicked at arachne-codegen/src/codegen/feature/attribute.rs:65:37: Failed to parse type: String note: run with `RUST_BACKTRACE=1` environment variable to display a backtrace"
modelset/raw-data/repo-ecore-all/data/leodejevga/Modellgetriebene-Softwareentwicklung/3/org.xtext.example.petrinet/model/generated/PetriNetz.ecore,true,true,true,
modelset/raw-data/repo-ecore-all/data/leodejevga/Modellgetriebene-Softwareentwicklung/3/org.xtext.example.petrinet/ueb04_petrinet.ecore,true,true,true,
modelset/raw-data/repo-ecore-all/data/leodejevga/Modellgetriebene-Softwareentwicklung/4/Petrinet/models/ueb04_petrinet.ecore,true,true,true,
modelset/raw-data/repo-ecore-all/data/leodejevga/Modellgetriebene-Softwareentwicklung/5/petrinet_xtext/model/generated/Petrinet.ecore,true,true,true,
modelset/raw-data/repo-ecore-all/data/leonardox/compiladores-ufcg-2015-2-compilador-c/org.xtext.example.ansic/model/generated/Ansic.ecore,true,false,false,"generate: timeout after 120s: /arachne/target/debug/arachne generate modelset/raw-data/repo-ecore-all/data/leonardox/compiladores-ufcg-2015-2-compilador-c/org.xtext.example.ansic/model/generated/Ansic.ecore -o /var/folders/24/3kt9vzrj6qzd_r760kn9ybsm0000gn/T/arachne-modelset-b3l8v7mw/generated-00255 -p modelset-00255-c8614c1e [INFO  arachne] Starting code generation [INFO  arachne_codegen] Validating configuration [INFO  arachne_codegen] Parsing ecore metamodel: ""modelset/raw-data/repo-ecore-all/data/leonardox/compiladores-ufcg-2015-2-compilador-c/org.xtext.example.ansic/model/generated/Ansic.ecore"" [INFO  arachne_codegen] Generating Rust tokens"
modelset/raw-data/repo-ecore-all/data/lesleytong/ATL/Class2Relational/Class.ecore,true,true,true,
modelset/raw-data/repo-ecore-all/data/lesleytong/ATL/Class2Relational/Relational.ecore,true,true,true,
modelset/raw-data/repo-ecore-all/data/lesleytong/ATL/Families2Person/Families.ecore,true,true,true,
modelset/raw-data/repo-ecore-all/data/lesleytong/ATL/Families2Person/Persons.ecore,true,true,true,
modelset/raw-data/repo-ecore-all/data/lesleytong/XMU-from-hexiao/XmuCoreShowcases/metamodel/FamilyRegister.ecore,true,true,true,
modelset/raw-data/repo-ecore-all/data/lesleytong/XMU-from-hexiao/XmuCoreShowcases/metamodel/PersonsRegister.ecore,true,true,true,
modelset/raw-data/repo-ecore-all/data/lesleytong/XMU-from-hexiao/XmuCoreShowcases/metamodel/SimpleClass.ecore,true,true,true,
modelset/raw-data/repo-ecore-all/data/lesleytong/XMU-from-hexiao/edu.ustb.sei.mde.bxcore.dsl/test/Bag2Bag/SimpleClass.ecore,true,true,true,
modelset/raw-data/repo-ecore-all/data/lesleytong/XMU-from-hexiao/edu.ustb.sei.mde.bxcore.dsl/test/Cls2Rdb/SimpleRDBMS.ecore,true,true,true,
modelset/raw-data/repo-ecore-all/data/lesleytong/XMU-from-hexiao/edu.ustb.sei.mde.morel/metamodel/morel.ecore,false,false,false,"parse: failed to parse modelset/raw-data/repo-ecore-all/data/lesleytong/XMU-from-hexiao/edu.ustb.sei.mde.morel/metamodel/morel.ecore: unsupported `eType` path `ecore:EClass http://www.eclipse.org/emf/2002/Ecore#//EClass` failed to parse structural features failed to parse class `ObjectVariable` line 26, column 150 current parser state: | `` | `    <eStructuralFeatures xsi:type=""ecore:EReference"" name=""model"" eType=""#//TypedModel""/>` parsing failed"
modelset/raw-data/repo-ecore-all/data/levilucio/DSLTransLifting/tests/t1/TuringMachine.ecore,true,true,true,
modelset/raw-data/repo-ecore-all/data/levilucio/DSLTransLifting/tests/t10/java5.ecore,false,false,false,"parse: failed to parse modelset/raw-data/repo-ecore-all/data/levilucio/DSLTransLifting/tests/t10/java5.ecore: unknown builtit class URL `http://www.eclipse.org/emf/2002/Ecore#//EBooleanObject` failed to parse structural features failed to parse class `MethodRefParameter` line 301, column 151 current parser state: | `` | `    <eStructuralFeatures xsi:type=""ecore:EReference"" name=""type"" eType=""#//NamedElementRef""` parsing failed"
modelset/raw-data/repo-ecore-all/data/levilucio/DSLTransLifting/tests/t23/PetriNet.ecore,true,true,true,
modelset/raw-data/repo-ecore-all/data/levilucio/DSLTransLifting/tests/t23/StateMachine.ecore,true,true,true,
modelset/raw-data/repo-ecore-all/data/levilucio/DSLTransLifting/tests/t3/FormalMetamodel.ecore,true,true,true,
modelset/raw-data/repo-ecore-all/data/levilucio/DSLTransLifting/tests/t7/RunHALL.ecore,false,false,false,"parse: failed to parse modelset/raw-data/repo-ecore-all/data/levilucio/DSLTransLifting/tests/t7/RunHALL.ecore: unexpected package content line 95, column 3 current parser state: | `<eSubpackages name=""Geometry"" nsURI=""HALL.Geometry"" nsPrefix=""Geometry"">` | `    <eClassifiers xsi:type=""ecore:EClass"" name=""Color"">` parsing failed"
modelset/raw-data/repo-ecore-all/data/levilucio/SyVOLT/ATLTrans/metamodels/Household.ecore,true,true,true,
modelset/raw-data/repo-ecore-all/data/levilucio/SyVOLT/ECore_Copier_MM/Copy.ecore,false,false,false,"parse: failed to parse modelset/raw-data/repo-ecore-all/data/levilucio/SyVOLT/ECore_Copier_MM/Copy.ecore: unexpected `eClassifiers` attribute `serializable` line 233, column 27 current parser state: | `/>` | `  <eClassifiers xsi:type=""ecore:EDataType"" name=""EDouble"" instanceClassName=""double""/>` parsing failed"
modelset/raw-data/repo-ecore-all/data/levilucio/SyVOLT/ER_Copier_MM/ER_MM.ecore,true,true,true,
modelset/raw-data/repo-ecore-all/data/levilucio/SyVOLT/ExFamToPerson/Families_Extended.ecore,true,true,true,
modelset/raw-data/repo-ecore-all/data/levilucio/SyVOLT/eclipse_integration/metamodels/Copy.ecore,false,false,false,"parse: failed to parse modelset/raw-data/repo-ecore-all/data/levilucio/SyVOLT/eclipse_integration/metamodels/Copy.ecore: Missing attribute `eType` in structural feature `instanceClass` failed to parse structural features failed to parse class `EClassifier` line 120, column 57 current parser state: | `` | `      <eGenericType eClassifier=""#//EJavaClass"">` parsing failed"
modelset/raw-data/repo-ecore-all/data/lfmendivelso10/MTCVisualizationCore/MTCVisual/Chain/data/PetriNet.ecore,true,true,true,
modelset/raw-data/repo-ecore-all/data/lgardaire/IDM_DSL_Polybot/polybot_modelling_language/model/polybot_modelling_language.ecore,true,true,true,
modelset/raw-data/repo-ecore-all/data/lgcardeas/xtext-forms-integration/plugins/org.eclipse.xtext.example.arithmetics/src-gen/org/eclipse/xtext/example/arithmetics/Arithmetics.ecore,false,false,false,"parse: failed to parse modelset/raw-data/repo-ecore-all/data/lgcardeas/xtext-forms-integration/plugins/org.eclipse.xtext.example.arithmetics/src-gen/org/eclipse/xtext/example/arithmetics/Arithmetics.ecore: unknown builtit class URL `http://www.eclipse.org/emf/2002/Ecore#//EBigDecimal` failed to parse structural features failed to parse class `NumberLiteral` line 36, column 144 current parser state: | `` | `  </eClassifiers>` parsing failed"
modelset/raw-data/repo-ecore-all/data/lgwagner/SIMPAL/source/com.rockwellcollins.atc.limp/model/generated/Limp.ecore,false,false,false,"parse: failed to parse modelset/raw-data/repo-ecore-all/data/lgwagner/SIMPAL/source/com.rockwellcollins.atc.limp/model/generated/Limp.ecore: unknown builtit class URL `http://www.eclipse.org/emf/2002/Ecore#//EBigInteger` failed to parse structural features failed to parse class `ArrayTypeDef` line 71, column 143 current parser state: | `` | `  </eClassifiers>` parsing failed"
modelset/raw-data/repo-ecore-all/data/liberion1994/momot_updated/examples/tse/at.ac.tuwien.big.momot.examples.tse.resources/casestudy/Ecore2Maude/metamodels/Maude.ecore,false,false,false,"parse: failed to parse modelset/raw-data/repo-ecore-all/data/liberion1994/momot_updated/examples/tse/at.ac.tuwien.big.momot.examples.tse.resources/casestudy/Ecore2Maude/metamodels/Maude.ecore: unexpected package content line 218, column 1 current parser state: | `</ecore:EPackage>` parsing failed"
modelset/raw-data/repo-ecore-all/data/lich320/Model-Transformation-Code/State2Coq/metamodel/state.ecore,true,true,true,
modelset/raw-data/repo-ecore-all/data/lip6/pnmlframework/pnmlFw-Low_Level_API_Generation/model/Core/pnmlcoremodel.ecore,false,false,false,"parse: failed to parse modelset/raw-data/repo-ecore-all/data/lip6/pnmlframework/pnmlFw-Low_Level_API_Generation/model/Core/pnmlcoremodel.ecore: expected tag `>` failed to parse class annotation failed to parse class `PetriNetDoc` line 5, column 60 current parser state: | `/>` | `    <eAnnotations source=""http://www.pnml.org/models/ToPNML"">` parsing failed"
modelset/raw-data/repo-ecore-all/data/lip6/pnmlframework/pnmlFw-Low_Level_API_Generation/model/extended-place-transition/extendedPlaceTransition.ecore,false,false,false,"parse: failed to parse modelset/raw-data/repo-ecore-all/data/lip6/pnmlframework/pnmlFw-Low_Level_API_Generation/model/extended-place-transition/extendedPlaceTransition.ecore: expected tag `>` failed to parse class annotation failed to parse class `PTMarking` line 17, column 60 current parser state: | `/>` | `    <eStructuralFeatures xsi:type=""ecore:EAttribute"" name=""text"" lowerBound=""1"" eType=""#//Natural"">` parsing failed"
modelset/raw-data/repo-ecore-all/data/lip6/pnmlframework/pnmlFw-Low_Level_API_Generation/model/high-level-net/hlcorestructure.ecore,false,false,false,"parse: failed to parse modelset/raw-data/repo-ecore-all/data/lip6/pnmlframework/pnmlFw-Low_Level_API_Generation/model/high-level-net/hlcorestructure.ecore: expected tag `>` failed to parse class annotation failed to parse class `PetriNetDoc` line 6, column 60 current parser state: | `/>` | `    <eAnnotations source=""http://www.pnml.org/models/ToPNML"">` parsing failed"
modelset/raw-data/repo-ecore-all/data/lip6/pnmlframework/pnmlFw-Low_Level_API_Generation/model/high-level-net/terms.ecore,false,false,false,"parse: failed to parse modelset/raw-data/repo-ecore-all/data/lip6/pnmlframework/pnmlFw-Low_Level_API_Generation/model/high-level-net/terms.ecore: expected tag `>` failed to parse class annotation failed to parse class `Declarations` line 9, column 60 current parser state: | `/>` | `    <eStructuralFeatures xsi:type=""ecore:EReference"" name=""declaration"" ordered=""false""` parsing failed"
modelset/raw-data/repo-ecore-all/data/lip6/pnmlframework/pnmlFw-Low_Level_API_Generation/model/place-transition/placeTransition.ecore,false,false,false,"parse: failed to parse modelset/raw-data/repo-ecore-all/data/lip6/pnmlframework/pnmlFw-Low_Level_API_Generation/model/place-transition/placeTransition.ecore: expected tag `>` failed to parse class annotation failed to parse class `PTMarking` line 15, column 60 current parser state: | `/>` | `    <eStructuralFeatures xsi:type=""ecore:EAttribute"" name=""text"" lowerBound=""1"" eType=""#//Natural"">` parsing failed"
modelset/raw-data/repo-ecore-all/data/lip6/pnmlframework/pnmlFw-Low_Level_API_Generation/model/pthlpng/hlcorestructure.ecore,false,false,false,"parse: failed to parse modelset/raw-data/repo-ecore-all/data/lip6/pnmlframework/pnmlFw-Low_Level_API_Generation/model/pthlpng/hlcorestructure.ecore: expected tag `>` failed to parse class annotation failed to parse class `PetriNetDoc` line 6, column 60 current parser state: | `/>` | `    <eAnnotations source=""http://www.pnml.org/models/ToPNML"">` parsing failed"
modelset/raw-data/repo-ecore-all/data/lip6/pnmlframework/pnmlFw-Low_Level_API_Generation/model/pthlpng/terms.ecore,false,false,false,"parse: failed to parse modelset/raw-data/repo-ecore-all/data/lip6/pnmlframework/pnmlFw-Low_Level_API_Generation/model/pthlpng/terms.ecore: expected tag `>` failed to parse class annotation failed to parse class `Declarations` line 9, column 60 current parser state: | `/>` | `    <eStructuralFeatures xsi:type=""ecore:EReference"" name=""declaration"" ordered=""false""` parsing failed"
modelset/raw-data/repo-ecore-all/data/lip6/pnmlframework/pnmlFw-Low_Level_API_Generation/model/symmetric-net/hlcorestructure.ecore,false,false,false,"parse: failed to parse modelset/raw-data/repo-ecore-all/data/lip6/pnmlframework/pnmlFw-Low_Level_API_Generation/model/symmetric-net/hlcorestructure.ecore: expected tag `>` failed to parse class annotation failed to parse class `PetriNetDoc` line 6, column 60 current parser state: | `/>` | `    <eAnnotations source=""http://www.pnml.org/models/ToPNML"">` parsing failed"
modelset/raw-data/repo-ecore-all/data/lip6/pnmlframework/pnmlFw-Low_Level_API_Generation/model/symmetric-net/terms.ecore,false,false,false,"parse: failed to parse modelset/raw-data/repo-ecore-all/data/lip6/pnmlframework/pnmlFw-Low_Level_API_Generation/model/symmetric-net/terms.ecore: expected tag `>` failed to parse class annotation failed to parse class `Declarations` line 9, column 60 current parser state: | `/>` | `    <eStructuralFeatures xsi:type=""ecore:EReference"" name=""declaration"" ordered=""false""` parsing failed"
modelset/raw-data/repo-ecore-all/data/lisa-dou/UML2Coq/State2Coq/metamodel/state.ecore,true,true,true,
modelset/raw-data/repo-ecore-all/data/lmcalvs/modelSamples/ecoreModels/model/ExtendedPO.ecore,true,false,false,"generate: [INFO  arachne] Starting code generation [INFO  arachne_codegen] Validating configuration [INFO  arachne_codegen] Parsing ecore metamodel: ""modelset/raw-data/repo-ecore-all/data/lmcalvs/modelSamples/ecoreModels/model/ExtendedPO.ecore"" [WARN  ecore_rs::parser::raw] `eOpposite` attributes are currently not supported, ignoring [WARN  ecore_rs::parser::raw] `eOpposite` attributes are currently not supported, ignoring [WARN  ecore_rs::parser::raw] `eOpposite` attributes are currently not supported, ignoring [WARN  ecore_rs::parser::raw] `eOpposite` attributes are currently not supported, ignoring [INFO  arachne_codegen] Generating Rust tokens [INFO  arachne_codegen] Generating classifiers...  thread 'main' (457004) panicked at arachne-codegen/src/codegen/feature/attribute.rs:65:37: Failed to parse type: Date note: run with `RUST_BACKTRACE=1` environment variable to display a backtrace"
modelset/raw-data/repo-ecore-all/data/locationtech/geoff/plugins/org.locationtech.geoff.model/model/geoff.ecore,false,false,false,"parse: failed to parse modelset/raw-data/repo-ecore-all/data/locationtech/geoff/plugins/org.locationtech.geoff.model/model/geoff.ecore: unexpected package content line 247, column 3 current parser state: | `<eSubpackages` | `      name=""layer""` parsing failed"
modelset/raw-data/repo-ecore-all/data/loebble/InternalJavaDSLBuilder/InternalJavaDSLBuilder/emfmodel/Expression.ecore,true,true,true,
modelset/raw-data/repo-ecore-all/data/lollix91/ATLCsForge/myAtlProject/org.xtext.example.myatl.parent/org.xtext.example.myatl/model/generated/MyAtl.ecore,false,false,false,"parse: failed to parse modelset/raw-data/repo-ecore-all/data/lollix91/ATLCsForge/myAtlProject/org.xtext.example.myatl.parent/org.xtext.example.myatl/model/generated/MyAtl.ecore: unsupported `eType` path `ecore:EClass http://www.eclipse.org/emf/2002/Ecore#//EObject` failed to parse structural features failed to parse class `NavigatingExpCS` line 261, column 98 current parser state: | `` | `  </eClassifiers>` parsing failed"
modelset/raw-data/repo-ecore-all/data/lolybc88/CEP2Maude/ws/org.xtext.example.esper2maude/model/generated/Esper2Maude.ecore,true,true,true,
modelset/raw-data/repo-ecore-all/data/lolybc88/LinTra/EMF2LINDA/bin/metamodel/Ecore.ecore,false,false,false,"parse: failed to parse modelset/raw-data/repo-ecore-all/data/lolybc88/LinTra/EMF2LINDA/bin/metamodel/Ecore.ecore: Missing attribute `eType` in structural feature `instanceClass` failed to parse structural features failed to parse class `EClassifier` line 108, column 57 current parser state: | `` | `      <eGenericType eClassifier=""#//EJavaClass"">` parsing failed"
modelset/raw-data/repo-ecore-all/data/lolybc88/LinTra/EMF2LINDA/input/java.ecore,true,false,false,"generate: timeout after 120s: /arachne/target/debug/arachne generate modelset/raw-data/repo-ecore-all/data/lolybc88/LinTra/EMF2LINDA/input/java.ecore -o /var/folders/24/3kt9vzrj6qzd_r760kn9ybsm0000gn/T/arachne-modelset-b3l8v7mw/generated-00299 -p modelset-00299-e8753b1c [INFO  arachne] Starting code generation [INFO  arachne_codegen] Validating configuration [INFO  arachne_codegen] Parsing ecore metamodel: ""modelset/raw-data/repo-ecore-all/data/lolybc88/LinTra/EMF2LINDA/input/java.ecore"" [WARN  ecore_rs::parser::raw] Structural feature `body` sets `ordered` while `upperBound=1`; this has no effect [WARN  ecore_rs::parser::raw] `eOpposite` attributes are currently not supported, ignoring [WARN  ecore_rs::parser::raw] `eOpposite` attributes are currently not supported, ignoring [WARN  ecore_rs::parser::raw] `eOpposite` attributes are currently not supported, ignoring [WARN  ecore_rs::parser::raw] Structural feature `method` sets `ordered` while `upperBound=1`; this has no effect [WARN  ecore_rs::parser::raw] `eOpposite` attributes are currently not supported, ignoring [WARN  ecore_rs::parser::raw] `eOpposite` attributes are currently not supported, ignoring [WARN  ecore_rs::parser::raw] Structural feature `package` sets `ordered` while `upperBound=1`; this has no effect [WARN  ecore_rs::parser::raw] `eOpposite` attributes are currently not supported, ignoring [WARN  ecore_rs::parser::raw] Structural feature `qualifier` sets `ordered` while `upperBound=1`; this has no effect [WARN  ecore_rs::parser::raw] Structural feature `type` sets `ordered` while `upperBound=1`; this has no effect [WARN  ecore_rs::parser::raw] `eOpposite` attributes are currently not supported, ignoring [WARN  ecore_rs::parser::raw] Structural feature `type` sets `ordered` while `upperBound=1`; this has no effect [WARN  ecore_rs::parser::raw] Structural feature `originalFilePath` sets `ordered` while `upperBound=1`; this has no effect [WARN  ecore_rs::parser::raw] Structural feature `originalFilePath` sets `unique` while `upperBound=1`; this has no effect [WARN  ecore_rs::parser::raw] Structural feature `manifest` sets `ordered` while `upperBound=1`; this has no effect [WARN  ecore_rs::parser::raw] Structural feature `message` sets `ordered` while `upperBound=1`; this has no effect [WARN  ecore_rs::parser::raw] Structural feature `expression` sets `ordered` while `upperBound=1`; this has no effect [WARN  ecore_rs::parser::raw] Structural feature `originalCompilationUnit` sets `ordered` while `upperBound=1`; this has no effect [WARN  ecore_rs::parser::raw] Structural feature `originalClassFile` sets `ordered` while `upperBound=1`; this has no effect [WARN  ecore_rs::parser::raw] Structural feature `member` sets `ordered` while `upperBound=1`; this has no effect [WARN  ecore_rs::parser::raw] `eOpposite` attributes are currently not supported, ignoring [WARN  ecore_rs::parser::raw] Structural feature `value` sets `ordered` while `upperBound=1`; this has no effect [WARN  ecore_rs::parser::raw] Structural feature `default` sets `ordered` while `upperBound=1`; this has no effect [WARN  ecore_rs::parser::raw] Structural feature `type` sets `ordered` while `upperBound=1`; this has no effect [WARN  ecore_rs::parser::raw] `eOpposite` attributes are currently not supported, ignoring [WARN  ecore_rs::parser::raw] `eOpposite` attributes are currently not supported, ignoring [WARN  ecore_rs::parser::raw] Structural feature `classInstanceCreation` sets `ordered` while `upperBound=1`; this has no effect [WARN  ecore_rs::parser::raw] `eOpposite` attributes are currently not supported, ignoring [WARN  ecore_rs::parser::raw] Structural feature `array` sets `ordered` while `upperBound=1`; this has no effect [WARN  ecore_rs::parser::raw] Structural feature `index` sets `ordered` while `upperBound=1`; this has no effect [WARN  ecore_rs::parser::raw] Structural feature `initializer` sets `ordered` while `upperBound=1`; this has no effect [WARN  ecore_rs::parser::raw] Structural feature `type` sets `ordered` while `upperBound=1`; this has no effect [WARN  ecore_rs::parser::raw] Structural feature `array` sets `ordered` while `upperBound=1`; this has no effect [WARN  ecore_rs::parser::raw] Structural feature `dimensions` [output truncated after 4000 chars]"
modelset/raw-data/repo-ecore-all/data/lolybc88/LinTra/EMF2LINDA/input/sistedesMM.ecore,true,true,true,
modelset/raw-data/repo-ecore-all/data/lolybc88/LinTra/atl2JavaSimpl/JavaSimplified.ecore,false,false,false,"parse: failed to parse modelset/raw-data/repo-ecore-all/data/lolybc88/LinTra/atl2JavaSimpl/JavaSimplified.ecore: unknown builtit class URL `http://www.eclipse.org/emf/2002/Ecore#//EBigDecimal` failed to parse structural features failed to parse class `NumberLiteral` line 158, column 144 current parser state: | `` | `  </eClassifiers>` parsing failed"
modelset/raw-data/repo-ecore-all/data/lolybc88/LinTra/atl2LinTra/files/Graph.ecore,true,true,true,
modelset/raw-data/repo-ecore-all/data/lolybc88/LinTra/testABC/ABC.ecore,true,true,true,
modelset/raw-data/repo-ecore-all/data/lolybc88/MTinWebGME/org.xtext.example.mydsl/model/generated/MyDsl.ecore,true,true,true,
modelset/raw-data/repo-ecore-all/data/lolybc88/Primitives/AD2PetriNet/ActivityDiagram.ecore,true,true,true,
modelset/raw-data/repo-ecore-all/data/lolybc88/Primitives/AD2PetriNet/Copy of ActivityDiagram.ecore,true,true,true,
modelset/raw-data/repo-ecore-all/data/lolybc88/Primitives/AD2PetriNet/PetriNet.ecore,true,true,true,
modelset/raw-data/repo-ecore-all/data/lolybc88/Primitives/AD2PetriNet-QVTO/PetriNet.ecore,true,true,true,
modelset/raw-data/repo-ecore-all/data/lolybc88/Primitives/QVTO_Transformations/class2relational/relational.ecore,true,true,true,
modelset/raw-data/repo-ecore-all/data/lolybc88/Primitives/QVTO_Transformations/identity_case/class.ecore,true,true,true,
modelset/raw-data/repo-ecore-all/data/lolybc88/Primitives/QVTO_Transformations/javaQuery_case/JDTAST.ecore,false,false,false,"parse: failed to parse modelset/raw-data/repo-ecore-all/data/lolybc88/Primitives/QVTO_Transformations/javaQuery_case/JDTAST.ecore: unexpected content at package level line 2, column 1 current parser state: | `<xmi:XMI xmi:version=""2.0"" xmlns:xmi=""http://www.omg.org/XMI"" xmlns:xsi=""http://www.w3.org/2001/XMLSchema-instance""` | `    xmlns:ecore=""http://www.eclipse.org/emf/2002/Ecore"">` parsing failed"
modelset/raw-data/repo-ecore-all/data/lolybc88/TractsTool/org.tracts.tool/Use.ecore,true,true,true,
modelset/raw-data/repo-ecore-all/data/lolybc88/TractsTool/org.tracts.tool/bin/metaModels/Ecore.ecore,false,false,false,"parse: failed to parse modelset/raw-data/repo-ecore-all/data/lolybc88/TractsTool/org.tracts.tool/bin/metaModels/Ecore.ecore: Missing attribute `eType` in structural feature `instanceClass` failed to parse structural features failed to parse class `EClassifier` line 110, column 57 current parser state: | `` | `      <eGenericType eClassifier=""#//EJavaClass"">` parsing failed"
modelset/raw-data/repo-ecore-all/data/lolybc88/TractsTool/org.tracts.tool/bin/metaModels/EcoreModel.ecore,true,true,true,
modelset/raw-data/repo-ecore-all/data/lolybc88/TractsTool/org.tracts.tool/example_2/Test.ecore,true,true,true,
modelset/raw-data/repo-ecore-all/data/lolybc88/TractsTool/org.tracts.tool/example_3/sWML.ecore,true,true,true,
modelset/raw-data/repo-ecore-all/data/lolybc88/pATL/wsParallelATL/org.eclipse.m2m.atl.scalability.tests/data/Class2RelationalJava/Metamodels/ClassDiagram.ecore,false,false,false,"parse: failed to parse modelset/raw-data/repo-ecore-all/data/lolybc88/pATL/wsParallelATL/org.eclipse.m2m.atl.scalability.tests/data/Class2RelationalJava/Metamodels/ClassDiagram.ecore: unexpected content at package level line 2, column 1 current parser state: | `<xmi:XMI xmi:version=""2.0""` | `    xmlns:xmi=""http://www.omg.org/XMI"" xmlns:xsi=""http://www.w3.org/2001/XMLSchema-instance""` parsing failed"
modelset/raw-data/repo-ecore-all/data/lolybc88/pATL/wsParallelATL/org.eclipse.m2m.atl.scalability.tests/data/DBLP/DBLP.ecore,true,true,true,
modelset/raw-data/repo-ecore-all/data/lolybc88/pATL/wsParallelATL/org.eclipse.m2m.atl.scalability.tests/data/Java2Graph/graph.ecore,true,true,true,
modelset/raw-data/repo-ecore-all/data/lolybc88/pATL/wsParallelATL/org.eclipse.m2m.atl.tests/data/inputs/ReverseBindings/MMA.ecore,false,false,false,"parse: failed to parse modelset/raw-data/repo-ecore-all/data/lolybc88/pATL/wsParallelATL/org.eclipse.m2m.atl.tests/data/inputs/ReverseBindings/MMA.ecore: unexpected content at package level line 2, column 1 current parser state: | `<xmi:XMI xmi:version=""2.0"" xmlns:xmi=""http://www.omg.org/XMI"" xmlns:xsi=""http://www.w3.org/2001/XMLSchema-instance"" xmlns:ecore=""http://www.eclipse.org/emf/2002/Ecore"">` | `  <ecore:EPackage name=""MMA"" nsURI=""MMA"" nsPrefix=""MMA"">` parsing failed"
modelset/raw-data/repo-ecore-all/data/loradd/model-compare-match-engine-playground/org.eclipse.emf.compare.match.playground.tests/data/library/library.ecore,false,false,false,"parse: failed to parse modelset/raw-data/repo-ecore-all/data/loradd/model-compare-match-engine-playground/org.eclipse.emf.compare.match.playground.tests/data/library/library.ecore: Missing attribute `eType` in structural feature `name` failed to parse structural features failed to parse class `Writer` line 4, column 66 current parser state: | `` | `      <eType xsi:type=""ecore:EDataType"" href=""http://www.eclipse.org/emf/2002/Ecore#//EString""/>` parsing failed"
modelset/raw-data/repo-ecore-all/data/loradd/xtext-lsp-ecore-support/example/theia-workspace/DSL.ecore,false,false,false,"parse: failed to parse modelset/raw-data/repo-ecore-all/data/loradd/xtext-lsp-ecore-support/example/theia-workspace/DSL.ecore: unsupported `eType` path `ecore:EClass http://www.eclipse.org/emf/2002/Ecore#//EClass` failed to parse structural features failed to parse class `Greeting` line 10, column 137 current parser state: | `` | `  </eClassifiers>` parsing failed"
modelset/raw-data/repo-ecore-all/data/lordrubenbp/EMFOperations/model/eMFProject.ecore,true,true,true,
modelset/raw-data/repo-ecore-all/data/lotstrom/Hotel-Management-System/Mac Version/IMPL/newClasses.ecore,false,false,false,"parse: failed to parse modelset/raw-data/repo-ecore-all/data/lotstrom/Hotel-Management-System/Mac Version/IMPL/newClasses.ecore: unknown builtit class URL `types.ecore#//String` failed to parse structural features failed to parse class `Customer` line 6, column 70 current parser state: | `` | `    <eStructuralFeatures xsi:type=""ecore:EAttribute"" name=""lastName"" ordered=""false""` parsing failed"
modelset/raw-data/repo-ecore-all/data/lotstrom/Hotel-Management-System/Mac Version/IMPL/types.ecore,true,true,true,
modelset/raw-data/repo-ecore-all/data/louismrose/Epsilon-CLI/test/org/eclipse/epsilon/cli/test/common/Graph.ecore,true,true,true,
modelset/raw-data/repo-ecore-all/data/louismrose/PhD/Analyis/Co-Evo Examples/GMF/GenModel2008/dependencies/notation.ecore,false,false,false,"parse: failed to parse modelset/raw-data/repo-ecore-all/data/louismrose/PhD/Analyis/Co-Evo Examples/GMF/GenModel2008/dependencies/notation.ecore: unsupported `eType` path `ecore:EClass platform:/plugin/org.eclipse.emf.ecore/model/Ecore.ecore#//EClass` failed to parse class operation failed to parse class `Edge` line 8, column 122 current parser state: | `` | `    </eOperations>` parsing failed"
modelset/raw-data/repo-ecore-all/data/louismrose/PhD/Analyis/Co-Evo Examples/GMF/Graph/Before.ecore,false,false,false,"parse: failed to parse modelset/raw-data/repo-ecore-all/data/louismrose/PhD/Analyis/Co-Evo Examples/GMF/Graph/Before.ecore: unknown builtit class URL `http://www.eclipse.org/emf/2002/Ecore#//EJavaClass` failed to parse class operation failed to parse class `DiagramElement` line 42, column 114 current parser state: | `` | `    </eOperations>` parsing failed"
modelset/raw-data/repo-ecore-all/data/louismrose/PhD/Analyis/Co-Evo Examples/GMF/Graph/cope/Before.ecore,false,false,false,"parse: failed to parse modelset/raw-data/repo-ecore-all/data/louismrose/PhD/Analyis/Co-Evo Examples/GMF/Graph/cope/Before.ecore: unknown builtit class URL `http://www.eclipse.org/emf/2002/Ecore#//EJavaClass` failed to parse class operation failed to parse class `DiagramElement` line 42, column 114 current parser state: | `` | `    </eOperations>` parsing failed"
modelset/raw-data/repo-ecore-all/data/louismrose/PhD/Analyis/Co-Evo Examples/Literature/PetriNets/cope/Before.ecore,true,true,true,
modelset/raw-data/repo-ecore-all/data/louismrose/PhD/Analyis/Co-Evo Examples/Literature/PetriNets/ecore2ecore/model/After.ecore,true,true,true,
modelset/raw-data/repo-ecore-all/data/louismrose/PhD/Analyis/Co-Evo Examples/UML_1.5_to_2.0/AssociationEndToProperty/After.ecore,true,true,true,
modelset/raw-data/repo-ecore-all/data/louismrose/PhD/Analyis/Co-Evo Examples/UML_1.5_to_2.0/AssociationEndToProperty/Before.ecore,true,true,true,
modelset/raw-data/repo-ecore-all/data/louismrose/PhD/Analyis/Co-Evo Examples/UML_Activities/14_to_22/cope/Before.ecore,true,true,true,
modelset/raw-data/repo-ecore-all/data/louismrose/PhD/Analyis/Co-Evo Examples/UML_Activities/14_to_22/uml2/min_uml2.ecore,true,true,true,
modelset/raw-data/repo-ecore-all/data/louismrose/migration_comparison/examples/gmf_graph/evolution/gmfgraph_1.29.ecore,false,false,false,"parse: failed to parse modelset/raw-data/repo-ecore-all/data/louismrose/migration_comparison/examples/gmf_graph/evolution/gmfgraph_1.29.ecore: unknown builtit class URL `http://www.eclipse.org/emf/2002/Ecore#//EJavaClass` failed to parse class operation failed to parse class `DiagramElement` line 42, column 114 current parser state: | `` | `    </eOperations>` parsing failed"
modelset/raw-data/repo-ecore-all/data/louismrose/migration_comparison/solutions/aml/Petri Nets/Models/After.ecore,true,true,true,
modelset/raw-data/repo-ecore-all/data/louismrose/migration_comparison/solutions/cope/petrinets/petrinet/model/Before.ecore,true,true,true,
modelset/raw-data/repo-ecore-all/data/louismrose/migration_comparison/solutions/ecore2ecore/PetriNets/model/After.ecore,true,true,true,
modelset/raw-data/repo-ecore-all/data/louismrose/migration_comparison/solutions/ecore2ecore/PetriNets/model/Before.ecore,true,true,true,
modelset/raw-data/repo-ecore-all/data/louloucandance/IDM_FSM/fr.ice.m1.fsm.model/model/model.ecore,true,true,true,
modelset/raw-data/repo-ecore-all/data/lowcoupling/DotEditor/com.lowcoupling.dotEditor/src-gen/com/lowcoupling/dotEditor/Dot.ecore,true,true,true,
modelset/raw-data/repo-ecore-all/data/lschuetze/context-storyboard/de.larsschuetze.storyboard.model.crom/model/crom_l1.ecore,true,true,true,
modelset/raw-data/repo-ecore-all/data/lta-disco-unimib-it/BCT_TOOLSET/it.unimib.disco.lta.eclipse.fsa/model/fsa.ecore,true,true,true,
modelset/raw-data/repo-ecore-all/data/lucas-koehler/emf.ecp.core/tests/org.eclipse.emf.ecp.test.model/model/university.ecore,true,true,true,
modelset/raw-data/repo-ecore-all/data/lucas-koehler/emf.ecp.core/tests/org.eclipse.emf.ecp.validation.test/model/test.ecore,false,false,false,"parse: failed to parse modelset/raw-data/repo-ecore-all/data/lucas-koehler/emf.ecp.core/tests/org.eclipse.emf.ecp.validation.test/model/test.ecore: unknown builtit class URL `http://www.eclipse.org/emf/2002/Ecore#//EDiagnosticChain` failed to parse class operation failed to parse class `Writer` line 15, column 120 current parser state: | `` | `      <eParameters name=""context"">` parsing failed"
modelset/raw-data/repo-ecore-all/data/lucas-koehler/emf.ecp.core/tests/org.eclipse.emf.ecp.view.validation.test/model/test.ecore,false,false,false,"parse: failed to parse modelset/raw-data/repo-ecore-all/data/lucas-koehler/emf.ecp.core/tests/org.eclipse.emf.ecp.view.validation.test/model/test.ecore: unknown builtit class URL `http://www.eclipse.org/emf/2002/Ecore#//EDiagnosticChain` failed to parse class operation failed to parse class `Library` line 7, column 120 current parser state: | `` | `      <eParameters name=""context"">` parsing failed"
modelset/raw-data/repo-ecore-all/data/lucascraft/arduino/net.sf.smbt.arduino/model/arduino.ecore,true,true,true,
modelset/raw-data/repo-ecore-all/data/lucascraft/emf-search/ecore/tests/org.eclipse.emf.search.tests/models/codegen/Library/library.ecore,true,true,true,
modelset/raw-data/repo-ecore-all/data/lucascraft/emf-search/ecore/tests/org.eclipse.emf.search.tests/models/codegen/Movies/customers.ecore,false,false,false,"parse: failed to parse modelset/raw-data/repo-ecore-all/data/lucascraft/emf-search/ecore/tests/org.eclipse.emf.search.tests/models/codegen/Movies/customers.ecore: unknown builtit class URL `http://www.eclipse.org/emf/2002/Ecore#//EDate` failed to parse structural features failed to parse class `Customer` line 17, column 144 current parser state: | `` | `  </eClassifiers>` parsing failed"
modelset/raw-data/repo-ecore-all/data/lucascraft/emf-search/ecore/tests/org.eclipse.emf.search.tests/models/codegen/Movies/movies.ecore,true,false,false,"generate: [INFO  arachne] Starting code generation [INFO  arachne_codegen] Validating configuration [INFO  arachne_codegen] Parsing ecore metamodel: ""modelset/raw-data/repo-ecore-all/data/lucascraft/emf-search/ecore/tests/org.eclipse.emf.search.tests/models/codegen/Movies/movies.ecore"" [INFO  arachne_codegen] Generating Rust tokens [INFO  arachne_codegen] Generating classifiers...  thread 'main' (467333) panicked at arachne-codegen/src/codegen/feature/attribute.rs:65:37: Failed to parse type: ActorsList note: run with `RUST_BACKTRACE=1` environment variable to display a backtrace"
modelset/raw-data/repo-ecore-all/data/lucascraft/emf-search/ecore/tests/org.eclipse.emf.search.tests/models/codegen/Ref/ext.ecore,false,false,false,"parse: failed to parse modelset/raw-data/repo-ecore-all/data/lucascraft/emf-search/ecore/tests/org.eclipse.emf.search.tests/models/codegen/Ref/ext.ecore: unsupported `eType` path `ref.ecore#//E` line 10, column 18 current parser state: | `` | `  <eClassifiers xsi:type=""ecore:EClass"" name=""F"">` parsing failed"
modelset/raw-data/repo-ecore-all/data/lucascraft/emf-search/ecore/tests/org.eclipse.emf.search.tests/models/codegen/SimpleLib/SimpleLib.ecore,true,true,true,
modelset/raw-data/repo-ecore-all/data/lucascraft/emf-search/ecore/tests/org.eclipse.emf.search.tests/models/codegen/Types/etypes.ecore,false,false,false,"parse: failed to parse modelset/raw-data/repo-ecore-all/data/lucascraft/emf-search/ecore/tests/org.eclipse.emf.search.tests/models/codegen/Types/etypes.ecore: unknown builtit class URL `http://www.eclipse.org/emf/2002/Ecore#//EBigDecimal` failed to parse structural features failed to parse class `Primitive` line 8, column 149 current parser state: | `` | `    <eStructuralFeatures xsi:type=""ecore:EAttribute"" name=""bigint"" eType=""ecore:EDataType http://www.eclipse.org/emf/2002/Ecore#//EBigInteger""/>` parsing failed"
modelset/raw-data/repo-ecore-all/data/lucascraft/ubq_wip/net.sf.smbt.itunes/model/ezdaap.ecore,true,true,true,
modelset/raw-data/repo-ecore-all/data/lucasvieira123/MDEProject/ad2lts/MetaModel/lts.ecore,false,false,false,"parse: failed to parse modelset/raw-data/repo-ecore-all/data/lucasvieira123/MDEProject/ad2lts/MetaModel/lts.ecore: expected tag `>` failed to parse package annotation line 4, column 29 current parser state: | `/>` | `  <eClassifiers xsi:type=""ecore:EClass"" name=""LTS"">` parsing failed"
modelset/raw-data/repo-ecore-all/data/luciofernandes/reercase/br.ufpe.cin.eercase.m2t/bin/relational.ecore,true,true,true,
modelset/raw-data/repo-ecore-all/data/luciofernandes/transformationserver/src/main/resources/transformation/eer2relational/relationalbkp.ecore,true,true,true,
modelset/raw-data/repo-ecore-all/data/luciofernandes/transformationserver/src/main/resources/transformation/seer2relational/relational.ecore,true,true,true,
modelset/raw-data/repo-ecore-all/data/luciojp/ProjetoCompila/org.xtext.example.mydsl/org.xtext.example.mydsl/model/generated/MyDsl.ecore,true,true,true,
modelset/raw-data/repo-ecore-all/data/luciuscode/test/SL/model/library.ecore,true,true,true,
modelset/raw-data/repo-ecore-all/data/luciuscode/test/SL/model/schoollibrary.ecore,false,false,false,"parse: failed to parse modelset/raw-data/repo-ecore-all/data/luciuscode/test/SL/model/schoollibrary.ecore: unsupported `eType` path `library.ecore#//Book` line 8, column 104 current parser state: | `` | `  <eClassifiers xsi:type=""ecore:EClass"" name=""SchoolLibrary"" eSuperTypes=""library.ecore#//Library"">` parsing failed"
modelset/raw-data/repo-ecore-all/data/luciuscode/test/org.emftext.language.forms/metamodel/forms.ecore,true,true,true,
modelset/raw-data/repo-ecore-all/data/luciuscode/test/projectStr/src/main/model/emftest.ecore,true,true,true,
modelset/raw-data/repo-ecore-all/data/luisdanic/EditorArduino/workspace/arduino/model/arduino.ecore,false,false,false,"parse: failed to parse modelset/raw-data/repo-ecore-all/data/luisdanic/EditorArduino/workspace/arduino/model/arduino.ecore: unknown builtit class URL `http://www.eclipse.org/emf/2003/XMLType#//Int` failed to parse structural features failed to parse class `Actuadores` line 16, column 136 current parser state: | `` | `    <eStructuralFeatures xsi:type=""ecore:EReference"" name=""actuadorinstruccion"" eType=""#//Instrucciones""/>` parsing failed"
modelset/raw-data/repo-ecore-all/data/lunalixxi/AGSN/Model_transformation/resource/metamodels/ecore.ecore,false,false,false,"parse: failed to parse modelset/raw-data/repo-ecore-all/data/lunalixxi/AGSN/Model_transformation/resource/metamodels/ecore.ecore: unsupported `eType` path `ecore:EClass http://www.eclipse.org/emf/2002/Ecore#//EObject` failed to parse structural features failed to parse class `EAnnotation` line 21, column 32 current parser state: | `` | `      <eAnnotations source=""http:///org/eclipse/emf/ecore/util/ExtendedMetaData"">` parsing failed"
modelset/raw-data/repo-ecore-all/data/lunkpeter/org.eclipse.viatra/plugins/org.eclipse.viatra.cep.core.metamodels/models/Cep2AutomatonTrace.ecore,false,false,false,"parse: failed to parse modelset/raw-data/repo-ecore-all/data/lunkpeter/org.eclipse.viatra/plugins/org.eclipse.viatra.cep.core.metamodels/models/Cep2AutomatonTrace.ecore: unsupported `eType` path `ecore:EClass Cep.ecore#//EventPattern` failed to parse structural features failed to parse class `Trace` line 12, column 56 current parser state: | `` | `    <eStructuralFeatures xsi:type=""ecore:EReference"" name=""automaton"" lowerBound=""1""` parsing failed"
modelset/raw-data/repo-ecore-all/data/luxingxiao/cdo-gmf-notation/org.eclipse.gmf.runtime.notation.cdo/model/notation.ecore,false,false,false,"parse: failed to parse modelset/raw-data/repo-ecore-all/data/luxingxiao/cdo-gmf-notation/org.eclipse.gmf.runtime.notation.cdo/model/notation.ecore: unsupported `eType` path `ecore:EClass http://www.eclipse.org/emf/2002/Ecore#//EClass` failed to parse class operation failed to parse class `Edge` line 8, column 103 current parser state: | `` | `    </eOperations>` parsing failed"
modelset/raw-data/repo-ecore-all/data/lvanzeun/ulm-xtext-test/ulm.xtext2/model/generated/UlmDsl2.ecore,false,false,false,"parse: failed to parse modelset/raw-data/repo-ecore-all/data/lvanzeun/ulm-xtext-test/ulm.xtext2/model/generated/UlmDsl2.ecore: unsupported `eType` path `ecore:EClass http://www.eclipse.org/emf/2002/Ecore#//EObject` failed to parse structural features failed to parse class `Attribute` line 23, column 29 current parser state: | `` | `    <eStructuralFeatures xsi:type=""ecore:EAttribute"" name=""desc"" eType=""ecore:EDataType http://www.eclipse.org/emf/2002/Ecore#//EString""/>` parsing failed"
modelset/raw-data/repo-ecore-all/data/lw507632/dsl-project/external/xtext/fr.unice.polytech.dsl.arduinoml/model/arduinoml.ecore,true,true,true,
modelset/raw-data/repo-ecore-all/data/maattss/tdt4250-assignment/model/studyplan.ecore,true,true,true,
modelset/raw-data/repo-ecore-all/data/maattss/tdt4250-assignment3/tdt4250.studyplan.model/model/studyplan.ecore,true,true,true,
modelset/raw-data/repo-ecore-all/data/machro/GLT/assignment4/a4_platoon/model/generated/Platoon.ecore,true,true,true,
modelset/raw-data/repo-ecore-all/data/maciej-zygmunt/OneRoster/OneRosterRoot/DXP/model/dXP.ecore,false,false,false,"parse: failed to parse modelset/raw-data/repo-ecore-all/data/maciej-zygmunt/OneRoster/OneRosterRoot/DXP/model/dXP.ecore: unknown builtit class URL `http://www.eclipse.org/emf/2003/XMLType#//String` failed to parse structural features failed to parse class `Course` line 13, column 141 current parser state: | `` | `    <eStructuralFeatures xsi:type=""ecore:EAttribute"" name=""courseCode"" eType=""ecore:EDataType http://www.eclipse.org/emf/2003/XMLType#//String""/>` parsing failed"
modelset/raw-data/repo-ecore-all/data/magnusjerre/MasterThesisCodeFinal/WireframeToJavaFX-master/JavaFX Test/src/datagenerator/imdb.ecore,false,false,false,"parse: failed to parse modelset/raw-data/repo-ecore-all/data/magnusjerre/MasterThesisCodeFinal/WireframeToJavaFX-master/JavaFX Test/src/datagenerator/imdb.ecore: unknown builtit class URL `http://www.eclipse.org/emf/2002/Ecore#//EDate` failed to parse structural features failed to parse class `Movie` line 9, column 144 current parser state: | `` | `    <eStructuralFeatures xsi:type=""ecore:EAttribute"" name=""runtime"" eType=""ecore:EDataType http://www.eclipse.org/emf/2002/Ecore#//EInt""/>` parsing failed"
modelset/raw-data/repo-ecore-all/data/magwas/zenta/org.rulez.magwas.zenta.model/model/zenta.ecore,false,false,false,"parse: failed to parse modelset/raw-data/repo-ecore-all/data/magwas/zenta/org.rulez.magwas.zenta.model/model/zenta.ecore: unexpected `eClassifiers` attribute `serializable` line 5, column 27 current parser state: | `/>` | `  <eClassifiers xsi:type=""ecore:EClass"" name=""Adapter"" abstract=""true"" interface=""true"">` parsing failed"
modelset/raw-data/repo-ecore-all/data/majicmoo/EGLStuff/Jet2Egl/epsilon-1.1_SR1-ant-emf/org/eclipse/epsilon/hutn/model/HUTN.ecore,false,false,false,"parse: failed to parse modelset/raw-data/repo-ecore-all/data/majicmoo/EGLStuff/Jet2Egl/epsilon-1.1_SR1-ant-emf/org/eclipse/epsilon/hutn/model/HUTN.ecore: unsupported `eType` path `ecore:EClass http://www.eclipse.org/emf/2002/Ecore#//EClass` failed to parse class operation failed to parse class `PackageObject` line 26, column 125 current parser state: | `` | `    <eStructuralFeatures xsi:type=""ecore:EReference"" name=""metamodel"" upperBound=""-1""` parsing failed"
modelset/raw-data/repo-ecore-all/data/majicmoo/EGLStuff/eglModelToHTML/cbhtml/model/comicBooks.ecore,true,true,true,
modelset/raw-data/repo-ecore-all/data/majicmoo/EGLStuff/emfatic/comicBookCollection/comicBookCollection.ecore,true,true,true,
modelset/raw-data/repo-ecore-all/data/majicmoo/EGLStuff/emfatic/comicBookCollection2/comicBookCollection2.ecore,true,true,true,
modelset/raw-data/repo-ecore-all/data/majicmoo/EGLStuff/emfatic/flowchart/flowchart.ecore,true,true,true,
modelset/raw-data/repo-ecore-all/data/mallampatisuresh/hello/eclipse/sirius/com.ponta027.fta.model/model/fta.ecore,false,false,false,"parse: failed to parse modelset/raw-data/repo-ecore-all/data/mallampatisuresh/hello/eclipse/sirius/com.ponta027.fta.model/model/fta.ecore: unknown builtit class URL `http://www.eclipse.org/emf/2002/Ecore#//EBigInteger` failed to parse structural features failed to parse class `Diagram` line 11, column 141 current parser state: | `` | `  </eClassifiers>` parsing failed"
modelset/raw-data/repo-ecore-all/data/mallampatisuresh/hello/eclipse/sirius/org.eclipse.sirius.sample.basicfamily/model/basicfamily.ecore,true,true,true,
modelset/raw-data/repo-ecore-all/data/mallon/Past-Projects/Draft_And_Ideas/Libraries/org.mallon.tools/src/org/mallon/tools/atl/metamodels/acf/contentfwk.ecore,false,false,false,"parse: failed to parse modelset/raw-data/repo-ecore-all/data/mallon/Past-Projects/Draft_And_Ideas/Libraries/org.mallon.tools/src/org/mallon/tools/atl/metamodels/acf/contentfwk.ecore: unknown builtit class URL `http://www.eclipse.org/emf/2002/Ecore#//EDate` failed to parse structural features failed to parse class `PhysicalApplicationComponent` line 570, column 148 current parser state: | `` | `    <eStructuralFeatures xsi:type=""ecore:EAttribute"" name=""dateOfLastRelease"" eType=""ecore:EDataType http://www.eclipse.org/emf/2002/Ecore#//EDate""/>` parsing failed"
modelset/raw-data/repo-ecore-all/data/mallon/Past-Projects/TEAP/fr.inria.teap.dcsnACFGeneration/metamodels/acf/contentfwk.ecore,false,false,false,"parse: failed to parse modelset/raw-data/repo-ecore-all/data/mallon/Past-Projects/TEAP/fr.inria.teap.dcsnACFGeneration/metamodels/acf/contentfwk.ecore: unknown builtit class URL `http://www.eclipse.org/emf/2002/Ecore#//EDate` failed to parse structural features failed to parse class `PhysicalApplicationComponent` line 597, column 148 current parser state: | `` | `    <eStructuralFeatures xsi:type=""ecore:EAttribute"" name=""dateOfLastRelease"" eType=""ecore:EDataType http://www.eclipse.org/emf/2002/Ecore#//EDate""/>` parsing failed"
modelset/raw-data/repo-ecore-all/data/manualem/moderates/org/sintef/edap_aspects/org.sintef.edap.smartadapters/metamodel/Edap_AOM_Framework.ecore,false,false,false,"parse: failed to parse modelset/raw-data/repo-ecore-all/data/manualem/moderates/org/sintef/edap_aspects/org.sintef.edap.smartadapters/metamodel/Edap_AOM_Framework.ecore: unsupported `eType` path `ecore:EClass edapAOM.ecore#//AspectModelElement` failed to parse structural features failed to parse class `AdviceModel` line 24, column 85 current parser state: | `` | `  </eClassifiers>` parsing failed"
modelset/raw-data/repo-ecore-all/data/manuelleduc/ale-compiler-benchmarks/examples/MODELS/boolexp/model/BoolExp.ecore,false,false,false,"parse: failed to parse modelset/raw-data/repo-ecore-all/data/manuelleduc/ale-compiler-benchmarks/examples/MODELS/boolexp/model/BoolExp.ecore: unsupported `eType` path `//Exp` failed to parse structural features failed to parse class `BinaryExp` line 5, column 99 current parser state: | `` | `    <eStructuralFeatures xsi:type=""ecore:EReference"" name=""rhs"" eType=""//Exp"" containment=""true""/>` parsing failed"
modelset/raw-data/repo-ecore-all/data/manuelleduc/ale-compiler-benchmarks/examples/MODELS/minifsm/model/MiniFsm.ecore,false,false,false,"parse: failed to parse modelset/raw-data/repo-ecore-all/data/manuelleduc/ale-compiler-benchmarks/examples/MODELS/minifsm/model/MiniFsm.ecore: unsupported `eType` path `//State` failed to parse structural features failed to parse class `Machine` line 4, column 120 current parser state: | `` | `    <eStructuralFeatures xsi:type=""ecore:EReference"" name=""transitions"" upperBound=""-1"" eType=""//Transition"" containment=""true""/>` parsing failed"
modelset/raw-data/repo-ecore-all/data/manuelleduc/ecore-oa-fsm/fr.inria.diverse.tfsm.model/model/tfsm.ecore,true,true,true,
modelset/raw-data/repo-ecore-all/data/manuelleduc/fr.inria.diverse.ad/org.modelexecution.operationalsemantics.ad/ad/activitydiagram.ecore,false,false,false,"parse: failed to parse modelset/raw-data/repo-ecore-all/data/manuelleduc/fr.inria.diverse.ad/org.modelexecution.operationalsemantics.ad/ad/activitydiagram.ecore: expected tag `>` failed to parse class annotation failed to parse class `Activity` line 5, column 34 current parser state: | `/>` | `    <eStructuralFeatures xsi:type=""ecore:EReference"" name=""nodes"" upperBound=""-1""` parsing failed"
modelset/raw-data/repo-ecore-all/data/manuelleduc/gpfl/fr.mleduc.cherry.converter/model/generated/Cherry1to2.ecore,true,true,true,
modelset/raw-data/repo-ecore-all/data/manuelleduc/gpfl/fr.mleduc.fsm/model/generated/Fsm.ecore,true,true,true,
modelset/raw-data/repo-ecore-all/data/manuelleduc/gpfl/fr.mleduc.fsmwithmethods/model/generated/FsmWithMethods.ecore,true,true,true,
modelset/raw-data/repo-ecore-all/data/manuelleduc/gpfl/fr.mleduc.gpfl/model/generated/Gpfl.ecore,true,false,false,"generate: timeout after 120s: /arachne/target/debug/arachne generate modelset/raw-data/repo-ecore-all/data/manuelleduc/gpfl/fr.mleduc.gpfl/model/generated/Gpfl.ecore -o /var/folders/24/3kt9vzrj6qzd_r760kn9ybsm0000gn/T/arachne-modelset-b3l8v7mw/generated-00394 -p modelset-00394-77af9691 [INFO  arachne] Starting code generation [INFO  arachne_codegen] Validating configuration [INFO  arachne_codegen] Parsing ecore metamodel: ""modelset/raw-data/repo-ecore-all/data/manuelleduc/gpfl/fr.mleduc.gpfl/model/generated/Gpfl.ecore"" [INFO  arachne_codegen] Generating Rust tokens"
modelset/raw-data/repo-ecore-all/data/manuelleduc/minilang/fr.inria.diverse.minilang.melange/model-gen/MinilangLanguageMT.ecore,false,false,false,"parse: failed to parse modelset/raw-data/repo-ecore-all/data/manuelleduc/minilang/fr.inria.diverse.minilang.melange/model-gen/MinilangLanguageMT.ecore: expected tag `>` failed to parse operation annotation failed to parse class operation failed to parse class `Program` line 5, column 36 current parser state: | `/>` | `    </eOperations>` parsing failed"
modelset/raw-data/repo-ecore-all/data/manuelleduc/minilang/fr.inria.diverse.minilang.model/model/minilang.ecore,false,false,false,"parse: failed to parse modelset/raw-data/repo-ecore-all/data/manuelleduc/minilang/fr.inria.diverse.minilang.model/model/minilang.ecore: unsupported `eType` path `//Method` failed to parse structural features failed to parse class `Program` line 4, column 151 current parser state: | `` | `    <eStructuralFeatures xsi:type=""ecore:EReference"" name=""mainMethod"" lowerBound=""1"" eType=""//Method""/>` parsing failed"
modelset/raw-data/repo-ecore-all/data/manuelleduc/polymorphic-csv/polymorphic.fsm/model/generated/Fsm.ecore,true,true,true,
modelset/raw-data/repo-ecore-all/data/manuelleduc/sle18_artifact/examples/minifsm/model/MiniFsm.ecore,true,true,true,
modelset/raw-data/repo-ecore-all/data/manuelleduc/sle18_artifact/iot/iot.model/model/iot.ecore,false,false,false,"parse: failed to parse modelset/raw-data/repo-ecore-all/data/manuelleduc/sle18_artifact/iot/iot.model/model/iot.ecore: expected tag `>` failed to parse class annotation failed to parse class `IotOperationDef` line 5, column 37 current parser state: | `/>` | `  </eClassifiers>` parsing failed"
modelset/raw-data/repo-ecore-all/data/manuelleduc/sle18_artifact/plugins/dispatch/model/Dispatch.ecore,true,true,true,
modelset/raw-data/repo-ecore-all/data/manuelleduc/workspace-cold-gemoc/abc.model/model/model.ecore,true,true,true,
modelset/raw-data/repo-ecore-all/data/manuelleduc/workspace-cold-gemoc/fr.inria.diverse.gfsm.model/model/gfsm.ecore,true,true,true,
modelset/raw-data/repo-ecore-all/data/manuelleduc/workspace-cold-gemoc/gfsm.model/model/gfsm.ecore,true,true,true,
modelset/raw-data/repo-ecore-all/data/manuelleduc/xp-gemoc-concurrent/without_metamodel/languages_workbenches/gseq/fr.mleduc.gseq.model/model/gseq.ecore,true,true,true,
modelset/raw-data/repo-ecore-all/data/manuelleduc/xp-gemoc-concurrent/without_metamodel/languages_workbenches/x10/fr.mleduc.gx10.model/model/gx10.ecore,false,false,false,"parse: failed to parse modelset/raw-data/repo-ecore-all/data/manuelleduc/xp-gemoc-concurrent/without_metamodel/languages_workbenches/x10/fr.mleduc.gx10.model/model/gx10.ecore: unsupported `eType` path `//Method` failed to parse structural features failed to parse class `Program` line 4, column 153 current parser state: | `` | `    <eStructuralFeatures xsi:type=""ecore:EReference"" name=""startMethod"" lowerBound=""1"" eType=""//Method""/>` parsing failed"
modelset/raw-data/repo-ecore-all/data/marcelorodriguesfortes/experimentos-ferramenta-v-v/VerificationAndValidationB3/src/br/com/standalone/models/feature/metamodelo/MetamodeloFeature.ecore,true,true,true,
modelset/raw-data/repo-ecore-all/data/marchalvincent/knomarcar/model/metaModel.ecore,true,true,true,
modelset/raw-data/repo-ecore-all/data/marcofranke/SCXMLEditor/scxml/model/scxml.ecore,true,true,true,
modelset/raw-data/repo-ecore-all/data/mariacaslop/Environment-of-model-design-based-on-fuzzy-automaton/FuzzyAutomaton/es.ucm.modelling.fuzzyautomaton/model/fuzzyAutomaton.ecore,false,false,false,"parse: failed to parse modelset/raw-data/repo-ecore-all/data/mariacaslop/Environment-of-model-design-based-on-fuzzy-automaton/FuzzyAutomaton/es.ucm.modelling.fuzzyautomaton/model/fuzzyAutomaton.ecore: unknown builtit class URL `http://www.eclipse.org/emf/2002/Ecore#//EBooleanObject` failed to parse structural features failed to parse class `State` line 37, column 38 current parser state: | `` | `    <eStructuralFeatures xsi:type=""ecore:EReference"" name=""incoming"" upperBound=""-1""` parsing failed"
modelset/raw-data/repo-ecore-all/data/mariana-mendes/pascal/pascal/model/generated/Pascal.ecore,true,true,true,
modelset/raw-data/repo-ecore-all/data/mariliaafreire/marilia-doc-projects/FirstMetricModel/model/MyMetricsModel.ecore,true,true,true,
modelset/raw-data/repo-ecore-all/data/marinamygithub/xtext_project/org.xtext.example.ADSL/model/generated/ADSL.ecore,true,false,false,"generate: timeout after 120s: /arachne/target/debug/arachne generate modelset/raw-data/repo-ecore-all/data/marinamygithub/xtext_project/org.xtext.example.ADSL/model/generated/ADSL.ecore -o /var/folders/24/3kt9vzrj6qzd_r760kn9ybsm0000gn/T/arachne-modelset-b3l8v7mw/generated-00412 -p modelset-00412-afb6c12b [INFO  arachne] Starting code generation [INFO  arachne_codegen] Validating configuration [INFO  arachne_codegen] Parsing ecore metamodel: ""modelset/raw-data/repo-ecore-all/data/marinamygithub/xtext_project/org.xtext.example.ADSL/model/generated/ADSL.ecore"" [INFO  arachne_codegen] Generating Rust tokens"
modelset/raw-data/repo-ecore-all/data/markhibberd/tefkat/tefkat.engine.tests/transformation/models/simpleuml.ecore,true,true,true,
modelset/raw-data/repo-ecore-all/data/markus1978/RandomEMF/plugins/de.hub.rcore.example/model/output.ecore,false,false,false,"parse: failed to parse modelset/raw-data/repo-ecore-all/data/markus1978/RandomEMF/plugins/de.hub.rcore.example/model/output.ecore: unsupported `eType` path `//HVOwDYkMdHvynG` failed to parse structural features failed to parse class `xvHXdRr` line 4, column 137 current parser state: | `` | `    <eStructuralFeatures xsi:type=""ecore:EReference"" name=""BASoFcxsCI"" upperBound=""-1"" eType=""//ak""/>` parsing failed"
modelset/raw-data/repo-ecore-all/data/markus1978/srcrepo/de.hub.srcrepo.emffrag/models/java.ecore,true,false,false,"generate: timeout after 120s: /arachne/target/debug/arachne generate modelset/raw-data/repo-ecore-all/data/markus1978/srcrepo/de.hub.srcrepo.emffrag/models/java.ecore -o /var/folders/24/3kt9vzrj6qzd_r760kn9ybsm0000gn/T/arachne-modelset-b3l8v7mw/generated-00415 -p modelset-00415-3325c466 [INFO  arachne] Starting code generation [INFO  arachne_codegen] Validating configuration [INFO  arachne_codegen] Parsing ecore metamodel: ""modelset/raw-data/repo-ecore-all/data/markus1978/srcrepo/de.hub.srcrepo.emffrag/models/java.ecore"" [WARN  ecore_rs::parser::raw] Structural feature `body` sets `ordered` while `upperBound=1`; this has no effect [WARN  ecore_rs::parser::raw] `eOpposite` attributes are currently not supported, ignoring [WARN  ecore_rs::parser::raw] `eOpposite` attributes are currently not supported, ignoring [WARN  ecore_rs::parser::raw] `eOpposite` attributes are currently not supported, ignoring [WARN  ecore_rs::parser::raw] Structural feature `method` sets `ordered` while `upperBound=1`; this has no effect [WARN  ecore_rs::parser::raw] `eOpposite` attributes are currently not supported, ignoring [WARN  ecore_rs::parser::raw] `eOpposite` attributes are currently not supported, ignoring [WARN  ecore_rs::parser::raw] Structural feature `package` sets `ordered` while `upperBound=1`; this has no effect [WARN  ecore_rs::parser::raw] `eOpposite` attributes are currently not supported, ignoring [WARN  ecore_rs::parser::raw] Structural feature `qualifier` sets `ordered` while `upperBound=1`; this has no effect [WARN  ecore_rs::parser::raw] Structural feature `type` sets `ordered` while `upperBound=1`; this has no effect [WARN  ecore_rs::parser::raw] `eOpposite` attributes are currently not supported, ignoring [WARN  ecore_rs::parser::raw] Structural feature `type` sets `ordered` while `upperBound=1`; this has no effect [WARN  ecore_rs::parser::raw] Structural feature `originalFilePath` sets `ordered` while `upperBound=1`; this has no effect [WARN  ecore_rs::parser::raw] Structural feature `originalFilePath` sets `unique` while `upperBound=1`; this has no effect [WARN  ecore_rs::parser::raw] Structural feature `manifest` sets `ordered` while `upperBound=1`; this has no effect [WARN  ecore_rs::parser::raw] Structural feature `message` sets `ordered` while `upperBound=1`; this has no effect [WARN  ecore_rs::parser::raw] Structural feature `expression` sets `ordered` while `upperBound=1`; this has no effect [WARN  ecore_rs::parser::raw] Structural feature `originalCompilationUnit` sets `ordered` while `upperBound=1`; this has no effect [WARN  ecore_rs::parser::raw] Structural feature `originalClassFile` sets `ordered` while `upperBound=1`; this has no effect [WARN  ecore_rs::parser::raw] Structural feature `member` sets `ordered` while `upperBound=1`; this has no effect [WARN  ecore_rs::parser::raw] `eOpposite` attributes are currently not supported, ignoring [WARN  ecore_rs::parser::raw] Structural feature `value` sets `ordered` while `upperBound=1`; this has no effect [WARN  ecore_rs::parser::raw] Structural feature `default` sets `ordered` while `upperBound=1`; this has no effect [WARN  ecore_rs::parser::raw] Structural feature `type` sets `ordered` while `upperBound=1`; this has no effect [WARN  ecore_rs::parser::raw] `eOpposite` attributes are currently not supported, ignoring [WARN  ecore_rs::parser::raw] `eOpposite` attributes are currently not supported, ignoring [WARN  ecore_rs::parser::raw] Structural feature `classInstanceCreation` sets `ordered` while `upperBound=1`; this has no effect [WARN  ecore_rs::parser::raw] `eOpposite` attributes are currently not supported, ignoring [WARN  ecore_rs::parser::raw] Structural feature `array` sets `ordered` while `upperBound=1`; this has no effect [WARN  ecore_rs::parser::raw] Structural feature `index` sets `ordered` while `upperBound=1`; this has no effect [WARN  ecore_rs::parser::raw] Structural feature `initializer` sets `ordered` while `upperBound=1`; this has no effect [WARN  ecore_rs::parser::raw] Structural feature `type` sets `ordered` while `upperBound=1`; this has no effect [WARN  ecore_rs::parser::raw] Structural feature `array` sets `ordered` while `upperBound=1`; this has no effect [WARN  ecore_rs::parser::raw] Structural fea [output truncated after 4000 chars]"
modelset/raw-data/repo-ecore-all/data/markusberget/tda593-hotel/Classes.ecore,false,false,false,"parse: failed to parse modelset/raw-data/repo-ecore-all/data/markusberget/tda593-hotel/Classes.ecore: unknown builtit class URL `types.ecore#//Integer` failed to parse structural features failed to parse class `Room` line 8, column 71 current parser state: | `` | `    <eStructuralFeatures xsi:type=""ecore:EReference"" name=""roomType"" ordered=""false""` parsing failed"
modelset/raw-data/repo-ecore-all/data/markusberget/tda593-hotel/types.ecore,true,true,true,
modelset/raw-data/repo-ecore-all/data/martheab/TDT4250-studyprogram/org.eclipse.exercise.studyprogramsmodel/model/studyprograms.ecore,true,true,true,
modelset/raw-data/repo-ecore-all/data/martheab/model-to-text/org.eclipse.exercise.studyprogramsmodel/model/studyprograms.ecore,true,true,true,
modelset/raw-data/repo-ecore-all/data/martin-azpillaga/M/Code/Language Server/m/model/Game.ecore,false,false,false,parse: thread 'main' (485358) panicked at arachne-parser/src/parser/raw.rs:308:18: end byte index 12591 is not a char boundary; it is inside '≠' (bytes 12590..12593 of string) note: run with `RUST_BACKTRACE=1` environment variable to display a backtrace
modelset/raw-data/repo-ecore-all/data/martin-fleck/momot/examples/at.ac.tuwien.big.momot.examples.ecore/input/HTML.ecore,false,false,false,"parse: failed to parse modelset/raw-data/repo-ecore-all/data/martin-fleck/momot/examples/at.ac.tuwien.big.momot.examples.ecore/input/HTML.ecore: unexpected content at package level line 2, column 1 current parser state: | `<xmi:XMI xmi:version=""2.0"" xmlns:xmi=""http://www.omg.org/XMI"" xmlns:xsi=""http://www.w3.org/2001/XMLSchema-instance""` | `    xmlns:ecore=""http://www.eclipse.org/emf/2002/Ecore"">` parsing failed"
modelset/raw-data/repo-ecore-all/data/martin-fleck/momot/examples/at.ac.tuwien.big.momot.examples.ecore/input/JAVA.ecore,true,false,false,"generate: timeout after 120s: /arachne/target/debug/arachne generate modelset/raw-data/repo-ecore-all/data/martin-fleck/momot/examples/at.ac.tuwien.big.momot.examples.ecore/input/JAVA.ecore -o /var/folders/24/3kt9vzrj6qzd_r760kn9ybsm0000gn/T/arachne-modelset-b3l8v7mw/generated-00422 -p modelset-00422-035812ce [INFO  arachne] Starting code generation [INFO  arachne_codegen] Validating configuration [INFO  arachne_codegen] Parsing ecore metamodel: ""modelset/raw-data/repo-ecore-all/data/martin-fleck/momot/examples/at.ac.tuwien.big.momot.examples.ecore/input/JAVA.ecore"" [WARN  ecore_rs::parser::raw] Structural feature `body` sets `ordered` while `upperBound=1`; this has no effect [WARN  ecore_rs::parser::raw] `eOpposite` attributes are currently not supported, ignoring [WARN  ecore_rs::parser::raw] `eOpposite` attributes are currently not supported, ignoring [WARN  ecore_rs::parser::raw] `eOpposite` attributes are currently not supported, ignoring [WARN  ecore_rs::parser::raw] Structural feature `method` sets `ordered` while `upperBound=1`; this has no effect [WARN  ecore_rs::parser::raw] `eOpposite` attributes are currently not supported, ignoring [WARN  ecore_rs::parser::raw] `eOpposite` attributes are currently not supported, ignoring [WARN  ecore_rs::parser::raw] Structural feature `package` sets `ordered` while `upperBound=1`; this has no effect [WARN  ecore_rs::parser::raw] `eOpposite` attributes are currently not supported, ignoring [WARN  ecore_rs::parser::raw] Structural feature `qualifier` sets `ordered` while `upperBound=1`; this has no effect [WARN  ecore_rs::parser::raw] Structural feature `type` sets `ordered` while `upperBound=1`; this has no effect [WARN  ecore_rs::parser::raw] `eOpposite` attributes are currently not supported, ignoring [WARN  ecore_rs::parser::raw] Structural feature `type` sets `ordered` while `upperBound=1`; this has no effect [WARN  ecore_rs::parser::raw] Structural feature `originalFilePath` sets `ordered` while `upperBound=1`; this has no effect [WARN  ecore_rs::parser::raw] Structural feature `originalFilePath` sets `unique` while `upperBound=1`; this has no effect [WARN  ecore_rs::parser::raw] Structural feature `manifest` sets `ordered` while `upperBound=1`; this has no effect [WARN  ecore_rs::parser::raw] Structural feature `message` sets `ordered` while `upperBound=1`; this has no effect [WARN  ecore_rs::parser::raw] Structural feature `expression` sets `ordered` while `upperBound=1`; this has no effect [WARN  ecore_rs::parser::raw] Structural feature `originalCompilationUnit` sets `ordered` while `upperBound=1`; this has no effect [WARN  ecore_rs::parser::raw] Structural feature `originalClassFile` sets `ordered` while `upperBound=1`; this has no effect [WARN  ecore_rs::parser::raw] Structural feature `member` sets `ordered` while `upperBound=1`; this has no effect [WARN  ecore_rs::parser::raw] `eOpposite` attributes are currently not supported, ignoring [WARN  ecore_rs::parser::raw] Structural feature `value` sets `ordered` while `upperBound=1`; this has no effect [WARN  ecore_rs::parser::raw] Structural feature `default` sets `ordered` while `upperBound=1`; this has no effect [WARN  ecore_rs::parser::raw] Structural feature `type` sets `ordered` while `upperBound=1`; this has no effect [WARN  ecore_rs::parser::raw] `eOpposite` attributes are currently not supported, ignoring [WARN  ecore_rs::parser::raw] `eOpposite` attributes are currently not supported, ignoring [WARN  ecore_rs::parser::raw] Structural feature `classInstanceCreation` sets `ordered` while `upperBound=1`; this has no effect [WARN  ecore_rs::parser::raw] `eOpposite` attributes are currently not supported, ignoring [WARN  ecore_rs::parser::raw] Structural feature `array` sets `ordered` while `upperBound=1`; this has no effect [WARN  ecore_rs::parser::raw] Structural feature `index` sets `ordered` while `upperBound=1`; this has no effect [WARN  ecore_rs::parser::raw] Structural feature `initializer` sets `ordered` while `upperBound=1`; this has no effect [WARN  ecore_rs::parser::raw] Structural feature `type` sets `ordered` while `upperBound=1`; this has no effect [WARN  ecore_rs::parser::raw] Structural feature `array` sets `ordered` while `upperBound=1`; this has no effect [WARN  ecore_rs::pars [output truncated after 4000 chars]"
modelset/raw-data/repo-ecore-all/data/martin-fleck/momot/examples/at.ac.tuwien.big.momot.examples.emfrefactor/model/input/metamodel.ecore,true,true,true,
modelset/raw-data/repo-ecore-all/data/martin-fleck/momot/examples/tse/at.ac.tuwien.big.momot.examples.tse.resources/casestudy/JavaMethods2UMLActivityDiagram/metamodels/java.ecore,true,false,false,"generate: timeout after 120s: /arachne/target/debug/arachne generate modelset/raw-data/repo-ecore-all/data/martin-fleck/momot/examples/tse/at.ac.tuwien.big.momot.examples.tse.resources/casestudy/JavaMethods2UMLActivityDiagram/metamodels/java.ecore -o /var/folders/24/3kt9vzrj6qzd_r760kn9ybsm0000gn/T/arachne-modelset-b3l8v7mw/generated-00424 -p modelset-00424-05850140 [INFO  arachne] Starting code generation [INFO  arachne_codegen] Validating configuration [INFO  arachne_codegen] Parsing ecore metamodel: ""modelset/raw-data/repo-ecore-all/data/martin-fleck/momot/examples/tse/at.ac.tuwien.big.momot.examples.tse.resources/casestudy/JavaMethods2UMLActivityDiagram/metamodels/java.ecore"" [WARN  ecore_rs::parser::raw] Structural feature `body` sets `ordered` while `upperBound=1`; this has no effect [WARN  ecore_rs::parser::raw] `eOpposite` attributes are currently not supported, ignoring [WARN  ecore_rs::parser::raw] `eOpposite` attributes are currently not supported, ignoring [WARN  ecore_rs::parser::raw] `eOpposite` attributes are currently not supported, ignoring [WARN  ecore_rs::parser::raw] Structural feature `method` sets `ordered` while `upperBound=1`; this has no effect [WARN  ecore_rs::parser::raw] `eOpposite` attributes are currently not supported, ignoring [WARN  ecore_rs::parser::raw] `eOpposite` attributes are currently not supported, ignoring [WARN  ecore_rs::parser::raw] Structural feature `package` sets `ordered` while `upperBound=1`; this has no effect [WARN  ecore_rs::parser::raw] `eOpposite` attributes are currently not supported, ignoring [WARN  ecore_rs::parser::raw] Structural feature `qualifier` sets `ordered` while `upperBound=1`; this has no effect [WARN  ecore_rs::parser::raw] Structural feature `type` sets `ordered` while `upperBound=1`; this has no effect [WARN  ecore_rs::parser::raw] `eOpposite` attributes are currently not supported, ignoring [WARN  ecore_rs::parser::raw] Structural feature `type` sets `ordered` while `upperBound=1`; this has no effect [WARN  ecore_rs::parser::raw] Structural feature `originalFilePath` sets `ordered` while `upperBound=1`; this has no effect [WARN  ecore_rs::parser::raw] Structural feature `originalFilePath` sets `unique` while `upperBound=1`; this has no effect [WARN  ecore_rs::parser::raw] Structural feature `manifest` sets `ordered` while `upperBound=1`; this has no effect [WARN  ecore_rs::parser::raw] Structural feature `message` sets `ordered` while `upperBound=1`; this has no effect [WARN  ecore_rs::parser::raw] Structural feature `expression` sets `ordered` while `upperBound=1`; this has no effect [WARN  ecore_rs::parser::raw] Structural feature `originalCompilationUnit` sets `ordered` while `upperBound=1`; this has no effect [WARN  ecore_rs::parser::raw] Structural feature `originalClassFile` sets `ordered` while `upperBound=1`; this has no effect [WARN  ecore_rs::parser::raw] Structural feature `member` sets `ordered` while `upperBound=1`; this has no effect [WARN  ecore_rs::parser::raw] `eOpposite` attributes are currently not supported, ignoring [WARN  ecore_rs::parser::raw] Structural feature `value` sets `ordered` while `upperBound=1`; this has no effect [WARN  ecore_rs::parser::raw] Structural feature `default` sets `ordered` while `upperBound=1`; this has no effect [WARN  ecore_rs::parser::raw] Structural feature `type` sets `ordered` while `upperBound=1`; this has no effect [WARN  ecore_rs::parser::raw] `eOpposite` attributes are currently not supported, ignoring [WARN  ecore_rs::parser::raw] `eOpposite` attributes are currently not supported, ignoring [WARN  ecore_rs::parser::raw] Structural feature `classInstanceCreation` sets `ordered` while `upperBound=1`; this has no effect [WARN  ecore_rs::parser::raw] `eOpposite` attributes are currently not supported, ignoring [WARN  ecore_rs::parser::raw] Structural feature `array` sets `ordered` while `upperBound=1`; this has no effect [WARN  ecore_rs::parser::raw] Structural feature `index` sets `ordered` while `upperBound=1`; this has no effect [WARN  ecore_rs::parser::raw] Structural feature `initializer` sets `ordered` while `upperBound=1`; this has no effect [WARN  ecore_rs::parser::raw] Structural feature `type` sets `ordered` while `upperBound=1`; this has no effect [WARN  ecore_rs::parser::raw] Structural feature `array` sets `ordered` whil [output truncated after 4000 chars]"
modelset/raw-data/repo-ecore-all/data/martinlindf/wasp-dsl/CodeFrame.zip_expanded/CodeFrame/se.chalmers.turtlebotmission/model/turtlebotmission.ecore,true,true,true,
modelset/raw-data/repo-ecore-all/data/maruthihr/539Project-DomainModel/model/arduino.ecore,false,false,false,"parse: failed to parse modelset/raw-data/repo-ecore-all/data/maruthihr/539Project-DomainModel/model/arduino.ecore: unknown builtit class URL `http://www.eclipse.org/emf/2003/XMLType#//String` failed to parse structural features failed to parse class `Project` line 8, column 140 current parser state: | `` | `  </eClassifiers>` parsing failed"
modelset/raw-data/repo-ecore-all/data/masagroup/soft.cpp/ecore/tests/data/bookStore.ecore,false,false,false,"parse: failed to parse modelset/raw-data/repo-ecore-all/data/masagroup/soft.cpp/ecore/tests/data/bookStore.ecore: Missing attribute `eType` in structural feature `owner` failed to parse structural features failed to parse class `BookStore` line 4, column 67 current parser state: | `` | `      <eType xsi:type=""ecore:EDataType"" href=""http://www.eclipse.org/emf/2002/Ecore#//EString""/>` parsing failed"
modelset/raw-data/repo-ecore-all/data/masagroup/soft.cpp/ecore/tests/data/library.ecore,false,false,false,"parse: failed to parse modelset/raw-data/repo-ecore-all/data/masagroup/soft.cpp/ecore/tests/data/library.ecore: Missing attribute `eType` in structural feature `title` failed to parse structural features failed to parse class `Book` line 4, column 67 current parser state: | `` | `      <eType xsi:type=""ecore:EDataType"" href=""http://www.eclipse.org/emf/2002/Ecore#//EString""/>` parsing failed"
modelset/raw-data/repo-ecore-all/data/masagroup/soft.models/ecore.ecore,false,false,false,"parse: failed to parse modelset/raw-data/repo-ecore-all/data/masagroup/soft.models/ecore.ecore: Missing attribute `eType` in structural feature `instanceClass` failed to parse structural features failed to parse class `EClassifier` line 219, column 75 current parser state: | `` | `      <eGenericType eClassifier=""#//EJavaClass"">` parsing failed"
modelset/raw-data/repo-ecore-all/data/masagroup/soft.models/library.ecore,false,false,false,"parse: failed to parse modelset/raw-data/repo-ecore-all/data/masagroup/soft.models/library.ecore: unknown builtit class URL `http://www.eclipse.org/emf/2002/Ecore#//EFeatureMapEntry` failed to parse structural features failed to parse class `Library` line 44, column 26 current parser state: | `` | `      <eAnnotations source=""http:///org/eclipse/emf/ecore/util/ExtendedMetaData"">` parsing failed"
modelset/raw-data/repo-ecore-all/data/master-mck/ECP/tests/org.eclipse.emf.ecp.view.edapt.util.test/model/b.ecore,false,false,false,"parse: failed to parse modelset/raw-data/repo-ecore-all/data/master-mck/ECP/tests/org.eclipse.emf.ecp.view.edapt.util.test/model/b.ecore: unsupported `eType` path `ecore:EClass a.ecore#//A` failed to parse structural features failed to parse class `B` line 5, column 97 current parser state: | `` | `    <eStructuralFeatures xsi:type=""ecore:EReference"" name=""c"" eType=""ecore:EClass c.ecore#//C""/>` parsing failed"
modelset/raw-data/repo-ecore-all/data/master-mck/ECP/tests/org.eclipse.emf.ecp.view.edapt.util.test/model/d.ecore,false,false,false,"parse: failed to parse modelset/raw-data/repo-ecore-all/data/master-mck/ECP/tests/org.eclipse.emf.ecp.view.edapt.util.test/model/d.ecore: unsupported `eType` path `ecore:EClass b.ecore#//B` failed to parse structural features failed to parse class `D` line 5, column 97 current parser state: | `` | `  </eClassifiers>` parsing failed"
modelset/raw-data/repo-ecore-all/data/master-mck/ECP/tests/org.eclipse.emf.ecp.view.edapt.util.test/model/e.ecore,false,false,false,"parse: failed to parse modelset/raw-data/repo-ecore-all/data/master-mck/ECP/tests/org.eclipse.emf.ecp.view.edapt.util.test/model/e.ecore: unsupported `eType` path `ecore:EClass d.ecore#//D` failed to parse structural features failed to parse class `E` line 5, column 97 current parser state: | `` | `    <eStructuralFeatures xsi:type=""ecore:EReference"" name=""f"" eType=""ecore:EClass f.ecore#//F""/>` parsing failed"
modelset/raw-data/repo-ecore-all/data/master-mck/ECP/tests/org.eclipse.emf.ecp.view.validation.test/model/test.ecore,false,false,false,"parse: failed to parse modelset/raw-data/repo-ecore-all/data/master-mck/ECP/tests/org.eclipse.emf.ecp.view.validation.test/model/test.ecore: unknown builtit class URL `http://www.eclipse.org/emf/2002/Ecore#//EDiagnosticChain` failed to parse class operation failed to parse class `Library` line 7, column 120 current parser state: | `` | `      <eParameters name=""context"">` parsing failed"
modelset/raw-data/repo-ecore-all/data/master-mck/ECP/tests/org.eclipse.emfforms.core.services.databinding.testmodel/model/test.ecore,false,false,false,"parse: failed to parse modelset/raw-data/repo-ecore-all/data/master-mck/ECP/tests/org.eclipse.emfforms.core.services.databinding.testmodel/model/test.ecore: unsupported `eType` path `ecore:EClass http://www.eclipse.org/emf/2002/Ecore#//EClass` failed to parse structural features failed to parse class `EClassToEStringMap` line 25, column 134 current parser state: | `` | `    <eStructuralFeatures xsi:type=""ecore:EAttribute"" name=""value"" eType=""ecore:EDataType http://www.eclipse.org/emf/2002/Ecore#//EString""/>` parsing failed"
modelset/raw-data/repo-ecore-all/data/masters-info-nantes/Je-push-le-Mia/com.mia.studio.ide-2015-09-10_11-50-35.gtk.x86_64/configuration/org.eclipse.osgi/bundles/155/1/.cp/model/Ecore.ecore,false,false,false,"parse: failed to parse modelset/raw-data/repo-ecore-all/data/masters-info-nantes/Je-push-le-Mia/com.mia.studio.ide-2015-09-10_11-50-35.gtk.x86_64/configuration/org.eclipse.osgi/bundles/155/1/.cp/model/Ecore.ecore: Missing attribute `eType` in structural feature `instanceClass` failed to parse structural features failed to parse class `EClassifier` line 121, column 57 current parser state: | `` | `      <eGenericType eClassifier=""#//EJavaClass"">` parsing failed"
modelset/raw-data/repo-ecore-all/data/masters-info-nantes/zhuan-hua-tu/org.alma.mde.statemachine/model/generated/Zhu.ecore,true,true,true,
modelset/raw-data/repo-ecore-all/data/mateuslunacc/Java-to-Assembly-Compiler/org.xtext.compiladores20171.javaToAssembly/model/generated/Java.ecore,true,true,true,
modelset/raw-data/repo-ecore-all/data/matfurrier/SpagoBI/knowagemeta/modeldefinition/SpagoBIMetaModel.ecore,false,false,false,"parse: failed to parse modelset/raw-data/repo-ecore-all/data/matfurrier/SpagoBI/knowagemeta/modeldefinition/SpagoBIMetaModel.ecore: unexpected package content line 56, column 3 current parser state: | `<eSubpackages name=""physical"" nsURI=""http:///it/eng/spagobi/meta/model/physical.ecore""` | `      nsPrefix=""it.eng.spagobi.meta.model.physical"">` parsing failed"
modelset/raw-data/repo-ecore-all/data/matheusamazonas/des/Mars Rover/DSLMeta/mars.rover.missions/model/generated/MissionsDSL.ecore,true,true,true,
modelset/raw-data/repo-ecore-all/data/matheusamazonas/des/ex13/SmallRoverDSLMeta/rover.missions/model/generated/RoverDSL.ecore,true,true,true,
modelset/raw-data/repo-ecore-all/data/mathiasnh/TDT4250-Assignment3/no.tdt4250.ov1.studyprogram/model/studyprogram.ecore,false,false,false,"parse: failed to parse modelset/raw-data/repo-ecore-all/data/mathiasnh/TDT4250-Assignment3/no.tdt4250.ov1.studyprogram/model/studyprogram.ecore: unknown builtit class URL `http://www.eclipse.org/emf/2002/Ecore#//EFloatObject` failed to parse structural features failed to parse class `Course` line 81, column 147 current parser state: | `` | `    <eStructuralFeatures xsi:type=""ecore:EAttribute"" name=""code"" eType=""ecore:EDataType http://www.eclipse.org/emf/2002/Ecore#//EString""/>` parsing failed"
modelset/raw-data/repo-ecore-all/data/mathiasnh/TDT4250-Assignments/model/studyprogram.ecore,false,false,false,"parse: failed to parse modelset/raw-data/repo-ecore-all/data/mathiasnh/TDT4250-Assignments/model/studyprogram.ecore: unknown builtit class URL `http://www.eclipse.org/emf/2002/Ecore#//EFloatObject` failed to parse structural features failed to parse class `Course` line 87, column 147 current parser state: | `` | `  </eClassifiers>` parsing failed"
modelset/raw-data/repo-ecore-all/data/mathod31/DSL/sample/model/sample.ecore,false,false,false,"parse: failed to parse modelset/raw-data/repo-ecore-all/data/mathod31/DSL/sample/model/sample.ecore: unknown builtit class URL `http://www.eclipse.org/emf/2003/XMLType#//String` failed to parse structural features failed to parse class `Transition` line 13, column 143 current parser state: | `` | `    <eStructuralFeatures xsi:type=""ecore:EReference"" name=""StateTo"" lowerBound=""1""` parsing failed"
modelset/raw-data/repo-ecore-all/data/mathoian/telp_transform_metamodelo/Perfil/metamodeloQVT.ecore,false,false,false,"parse: failed to parse modelset/raw-data/repo-ecore-all/data/mathoian/telp_transform_metamodelo/Perfil/metamodeloQVT.ecore: unexpected content at package level line 2, column 1 current parser state: | `<xmi:XMI xmi:version=""2.0""` | `    xmlns:xmi=""http://www.omg.org/XMI"" xmlns:xsi=""http://www.w3.org/2001/XMLSchema-instance""` parsing failed"
modelset/raw-data/repo-ecore-all/data/matseda/Assignment3/TDT4250.Assignment3.model/model/study.ecore,true,true,true,
modelset/raw-data/repo-ecore-all/data/matseda/TDT4250Assignment/model/study.ecore,true,true,true,
modelset/raw-data/repo-ecore-all/data/max-kramer/emf-profiles/org.modelversioning.emfprofile.tests/model/basic/sample_ecore_model.ecore,true,true,true,
modelset/raw-data/repo-ecore-all/data/max-kramer/geko-model-weaver/examples/lts/lu.uni.geko.examples.lts/metamodel/lts_pointcut.ecore,false,false,false,"parse: failed to parse modelset/raw-data/repo-ecore-all/data/max-kramer/geko-model-weaver/examples/lts/lu.uni.geko.examples.lts/metamodel/lts_pointcut.ecore: expected tag `source` failed to parse package annotation line 16, column 16 current parser state: | `/>` | `  <eClassifiers xsi:type=""ecore:EClass"" name=""LTS"">` parsing failed"
modelset/raw-data/repo-ecore-all/data/max-kramer/geko-model-weaver/examples/pcm/edu.kit.ipd.sdq.mdsd.geko.examples.pcm/metamodel/Units_advice_advice.ecore,false,false,false,"parse: failed to parse modelset/raw-data/repo-ecore-all/data/max-kramer/geko-model-weaver/examples/pcm/edu.kit.ipd.sdq.mdsd.geko.examples.pcm/metamodel/Units_advice_advice.ecore: unsupported `eType` path `ecore:EClass http://www.eclipse.org/emf/2002/Ecore#//EObject` failed to parse structural features failed to parse class `AdviceAdvice` line 49, column 98 current parser state: | `` | `  </eClassifiers>` parsing failed"
modelset/raw-data/repo-ecore-all/data/max-kramer/geko-model-weaver/examples/pcm/edu.kit.ipd.sdq.mdsd.geko.examples.pcm/metamodel/Units_pointcut.ecore,false,false,false,"parse: failed to parse modelset/raw-data/repo-ecore-all/data/max-kramer/geko-model-weaver/examples/pcm/edu.kit.ipd.sdq.mdsd.geko.examples.pcm/metamodel/Units_pointcut.ecore: unsupported `eType` path `ecore:EClass http://www.eclipse.org/emf/2002/Ecore#//EObject` failed to parse structural features failed to parse class `Pointcut` line 48, column 98 current parser state: | `` | `  </eClassifiers>` parsing failed"
modelset/raw-data/repo-ecore-all/data/max-kramer/geko-model-weaver/examples/pcm/edu.kit.ipd.sdq.mdsd.geko.examples.pcm/metamodel/Units_pointcut_advice.ecore,false,false,false,"parse: failed to parse modelset/raw-data/repo-ecore-all/data/max-kramer/geko-model-weaver/examples/pcm/edu.kit.ipd.sdq.mdsd.geko.examples.pcm/metamodel/Units_pointcut_advice.ecore: unsupported `eType` path `ecore:EClass http://www.eclipse.org/emf/2002/Ecore#//EObject` failed to parse structural features failed to parse class `Pointcut` line 49, column 98 current parser state: | `` | `  </eClassifiers>` parsing failed"
modelset/raw-data/repo-ecore-all/data/max-kramer/geko-model-weaver/examples/pcm/edu.kit.ipd.sdq.mdsd.geko.examples.pcm/metamodel/pcm_advice.ecore,false,false,false,"parse: failed to parse modelset/raw-data/repo-ecore-all/data/max-kramer/geko-model-weaver/examples/pcm/edu.kit.ipd.sdq.mdsd.geko.examples.pcm/metamodel/pcm_advice.ecore: unsupported `eType` path `ecore:EClass http://www.eclipse.org/emf/2002/Ecore#//EObject` failed to parse structural features failed to parse class `Advice` line 11, column 98 current parser state: | `` | `  </eClassifiers>` parsing failed"
modelset/raw-data/repo-ecore-all/data/max-kramer/geko-model-weaver/examples/pcm/edu.kit.ipd.sdq.mdsd.geko.examples.pcm/metamodel/pcm_advice_advice.ecore,false,false,false,"parse: failed to parse modelset/raw-data/repo-ecore-all/data/max-kramer/geko-model-weaver/examples/pcm/edu.kit.ipd.sdq.mdsd.geko.examples.pcm/metamodel/pcm_advice_advice.ecore: unsupported `eType` path `ecore:EClass http://www.eclipse.org/emf/2002/Ecore#//EObject` failed to parse structural features failed to parse class `AdviceAdvice` line 11, column 98 current parser state: | `` | `  </eClassifiers>` parsing failed"
modelset/raw-data/repo-ecore-all/data/max-kramer/geko-model-weaver/examples/pcm/edu.kit.ipd.sdq.mdsd.geko.examples.pcm/metamodel/pcm_advice_pointcut.ecore,false,false,false,"parse: failed to parse modelset/raw-data/repo-ecore-all/data/max-kramer/geko-model-weaver/examples/pcm/edu.kit.ipd.sdq.mdsd.geko.examples.pcm/metamodel/pcm_advice_pointcut.ecore: unsupported `eType` path `ecore:EClass http://www.eclipse.org/emf/2002/Ecore#//EObject` failed to parse structural features failed to parse class `Advice` line 11, column 98 current parser state: | `` | `  </eClassifiers>` parsing failed"
modelset/raw-data/repo-ecore-all/data/max-kramer/geko-model-weaver/examples/pcm/edu.kit.ipd.sdq.mdsd.geko.examples.pcm/metamodel/pcm_pointcut_pointcut.ecore,false,false,false,"parse: failed to parse modelset/raw-data/repo-ecore-all/data/max-kramer/geko-model-weaver/examples/pcm/edu.kit.ipd.sdq.mdsd.geko.examples.pcm/metamodel/pcm_pointcut_pointcut.ecore: unsupported `eType` path `ecore:EClass http://www.eclipse.org/emf/2002/Ecore#//EObject` failed to parse structural features failed to parse class `PointcutPointcut` line 11, column 98 current parser state: | `` | `  </eClassifiers>` parsing failed"
modelset/raw-data/repo-ecore-all/data/max-leuthaeuser/SCROLL/core/src/main/resources/crom_l1_composed.ecore,false,false,false,"parse: failed to parse modelset/raw-data/repo-ecore-all/data/max-leuthaeuser/SCROLL/core/src/main/resources/crom_l1_composed.ecore: unexpected package content line 179, column 1 current parser state: | `</ecore:EPackage>` parsing failed"
modelset/raw-data/repo-ecore-all/data/max-leuthaeuser/jmhmathexample/de.itemis.jmhmathexample/model/generated/MathDSL.ecore,false,false,false,"parse: failed to parse modelset/raw-data/repo-ecore-all/data/max-leuthaeuser/jmhmathexample/de.itemis.jmhmathexample/model/generated/MathDSL.ecore: unknown builtit class URL `http://www.eclipse.org/emf/2002/Ecore#//EBigDecimal` failed to parse structural features failed to parse class `NumberLiteral` line 35, column 144 current parser state: | `` | `  </eClassifiers>` parsing failed"
modelset/raw-data/repo-ecore-all/data/maxcruz/mde_crud_maker/GramaticaSQL/org.uniandes.xtext/model/generated/SQL.ecore,true,true,true,
modelset/raw-data/repo-ecore-all/data/mazagroup/tako/org.tako.mda.models/texo_models/Workflow.ecore,true,true,true,
modelset/raw-data/repo-ecore-all/data/mazagroup/tako/org.tako.mda.models/texo_models/accounting.ecore,false,false,false,"parse: failed to parse modelset/raw-data/repo-ecore-all/data/mazagroup/tako/org.tako.mda.models/texo_models/accounting.ecore: unknown builtit class URL `http://www.eclipse.org/emf/2003/XMLType#//String` failed to parse structural features failed to parse class `Account` line 11, column 82 current parser state: | `` | `      <eAnnotations source=""http:///org/eclipse/emf/ecore/util/ExtendedMetaData"">` parsing failed"
modelset/raw-data/repo-ecore-all/data/mazagroup/tako/org.tako.mda.models/texo_models/extlibrary.ecore,false,false,false,"parse: failed to parse modelset/raw-data/repo-ecore-all/data/mazagroup/tako/org.tako.mda.models/texo_models/extlibrary.ecore: unknown builtit class URL `http://www.eclipse.org/emf/2002/Ecore#//EFeatureMapEntry` failed to parse structural features failed to parse class `Library` line 47, column 90 current parser state: | `` | `      <eAnnotations source=""http:///org/eclipse/emf/ecore/util/ExtendedMetaData"">` parsing failed"
modelset/raw-data/repo-ecore-all/data/mazagroup/tako/org.tako.mda.models/texo_models/library.ecore,true,true,true,
modelset/raw-data/repo-ecore-all/data/mazagroup/tako/org.tako.mda.models/texo_models/schoollibrary.ecore,false,false,false,"parse: failed to parse modelset/raw-data/repo-ecore-all/data/mazagroup/tako/org.tako.mda.models/texo_models/schoollibrary.ecore: unsupported `eType` path `library.ecore#//Book` line 8, column 104 current parser state: | `` | `  <eClassifiers xsi:type=""ecore:EClass"" name=""SchoolLibrary"" eSuperTypes=""library.ecore#//Library"">` parsing failed"
modelset/raw-data/repo-ecore-all/data/mbarbero/emf-compare-tests/extlibrary/extlibrary.ecore,false,false,false,"parse: failed to parse modelset/raw-data/repo-ecore-all/data/mbarbero/emf-compare-tests/extlibrary/extlibrary.ecore: unexpected package attribute `xmi:id` expected one of `name` `nsURI` `nsPrefix` `xmi:version` `xmlns:xmi` `xmlns:xsi` `xmlns:ecore` line 2, column 209 current parser state: | `name=""extlibrary"" nsURI=""http:///org/eclipse/emf/examples/library/extlibrary.ecore/1.0.0"" nsPrefix=""extlib"">` | `  <eClassifiers xsi:type=""ecore:EClass"" xmi:id=""_146VgG60EeGkd4g88tZXfA"" name=""Book"" eSuperTypes=""_15LbQG60EeGkd4g88tZXfA _9M9ys29IEeGekPcBm25hwQ"">` parsing failed"
modelset/raw-data/repo-ecore-all/data/mbarbero/emfpath/plugins/org.eclipselabs.emfpath.test/resources/model/subPackages.ecore,false,false,false,"parse: failed to parse modelset/raw-data/repo-ecore-all/data/mbarbero/emfpath/plugins/org.eclipselabs.emfpath.test/resources/model/subPackages.ecore: unexpected package content line 8, column 3 current parser state: | `<eSubpackages name=""b"" nsURI=""http://b"" nsPrefix=""b"">` | `    <eClassifiers xsi:type=""ecore:EClass"" name=""cb1""/>` parsing failed"
modelset/raw-data/repo-ecore-all/data/mbats/mindstorms/plugins/fr.obeo.dsl.mindstorms/model/mindstorms.ecore,true,true,true,
modelset/raw-data/repo-ecore-all/data/mbats/minidrone/plugins/fr.obeo.dsl.minidrone/model/minidrone.ecore,true,true,true,
modelset/raw-data/repo-ecore-all/data/mcdeck/visualrest/docs/Metamodel/src/RestBehavior.ecore,false,false,false,"parse: failed to parse modelset/raw-data/repo-ecore-all/data/mcdeck/visualrest/docs/Metamodel/src/RestBehavior.ecore: expected tag `source` failed to parse package annotation line 5, column 16 current parser state: | `references=""#//Creator"">` | `		<details key=""description""` parsing failed"
modelset/raw-data/repo-ecore-all/data/mcdeck/visualrest/src/de.van_porten.vrest.core/model/RestBehavior.ecore,false,false,false,"parse: failed to parse modelset/raw-data/repo-ecore-all/data/mcdeck/visualrest/src/de.van_porten.vrest.core/model/RestBehavior.ecore: expected tag `source` failed to parse package annotation line 6, column 17 current parser state: | `references=""#//Creator"">` | `    <details key=""description"" value=""defines the behavior of the creation of new resource""/>` parsing failed"
modelset/raw-data/repo-ecore-all/data/mcolburn/alwb-source/net.ages.workbench.templates.dsl/src-gen/net/ages/workbench/templates/dsl/Atem.ecore,false,false,false,"parse: failed to parse modelset/raw-data/repo-ecore-all/data/mcolburn/alwb-source/net.ages.workbench.templates.dsl/src-gen/net/ages/workbench/templates/dsl/Atem.ecore: unsupported `eType` path `ecore:EClass ../../../../../../../net.ages.workbench.resources.dsl/src-gen/net/ages/workbench/resources/dsl/Ares.ecore#//Definition` failed to parse structural features failed to parse class `ResourceText` line 112, column 222 current parser state: | `` | `    <eStructuralFeatures xsi:type=""ecore:EAttribute"" name=""dsl_ResourceText_Media_Off""` parsing failed"
modelset/raw-data/repo-ecore-all/data/md2manoppello/evoEmig/OldManualSample/it.univaq.disim.mde.acceleo-bnr-coevolution/models/evoWebapp.ecore,true,true,true,
modelset/raw-data/repo-ecore-all/data/md2manoppello/evoEmig/util/it.univaq.coevolution.emig2ETLEPL.util/metamodel/EcoreDiff.ecore,false,false,false,"parse: failed to parse modelset/raw-data/repo-ecore-all/data/md2manoppello/evoEmig/util/it.univaq.coevolution.emig2ETLEPL.util/metamodel/EcoreDiff.ecore: unsupported `eType` path `ecore:EClass http://www.eclipse.org/emf/2002/Ecore#//EObject` failed to parse structural features failed to parse class `ETypedElement` line 212, column 43 current parser state: | `` | `      <eAnnotations source=""http://www.eclipse.org/emf/2002/GenModel"">` parsing failed"
modelset/raw-data/repo-ecore-all/data/md2manoppello/evoEmig/util/it.univaq.coevolution.emig2ETLEPL.util/metamodel/mtl.ecore,false,false,false,"parse: failed to parse modelset/raw-data/repo-ecore-all/data/md2manoppello/evoEmig/util/it.univaq.coevolution.emig2ETLEPL.util/metamodel/mtl.ecore: unknown builtit class URL `platform:/plugin/org.eclipse.emf.ecore/model/Ecore.ecore#//EInt` failed to parse structural features failed to parse class `Module` line 14, column 98 current parser state: | `` | `    <eStructuralFeatures xsi:type=""ecore:EAttribute"" name=""endHeaderPosition"" lowerBound=""1""` parsing failed"
modelset/raw-data/repo-ecore-all/data/mdc-suite/mdc/eclipse/plugins/it.mdc.model/model/dpm.ecore,false,false,false,"parse: failed to parse modelset/raw-data/repo-ecore-all/data/mdc-suite/mdc/eclipse/plugins/it.mdc.model/model/dpm.ecore: Missing attribute `eType` in structural feature `mappings` failed to parse structural features failed to parse class `DfgVertex` line 11, column 87 current parser state: | `` | `      <eGenericType eClassifier=""ecore:EDataType http://www.eclipse.org/emf/2002/Ecore#//EMap"">` parsing failed"
modelset/raw-data/repo-ecore-all/data/mde-book/cellularautomata/domain/org.kermeta.language.sample.cellularautomata.rules.core.model/metamodel/coreWithIsBoolean/rules_core.ecore,true,true,true,
modelset/raw-data/repo-ecore-all/data/mde-book/logo/domain/example.logo.model/model/ASMLogo.ecore,true,true,true,
modelset/raw-data/repo-ecore-all/data/mde-optimiser/comma-18-mapg/results/experiment-180408-114743-c2-argumentation-framework-argmatsat-PF-Tree-102-args-Audience-100-Members-PAF-size-27-args.mopt-matching-henshin/batch-8/mutation-operators/argumentation.ecore,false,false,false,"parse: failed to parse modelset/raw-data/repo-ecore-all/data/mde-optimiser/comma-18-mapg/results/experiment-180408-114743-c2-argumentation-framework-argmatsat-PF-Tree-102-args-Audience-100-Members-PAF-size-27-args.mopt-matching-henshin/batch-8/mutation-operators/argumentation.ecore: unsupported `eType` path `ecore:EClass argumentation.ecore#//PersuadeeArgumentationFramework` failed to parse structural features failed to parse class `ArgumentationFramework` line 8, column 29 current parser state: | `` | `    <eStructuralFeatures xsi:type=""ecore:EReference"" name=""hasPersuader"" lowerBound=""1""` parsing failed"
modelset/raw-data/repo-ecore-all/data/mde-optimiser/mde_optimiser/src/rulegen/uk.ac.kcl.mdeoptimise.rulegen.tests/src/resources/rulegen.ecore,true,true,true,
modelset/raw-data/repo-ecore-all/data/mde-subtyping/web/subtyping.sm.atl/extended/binding0_reuse_mm.ecore,true,true,true,
modelset/raw-data/repo-ecore-all/data/mde-subtyping/web/subtyping.sm.atl/models/smObservation.ecore,true,true,true,
modelset/raw-data/repo-ecore-all/data/mde-subtyping/web/subtyping.sm.atl.simulation/models/graph.ecore,true,false,false,"generate: [INFO  arachne] Starting code generation [INFO  arachne_codegen] Validating configuration [INFO  arachne_codegen] Parsing ecore metamodel: ""modelset/raw-data/repo-ecore-all/data/mde-subtyping/web/subtyping.sm.atl.simulation/models/graph.ecore"" [WARN  ecore_rs::parser::raw] `eOpposite` attributes are currently not supported, ignoring [WARN  ecore_rs::parser::raw] `eOpposite` attributes are currently not supported, ignoring [WARN  ecore_rs::parser::raw] `eOpposite` attributes are currently not supported, ignoring [WARN  ecore_rs::parser::raw] `eOpposite` attributes are currently not supported, ignoring [WARN  ecore_rs::parser::raw] `eOpposite` attributes are currently not supported, ignoring [WARN  ecore_rs::parser::raw] `eOpposite` attributes are currently not supported, ignoring [WARN  ecore_rs::parser::raw] `eOpposite` attributes are currently not supported, ignoring [WARN  ecore_rs::parser::raw] `eOpposite` attributes are currently not supported, ignoring [INFO  arachne_codegen] Generating Rust tokens [INFO  arachne_codegen] Generating classifiers...  thread 'main' (495943) panicked at arachne-codegen/src/codegen/feature/attribute.rs:65:37: Failed to parse type: String note: run with `RUST_BACKTRACE=1` environment variable to display a backtrace"
modelset/raw-data/repo-ecore-all/data/mde-subtyping/web/subtyping.tests/src/test/resources/sle17/sm/evolution/smEvent.ecore,true,true,true,
modelset/raw-data/repo-ecore-all/data/mde-subtyping/web/subtyping.tests/src/test/resources/sle17/sm/evolution/smObservation_prunned.ecore,true,true,true,
modelset/raw-data/repo-ecore-all/data/mde-subtyping/web/subtyping.tests/src/test/resources/sle17/sm/example/graph.ecore,true,false,false,"generate: [INFO  arachne] Starting code generation [INFO  arachne_codegen] Validating configuration [INFO  arachne_codegen] Parsing ecore metamodel: ""modelset/raw-data/repo-ecore-all/data/mde-subtyping/web/subtyping.tests/src/test/resources/sle17/sm/example/graph.ecore"" [INFO  arachne_codegen] Generating Rust tokens [INFO  arachne_codegen] Generating classifiers...  thread 'main' (496288) panicked at arachne-codegen/src/codegen/feature/attribute.rs:65:37: Failed to parse type: String note: run with `RUST_BACKTRACE=1` environment variable to display a backtrace"
modelset/raw-data/repo-ecore-all/data/mde-subtyping/web/subtyping.tests/src/test/resources/sle17/sm/example/sm.ecore,true,true,true,
modelset/raw-data/repo-ecore-all/data/mde-subtyping/web/subtyping.tests/src/test/resources/sle17/sm/simulation/binding0_reuse_mm.ecore,true,false,false,"generate: [INFO  arachne] Starting code generation [INFO  arachne_codegen] Validating configuration [INFO  arachne_codegen] Parsing ecore metamodel: ""modelset/raw-data/repo-ecore-all/data/mde-subtyping/web/subtyping.tests/src/test/resources/sle17/sm/simulation/binding0_reuse_mm.ecore"" [WARN  ecore_rs::parser::raw] `eOpposite` attributes are currently not supported, ignoring [WARN  ecore_rs::parser::raw] `eOpposite` attributes are currently not supported, ignoring [WARN  ecore_rs::parser::raw] `eOpposite` attributes are currently not supported, ignoring [WARN  ecore_rs::parser::raw] `eOpposite` attributes are currently not supported, ignoring [WARN  ecore_rs::parser::raw] `eOpposite` attributes are currently not supported, ignoring [WARN  ecore_rs::parser::raw] `eOpposite` attributes are currently not supported, ignoring [WARN  ecore_rs::parser::raw] `eOpposite` attributes are currently not supported, ignoring [WARN  ecore_rs::parser::raw] `eOpposite` attributes are currently not supported, ignoring [INFO  arachne_codegen] Generating Rust tokens [INFO  arachne_codegen] Generating classifiers...  thread 'main' (496507) panicked at arachne-codegen/src/codegen/feature/attribute.rs:65:37: Failed to parse type: String note: run with `RUST_BACKTRACE=1` environment variable to display a backtrace"
modelset/raw-data/repo-ecore-all/data/mde-subtyping/web/subtyping.tests/src/test/resources/sle17/sm/simulation/sm.ecore,true,true,true,
modelset/raw-data/repo-ecore-all/data/mde-subtyping/web/subtyping.tests/src/test/resources/sle17/sm/subtyping/sm1.ecore,true,false,false,"generate: [INFO  arachne] Starting code generation [INFO  arachne_codegen] Validating configuration [INFO  arachne_codegen] Parsing ecore metamodel: ""modelset/raw-data/repo-ecore-all/data/mde-subtyping/web/subtyping.tests/src/test/resources/sle17/sm/subtyping/sm1.ecore"" [WARN  ecore_rs::parser::raw] `eOpposite` attributes are currently not supported, ignoring [WARN  ecore_rs::parser::raw] `eOpposite` attributes are currently not supported, ignoring [WARN  ecore_rs::parser::raw] `eOpposite` attributes are currently not supported, ignoring [WARN  ecore_rs::parser::raw] `eOpposite` attributes are currently not supported, ignoring [WARN  ecore_rs::parser::raw] `eOpposite` attributes are currently not supported, ignoring [WARN  ecore_rs::parser::raw] `eOpposite` attributes are currently not supported, ignoring [INFO  arachne_codegen] Generating Rust tokens [INFO  arachne_codegen] Generating classifiers...  thread 'main' (496694) panicked at arachne-codegen/src/codegen/feature/attribute.rs:65:37: Failed to parse type: String note: run with `RUST_BACKTRACE=1` environment variable to display a backtrace"
modelset/raw-data/repo-ecore-all/data/mde-subtyping/web/subtyping.tests/src/test/resources/sle17/sm/subtyping/sm2.ecore,true,false,false,"generate: [INFO  arachne] Starting code generation [INFO  arachne_codegen] Validating configuration [INFO  arachne_codegen] Parsing ecore metamodel: ""modelset/raw-data/repo-ecore-all/data/mde-subtyping/web/subtyping.tests/src/test/resources/sle17/sm/subtyping/sm2.ecore"" [WARN  ecore_rs::parser::raw] `eOpposite` attributes are currently not supported, ignoring [WARN  ecore_rs::parser::raw] `eOpposite` attributes are currently not supported, ignoring [WARN  ecore_rs::parser::raw] `eOpposite` attributes are currently not supported, ignoring [WARN  ecore_rs::parser::raw] `eOpposite` attributes are currently not supported, ignoring [WARN  ecore_rs::parser::raw] `eOpposite` attributes are currently not supported, ignoring [WARN  ecore_rs::parser::raw] `eOpposite` attributes are currently not supported, ignoring [INFO  arachne_codegen] Generating Rust tokens [INFO  arachne_codegen] Generating classifiers...  thread 'main' (496700) panicked at arachne-codegen/src/codegen/feature/attribute.rs:65:37: Failed to parse type: String note: run with `RUST_BACKTRACE=1` environment variable to display a backtrace"
modelset/raw-data/repo-ecore-all/data/mde-subtyping/web/subtyping.tests/src/test/resources/sle17/sm/subtyping/sm3.ecore,true,false,false,"generate: [INFO  arachne] Starting code generation [INFO  arachne_codegen] Validating configuration [INFO  arachne_codegen] Parsing ecore metamodel: ""modelset/raw-data/repo-ecore-all/data/mde-subtyping/web/subtyping.tests/src/test/resources/sle17/sm/subtyping/sm3.ecore"" [WARN  ecore_rs::parser::raw] `eOpposite` attributes are currently not supported, ignoring [WARN  ecore_rs::parser::raw] `eOpposite` attributes are currently not supported, ignoring [WARN  ecore_rs::parser::raw] `eOpposite` attributes are currently not supported, ignoring [WARN  ecore_rs::parser::raw] `eOpposite` attributes are currently not supported, ignoring [WARN  ecore_rs::parser::raw] `eOpposite` attributes are currently not supported, ignoring [WARN  ecore_rs::parser::raw] `eOpposite` attributes are currently not supported, ignoring [INFO  arachne_codegen] Generating Rust tokens [INFO  arachne_codegen] Generating classifiers...  thread 'main' (496706) panicked at arachne-codegen/src/codegen/feature/attribute.rs:65:37: Failed to parse type: String note: run with `RUST_BACKTRACE=1` environment variable to display a backtrace"
modelset/raw-data/repo-ecore-all/data/mde-subtyping/web/subtyping.tests/src/test/resources/sle17/sm/subtyping/sm4.ecore,true,false,false,"generate: [INFO  arachne] Starting code generation [INFO  arachne_codegen] Validating configuration [INFO  arachne_codegen] Parsing ecore metamodel: ""modelset/raw-data/repo-ecore-all/data/mde-subtyping/web/subtyping.tests/src/test/resources/sle17/sm/subtyping/sm4.ecore"" [WARN  ecore_rs::parser::raw] `eOpposite` attributes are currently not supported, ignoring [WARN  ecore_rs::parser::raw] `eOpposite` attributes are currently not supported, ignoring [WARN  ecore_rs::parser::raw] `eOpposite` attributes are currently not supported, ignoring [WARN  ecore_rs::parser::raw] `eOpposite` attributes are currently not supported, ignoring [WARN  ecore_rs::parser::raw] `eOpposite` attributes are currently not supported, ignoring [WARN  ecore_rs::parser::raw] `eOpposite` attributes are currently not supported, ignoring [INFO  arachne_codegen] Generating Rust tokens [INFO  arachne_codegen] Generating classifiers...  thread 'main' (496712) panicked at arachne-codegen/src/codegen/feature/attribute.rs:65:37: Failed to parse type: String note: run with `RUST_BACKTRACE=1` environment variable to display a backtrace"
modelset/raw-data/repo-ecore-all/data/mde-subtyping/web/subtyping.tests/src/test/resources/sle17/sm/subtyping/sm5.ecore,true,false,false,"generate: [INFO  arachne] Starting code generation [INFO  arachne_codegen] Validating configuration [INFO  arachne_codegen] Parsing ecore metamodel: ""modelset/raw-data/repo-ecore-all/data/mde-subtyping/web/subtyping.tests/src/test/resources/sle17/sm/subtyping/sm5.ecore"" [WARN  ecore_rs::parser::raw] `eOpposite` attributes are currently not supported, ignoring [WARN  ecore_rs::parser::raw] `eOpposite` attributes are currently not supported, ignoring [WARN  ecore_rs::parser::raw] `eOpposite` attributes are currently not supported, ignoring [WARN  ecore_rs::parser::raw] `eOpposite` attributes are currently not supported, ignoring [WARN  ecore_rs::parser::raw] `eOpposite` attributes are currently not supported, ignoring [WARN  ecore_rs::parser::raw] `eOpposite` attributes are currently not supported, ignoring [INFO  arachne_codegen] Generating Rust tokens [INFO  arachne_codegen] Generating classifiers...  thread 'main' (496718) panicked at arachne-codegen/src/codegen/feature/attribute.rs:65:37: Failed to parse type: String note: run with `RUST_BACKTRACE=1` environment variable to display a backtrace"
modelset/raw-data/repo-ecore-all/data/mdsd-team-1/photos-metamodeling/Photos-EMF-Project/PhotosMetaModel.ecore,false,false,false,"parse: failed to parse modelset/raw-data/repo-ecore-all/data/mdsd-team-1/photos-metamodeling/Photos-EMF-Project/PhotosMetaModel.ecore: unknown builtit class URL `http://www.eclipse.org/emf/2002/Ecore#//EBooleanObject` failed to parse structural features failed to parse class `ReactDOM` line 356, column 149 current parser state: | `` | `    <eStructuralFeatures xsi:type=""ecore:EAttribute"" name=""isConstant"" eType=""ecore:EDataType http://www.eclipse.org/emf/2002/Ecore#//EBooleanObject""/>` parsing failed"
modelset/raw-data/repo-ecore-all/data/mdsd-team-1/photos-xtend/Grammar/photos-dsl/co.unal.mdd.photos.dsl/model/generated/SoftGalleryLanguage.ecore,false,false,false,"parse: failed to parse modelset/raw-data/repo-ecore-all/data/mdsd-team-1/photos-xtend/Grammar/photos-dsl/co.unal.mdd.photos.dsl/model/generated/SoftGalleryLanguage.ecore: unsupported `eType` path `ecore:EClass http://www.eclipse.org/emf/2002/Ecore#//EObject` failed to parse structural features failed to parse class `Model` line 7, column 98 current parser state: | `` | `  </eClassifiers>` parsing failed"
modelset/raw-data/repo-ecore-all/data/mdsd-team-1/photos-xtext/org.xtext.example.mydsl/model/generated/MyDsl.ecore,false,false,false,"parse: failed to parse modelset/raw-data/repo-ecore-all/data/mdsd-team-1/photos-xtext/org.xtext.example.mydsl/model/generated/MyDsl.ecore: unsupported `eType` path `ecore:EClass http://www.eclipse.org/emf/2002/Ecore#//EObject` failed to parse structural features failed to parse class `Model` line 6, column 98 current parser state: | `` | `  </eClassifiers>` parsing failed"
modelset/raw-data/repo-ecore-all/data/mduthey/Tesis_Duthey_Spina/Proyecto ATL/thesis_final/haxe.ecore,false,false,false,"parse: failed to parse modelset/raw-data/repo-ecore-all/data/mduthey/Tesis_Duthey_Spina/Proyecto ATL/thesis_final/haxe.ecore: expected tag `source` failed to parse class annotation failed to parse class `HaxeModel` line 18, column 18 current parser state: | `/>` | `    <eAnnotations source=""http://www.eclipse.org/emf/2002/Ecore"">` parsing failed"
modelset/raw-data/repo-ecore-all/data/mduthey/Tesis_Duthey_Spina/Proyecto Migracion-UI/IngInversaC-UI/src/atl/metamodels/cpp.ecore,false,false,false,"parse: failed to parse modelset/raw-data/repo-ecore-all/data/mduthey/Tesis_Duthey_Spina/Proyecto Migracion-UI/IngInversaC-UI/src/atl/metamodels/cpp.ecore: expected tag `source` failed to parse class annotation failed to parse class `CppTypeParameter` line 92, column 18 current parser state: | `/>` | `    <eStructuralFeatures xsi:type=""ecore:EReference"" name=""bounds"" upperBound=""-1""` parsing failed"
modelset/raw-data/repo-ecore-all/data/megamart2/org.eclipse.papyrus-moka/bundles/core/tools/visualization/org.eclipse.papyrus.moka.xygraph.model/model/XYGraph.ecore,false,false,false,"parse: failed to parse modelset/raw-data/repo-ecore-all/data/megamart2/org.eclipse.papyrus-moka/bundles/core/tools/visualization/org.eclipse.papyrus.moka.xygraph.model/model/XYGraph.ecore: unsupported `eType` path `ecore:EClass http://www.eclipse.org/emf/2002/Ecore#//EObject` failed to parse structural features failed to parse class `XYGraphDescriptor` line 27, column 79 current parser state: | `` | `    <eStructuralFeatures xsi:type=""ecore:EReference"" name=""dataSource"" eType=""ecore:EClass http://www.eclipse.org/emf/2002/Ecore#//EObject""/>` parsing failed"
modelset/raw-data/repo-ecore-all/data/mehrabi96/Groove-RL/resources/Ecore.ecore,false,false,false,"parse: failed to parse modelset/raw-data/repo-ecore-all/data/mehrabi96/Groove-RL/resources/Ecore.ecore: Missing attribute `eType` in structural feature `instanceClass` failed to parse structural features failed to parse class `EClassifier` line 110, column 80 current parser state: | `` | `      <eGenericType eClassifier=""#//EJavaClass"">` parsing failed"
modelset/raw-data/repo-ecore-all/data/meltzow/OpenRTS-EntityEditor/org.openrts.entitydsl/model/generated/Dsl.ecore,true,true,true,
modelset/raw-data/repo-ecore-all/data/menard-noe/Language-Behavioral-Semantics/gemoc/polytech.project.SmartHome/model/SmartHome.ecore,false,false,false,"parse: failed to parse modelset/raw-data/repo-ecore-all/data/menard-noe/Language-Behavioral-Semantics/gemoc/polytech.project.SmartHome/model/SmartHome.ecore: unknown builtit class URL `http://www.eclipse.org/emf/2003/XMLType#//AnySimpleType` failed to parse class operation failed to parse class `Activator` line 33, column 115 current parser state: | `` | `  </eClassifiers>` parsing failed"
modelset/raw-data/repo-ecore-all/data/merlin-pl/merlin/examples/Automata/Automata.ecore,false,false,false,"parse: failed to parse modelset/raw-data/repo-ecore-all/data/merlin-pl/merlin/examples/Automata/Automata.ecore: unexpected `eClassifiers` attribute `serializable` line 61, column 82 current parser state: | `>` | `    <eLiterals name=""Finite""/>` parsing failed"
modelset/raw-data/repo-ecore-all/data/merlin-pl/merlin/examples/DDBBSchema/RelationalDDBB.ecore,true,true,true,
modelset/raw-data/repo-ecore-all/data/merlin-pl/merlin/examples/GraphAlgorithms/Graphs.ecore,true,false,false,"generate: [INFO  arachne] Starting code generation [INFO  arachne_codegen] Validating configuration [INFO  arachne_codegen] Parsing ecore metamodel: ""modelset/raw-data/repo-ecore-all/data/merlin-pl/merlin/examples/GraphAlgorithms/Graphs.ecore"" [INFO  arachne_codegen] Generating Rust tokens [ERROR arachne] Error: Failed to find a root class in `graphs` package"
modelset/raw-data/repo-ecore-all/data/merlin-pl/merlin/examples/GraphAlgorithms/bindings/structure/GraphsConcept.ecore,true,true,true,
modelset/raw-data/repo-ecore-all/data/merlin-pl/merlin/examples/PetriNets/PetriNets.ecore,true,true,true,
modelset/raw-data/repo-ecore-all/data/merlin-pl/merlin/examples/PetriNets/bindings/PetriNetSim/PetriNetsSimulationConcept.ecore,false,false,false,"parse: failed to parse modelset/raw-data/repo-ecore-all/data/merlin-pl/merlin/examples/PetriNets/bindings/PetriNetSim/PetriNetsSimulationConcept.ecore: unsupported `eType` path `ecore:EClass ../structure/PetriNetsConcept.ecore#//Transition` failed to parse class operation failed to parse class `PetriNet` line 29, column 132 current parser state: | `` | `    </eOperations>` parsing failed"
modelset/raw-data/repo-ecore-all/data/merlin-pl/merlin/examples/PetriNets/bindings/structure/PetriNetsConcept.ecore,true,true,true,
modelset/raw-data/repo-ecore-all/data/merlin-pl/merlin/examples/PetriNets2/PetriNets.ecore,true,true,true,
modelset/raw-data/repo-ecore-all/data/merlin-pl/merlin/examples/PetriNets3/PetriNets.ecore,true,true,true,
modelset/raw-data/repo-ecore-all/data/merlin-pl/merlin/examples/PetriNets3/bindings/structure/PetriNetsConcept.ecore,true,true,true,
modelset/raw-data/repo-ecore-all/data/merlin-pl/merlin/examples/PetriNets4/PetriNets.ecore,true,true,true,
modelset/raw-data/repo-ecore-all/data/merlin-pl/merlin/examples/PetriNets5/PetriNets.ecore,true,true,true,
modelset/raw-data/repo-ecore-all/data/merlin-pl/merlin/examples/PetriNets5/bindings/PetriNetSim/PetriNetsSimulationConcept.ecore,false,false,false,"parse: failed to parse modelset/raw-data/repo-ecore-all/data/merlin-pl/merlin/examples/PetriNets5/bindings/PetriNetSim/PetriNetsSimulationConcept.ecore: unsupported `eType` path `ecore:EClass ../structure/PetriNetsConcept.ecore#//Transition` failed to parse class operation failed to parse class `PetriNet` line 28, column 132 current parser state: | `` | `    </eOperations>` parsing failed"
modelset/raw-data/repo-ecore-all/data/merlin-pl/merlin/examples/PetriNets5/bindings/structure/PetriNetsConcept.ecore,true,true,true,
modelset/raw-data/repo-ecore-all/data/merlin-pl/merlin/examples/ProcessModelling/bindings/structure/ProcessModellingConcept.ecore,false,false,false,"parse: failed to parse modelset/raw-data/repo-ecore-all/data/merlin-pl/merlin/examples/ProcessModelling/bindings/structure/ProcessModellingConcept.ecore: unknown builtit class URL `http://www.eclipse.org/emf/2002/Ecore#//EBooleanObject` failed to parse class operation failed to parse class `ProcessModel` line 10, column 122 current parser state: | `` | `    <eOperations name=""nodes"" ordered=""false"" upperBound=""-1"" eType=""#//Node"">` parsing failed"
modelset/raw-data/repo-ecore-all/data/merlin-pl/merlin/examples/StateMachines/StateMachinePL.ecore,false,false,false,"parse: failed to parse modelset/raw-data/repo-ecore-all/data/merlin-pl/merlin/examples/StateMachines/StateMachinePL.ecore: unknown builtit class URL `http://www.eclipse.org/emf/2002/Ecore#//EBigDecimal` failed to parse structural features failed to parse class `State` line 17, column 142 current parser state: | `` | `      <eAnnotations source=""presence"">` parsing failed"
modelset/raw-data/repo-ecore-all/data/merlin-pl/merlin/examples/StateMachines/bindings/stateMachineTraverser/StateMachineTraverserConcept.ecore,false,false,false,"parse: failed to parse modelset/raw-data/repo-ecore-all/data/merlin-pl/merlin/examples/StateMachines/bindings/stateMachineTraverser/StateMachineTraverserConcept.ecore: unsupported `eType` path `../structure/StateMachinePLConcept.ecore#//FSM` line 27, column 18 current parser state: | `` | `  <eClassifiers xsi:type=""ecore:EClass"" name=""State"" eSuperTypes=""../structure/StateMachinePLConcept.ecore#//State"">` parsing failed"
modelset/raw-data/repo-ecore-all/data/merlin-pl/merlin/examples/StateMachines/bindings/structure/StateMachinePLConcept.ecore,true,true,true,
modelset/raw-data/repo-ecore-all/data/metamorph-inc/meta-core/meta/DesignDataPackage/EMF_Metamodel/model/AVM.ecore,false,false,false,"parse: failed to parse modelset/raw-data/repo-ecore-all/data/metamorph-inc/meta-core/meta/DesignDataPackage/EMF_Metamodel/model/AVM.ecore: unknown builtit class URL `platform:/plugin/org.eclipse.emf.ecore/model/XMLType.ecore#//String` failed to parse structural features failed to parse class `Component` line 8, column 159 current parser state: | `` | `    <eStructuralFeatures xsi:type=""ecore:EReference"" name=""DomainModel"" ordered=""false""` parsing failed"
modelset/raw-data/repo-ecore-all/data/metamorph-inc/metamorphosys-desktop/metamorphosys/META/meta/DesignDataPackage/EMF_Metamodel/model/AVM.ecore,false,false,false,"parse: failed to parse modelset/raw-data/repo-ecore-all/data/metamorph-inc/metamorphosys-desktop/metamorphosys/META/meta/DesignDataPackage/EMF_Metamodel/model/AVM.ecore: unknown builtit class URL `platform:/plugin/org.eclipse.emf.ecore/model/XMLType.ecore#//String` failed to parse structural features failed to parse class `Component` line 8, column 159 current parser state: | `` | `    <eStructuralFeatures xsi:type=""ecore:EReference"" name=""DomainModel"" ordered=""false""` parsing failed"
modelset/raw-data/repo-ecore-all/data/metamorph-inc/openmeta-mms/meta/DesignDataPackage/EMF_Metamodel/model/AVM.ecore,false,false,false,"parse: failed to parse modelset/raw-data/repo-ecore-all/data/metamorph-inc/openmeta-mms/meta/DesignDataPackage/EMF_Metamodel/model/AVM.ecore: unknown builtit class URL `platform:/plugin/org.eclipse.emf.ecore/model/XMLType.ecore#//String` failed to parse structural features failed to parse class `Component` line 8, column 159 current parser state: | `` | `    <eStructuralFeatures xsi:type=""ecore:EReference"" name=""DomainModel"" ordered=""false""` parsing failed"
modelset/raw-data/repo-ecore-all/data/metamorph-inc/openmeta-mms/meta/DesignDataPackage/EMF_Metamodel/model/XMLType.ecore,false,false,false,"parse: failed to parse modelset/raw-data/repo-ecore-all/data/metamorph-inc/openmeta-mms/meta/DesignDataPackage/EMF_Metamodel/model/XMLType.ecore: unknown builtit class URL `http://www.eclipse.org/emf/2002/Ecore#//EFeatureMapEntry` failed to parse structural features failed to parse class `AnyType` line 15, column 90 current parser state: | `` | `      <eAnnotations source=""http:///org/eclipse/emf/ecore/util/ExtendedMetaData"">` parsing failed"
modelset/raw-data/repo-ecore-all/data/metropolik/NMF/Transformations/Tests/CodeGenerationTests/Class.ecore,false,false,false,"parse: failed to parse modelset/raw-data/repo-ecore-all/data/metropolik/NMF/Transformations/Tests/CodeGenerationTests/Class.ecore: unexpected content at package level line 2, column 1 current parser state: | `<xmi:XMI xmi:version=""2.0"" xmlns:xmi=""http://www.omg.org/XMI"" xmlns:xsi=""http://www.w3.org/2001/XMLSchema-instance""` | `    xmlns:ecore=""http://www.eclipse.org/emf/2002/Ecore"">` parsing failed"
modelset/raw-data/repo-ecore-all/data/metropolik/NMF/Transformations/Tests/CodeGenerationTests/railway.ecore,true,true,true,
modelset/raw-data/repo-ecore-all/data/mfuchs93/VCERepository/Graph/model/graph.ecore,true,true,true,
modelset/raw-data/repo-ecore-all/data/mguidi/SOA-Code-Factory/com.mguidi.soa/model/generated/SOA.ecore,true,true,true,
modelset/raw-data/repo-ecore-all/data/mhe504/DBLModeller/metamodels/smm.ecore,true,false,false,"generate: [INFO  arachne] Starting code generation [INFO  arachne_codegen] Validating configuration [INFO  arachne_codegen] Parsing ecore metamodel: ""modelset/raw-data/repo-ecore-all/data/mhe504/DBLModeller/metamodels/smm.ecore"" [WARN  ecore_rs::parser::raw] `eOpposite` attributes are currently not supported, ignoring [WARN  ecore_rs::parser::raw] `eOpposite` attributes are currently not supported, ignoring [WARN  ecore_rs::parser::raw] `eOpposite` attributes are currently not supported, ignoring [WARN  ecore_rs::parser::raw] `eOpposite` attributes are currently not supported, ignoring [WARN  ecore_rs::parser::raw] `eOpposite` attributes are currently not supported, ignoring [WARN  ecore_rs::parser::raw] `eOpposite` attributes are currently not supported, ignoring [WARN  ecore_rs::parser::raw] `eOpposite` attributes are currently not supported, ignoring [WARN  ecore_rs::parser::raw] `eOpposite` attributes are currently not supported, ignoring [WARN  ecore_rs::parser::raw] `eOpposite` attributes are currently not supported, ignoring [WARN  ecore_rs::parser::raw] `eOpposite` attributes are currently not supported, ignoring [WARN  ecore_rs::parser::raw] `eOpposite` attributes are currently not supported, ignoring [WARN  ecore_rs::parser::raw] `eOpposite` attributes are currently not supported, ignoring [WARN  ecore_rs::parser::raw] `eOpposite` attributes are currently not supported, ignoring [WARN  ecore_rs::parser::raw] `eOpposite` attributes are currently not supported, ignoring [WARN  ecore_rs::parser::raw] `eOpposite` attributes are currently not supported, ignoring [WARN  ecore_rs::parser::raw] `eOpposite` attributes are currently not supported, ignoring [WARN  ecore_rs::parser::raw] `eOpposite` attributes are currently not supported, ignoring [WARN  ecore_rs::parser::raw] `eOpposite` attributes are currently not supported, ignoring [WARN  ecore_rs::parser::raw] `eOpposite` attributes are currently not supported, ignoring [WARN  ecore_rs::parser::raw] `eOpposite` attributes are currently not supported, ignoring [WARN  ecore_rs::parser::raw] `eOpposite` attributes are currently not supported, ignoring [WARN  ecore_rs::parser::raw] `eOpposite` attributes are currently not supported, ignoring [WARN  ecore_rs::parser::raw] `eOpposite` attributes are currently not supported, ignoring [WARN  ecore_rs::parser::raw] `eOpposite` attributes are currently not supported, ignoring [WARN  ecore_rs::parser::raw] `eOpposite` attributes are currently not supported, ignoring [WARN  ecore_rs::parser::raw] `eOpposite` attributes are currently not supported, ignoring [WARN  ecore_rs::parser::raw] `eOpposite` attributes are currently not supported, ignoring [WARN  ecore_rs::parser::raw] `eOpposite` attributes are currently not supported, ignoring [WARN  ecore_rs::parser::raw] `eOpposite` attributes are currently not supported, ignoring [WARN  ecore_rs::parser::raw] `eOpposite` attributes are currently not supported, ignoring [WARN  ecore_rs::parser::raw] `eOpposite` attributes are currently not supported, ignoring [WARN  ecore_rs::parser::raw] `eOpposite` attributes are currently not supported, ignoring [WARN  ecore_rs::parser::raw] `eOpposite` attributes are currently not supported, ignoring [WARN  ecore_rs::parser::raw] `eOpposite` attributes are currently not supported, ignoring [WARN  ecore_rs::parser::raw] `eOpposite` attributes are currently not supported, ignoring [WARN  ecore_rs::parser::raw] `eOpposite` attributes are currently not supported, ignoring [WARN  ecore_rs::parser::raw] `eOpposite` attributes are currently not supported, ignoring [WARN  ecore_rs::parser::raw] `eOpposite` attributes are currently not supported, ignoring [WARN  ecore_rs::parser::raw] `eOpposite` attributes are currently not supported, ignoring [WARN  ecore_rs::parser::raw] `eOpposite` attributes are currently not supported, ignoring [WARN  ecore_rs::parser::raw] `eOpposite` attributes are currently not supported, ignoring [WARN  ecore_rs::pars [output truncated after 4000 chars]"
modelset/raw-data/repo-ecore-all/data/michaelgwarne/MDSD-Pet-Hotel/MDSD Pet Hotel/Class&Component/Classes.ecore,false,false,false,"parse: failed to parse modelset/raw-data/repo-ecore-all/data/michaelgwarne/MDSD-Pet-Hotel/MDSD Pet Hotel/Class&Component/Classes.ecore: unexpected package content line 4, column 3 current parser state: | `<eSubpackages name=""mdsdBilling"" nsURI=""http:///Classes/mdsdBilling.ecore"" nsPrefix=""Classes.mdsdBilling"">` | `    <eClassifiers xsi:type=""ecore:EClass"" name=""BillingController"" eSuperTypes=""#//mdsdBilling/StaffBilling #//mdsdBilling/BookingToBill #//mdsdBilling/CustomerBilling"">` parsing failed"
modelset/raw-data/repo-ecore-all/data/michalis-bachras/thesis_extensions/IoT_metamodel/model/ioT_metamodel.ecore,false,false,false,"parse: failed to parse modelset/raw-data/repo-ecore-all/data/michalis-bachras/thesis_extensions/IoT_metamodel/model/ioT_metamodel.ecore: unknown builtit class URL `http://www.eclipse.org/emf/2003/XMLType#//DateTime` failed to parse structural features failed to parse class `DataStreamAttributes` line 206, column 147 current parser state: | `` | `    <eStructuralFeatures xsi:type=""ecore:EAttribute"" name=""MaxBitrate"" eType=""ecore:EDataType http://www.eclipse.org/emf/2002/Ecore#//ELong""/>` parsing failed"
modelset/raw-data/repo-ecore-all/data/michelalbonico/Giraffe-Project/old-dsl/fr.mines_nantes.atlanmod.dsl.GiraffeDSL/model/generated/GiraffeDSL.ecore,true,true,true,
modelset/raw-data/repo-ecore-all/data/mickaelistria/EMF/tests/org.eclipse.emf.test.common/models/crossresourcecontainment.SimpleLib/SimpleLib.ecore,true,true,true,
modelset/raw-data/repo-ecore-all/data/mickaelistria/EMF/tests/org.eclipse.emf.test.databinding/model/EMFDB.ecore,true,true,true,
modelset/raw-data/repo-ecore-all/data/mickaelistria/EMF/tests/org.eclipse.emf.test.tools/data/ant.expected/models/1.4/creation/library.java/emf/library.ecore,true,false,false,"generate: [INFO  arachne] Starting code generation [INFO  arachne_codegen] Validating configuration [INFO  arachne_codegen] Parsing ecore metamodel: ""modelset/raw-data/repo-ecore-all/data/mickaelistria/EMF/tests/org.eclipse.emf.test.tools/data/ant.expected/models/1.4/creation/library.java/emf/library.ecore"" [WARN  ecore_rs::parser::raw] `eOpposite` attributes are currently not supported, ignoring [WARN  ecore_rs::parser::raw] XML-level class literal redefinition for `literal` from `2` to `Science Fiction` [WARN  ecore_rs::parser::raw] `eOpposite` attributes are currently not supported, ignoring [INFO  arachne_codegen] Generating Rust tokens [INFO  arachne_codegen] Generating classifiers...  thread 'main' (500321) panicked at arachne-codegen/src/codegen/feature/attribute.rs:65:37: Failed to parse type: Map note: run with `RUST_BACKTRACE=1` environment variable to display a backtrace"
modelset/raw-data/repo-ecore-all/data/mickaelistria/EMF/tests/org.eclipse.emf.test.tools/data/ant.expected/models/1.4/reload/library.ecore/emf/library.ecore,false,false,false,"parse: failed to parse modelset/raw-data/repo-ecore-all/data/mickaelistria/EMF/tests/org.eclipse.emf.test.tools/data/ant.expected/models/1.4/reload/library.ecore/emf/library.ecore: unsupported `eType` path `ecore:EClass hr.ecore#//Person` failed to parse structural features failed to parse class `Library` line 20, column 87 current parser state: | `` | `  </eClassifiers>` parsing failed"
modelset/raw-data/repo-ecore-all/data/mickaelistria/EMF/tests/org.eclipse.emf.test.tools/data/ant.expected/models/1.4_5.0/reload/library.xsds/emf/elements.ecore,false,false,false,"parse: failed to parse modelset/raw-data/repo-ecore-all/data/mickaelistria/EMF/tests/org.eclipse.emf.test.tools/data/ant.expected/models/1.4_5.0/reload/library.xsds/emf/elements.ecore: unknown builtit class URL `http://www.eclipse.org/emf/2003/XMLType#//String` failed to parse structural features failed to parse class `Book` line 9, column 155 current parser state: | `` | `      <eAnnotations source=""http:///org/eclipse/emf/ecore/util/ExtendedMetaData"">` parsing failed"
modelset/raw-data/repo-ecore-all/data/mickaelistria/org.eclipse.cbi.p2repo.aggregator/org.eclipse.cbi.p2repo.aggregator/model/Aggregator.ecore,false,false,false,"parse: failed to parse modelset/raw-data/repo-ecore-all/data/mickaelistria/org.eclipse.cbi.p2repo.aggregator/org.eclipse.cbi.p2repo.aggregator/model/Aggregator.ecore: unexpected structural feature attribute `eKeys` failed to parse structural features failed to parse class `Aggregation` line 16, column 83 current parser state: | `/>` | `    <eStructuralFeatures xsi:type=""ecore:EReference"" name=""configurations"" lowerBound=""1""` parsing failed"
modelset/raw-data/repo-ecore-all/data/mickaelistria/org.eclipse.cbi.p2repo.aggregator/org.eclipse.cbi.p2repo.aggregator.legacy/models/aggregator_0.9.0.ecore,false,false,false,"parse: failed to parse modelset/raw-data/repo-ecore-all/data/mickaelistria/org.eclipse.cbi.p2repo.aggregator/org.eclipse.cbi.p2repo.aggregator.legacy/models/aggregator_0.9.0.ecore: unexpected structural feature attribute `eKeys` failed to parse structural features failed to parse class `Aggregator` line 19, column 81 current parser state: | `/>` | `    <eStructuralFeatures xsi:type=""ecore:EReference"" name=""buildmaster"" eType=""#//Contact""` parsing failed"
modelset/raw-data/repo-ecore-all/data/mickaelistria/org.eclipse.cbi.p2repo.aggregator/org.eclipse.cbi.p2repo.aggregator.legacy/models/aggregator_1.0.0.ecore,false,false,false,"parse: failed to parse modelset/raw-data/repo-ecore-all/data/mickaelistria/org.eclipse.cbi.p2repo.aggregator/org.eclipse.cbi.p2repo.aggregator.legacy/models/aggregator_1.0.0.ecore: unexpected structural feature attribute `eKeys` failed to parse structural features failed to parse class `Aggregator` line 19, column 81 current parser state: | `/>` | `    <eStructuralFeatures xsi:type=""ecore:EReference"" name=""buildmaster"" eType=""#//Contact""` parsing failed"
modelset/raw-data/repo-ecore-all/data/mickaelistria/org.eclipse.cbi.p2repo.aggregator/org.eclipse.cbi.p2repo.aggregator.legacy/models/aggregator_1.1.0.ecore,false,false,false,"parse: failed to parse modelset/raw-data/repo-ecore-all/data/mickaelistria/org.eclipse.cbi.p2repo.aggregator/org.eclipse.cbi.p2repo.aggregator.legacy/models/aggregator_1.1.0.ecore: unexpected structural feature attribute `eKeys` failed to parse structural features failed to parse class `Aggregation` line 17, column 83 current parser state: | `/>` | `    <eStructuralFeatures xsi:type=""ecore:EReference"" name=""configurations"" lowerBound=""1""` parsing failed"
modelset/raw-data/repo-ecore-all/data/mickaelistria/org.eclipse.cbi.p2repo.aggregator/org.eclipse.cbi.p2repo.p2/model/p2.ecore,false,false,false,"parse: failed to parse modelset/raw-data/repo-ecore-all/data/mickaelistria/org.eclipse.cbi.p2repo.aggregator/org.eclipse.cbi.p2repo.p2/model/p2.ecore: unexpected class content failed to parse class `ArtifactRepository` line 15, column 5 current parser state: | `<eGenericSuperTypes eClassifier=""#//Repository"">` | `      <eTypeArguments eClassifier=""#//IArtifactKey""/>` parsing failed"
modelset/raw-data/repo-ecore-all/data/migdb/migdb/migdb.mm.rdb/models/mm-rdb.ecore,false,false,false,"parse: failed to parse modelset/raw-data/repo-ecore-all/data/migdb/migdb/migdb.mm.rdb/models/mm-rdb.ecore: unexpected package content line 6, column 3 current parser state: | `<eSubpackages name=""rdb"" nsURI=""http://www.collectionspro.eu/jam/mm/rdb"" nsPrefix=""rdb"">` | `    <eClassifiers xsi:type=""ecore:EClass"" name=""ModelRoot"" abstract=""true""/>` parsing failed"
modelset/raw-data/repo-ecore-all/data/mikevd92/atl2/ExtendedPetriNets2ClassicalPN/ExtendedPetriNets.ecore,true,true,true,
modelset/raw-data/repo-ecore-all/data/mikevd92/atl2/ExtendedPetriNets2ClassicalPN/PetriNets.ecore,true,true,true,
modelset/raw-data/repo-ecore-all/data/mikevd92/atl2/Homework1ATL/CDE.ecore,true,true,true,
modelset/raw-data/repo-ecore-all/data/mikevd92/atl2/Homework1ATL/CE.ecore,true,true,true,
modelset/raw-data/repo-ecore-all/data/mikevd92/atl2/SimpleClass2RDBMS/RDBMS.ecore,true,true,true,
modelset/raw-data/repo-ecore-all/data/mikevd92/atl2/SimpleClass2RDBMS/SimpleClass.ecore,true,true,true,
modelset/raw-data/repo-ecore-all/data/mikevd92/atl2/Task1/ATL Model Transformation/ExtendedPetriNets2ClassicalPN/ExtendedPetriNets.ecore,true,true,true,
modelset/raw-data/repo-ecore-all/data/mikevd92/atl2/Task1/ATL Model Transformation/ExtendedPetriNets2ClassicalPN/PetriNets.ecore,true,true,true,
modelset/raw-data/repo-ecore-all/data/mikevd92/atl2/Task1/GMF/ExtPetriNetsMM/model/ExtPetriNets.ecore,true,true,true,
modelset/raw-data/repo-ecore-all/data/mikevd92/atl2/Task2/ATL Model Transformation/ResourcePetriNet2ResourceModel/PetriNet.ecore,true,true,true,
modelset/raw-data/repo-ecore-all/data/mikevd92/atl2/Task2/GMF/ResourcePetriNetsMM/model/ResourcePetriNets.ecore,true,true,true,
modelset/raw-data/repo-ecore-all/data/mimm1/model-engineering/me_task2.2/metamodels/smvcml.ecore,true,true,true,
modelset/raw-data/repo-ecore-all/data/mimm1/model-engineering/me_task2.2/metamodels/swml.ecore,true,true,true,
modelset/raw-data/repo-ecore-all/data/mimm1/model-engineering/task 1/model/swml.ecore,true,true,true,
modelset/raw-data/repo-ecore-all/data/mimm1/model-engineering/task 3/src/metamodel/smvcml.ecore,true,true,true,
modelset/raw-data/repo-ecore-all/data/minghao217/GLS/eclipse-gls-workspace/fr.n7.petriNet/PetriNet.ecore,true,true,true,
modelset/raw-data/repo-ecore-all/data/minghao217/GLS/eclipse-gls-workspace/fr.n7.simplePDL/SimplePDL.ecore,true,true,true,
modelset/raw-data/repo-ecore-all/data/mjorod/textram/tool/ca.mcgill.sel.ram/model/RAM.ecore,false,false,false,"parse: failed to parse modelset/raw-data/repo-ecore-all/data/mjorod/textram/tool/ca.mcgill.sel.ram/model/RAM.ecore: unsupported `eType` path `ecore:EClass http://www.eclipse.org/emf/2002/Ecore#//EObject` failed to parse structural features failed to parse class `ContainerMap` line 477, column 150 current parser state: | `` | `    <eStructuralFeatures xsi:type=""ecore:EReference"" name=""value"" lowerBound=""1"" upperBound=""-1""` parsing failed"
modelset/raw-data/repo-ecore-all/data/mjtribble/EMF/esof422_homework4/question2/model/esof_homework4_q2.ecore,false,false,false,"parse: failed to parse modelset/raw-data/repo-ecore-all/data/mjtribble/EMF/esof422_homework4/question2/model/esof_homework4_q2.ecore: expected tag `""` parsing a value for xml attribute `defaultValueLiteral` failed to parse structural features failed to parse class `USAddress` line 32, column 34 current parser state: | `S”""/>` | `  </eClassifiers>` parsing failed"
modelset/raw-data/repo-ecore-all/data/mlanoe/x-vhdl/plugins/net.mlanoe.language.vhdl/model/vhdl.ecore,false,false,false,"parse: failed to parse modelset/raw-data/repo-ecore-all/data/mlanoe/x-vhdl/plugins/net.mlanoe.language.vhdl/model/vhdl.ecore: unexpected package content line 102, column 3 current parser state: | `<eSubpackages name=""statement"" nsURI=""http://mlanoe.net/language/vhdl/statement/1.0""` | `      nsPrefix=""statement"">` parsing failed"
modelset/raw-data/repo-ecore-all/data/mlopez8621/xtext/uniandes.mdd.example.petrinetnetworksystem-master/model/petrinet.ecore,true,true,true,
modelset/raw-data/repo-ecore-all/data/mmaheo/IMT-Reverse/tp.fil/bin/tp/fil/resources/Data.ecore,true,true,true,
modelset/raw-data/repo-ecore-all/data/mmgenius/GemocProject/StateMachine/model/stateMachine.ecore,true,true,true,
modelset/raw-data/repo-ecore-all/data/mmyumu/doc-doc/RCP/net.mmyumu.docdoc.model/model/Library.ecore,false,false,false,"parse: failed to parse modelset/raw-data/repo-ecore-all/data/mmyumu/doc-doc/RCP/net.mmyumu.docdoc.model/model/Library.ecore: unsupported `eType` path `ecore:EClass Cards.ecore#//Cards` failed to parse structural features failed to parse class `Library` line 7, column 51 current parser state: | `` | `  </eClassifiers>` parsing failed"
modelset/raw-data/repo-ecore-all/data/mn-mikke/Model-driven-Pretty-Printer-for-Xtext-Framework/Evaluation/Workspace/it.xtypes.generator/src/typesystem/extlibrary.ecore,false,false,false,"parse: failed to parse modelset/raw-data/repo-ecore-all/data/mn-mikke/Model-driven-Pretty-Printer-for-Xtext-Framework/Evaluation/Workspace/it.xtypes.generator/src/typesystem/extlibrary.ecore: unknown builtit class URL `http://www.eclipse.org/emf/2002/Ecore#//EFeatureMapEntry` failed to parse structural features failed to parse class `Library` line 47, column 90 current parser state: | `` | `      <eAnnotations source=""http:///org/eclipse/emf/ecore/util/ExtendedMetaData"">` parsing failed"
modelset/raw-data/repo-ecore-all/data/moarbaoui/Soft-Arch2/assignment2/Families2Persons/Families.ecore,true,true,true,
modelset/raw-data/repo-ecore-all/data/moarbaoui/Soft-Arch2/assignment2/Families2Persons/Persons.ecore,true,true,true,
modelset/raw-data/repo-ecore-all/data/mohddanish211/MasterThesis/org.xtext.Abs/model/generated/Abs.ecore,true,false,false,"generate: timeout after 120s: /arachne/target/debug/arachne generate modelset/raw-data/repo-ecore-all/data/mohddanish211/MasterThesis/org.xtext.Abs/model/generated/Abs.ecore -o /var/folders/24/3kt9vzrj6qzd_r760kn9ybsm0000gn/T/arachne-modelset-b3l8v7mw/generated-00571 -p modelset-00571-40477ff0 [INFO  arachne] Starting code generation [INFO  arachne_codegen] Validating configuration [INFO  arachne_codegen] Parsing ecore metamodel: ""modelset/raw-data/repo-ecore-all/data/mohddanish211/MasterThesis/org.xtext.Abs/model/generated/Abs.ecore"" [INFO  arachne_codegen] Generating Rust tokens"
modelset/raw-data/repo-ecore-all/data/mohrndorf/dfa-example/de.hu.berlin.dfa.model/model/dfamodel.ecore,true,true,true,
modelset/raw-data/repo-ecore-all/data/mohrndorf/henshin/plugins/org.eclipse.emf.henshin.tests/basic/models/checkDanglingModels/graphWithTwoReferences.ecore,true,true,true,
modelset/raw-data/repo-ecore-all/data/mohrndorf/henshin/plugins/org.eclipse.emf.henshin.tests/model/testmodel.ecore,true,true,true,
modelset/raw-data/repo-ecore-all/data/mohrndorf/henshin/plugins/org.eclipse.emf.henshin.text/model/generated/Henshin_text.ecore,false,false,false,"parse: failed to parse modelset/raw-data/repo-ecore-all/data/mohrndorf/henshin/plugins/org.eclipse.emf.henshin.text/model/generated/Henshin_text.ecore: unsupported `eType` path `ecore:EClass http://www.eclipse.org/emf/2002/Ecore#//EPackage` failed to parse structural features failed to parse class `EPackageImport` line 12, column 136 current parser state: | `` | `  </eClassifiers>` parsing failed"
modelset/raw-data/repo-ecore-all/data/mohrndorf/henshin/plugins/org.eclipse.emf.henshin.text.examples/sort/ecore.ecore,false,false,false,"parse: failed to parse modelset/raw-data/repo-ecore-all/data/mohrndorf/henshin/plugins/org.eclipse.emf.henshin.text.examples/sort/ecore.ecore: unsupported `eType` path `//EBoolean` failed to parse structural features failed to parse class `EAttribute` line 4, column 84 current parser state: | `` | `    <eStructuralFeatures xsi:type=""ecore:EReference"" name=""eAttributeType"" lowerBound=""1"" eType=""//EDataType"" changeable=""false"" volatile=""true"" transient=""true"" derived=""true""/>` parsing failed"
modelset/raw-data/repo-ecore-all/data/moliz/moliz/org.modelexecution.xmof.examples.petrinet2/model/petrinet2.ecore,true,true,true,
modelset/raw-data/repo-ecore-all/data/moliz/moliz.gemoc/examples/fsm/language_workbench/org.modelexecution.xmof.examples.fsm/model/fsm.ecore,false,false,false,"parse: failed to parse modelset/raw-data/repo-ecore-all/data/moliz/moliz.gemoc/examples/fsm/language_workbench/org.modelexecution.xmof.examples.fsm/model/fsm.ecore: Missing attribute `eType` in structural feature `name` failed to parse structural features failed to parse class `FSM` line 9, column 81 current parser state: | `` | `      <eType xsi:type=""ecore:EDataType"" href=""http://www.eclipse.org/emf/2002/Ecore#//EString""/>` parsing failed"
modelset/raw-data/repo-ecore-all/data/moliz/moliz.gemoc/examples/petrinet2/language_workbench/org.modelexecution.xmof.examples.petrinet2/model/petrinet2.ecore,true,true,true,
modelset/raw-data/repo-ecore-all/data/moliz/moliz.quantitytypes/plugins/model/org.modelexecution.quantitytypes.model/model/model.ecore,true,true,true,
modelset/raw-data/repo-ecore-all/data/moliz/moliz.quantitytypes/plugins/org.modelexecution.quantitytypes.oclinecore/Tutorial.ecore,false,false,false,"parse: failed to parse modelset/raw-data/repo-ecore-all/data/moliz/moliz.quantitytypes/plugins/org.modelexecution.quantitytypes.oclinecore/Tutorial.ecore: unknown builtit class URL `http://www.eclipse.org/emf/2002/Ecore#//EBigInteger` failed to parse class operation failed to parse class `Book` line 34, column 120 current parser state: | `` | `      <eAnnotations source=""http://www.eclipse.org/emf/2002/Ecore/OCL/Pivot"">` parsing failed"
modelset/raw-data/repo-ecore-all/data/moliz/moliz.xmof/plugins/semanticdiff/org.modelexecution.xmof.diff.test/model/ad/activitydiagram.ecore,true,true,true,
modelset/raw-data/repo-ecore-all/data/monardo12/NewsletterProject/Metamodels/MetamodeloHTML/metamodel/HTML.ecore,true,true,true,
modelset/raw-data/repo-ecore-all/data/mondo-project/mondo-demo-wt/DSL-tao/org.mondo.wt.cstudy/patterns/StateMachine_with_OCL.ecore,true,true,true,
modelset/raw-data/repo-ecore-all/data/mondo-project/mondo-demo-wt/DSL-tao/org.mondo.wt.cstudy/patterns/TreeStampedOverTime.ecore,false,false,false,"parse: failed to parse modelset/raw-data/repo-ecore-all/data/mondo-project/mondo-demo-wt/DSL-tao/org.mondo.wt.cstudy/patterns/TreeStampedOverTime.ecore: unknown builtit class URL `http://www.eclipse.org/emf/2002/Ecore#//EDate` failed to parse structural features failed to parse class `TimeStampedElement` line 6, column 146 current parser state: | `` | `    <eStructuralFeatures xsi:type=""ecore:EAttribute"" name=""expirationDate"" eType=""ecore:EDataType http://www.eclipse.org/emf/2002/Ecore#//EDate""/>` parsing failed"
modelset/raw-data/repo-ecore-all/data/mondo-project/mondo-hawk/tests/org.hawk.integration.tests/resources/metamodels/JDTAST.ecore,false,false,false,"parse: failed to parse modelset/raw-data/repo-ecore-all/data/mondo-project/mondo-hawk/tests/org.hawk.integration.tests/resources/metamodels/JDTAST.ecore: unexpected content at package level line 2, column 1 current parser state: | `<xmi:XMI xmi:version=""2.0"" xmlns:xmi=""http://www.omg.org/XMI"" xmlns:xsi=""http://www.w3.org/2001/XMLSchema-instance""` | `    xmlns:ecore=""http://www.eclipse.org/emf/2002/Ecore"">` parsing failed"
modelset/raw-data/repo-ecore-all/data/mondo-project/mondo-hawk/tests/org.hawk.integration.tests/resources/metamodels/XMLType.ecore,false,false,false,"parse: failed to parse modelset/raw-data/repo-ecore-all/data/mondo-project/mondo-hawk/tests/org.hawk.integration.tests/resources/metamodels/XMLType.ecore: unknown builtit class URL `http://www.eclipse.org/emf/2002/Ecore#//EFeatureMapEntry` failed to parse structural features failed to parse class `AnyType` line 15, column 90 current parser state: | `` | `      <eAnnotations source=""http:///org/eclipse/emf/ecore/util/ExtendedMetaData"">` parsing failed"
modelset/raw-data/repo-ecore-all/data/mondo-project/mondo-hawk/tests/org.hawk.timeaware.tests/resources/metamodels/Tree.ecore,true,true,true,
modelset/raw-data/repo-ecore-all/data/montex/CHESS-SBA/org.polarsys.chess.statebased/metamodels/placeTransition.ecore,false,false,false,"parse: failed to parse modelset/raw-data/repo-ecore-all/data/montex/CHESS-SBA/org.polarsys.chess.statebased/metamodels/placeTransition.ecore: unknown builtit class URL `http://www.eclipse.org/emf/2002/Ecore#//EIntegerObject` failed to parse structural features failed to parse class `Coordinate` line 360, column 89 current parser state: | `` | `    <eStructuralFeatures` parsing failed"
modelset/raw-data/repo-ecore-all/data/montex/CHESS-SBA/org.polarsys.chess.statebased/metamodels/pnmlcoremodel.ecore,false,false,false,"parse: failed to parse modelset/raw-data/repo-ecore-all/data/montex/CHESS-SBA/org.polarsys.chess.statebased/metamodels/pnmlcoremodel.ecore: unknown builtit class URL `http://www.eclipse.org/emf/2002/Ecore#//EIntegerObject` failed to parse structural features failed to parse class `Coordinate` line 106, column 89 current parser state: | `` | `    <eStructuralFeatures xsi:type=""ecore:EAttribute"" name=""y"" ordered=""false"" lowerBound=""1""` parsing failed"
modelset/raw-data/repo-ecore-all/data/mortlun/TDT4250/course_description.ecore,false,false,false,"parse: failed to parse modelset/raw-data/repo-ecore-all/data/mortlun/TDT4250/course_description.ecore: unknown builtit class URL `http://www.eclipse.org/emf/2002/Ecore#//EDoubleObject` failed to parse structural features failed to parse class `Course` line 15, column 88 current parser state: | `` | `    <eStructuralFeatures xsi:type=""ecore:EReference"" name=""hasInstance"" upperBound=""-1""` parsing failed"
modelset/raw-data/repo-ecore-all/data/mosser/ArduinoML-kernel/externals/xtext/ArduinoML/model/arduinoML.ecore,true,true,true,
modelset/raw-data/repo-ecore-all/data/moudaaoulmi/quelonioext/GenarchMetaModels/model/TemplateMetaModel.ecore,false,false,false,"parse: failed to parse modelset/raw-data/repo-ecore-all/data/moudaaoulmi/quelonioext/GenarchMetaModels/model/TemplateMetaModel.ecore: Missing attribute `eType` in structural feature `elements` failed to parse structural features failed to parse class `ProductDomainModel` line 96, column 87 current parser state: | `` | `      <eGenericType eClassifier=""ecore:EDataType http://www.eclipse.org/emf/2002/Ecore#//EMap"">` parsing failed"
modelset/raw-data/repo-ecore-all/data/moudaaoulmi/quelonioext/br.pucrio.inf.les.genarch/src-br.pucrio.inf.les.genarch/br/pucrio/inf/les/genarch/models/FeatureMetaModel.ecore,false,false,false,"parse: failed to parse modelset/raw-data/repo-ecore-all/data/moudaaoulmi/quelonioext/br.pucrio.inf.les.genarch/src-br.pucrio.inf.les.genarch/br/pucrio/inf/les/genarch/models/FeatureMetaModel.ecore: Missing attribute `eType` in structural feature `features` failed to parse structural features failed to parse class `Model` line 16, column 87 current parser state: | `` | `      <eGenericType eClassifier=""ecore:EDataType http://www.eclipse.org/emf/2002/Ecore#//EMap"">` parsing failed"
modelset/raw-data/repo-ecore-all/data/moussaamrani/IoTDSL/iotdsl-cep/be.unamur.iot.model/model/IotDsl.ecore,true,true,true,
modelset/raw-data/repo-ecore-all/data/moussaamrani/kmv/example/xSPEM/org.gemoc.simplifiedspem.v1.r59/metamodel/spem.ecore,true,true,true,
modelset/raw-data/repo-ecore-all/data/movespace/gmf-tools/test-examples/links/org.eclipse.gmf.tooling.examples.links/model/links.ecore,true,true,true,
modelset/raw-data/repo-ecore-all/data/movespace/gmf-tools/tests/org.eclipse.gmf.tests/models/tests/test.ecore,true,true,true,
modelset/raw-data/repo-ecore-all/data/movespace/gmfsamples/School/branches/emf2gv-quicktour/School/model/school.ecore,false,false,false,"parse: failed to parse modelset/raw-data/repo-ecore-all/data/movespace/gmfsamples/School/branches/emf2gv-quicktour/School/model/school.ecore: unknown builtit class URL `http://www.eclipse.org/emf/2002/Ecore#//EDiagnosticChain` failed to parse class operation failed to parse class `Classroom` line 8, column 120 current parser state: | `` | `      <eParameters name=""context"">` parsing failed"
modelset/raw-data/repo-ecore-all/data/movespace/gmfsamples/School/tags/emf-tuto5-final-editor/School/model/school.ecore,true,true,true,
modelset/raw-data/repo-ecore-all/data/movespace/gmfsamples/School/tags/emf-tuto6-final-editor/School/model/school.ecore,false,false,false,"parse: failed to parse modelset/raw-data/repo-ecore-all/data/movespace/gmfsamples/School/tags/emf-tuto6-final-editor/School/model/school.ecore: unknown builtit class URL `http://www.eclipse.org/emf/2002/Ecore#//EDiagnosticChain` failed to parse class operation failed to parse class `Classroom` line 8, column 120 current parser state: | `` | `      <eParameters name=""context"">` parsing failed"
modelset/raw-data/repo-ecore-all/data/mpizenberg-archived/GLS_PROJET/Sources/fr.enseeiht.metamodels/SimplePDL.ecore,true,true,true,
modelset/raw-data/repo-ecore-all/data/mpizenberg-archived/GLS_TP02/fr.enseeiht.simplePDL/PetriNet.ecore,true,true,true,
modelset/raw-data/repo-ecore-all/data/mpizenberg-archived/GLS_TP02/fr.enseeiht.simplePDL/SimplePDL.ecore,true,true,true,
modelset/raw-data/repo-ecore-all/data/mpizenberg-archived/GLS_TP04/fr.enseeiht.simplepdl/SimplePDL.ecore,true,true,true,
modelset/raw-data/repo-ecore-all/data/mraminella/XtextExamples/org.example.expressions/model/generated/Expressions.ecore,true,false,false,"generate: timeout after 120s: /arachne/target/debug/arachne generate modelset/raw-data/repo-ecore-all/data/mraminella/XtextExamples/org.example.expressions/model/generated/Expressions.ecore -o /var/folders/24/3kt9vzrj6qzd_r760kn9ybsm0000gn/T/arachne-modelset-b3l8v7mw/generated-00606 -p modelset-00606-7d2a38b4 [INFO  arachne] Starting code generation [INFO  arachne_codegen] Validating configuration [INFO  arachne_codegen] Parsing ecore metamodel: ""modelset/raw-data/repo-ecore-all/data/mraminella/XtextExamples/org.example.expressions/model/generated/Expressions.ecore"" [INFO  arachne_codegen] Generating Rust tokens"
modelset/raw-data/repo-ecore-all/data/mraminella/XtextExamples/org.xtext.example.smalljava/model/generated/SmallJava.ecore,true,true,true,
modelset/raw-data/repo-ecore-all/data/mrombout/Andle./nl.mikero.andle.andle.model/model/andle.ecore,true,true,true,
modelset/raw-data/repo-ecore-all/data/mrombout/Andle./nl.mikero.andle.target.epub.model/model/epub.ecore,false,false,false,"parse: failed to parse modelset/raw-data/repo-ecore-all/data/mrombout/Andle./nl.mikero.andle.target.epub.model/model/epub.ecore: unsupported `eType` path `ecore:EClass ../../nl.mikero.andle.intermediate.html.model/model/html.ecore#//HTMLDocument` failed to parse structural features failed to parse class `Section` line 21, column 29 current parser state: | `` | `  </eClassifiers>` parsing failed"
modelset/raw-data/repo-ecore-all/data/ms0828600/modelEng04/at.ac.tuwien.big.form/model/form.ecore,true,true,true,
modelset/raw-data/repo-ecore-all/data/msoeken/ecore-suite/structures/Tree.ecore,true,true,true,
modelset/raw-data/repo-ecore-all/data/mtaal/texo/org.eclipse.emf.texo.web.example/model/library.ecore,false,false,false,"parse: failed to parse modelset/raw-data/repo-ecore-all/data/mtaal/texo/org.eclipse.emf.texo.web.example/model/library.ecore: unsupported `eType` path `identifiable.ecore#//Identifiable` line 16, column 18 current parser state: | `` | `  <eClassifiers xsi:type=""ecore:EClass"" name=""Library"" eSuperTypes=""identifiable.ecore#//Identifiable"">` parsing failed"
modelset/raw-data/repo-ecore-all/data/mundacho/stratagem/ch.unige.cui.smv.metamodel.adt/model/adt.ecore,false,false,false,"parse: failed to parse modelset/raw-data/repo-ecore-all/data/mundacho/stratagem/ch.unige.cui.smv.metamodel.adt/model/adt.ecore: unknown builtit class URL `http://www.eclipse.org/emf/2002/Ecore#//EFeatureMapEntry` failed to parse structural features failed to parse class `Signature` line 61, column 26 current parser state: | `` | `      <eAnnotations source=""http:///org/eclipse/emf/ecore/util/ExtendedMetaData"">` parsing failed"
modelset/raw-data/repo-ecore-all/data/mvsd/futsalpro/binaries/1.0.0/Futsal Pro/plugins/org.yakindu.base.types_2.0.0.201212141102/model/types.ecore,false,false,false,"parse: failed to parse modelset/raw-data/repo-ecore-all/data/mvsd/futsalpro/binaries/1.0.0/Futsal Pro/plugins/org.yakindu.base.types_2.0.0.201212141102/model/types.ecore: unsupported `eType` path `base.ecore#//NamedElement` line 18, column 18 current parser state: | `` | `  <eClassifiers xsi:type=""ecore:EClass"" name=""Feature"" abstract=""true"" eSuperTypes=""#//TypedElement base.ecore#//NamedElement"">` parsing failed"
modelset/raw-data/repo-ecore-all/data/mythicfreak/aomxsgrammar/aom.scripting.xs/model/generated/XS.ecore,true,false,false,"generate: timeout after 120s: /arachne/target/debug/arachne generate modelset/raw-data/repo-ecore-all/data/mythicfreak/aomxsgrammar/aom.scripting.xs/model/generated/XS.ecore -o /var/folders/24/3kt9vzrj6qzd_r760kn9ybsm0000gn/T/arachne-modelset-b3l8v7mw/generated-00615 -p modelset-00615-119f5d2f [INFO  arachne] Starting code generation [INFO  arachne_codegen] Validating configuration [INFO  arachne_codegen] Parsing ecore metamodel: ""modelset/raw-data/repo-ecore-all/data/mythicfreak/aomxsgrammar/aom.scripting.xs/model/generated/XS.ecore"" [INFO  arachne_codegen] Generating Rust tokens"
modelset/raw-data/repo-ecore-all/data/n-ando/OpenRTP-aist/jp.go.aist.rtm.toolscommon/src/jp/go/aist/rtm/toolscommon/model/component.ecore,false,false,false,"parse: failed to parse modelset/raw-data/repo-ecore-all/data/n-ando/OpenRTP-aist/jp.go.aist.rtm.toolscommon/src/jp/go/aist/rtm/toolscommon/model/component.ecore: unsupported `eType` path `core.ecore#//ModelElement` line 24, column 18 current parser state: | `` | `  <eClassifiers xsi:type=""ecore:EClass"" name=""Component"" abstract=""true"" eSuperTypes=""core.ecore#//WrapperObject #//IPropertyMap"">` parsing failed"
modelset/raw-data/repo-ecore-all/data/nacchofer31-etsinf-exercises/3.DSM/DSM-ATL-Prueba/metamodel/MyUMLClassDiagram.ecore,true,true,true,
modelset/raw-data/repo-ecore-all/data/nagaraj1993/Mutation-testing/Old System Test Cases Project/org.eclipse.ocl.examples.xtext.tests/Bug366229.ecore,true,true,true,
modelset/raw-data/repo-ecore-all/data/nagaraj1993/Mutation-testing/Old System Test Cases Project/org.eclipse.ocl.examples.xtext.tests/models/documentation/OCLinEcoreTutorial.ecore,false,false,false,"parse: failed to parse modelset/raw-data/repo-ecore-all/data/nagaraj1993/Mutation-testing/Old System Test Cases Project/org.eclipse.ocl.examples.xtext.tests/models/documentation/OCLinEcoreTutorial.ecore: unknown builtit class URL `http://www.eclipse.org/emf/2002/Ecore#//EBigInteger` failed to parse structural features failed to parse class `Book` line 32, column 160 current parser state: | `` | `    <eStructuralFeatures xsi:type=""ecore:EReference"" name=""library"" eType=""#//Library"" eOpposite=""#//Library/books""/>` parsing failed"
modelset/raw-data/repo-ecore-all/data/nagaraj1993/Mutation-testing/Old System Test Cases Project/org.eclipse.ocl.examples.xtext.tests/models/documentation/OCLinEcoreTutorialForPivot.ecore,false,false,false,"parse: failed to parse modelset/raw-data/repo-ecore-all/data/nagaraj1993/Mutation-testing/Old System Test Cases Project/org.eclipse.ocl.examples.xtext.tests/models/documentation/OCLinEcoreTutorialForPivot.ecore: unknown builtit class URL `http://www.eclipse.org/emf/2002/Ecore#//EBigInteger` failed to parse structural features failed to parse class `Book` line 32, column 160 current parser state: | `` | `    <eStructuralFeatures xsi:type=""ecore:EReference"" name=""library"" eType=""#//Library"" eOpposite=""#//Library/books""/>` parsing failed"
modelset/raw-data/repo-ecore-all/data/nagaraj1993/Mutation-testing/Old System Test Cases Project/org.eclipse.ocl.examples.xtext.tests/models/documentation/Tutorial1.ecore,false,false,false,"parse: failed to parse modelset/raw-data/repo-ecore-all/data/nagaraj1993/Mutation-testing/Old System Test Cases Project/org.eclipse.ocl.examples.xtext.tests/models/documentation/Tutorial1.ecore: unknown builtit class URL `http://www.eclipse.org/emf/2002/Ecore#//EBigInteger` failed to parse structural features failed to parse class `Book` line 27, column 160 current parser state: | `` | `    <eStructuralFeatures xsi:type=""ecore:EReference"" name=""library"" eType=""#//Library"" eOpposite=""#//Library/books""/>` parsing failed"
modelset/raw-data/repo-ecore-all/data/nagaraj1993/Mutation-testing/Old System Test Cases Project/org.eclipse.ocl.examples.xtext.tests/models/documentation/Tutorial2.ecore,false,false,false,"parse: failed to parse modelset/raw-data/repo-ecore-all/data/nagaraj1993/Mutation-testing/Old System Test Cases Project/org.eclipse.ocl.examples.xtext.tests/models/documentation/Tutorial2.ecore: unknown builtit class URL `http://www.eclipse.org/emf/2002/Ecore#//EBigInteger` failed to parse structural features failed to parse class `Book` line 27, column 160 current parser state: | `` | `    <eStructuralFeatures xsi:type=""ecore:EReference"" name=""library"" eType=""#//Library"" eOpposite=""#//Library/books""/>` parsing failed"
modelset/raw-data/repo-ecore-all/data/nagaraj1993/Mutation-testing/Old System Test Cases Project/org.eclipse.ocl.examples.xtext.tests/models/ecore/Company.reference.ecore,false,false,false,"parse: failed to parse modelset/raw-data/repo-ecore-all/data/nagaraj1993/Mutation-testing/Old System Test Cases Project/org.eclipse.ocl.examples.xtext.tests/models/ecore/Company.reference.ecore: unknown builtit class URL `http://www.eclipse.org/emf/2002/Ecore#//EDiagnosticChain` failed to parse class operation failed to parse class `Company` line 15, column 121 current parser state: | `` | `      <eParameters name=""context"">` parsing failed"
modelset/raw-data/repo-ecore-all/data/nagaraj1993/Mutation-testing/Old System Test Cases Project/org.eclipse.ocl.examples.xtext.tests/models/genmodel/Company.ecore,false,false,false,"parse: failed to parse modelset/raw-data/repo-ecore-all/data/nagaraj1993/Mutation-testing/Old System Test Cases Project/org.eclipse.ocl.examples.xtext.tests/models/genmodel/Company.ecore: unknown builtit class URL `http://www.eclipse.org/emf/2002/Ecore#//EDiagnosticChain` failed to parse class operation failed to parse class `Company` line 17, column 121 current parser state: | `` | `      <eParameters name=""context"">` parsing failed"
modelset/raw-data/repo-ecore-all/data/nagaraj1993/Mutation-testing/Old System Test Cases Project/org.eclipse.ocl.examples.xtext.tests/models/genmodel/NoReflectionCompany.ecore,false,false,false,"parse: failed to parse modelset/raw-data/repo-ecore-all/data/nagaraj1993/Mutation-testing/Old System Test Cases Project/org.eclipse.ocl.examples.xtext.tests/models/genmodel/NoReflectionCompany.ecore: unknown builtit class URL `http://www.eclipse.org/emf/2002/Ecore#//EDiagnosticChain` failed to parse class operation failed to parse class `Company` line 17, column 121 current parser state: | `` | `      <eParameters name=""context"">` parsing failed"
modelset/raw-data/repo-ecore-all/data/nagaraj1993/Mutation-testing/Old System Test Cases Project/org.eclipse.ocl.examples.xtext.tests/models/genmodel/SysML_ValueTypes_QUDV.ecore,false,false,false,"parse: failed to parse modelset/raw-data/repo-ecore-all/data/nagaraj1993/Mutation-testing/Old System Test Cases Project/org.eclipse.ocl.examples.xtext.tests/models/genmodel/SysML_ValueTypes_QUDV.ecore: unexpected package content line 28, column 3 current parser state: | `<eSubpackages name=""PrimitiveValueTypes"" nsURI=""http://www.omg.org/spec/SysML/20131220/PrimitiveValueTypes""` | `      nsPrefix=""PrimitiveValueTypes"">` parsing failed"
modelset/raw-data/repo-ecore-all/data/nagaraj1993/Mutation-testing/Updated TestModel2TestCase Plugin/TestModel2TestCase/model/xunit.ecore,true,true,true,
modelset/raw-data/repo-ecore-all/data/naixinWang/SmallUML/SmallUML/model/smalluml.ecore,true,true,true,
modelset/raw-data/repo-ecore-all/data/naixinWang/SmallUML/org.xtext.example.eaa/model/generated/MyDsl.ecore,true,true,true,
modelset/raw-data/repo-ecore-all/data/nakul02/sysml.dml/sysml.dml/model/generated/Dml.ecore,false,false,false,"parse: failed to parse modelset/raw-data/repo-ecore-all/data/nakul02/sysml.dml/sysml.dml/model/generated/Dml.ecore: unsupported `eType` path `ecore:EClass http://www.eclipse.org/emf/2002/Ecore#//EObject` failed to parse structural features failed to parse class `E` line 76, column 29 current parser state: | `` | `    <eStructuralFeatures xsi:type=""ecore:EReference"" name=""t2"" eType=""#//E"" containment=""true""/>` parsing failed"
modelset/raw-data/repo-ecore-all/data/nasa/CertWare/ftp/model/ftp.ecore,true,true,true,
modelset/raw-data/repo-ecore-all/data/nasa/OpenSPIFe/gov.nasa.arc.spife.core.plan.resources.editor.timeline/model/ResourceGraph.ecore,true,true,true,
modelset/raw-data/repo-ecore-all/data/nasa/OpenSPIFe/gov.nasa.ensemble.emf/model/PatchTest.ecore,false,false,false,"parse: failed to parse modelset/raw-data/repo-ecore-all/data/nasa/OpenSPIFe/gov.nasa.ensemble.emf/model/PatchTest.ecore: unknown builtit class URL `http://www.eclipse.org/emf/2002/Ecore#//EIntegerObject` failed to parse structural features failed to parse class `PatchTestModel` line 11, column 89 current parser state: | `` | `    <eStructuralFeatures xsi:type=""ecore:EReference"" name=""oneNonContainmentReference""` parsing failed"
modelset/raw-data/repo-ecore-all/data/nasri25/MyDsl-updatesite/org.xtext.example.mydsl.parent/org.xtext.example.mydsl/model/generated/MyDsl.ecore,true,true,true,
modelset/raw-data/repo-ecore-all/data/nataliepw/dat353/mdse.book.swml/model/sWML.ecore,true,true,true,
modelset/raw-data/repo-ecore-all/data/nberrehouma/Git_repository/graphProject/model/graph.ecore,false,false,false,"parse: failed to parse modelset/raw-data/repo-ecore-all/data/nberrehouma/Git_repository/graphProject/model/graph.ecore: unknown builtit class URL `http://www.eclipse.org/emf/2002/Ecore#//EJavaObject` failed to parse structural features failed to parse class `Entry` line 43, column 144 current parser state: | `` | `  </eClassifiers>` parsing failed"
modelset/raw-data/repo-ecore-all/data/nberrehouma/Master-Project/GraphGrammar/model/grammar.ecore,false,false,false,"parse: failed to parse modelset/raw-data/repo-ecore-all/data/nberrehouma/Master-Project/GraphGrammar/model/grammar.ecore: unsupported `eType` path `../../GraphModel/model/graph.ecore#//Named` line 7, column 18 current parser state: | `` | `  <eClassifiers xsi:type=""ecore:EClass"" name=""Rule"">` parsing failed"
modelset/raw-data/repo-ecore-all/data/nberrehouma/Master-Project/GraphModel/model/graph.ecore,true,true,true,
modelset/raw-data/repo-ecore-all/data/nberrehouma/Master-Project/System/model/transform.ecore,false,false,false,"parse: failed to parse modelset/raw-data/repo-ecore-all/data/nberrehouma/Master-Project/System/model/transform.ecore: unsupported `eType` path `ecore:EClass ../../GraphModel/model/graph.ecore#//Graph` failed to parse structural features failed to parse class `Transformation` line 5, column 131 current parser state: | `` | `    <eStructuralFeatures xsi:type=""ecore:EReference"" name=""grammar"" eType=""ecore:EClass ../../GraphGrammar/model/grammar.ecore#//Grammar""/>` parsing failed"
modelset/raw-data/repo-ecore-all/data/nberrehouma/graph_Pattern_Matching_Master_Project/Graph_Pattern_Matching_Master_Project/model/graph_Pattern_Matching_Master_Project.ecore,true,true,true,
modelset/raw-data/repo-ecore-all/data/nberrehouma/org.eclipse.emf.teneo/tests/org.eclipse.emf.teneo.hibernate.test/src/org/eclipse/emf/teneo/samples/emf/hibernate/transientotm/model/transientotm.ecore,false,false,false,"parse: failed to parse modelset/raw-data/repo-ecore-all/data/nberrehouma/org.eclipse.emf.teneo/tests/org.eclipse.emf.teneo.hibernate.test/src/org/eclipse/emf/teneo/samples/emf/hibernate/transientotm/model/transientotm.ecore: unknown builtit class URL `http://www.eclipse.org/emf/2003/XMLType#//String` failed to parse structural features failed to parse class `TBook` line 11, column 155 current parser state: | `` | `      <eAnnotations source=""http:///org/eclipse/emf/ecore/util/ExtendedMetaData"">` parsing failed"
modelset/raw-data/repo-ecore-all/data/nberrehouma/org.eclipse.emf.teneo/tests/org.eclipse.emf.teneo.samples/src/org/eclipse/emf/teneo/samples/emf/annotations/eavlibrary/model/eavlibrary.ecore,false,false,false,"parse: failed to parse modelset/raw-data/repo-ecore-all/data/nberrehouma/org.eclipse.emf.teneo/tests/org.eclipse.emf.teneo.samples/src/org/eclipse/emf/teneo/samples/emf/annotations/eavlibrary/model/eavlibrary.ecore: unknown builtit class URL `http://www.eclipse.org/emf/2003/XMLType#//ID` failed to parse structural features failed to parse class `Book` line 14, column 19 current parser state: | `` | `      <eAnnotations source=""http:///org/eclipse/emf/ecore/util/ExtendedMetaData"">` parsing failed"
modelset/raw-data/repo-ecore-all/data/nberrehouma/org.eclipse.emf.teneo/tests/org.eclipse.emf.teneo.samples/src/org/eclipse/emf/teneo/samples/emf/annotations/entity/model/entity.ecore,false,false,false,"parse: failed to parse modelset/raw-data/repo-ecore-all/data/nberrehouma/org.eclipse.emf.teneo/tests/org.eclipse.emf.teneo.samples/src/org/eclipse/emf/teneo/samples/emf/annotations/entity/model/entity.ecore: unknown builtit class URL `http://www.eclipse.org/emf/2003/XMLType#//String` failed to parse structural features failed to parse class `Book` line 14, column 155 current parser state: | `` | `      <eAnnotations source=""http:///org/eclipse/emf/ecore/util/ExtendedMetaData"">` parsing failed"
modelset/raw-data/repo-ecore-all/data/nberrehouma/org.eclipse.emf.teneo/tests/org.eclipse.emf.teneo.samples/src/org/eclipse/emf/teneo/samples/emf/sample/accounting/model/accounting.ecore,false,false,false,"parse: failed to parse modelset/raw-data/repo-ecore-all/data/nberrehouma/org.eclipse.emf.teneo/tests/org.eclipse.emf.teneo.samples/src/org/eclipse/emf/teneo/samples/emf/sample/accounting/model/accounting.ecore: unknown builtit class URL `http://www.eclipse.org/emf/2003/XMLType#//String` failed to parse structural features failed to parse class `Account` line 12, column 82 current parser state: | `` | `      <eAnnotations source=""http:///org/eclipse/emf/ecore/util/ExtendedMetaData"">` parsing failed"
modelset/raw-data/repo-ecore-all/data/nberrehouma/org.eclipse.emf.teneo/tests/org.eclipse.emf.teneo.samples/src/org/eclipse/emf/teneo/samples/emf/sample/library/model/library.ecore,false,false,false,"parse: failed to parse modelset/raw-data/repo-ecore-all/data/nberrehouma/org.eclipse.emf.teneo/tests/org.eclipse.emf.teneo.samples/src/org/eclipse/emf/teneo/samples/emf/sample/library/model/library.ecore: unknown builtit class URL `http://www.eclipse.org/emf/2003/XMLType#//ID` failed to parse structural features failed to parse class `Book` line 12, column 19 current parser state: | `` | `      <eAnnotations source=""http:///org/eclipse/emf/ecore/util/ExtendedMetaData"">` parsing failed"
modelset/raw-data/repo-ecore-all/data/nberrehouma/org.eclipse.emf.teneo/tests/org.eclipse.emf.teneo.samples/src/org/eclipse/emf/teneo/samples/emf/sample/schemaprimerpo/model/schemaprimerpo.ecore,false,false,false,"parse: failed to parse modelset/raw-data/repo-ecore-all/data/nberrehouma/org.eclipse.emf.teneo/tests/org.eclipse.emf.teneo.samples/src/org/eclipse/emf/teneo/samples/emf/sample/schemaprimerpo/model/schemaprimerpo.ecore: unknown builtit class URL `http://www.eclipse.org/emf/2002/Ecore#//EFeatureMapEntry` failed to parse structural features failed to parse class `DocumentRoot` line 12, column 90 current parser state: | `` | `      <eAnnotations source=""http:///org/eclipse/emf/ecore/util/ExtendedMetaData"">` parsing failed"
modelset/raw-data/repo-ecore-all/data/nberrehouma/org.eclipse.emf.teneo/tests/org.eclipse.emf.teneo.samples/src/org/eclipse/emf/teneo/samples/emf/sample/workflow/model/Workflow.ecore,true,true,true,
modelset/raw-data/repo-ecore-all/data/nberrehouma/org.eclipse.emf.teneo/tests/org.eclipse.emf.teneo.samples/src/org/eclipse/emf/teneo/samples/emf/schemaconstructs/model/anytype.ecore,false,false,false,"parse: failed to parse modelset/raw-data/repo-ecore-all/data/nberrehouma/org.eclipse.emf.teneo/tests/org.eclipse.emf.teneo.samples/src/org/eclipse/emf/teneo/samples/emf/schemaconstructs/model/anytype.ecore: unknown builtit class URL `http://www.eclipse.org/emf/2003/XMLType#//String` failed to parse structural features failed to parse class `A` line 12, column 154 current parser state: | `` | `      <eAnnotations source=""http:///org/eclipse/emf/ecore/util/ExtendedMetaData"">` parsing failed"
modelset/raw-data/repo-ecore-all/data/nberrehouma/org.eclipse.emf.teneo/tests/org.eclipse.emf.teneo.samples/src/org/eclipse/emf/teneo/samples/issues/largemapvalue/model/largemap.ecore,true,true,true,
modelset/raw-data/repo-ecore-all/data/nberrehouma/org.eclipse.emf.teneo/tests/org.eclipse.emf.teneo.samples/test/inter.ecore,false,false,false,"parse: failed to parse modelset/raw-data/repo-ecore-all/data/nberrehouma/org.eclipse.emf.teneo/tests/org.eclipse.emf.teneo.samples/test/inter.ecore: unknown builtit class URL `http://www.eclipse.org/emf/2002/Ecore#//EDate` failed to parse structural features failed to parse class `Person` line 22, column 139 current parser state: | `` | `    <eStructuralFeatures xsi:type=""ecore:EAttribute"" name=""notTelNr"" eType=""ecore:EDataType http://www.eclipse.org/emf/2002/Ecore#//EString""/>` parsing failed"
modelset/raw-data/repo-ecore-all/data/nbhusare/Xtext-sandbox/org.xtext.example.mydsl/model/generated/MyDsl.ecore,true,true,true,
modelset/raw-data/repo-ecore-all/data/nemo-ufes/Zanshin/zanshin-simulations/src/it/unitn/disi/zanshin/simulation/cases/acad/acad.ecore,false,false,false,"parse: failed to parse modelset/raw-data/repo-ecore-all/data/nemo-ufes/Zanshin/zanshin-simulations/src/it/unitn/disi/zanshin/simulation/cases/acad/acad.ecore: unsupported `eType` path `https://raw.githubusercontent.com/hbcesar/zanshin/master/it.unitn.disi.zanshin.core/META-INF/gore.ecore#//HardGoal` line 6, column 192 current parser state: | `` | `  <eClassifiers xsi:type=""ecore:EClass"" name=""G_CallTaking"" eSuperTypes=""https://raw.githubusercontent.com/hbcesar/zanshin/master/it.unitn.disi.zanshin.core/META-INF/gore.ecore#//HardGoal""/>` parsing failed"
modelset/raw-data/repo-ecore-all/data/neo4emf/Neo4EMF/models/java/src/main/model/java.ecore,true,false,false,"generate: timeout after 120s: /arachne/target/debug/arachne generate modelset/raw-data/repo-ecore-all/data/neo4emf/Neo4EMF/models/java/src/main/model/java.ecore -o /var/folders/24/3kt9vzrj6qzd_r760kn9ybsm0000gn/T/arachne-modelset-b3l8v7mw/generated-00653 -p modelset-00653-5b151c1d [INFO  arachne] Starting code generation [INFO  arachne_codegen] Validating configuration [INFO  arachne_codegen] Parsing ecore metamodel: ""modelset/raw-data/repo-ecore-all/data/neo4emf/Neo4EMF/models/java/src/main/model/java.ecore"" [WARN  ecore_rs::parser::raw] Structural feature `body` sets `ordered` while `upperBound=1`; this has no effect [WARN  ecore_rs::parser::raw] `eOpposite` attributes are currently not supported, ignoring [WARN  ecore_rs::parser::raw] `eOpposite` attributes are currently not supported, ignoring [WARN  ecore_rs::parser::raw] `eOpposite` attributes are currently not supported, ignoring [WARN  ecore_rs::parser::raw] Structural feature `method` sets `ordered` while `upperBound=1`; this has no effect [WARN  ecore_rs::parser::raw] `eOpposite` attributes are currently not supported, ignoring [WARN  ecore_rs::parser::raw] `eOpposite` attributes are currently not supported, ignoring [WARN  ecore_rs::parser::raw] Structural feature `package` sets `ordered` while `upperBound=1`; this has no effect [WARN  ecore_rs::parser::raw] `eOpposite` attributes are currently not supported, ignoring [WARN  ecore_rs::parser::raw] Structural feature `qualifier` sets `ordered` while `upperBound=1`; this has no effect [WARN  ecore_rs::parser::raw] Structural feature `type` sets `ordered` while `upperBound=1`; this has no effect [WARN  ecore_rs::parser::raw] `eOpposite` attributes are currently not supported, ignoring [WARN  ecore_rs::parser::raw] Structural feature `type` sets `ordered` while `upperBound=1`; this has no effect [WARN  ecore_rs::parser::raw] Structural feature `originalFilePath` sets `ordered` while `upperBound=1`; this has no effect [WARN  ecore_rs::parser::raw] Structural feature `originalFilePath` sets `unique` while `upperBound=1`; this has no effect [WARN  ecore_rs::parser::raw] Structural feature `manifest` sets `ordered` while `upperBound=1`; this has no effect [WARN  ecore_rs::parser::raw] Structural feature `message` sets `ordered` while `upperBound=1`; this has no effect [WARN  ecore_rs::parser::raw] Structural feature `expression` sets `ordered` while `upperBound=1`; this has no effect [WARN  ecore_rs::parser::raw] Structural feature `originalCompilationUnit` sets `ordered` while `upperBound=1`; this has no effect [WARN  ecore_rs::parser::raw] Structural feature `originalClassFile` sets `ordered` while `upperBound=1`; this has no effect [WARN  ecore_rs::parser::raw] Structural feature `member` sets `ordered` while `upperBound=1`; this has no effect [WARN  ecore_rs::parser::raw] `eOpposite` attributes are currently not supported, ignoring [WARN  ecore_rs::parser::raw] Structural feature `value` sets `ordered` while `upperBound=1`; this has no effect [WARN  ecore_rs::parser::raw] Structural feature `default` sets `ordered` while `upperBound=1`; this has no effect [WARN  ecore_rs::parser::raw] Structural feature `type` sets `ordered` while `upperBound=1`; this has no effect [WARN  ecore_rs::parser::raw] `eOpposite` attributes are currently not supported, ignoring [WARN  ecore_rs::parser::raw] `eOpposite` attributes are currently not supported, ignoring [WARN  ecore_rs::parser::raw] Structural feature `classInstanceCreation` sets `ordered` while `upperBound=1`; this has no effect [WARN  ecore_rs::parser::raw] `eOpposite` attributes are currently not supported, ignoring [WARN  ecore_rs::parser::raw] Structural feature `array` sets `ordered` while `upperBound=1`; this has no effect [WARN  ecore_rs::parser::raw] Structural feature `index` sets `ordered` while `upperBound=1`; this has no effect [WARN  ecore_rs::parser::raw] Structural feature `initializer` sets `ordered` while `upperBound=1`; this has no effect [WARN  ecore_rs::parser::raw] Structural feature `type` sets `ordered` while `upperBound=1`; this has no effect [WARN  ecore_rs::parser::raw] Structural feature `array` sets `ordered` while `upperBound=1`; this has no effect [WARN  ecore_rs::parser::raw] Structural feature ` [output truncated after 4000 chars]"
modelset/raw-data/repo-ecore-all/data/neo4emf/Neo4EMF/models/mteach/src/main/model/MTeach.ecore,true,true,true,
modelset/raw-data/repo-ecore-all/data/neominik/MDSDlab/edu.mdsd.mil/model/MIL.ecore,true,true,true,
modelset/raw-data/repo-ecore-all/data/neominik/MDSDlab/edu.mdsd.mpl/model/MPL.ecore,false,false,false,"parse: failed to parse modelset/raw-data/repo-ecore-all/data/neominik/MDSDlab/edu.mdsd.mpl/model/MPL.ecore: unknown builtit class URL `http://www.eclipse.org/emf/2002/Ecore#//EBooleanObject` failed to parse structural features failed to parse class `For` line 114, column 89 current parser state: | `` | `    <eStructuralFeatures xsi:type=""ecore:EReference"" name=""to"" lowerBound=""1"" eType=""#//Expression""` parsing failed"
modelset/raw-data/repo-ecore-all/data/nestabentum/MDSL/org.xtext.mdsl/model/generated/MDSL.ecore,true,true,true,
modelset/raw-data/repo-ecore-all/data/nguyenviethoa/e4.xwt/tests/org.eclipse.e4.xwt.emf.test/model/books.ecore,true,true,true,
modelset/raw-data/repo-ecore-all/data/nhanhnt/LUANVAN/Mars_lap/education/model/education.ecore,true,true,true,
modelset/raw-data/repo-ecore-all/data/nickeeyyoo/xtext_project/org.example.domainmodel/model/generated/Domainmodel.ecore,true,true,true,
modelset/raw-data/repo-ecore-all/data/nicklas669/mbse.groupd.model/model/petrinet.ecore,true,true,true,
modelset/raw-data/repo-ecore-all/data/nicoPae/atl2nmfs/resources/A2BContainment/TypeA.ecore,true,false,false,"generate: [INFO  arachne] Starting code generation [INFO  arachne_codegen] Validating configuration [INFO  arachne_codegen] Parsing ecore metamodel: ""modelset/raw-data/repo-ecore-all/data/nicoPae/atl2nmfs/resources/A2BContainment/TypeA.ecore"" [INFO  arachne_codegen] Generating Rust tokens [ERROR arachne] Error: Failed to find a root class in `TypeA` package"
modelset/raw-data/repo-ecore-all/data/nicoPae/atl2nmfs/resources/A2BContainment/TypeB.ecore,true,false,false,"generate: [INFO  arachne] Starting code generation [INFO  arachne_codegen] Validating configuration [INFO  arachne_codegen] Parsing ecore metamodel: ""modelset/raw-data/repo-ecore-all/data/nicoPae/atl2nmfs/resources/A2BContainment/TypeB.ecore"" [INFO  arachne_codegen] Generating Rust tokens [ERROR arachne] Error: Failed to find a root class in `TypeB` package"
modelset/raw-data/repo-ecore-all/data/nicoPae/atl2nmfs/resources/A2BHelperWithoutContext/TypeB.ecore,true,false,false,"generate: [INFO  arachne] Starting code generation [INFO  arachne_codegen] Validating configuration [INFO  arachne_codegen] Parsing ecore metamodel: ""modelset/raw-data/repo-ecore-all/data/nicoPae/atl2nmfs/resources/A2BHelperWithoutContext/TypeB.ecore"" [INFO  arachne_codegen] Generating Rust tokens [ERROR arachne] Error: Failed to find a root class in `TypeB` package"
modelset/raw-data/repo-ecore-all/data/nicoPae/atl2nmfs/resources/A2BMultipleInputDifferentType/TypeA.ecore,true,false,false,"generate: [INFO  arachne] Starting code generation [INFO  arachne_codegen] Validating configuration [INFO  arachne_codegen] Parsing ecore metamodel: ""modelset/raw-data/repo-ecore-all/data/nicoPae/atl2nmfs/resources/A2BMultipleInputDifferentType/TypeA.ecore"" [INFO  arachne_codegen] Generating Rust tokens [ERROR arachne] Error: Failed to find a root class in `TypeA` package"
modelset/raw-data/repo-ecore-all/data/nicoPae/atl2nmfs/resources/A2BMultipleInputDifferentType/TypeB.ecore,true,true,true,
modelset/raw-data/repo-ecore-all/data/nicoPae/atl2nmfs/resources/A2BMultipleInputSameType/TypeA.ecore,true,false,false,"generate: [INFO  arachne] Starting code generation [INFO  arachne_codegen] Validating configuration [INFO  arachne_codegen] Parsing ecore metamodel: ""modelset/raw-data/repo-ecore-all/data/nicoPae/atl2nmfs/resources/A2BMultipleInputSameType/TypeA.ecore"" [INFO  arachne_codegen] Generating Rust tokens [ERROR arachne] Error: Failed to find a root class in `TypeA` package"
modelset/raw-data/repo-ecore-all/data/nicoPae/atl2nmfs/resources/A2BMultipleOutput/TypeA.ecore,true,false,false,"generate: [INFO  arachne] Starting code generation [INFO  arachne_codegen] Validating configuration [INFO  arachne_codegen] Parsing ecore metamodel: ""modelset/raw-data/repo-ecore-all/data/nicoPae/atl2nmfs/resources/A2BMultipleOutput/TypeA.ecore"" [INFO  arachne_codegen] Generating Rust tokens [ERROR arachne] Error: Failed to find a root class in `TypeA` package"
modelset/raw-data/repo-ecore-all/data/nicoPae/atl2nmfs/resources/A2BMultipleOutput/TypeB.ecore,true,true,true,
modelset/raw-data/repo-ecore-all/data/nicoPae/atl2nmfs/resources/Inheritance/TypeB.ecore,false,false,false,"parse: failed to parse modelset/raw-data/repo-ecore-all/data/nicoPae/atl2nmfs/resources/Inheritance/TypeB.ecore: unexpected content at package level line 2, column 1 current parser state: | `<xmi:XMI xmi:version=""2.0"" xmlns:xmi=""http://www.omg.org/XMI"" xmlns:xsi=""http://www.w3.org/2001/XMLSchema-instance"" xmlns:ecore=""http://www.eclipse.org/emf/2002/Ecore"">` | `	<ecore:EPackage name=""TypeB"" nsURI=""http://www.eclipse.org/atl/atlTransformations/TypeB"" nsPrefix=""TypeB"">` parsing failed"
modelset/raw-data/repo-ecore-all/data/nicoPae/atl2nmfs/resources/PetriNet2PNML/PetriNet.ecore,false,false,false,"parse: failed to parse modelset/raw-data/repo-ecore-all/data/nicoPae/atl2nmfs/resources/PetriNet2PNML/PetriNet.ecore: unexpected content at package level line 2, column 1 current parser state: | `<xmi:XMI xmi:version=""2.0"" xmlns:xmi=""http://www.omg.org/XMI"" xmlns:xsi=""http://www.w3.org/2001/XMLSchema-instance"" xmlns:ecore=""http://www.eclipse.org/emf/2002/Ecore"">` | `  <ecore:EPackage name=""PetriNet"" nsURI=""http://www.eclipse.org/atl/atlTransformations/PetriNet"" nsPrefix=""PetriNet"">` parsing failed"
modelset/raw-data/repo-ecore-all/data/nicoPae/atl2nmfs/resources/PetriNet2PathExp/PathExp.ecore,false,false,false,"parse: failed to parse modelset/raw-data/repo-ecore-all/data/nicoPae/atl2nmfs/resources/PetriNet2PathExp/PathExp.ecore: unexpected content at package level line 2, column 1 current parser state: | `<xmi:XMI xmi:version=""2.0"" xmlns:xmi=""http://www.omg.org/XMI"" xmlns:xsi=""http://www.w3.org/2001/XMLSchema-instance"" xmlns:ecore=""http://www.eclipse.org/emf/2002/Ecore"">` | `  <ecore:EPackage name=""PathExp"" nsURI=""http://www.eclipse.org/atl/atlTransformations/PathExp"" nsPrefix=""PathExp"">` parsing failed"
modelset/raw-data/repo-ecore-all/data/nicoPae/atl2nmfs/resources/PetriNet2PathExp/PetriNet.ecore,false,false,false,"parse: failed to parse modelset/raw-data/repo-ecore-all/data/nicoPae/atl2nmfs/resources/PetriNet2PathExp/PetriNet.ecore: unexpected content at package level line 2, column 1 current parser state: | `<xmi:XMI xmi:version=""2.0"" xmlns:xmi=""http://www.omg.org/XMI"" xmlns:xsi=""http://www.w3.org/2001/XMLSchema-instance"" xmlns:ecore=""http://www.eclipse.org/emf/2002/Ecore"">` | `  <ecore:EPackage name=""PetriNet"" nsURI=""http://www.eclipse.org/atl/atlTransformations/PetriNet"" nsPrefix=""PetriNet"">` parsing failed"
modelset/raw-data/repo-ecore-all/data/nicoPae/atl2nmfs/resources/PortV4/TypeA.ecore,false,false,false,"parse: failed to parse modelset/raw-data/repo-ecore-all/data/nicoPae/atl2nmfs/resources/PortV4/TypeA.ecore: unexpected content at package level line 2, column 1 current parser state: | `<xmi:XMI xmi:version=""2.0"" xmlns:xmi=""http://www.omg.org/XMI"" xmlns:xsi=""http://www.w3.org/2001/XMLSchema-instance""` | `    xmlns:ecore=""http://www.eclipse.org/emf/2002/Ecore"">` parsing failed"
modelset/raw-data/repo-ecore-all/data/nicoPae/atl2nmfs/resources/PortV4/TypeB.ecore,false,false,false,"parse: failed to parse modelset/raw-data/repo-ecore-all/data/nicoPae/atl2nmfs/resources/PortV4/TypeB.ecore: unexpected content at package level line 2, column 1 current parser state: | `<xmi:XMI xmi:version=""2.0"" xmlns:xmi=""http://www.omg.org/XMI"" xmlns:xsi=""http://www.w3.org/2001/XMLSchema-instance""` | `    xmlns:ecore=""http://www.eclipse.org/emf/2002/Ecore"">` parsing failed"
modelset/raw-data/repo-ecore-all/data/nicoh/RPSL/metamodel/rpsl_perception_graph.ecore,false,false,false,"parse: failed to parse modelset/raw-data/repo-ecore-all/data/nicoh/RPSL/metamodel/rpsl_perception_graph.ecore: unsupported `eType` path `ecore:EClass rpsl_conceptual_space.ecore#//Prototype` failed to parse structural features failed to parse class `PerceptionGraph` line 13, column 87 current parser state: | `` | `  </eClassifiers>` parsing failed"
modelset/raw-data/repo-ecore-all/data/nicolas2lee/TransformationUMLtoFiacre/eclipse_folder/Td1/model/td1.ecore,true,true,true,
modelset/raw-data/repo-ecore-all/data/nicolas2lee/TransformationUMLtoFiacre/rhapsody/fiacreMM7.0/metamodel/fiacremm.ecore,false,false,false,"parse: failed to parse modelset/raw-data/repo-ecore-all/data/nicolas2lee/TransformationUMLtoFiacre/rhapsody/fiacreMM7.0/metamodel/fiacremm.ecore: unsupported `eType` path `http://www.eclipse.org/emf/2002/Ecore#//EModelElement` line 16, column 18 current parser state: | `` | `  <eClassifiers xsi:type=""ecore:EClass"" name=""Process"" eSuperTypes=""http://www.eclipse.org/emf/2002/Ecore#//EModelElement"">` parsing failed"
modelset/raw-data/repo-ecore-all/data/nicolas2lee/TransformationUMLtoFiacre/rhapsody/myFiacre/metamodel/fiacre.ecore,false,false,false,"parse: failed to parse modelset/raw-data/repo-ecore-all/data/nicolas2lee/TransformationUMLtoFiacre/rhapsody/myFiacre/metamodel/fiacre.ecore: unknown builtit class URL `http://www.eclipse.org/emf/2002/Ecore#//ECharacterObject` failed to parse structural features failed to parse class `State` line 9, column 146 current parser state: | `` | `    <eStructuralFeatures xsi:type=""ecore:EReference"" name=""transition"" upperBound=""-1""` parsing failed"
modelset/raw-data/repo-ecore-all/data/nicolasferry/BigML/metamodel/maksym.ecore,false,false,false,"parse: failed to parse modelset/raw-data/repo-ecore-all/data/nicolasferry/BigML/metamodel/maksym.ecore: unknown builtit class URL `http://www.eclipse.org/emf/2002/Ecore#//ELongObject` failed to parse structural features failed to parse class `ObjectNode` line 41, column 86 current parser state: | `` | `  </eClassifiers>` parsing failed"
modelset/raw-data/repo-ecore-all/data/nicolasgts/compiladores-projeto20172/org.xtext.example.mydsl/model/generated/MyDsl.ecore,true,false,false,"generate: timeout after 120s: /arachne/target/debug/arachne generate modelset/raw-data/repo-ecore-all/data/nicolasgts/compiladores-projeto20172/org.xtext.example.mydsl/model/generated/MyDsl.ecore -o /var/folders/24/3kt9vzrj6qzd_r760kn9ybsm0000gn/T/arachne-modelset-b3l8v7mw/generated-00681 -p modelset-00681-6c27274f [INFO  arachne] Starting code generation [INFO  arachne_codegen] Validating configuration [INFO  arachne_codegen] Parsing ecore metamodel: ""modelset/raw-data/repo-ecore-all/data/nicolasgts/compiladores-projeto20172/org.xtext.example.mydsl/model/generated/MyDsl.ecore"" [INFO  arachne_codegen] Generating Rust tokens"
modelset/raw-data/repo-ecore-all/data/nicolasiltis/ASD/courses/model/courses.ecore,true,true,true,
modelset/raw-data/repo-ecore-all/data/niksavis/mm-dsl/org.xtext.nv.dsl/src-gen/org/xtext/nv/dsl/mMDSL/impl/mMDSL.ecore,false,false,false,"parse: failed to parse modelset/raw-data/repo-ecore-all/data/niksavis/mm-dsl/org.xtext.nv.dsl/src-gen/org/xtext/nv/dsl/mMDSL/impl/mMDSL.ecore: unsupported `eType` path `ecore:EClass http://www.eclipse.org/emf/2002/Ecore#//EObject` failed to parse structural features failed to parse class `Expression` line 641, column 29 current parser state: | `` | `    <eStructuralFeatures xsi:type=""ecore:EReference"" name=""operand"" eType=""#//Expression""` parsing failed"
modelset/raw-data/repo-ecore-all/data/nikteg/TDA593/types.ecore,true,true,true,
modelset/raw-data/repo-ecore-all/data/ninaandal/prosjektTDT4250/prosjekt/prosjekt.ecore,true,true,true,
modelset/raw-data/repo-ecore-all/data/ninaandal/tdt4250/oving1APD/oving1APD.ecore,true,true,true,
modelset/raw-data/repo-ecore-all/data/ninaandal/tdt4250.3/oving1APD/oving1APD.ecore,true,true,true,
modelset/raw-data/repo-ecore-all/data/ninellenin/experiment/StandaloneExecutor/src/standalone/models/Tree.ecore,true,true,true,
modelset/raw-data/repo-ecore-all/data/ninellenin/experiment/org.emftext.language.presentation/metamodel/presentation.ecore,false,false,false,"parse: failed to parse modelset/raw-data/repo-ecore-all/data/ninellenin/experiment/org.emftext.language.presentation/metamodel/presentation.ecore: unexpected package content line 5, column 3 current parser state: | `<eSubpackages name=""literal"" nsURI=""http://www.emftext.org/language/presentation/literal""` | `      nsPrefix=""literal"">` parsing failed"
modelset/raw-data/repo-ecore-all/data/nishanthtgwda/CORE/model/CORE.ecore,true,true,true,
modelset/raw-data/repo-ecore-all/data/njhurtado/CSharpArchId/model/cSharpArchId.ecore,true,true,true,
modelset/raw-data/repo-ecore-all/data/nlohmann/service-technology.org/Service-Tech-Java/greta/hub.top.greta/model/adaptiveSystem.ecore,true,true,true,
modelset/raw-data/repo-ecore-all/data/nlohmann/service-technology.org/Service-Tech-Java/seda/hub.top.editor.lola.text/resources/ptnetLoLA.ecore,true,true,true,
modelset/raw-data/repo-ecore-all/data/nloke/emfjson-gwt/org.eclipselabs.emfjson.gwt.test/model/model.ecore,false,false,false,"parse: failed to parse modelset/raw-data/repo-ecore-all/data/nloke/emfjson-gwt/org.eclipselabs.emfjson.gwt.test/model/model.ecore: unknown builtit class URL `http://www.eclipse.org/emf/2002/Ecore#//EDate` failed to parse structural features failed to parse class `User` line 11, column 142 current parser state: | `` | `    <eStructuralFeatures xsi:type=""ecore:EAttribute"" name=""sex"" eType=""#//Sex""/>` parsing failed"
modelset/raw-data/repo-ecore-all/data/nmacedo/MSV/Systems/HSM2NHSM/Resources/HSM.ecore,true,true,true,
modelset/raw-data/repo-ecore-all/data/nmacedo/MSV/Systems/HSM2NHSM/Resources/NHSM.ecore,true,true,true,
modelset/raw-data/repo-ecore-all/data/nsalleron/DroneChoregraphie/eclipse_project/fr.idmteam1.idmproject.dronedsl/model/generated/DroneDSL.ecore,false,false,false,"parse: failed to parse modelset/raw-data/repo-ecore-all/data/nsalleron/DroneChoregraphie/eclipse_project/fr.idmteam1.idmproject.dronedsl/model/generated/DroneDSL.ecore: unsupported `eType` path `ecore:EClass http://www.eclipse.org/emf/2002/Ecore#//EObject` failed to parse structural features failed to parse class `FonctionDecl` line 136, column 29 current parser state: | `` | `  </eClassifiers>` parsing failed"
modelset/raw-data/repo-ecore-all/data/nsalleron/DroneChoregraphie/eclipse_project/fr.idmteam1.idmproject.dronedsl/model/generated/DroneDSLLib.ecore,false,false,false,"parse: failed to parse modelset/raw-data/repo-ecore-all/data/nsalleron/DroneChoregraphie/eclipse_project/fr.idmteam1.idmproject.dronedsl/model/generated/DroneDSLLib.ecore: unsupported `eType` path `ecore:EClass http://www.eclipse.org/emf/2002/Ecore#//EObject` failed to parse structural features failed to parse class `FonctionDecl` line 96, column 29 current parser state: | `` | `  </eClassifiers>` parsing failed"
modelset/raw-data/repo-ecore-all/data/nspan/ASEME/StateChartDesign/model/StateChart.ecore,true,true,true,
modelset/raw-data/repo-ecore-all/data/nteg/MDSD/sandbox/cpe/de.nagarro.nteg.domain.model/de.nagarro.nteg.domain.model/model/generated/Domainmodel.ecore,true,true,true,
modelset/raw-data/repo-ecore-all/data/nteg/MDSD/sandbox/rto/com.nagarro.appbuilder/model/generated/AppBuilderDSL.ecore,true,true,true,
modelset/raw-data/repo-ecore-all/data/nuha77/MiSAR/PSM.ecore,true,true,true,
modelset/raw-data/repo-ecore-all/data/nyikasandor/public.gamma.cpp/plugins/hu.bme.mit.gamma.expression.model/model/expression.ecore,false,false,false,"parse: failed to parse modelset/raw-data/repo-ecore-all/data/nyikasandor/public.gamma.cpp/plugins/hu.bme.mit.gamma.expression.model/model/expression.ecore: unknown builtit class URL `http://www.eclipse.org/emf/2002/Ecore#//EBigInteger` failed to parse structural features failed to parse class `IntegerLiteralExpression` line 137, column 159 current parser state: | `` | `  </eClassifiers>` parsing failed"
modelset/raw-data/repo-ecore-all/data/occiware/OCCI-Studio/plugins/org.eclipse.cmf.occi.core/model/OCCI.ecore,false,false,false,"parse: failed to parse modelset/raw-data/repo-ecore-all/data/occiware/OCCI-Studio/plugins/org.eclipse.cmf.occi.core/model/OCCI.ecore: unexpected structural feature attribute `eKeys` failed to parse structural features failed to parse class `Extension` line 306, column 68 current parser state: | `/>` | `    <eStructuralFeatures xsi:type=""ecore:EReference"" name=""mixins"" upperBound=""-1""` parsing failed"
modelset/raw-data/repo-ecore-all/data/oleg82upb/lina4wm-tools/LowLevelLanguage-outdated/de.upb.lina.lll.expressions/src-gen/de/upb/lina/lll/Expressions.ecore,false,false,false,"parse: failed to parse modelset/raw-data/repo-ecore-all/data/oleg82upb/lina4wm-tools/LowLevelLanguage-outdated/de.upb.lina.lll.expressions/src-gen/de/upb/lina/lll/Expressions.ecore: unknown builtit class URL `http://www.eclipse.org/emf/2002/Ecore#//EBigDecimal` failed to parse structural features failed to parse class `NumberValue` line 11, column 147 current parser state: | `` | `  </eClassifiers>` parsing failed"
modelset/raw-data/repo-ecore-all/data/olegsergeyev/lab/plugins/org.eclipse.emf.gwt.ecore/model/Ecore.ecore,false,false,false,"parse: failed to parse modelset/raw-data/repo-ecore-all/data/olegsergeyev/lab/plugins/org.eclipse.emf.gwt.ecore/model/Ecore.ecore: Missing attribute `eType` in structural feature `instanceClass` failed to parse structural features failed to parse class `EClassifier` line 118, column 57 current parser state: | `` | `      <eGenericType eClassifier=""#//EJavaClass"">` parsing failed"
modelset/raw-data/repo-ecore-all/data/olegsergeyev/lab/tests/org.eclipse.emf.test.common/models/PrimerPO/PrimerPO.ecore,false,false,false,"parse: failed to parse modelset/raw-data/repo-ecore-all/data/olegsergeyev/lab/tests/org.eclipse.emf.test.common/models/PrimerPO/PrimerPO.ecore: unknown builtit class URL `http://www.eclipse.org/emf/2002/Ecore#//EDiagnosticChain` failed to parse class operation failed to parse class `USAddress` line 19, column 121 current parser state: | `` | `      <eParameters name=""context"">` parsing failed"
modelset/raw-data/repo-ecore-all/data/olegsergeyev/lab/tests/org.eclipse.emf.test.tools/data/ant.expected/models/5.0/creation/library.ecore/emf/library.ecore,true,true,true,
modelset/raw-data/repo-ecore-all/data/olegsergeyev/lab/tests/org.eclipse.emf.test.tools/data/ant.expected/models/5.0/reload/library.xsds/emf/library.ecore,false,false,false,"parse: failed to parse modelset/raw-data/repo-ecore-all/data/olegsergeyev/lab/tests/org.eclipse.emf.test.tools/data/ant.expected/models/5.0/reload/library.xsds/emf/library.ecore: unknown builtit class URL `http://www.eclipse.org/emf/2003/XMLType#//String` failed to parse structural features failed to parse class `Library` line 9, column 154 current parser state: | `` | `      <eAnnotations source=""http:///org/eclipse/emf/ecore/util/ExtendedMetaData"">` parsing failed"
modelset/raw-data/repo-ecore-all/data/olemeyer/eu.cloudwave.ude.fcore.editor/model/fcore.ecore,true,true,true,
modelset/raw-data/repo-ecore-all/data/oliver-reinhard/ddd/com.mimacom.ddd.dm.dmx/model/dmx.ecore,false,false,false,"parse: failed to parse modelset/raw-data/repo-ecore-all/data/oliver-reinhard/ddd/com.mimacom.ddd.dm.dmx/model/dmx.ecore: unsupported `eType` path `../../com.mimacom.ddd.dm.base/model/base.ecore#//DModel` line 9, column 18 current parser state: | `` | `  <eClassifiers xsi:type=""ecore:EClass"" name=""DmxTest"" eSuperTypes=""../../com.mimacom.ddd.dm.base/model/base.ecore#//INavigableMemberContainer"">` parsing failed"
modelset/raw-data/repo-ecore-all/data/oliver-reinhard/ddd/com.mimacom.ddd.dm.esm/model/esm.ecore,false,false,false,"parse: failed to parse modelset/raw-data/repo-ecore-all/data/oliver-reinhard/ddd/com.mimacom.ddd.dm.esm/model/esm.ecore: unsupported `eType` path `ecore:EClass ../../com.mimacom.ddd.dm.base/model/base.ecore#//DEntityType` failed to parse structural features failed to parse class `EsmEntityStateModel` line 5, column 152 current parser state: | `` | `  </eClassifiers>` parsing failed"
modelset/raw-data/repo-ecore-all/data/olofekelund/BachelorThesis/org.language/model/generated/ReqLanguage.ecore,false,false,false,"parse: failed to parse modelset/raw-data/repo-ecore-all/data/olofekelund/BachelorThesis/org.language/model/generated/ReqLanguage.ecore: unsupported `eType` path `ecore:EClass http://www.eclipse.org/emf/2002/Ecore#//EObject` failed to parse structural features failed to parse class `Requirement` line 14, column 29 current parser state: | `` | `  </eClassifiers>` parsing failed"
modelset/raw-data/repo-ecore-all/data/oovever/MetaModel/org.eclipse.sirius.architecture/model/architecture.ecore,false,false,false,"parse: failed to parse modelset/raw-data/repo-ecore-all/data/oovever/MetaModel/org.eclipse.sirius.architecture/model/architecture.ecore: unknown builtit class URL `http://www.eclipse.org/emf/2002/Ecore#//EJavaObject` failed to parse structural features failed to parse class `Port` line 53, column 143 current parser state: | `` | `    <eStructuralFeatures xsi:type=""ecore:EAttribute"" name=""simple"" eType=""ecore:EDataType http://www.eclipse.org/emf/2003/XMLType#//Boolean""/>` parsing failed"
modelset/raw-data/repo-ecore-all/data/opcoach/restaurant/com.opcoach.restaurant/model/restaurant.ecore,false,false,false,"parse: failed to parse modelset/raw-data/repo-ecore-all/data/opcoach/restaurant/com.opcoach.restaurant/model/restaurant.ecore: unsupported `eType` path `ecore:EClass ../../com.opcoach.restaurant.menu/model/menu.ecore#//Menu` failed to parse structural features failed to parse class `Restaurant` line 7, column 29 current parser state: | `` | `    <eStructuralFeatures xsi:type=""ecore:EReference"" name=""tables"" upperBound=""-1""` parsing failed"
modelset/raw-data/repo-ecore-all/data/openETCS/eclipse-platform-evaluation/bundles/org.openetcs.model/src-gen/org/openetcs/dsl/Expression.ecore,false,false,false,"parse: failed to parse modelset/raw-data/repo-ecore-all/data/openETCS/eclipse-platform-evaluation/bundles/org.openetcs.model/src-gen/org/openetcs/dsl/Expression.ecore: unsupported `eType` path `ecore:EClass ../../../../model/model.ecore#//types/Function` failed to parse structural features failed to parse class `FunctionCall` line 30, column 139 current parser state: | `` | `    <eStructuralFeatures xsi:type=""ecore:EReference"" name=""params"" eType=""#//ExpressionList""` parsing failed"
modelset/raw-data/repo-ecore-all/data/opendata-for-all/api-tester/metamodels/testsuite/som.rest.test.metamodel/model/TestSuite.ecore,false,false,false,"parse: failed to parse modelset/raw-data/repo-ecore-all/data/opendata-for-all/api-tester/metamodels/testsuite/som.rest.test.metamodel/model/TestSuite.ecore: unknown builtit class URL `http://www.eclipse.org/emf/2002/Ecore#//EIntegerObject` failed to parse structural features failed to parse class `SLAAssertion` line 53, column 149 current parser state: | `` | `  </eClassifiers>` parsing failed"
modelset/raw-data/repo-ecore-all/data/openworm/org.geppetto.model/src/main/resources/geppettoModel.ecore,false,false,false,"parse: failed to parse modelset/raw-data/repo-ecore-all/data/openworm/org.geppetto.model/src/main/resources/geppettoModel.ecore: unknown builtit class URL `http://www.eclipse.org/emf/2003/XMLType#//String` failed to parse structural features failed to parse class `GeppettoModel` line 28, column 32 current parser state: | `` | `      <eAnnotations source=""http://www.eclipse.org/emf/2002/GenModel"">` parsing failed"
modelset/raw-data/repo-ecore-all/data/openworm/pygeppetto/pygeppetto/ecore/geppettoModel.ecore,false,false,false,"parse: failed to parse modelset/raw-data/repo-ecore-all/data/openworm/pygeppetto/pygeppetto/ecore/geppettoModel.ecore: unknown builtit class URL `http://www.eclipse.org/emf/2003/XMLType#//String` failed to parse structural features failed to parse class `GeppettoModel` line 34, column 32 current parser state: | `` | `      <eAnnotations source=""http://www.eclipse.org/emf/2002/GenModel"">` parsing failed"
modelset/raw-data/repo-ecore-all/data/oraclebill/edairy_desktop/plugins/com.agritrace.edairy.desktop.common.model/src/com/agritrace/edairy/desktop/common/model/dairy.ecore,false,false,false,"parse: failed to parse modelset/raw-data/repo-ecore-all/data/oraclebill/edairy_desktop/plugins/com.agritrace.edairy.desktop.common.model/src/com/agritrace/edairy/desktop/common/model/dairy.ecore: unknown builtit class URL `common.ecore#//UniqueID` failed to parse structural features failed to parse class `Vehicle` line 8, column 68 current parser state: | `` | `    <eStructuralFeatures xsi:type=""ecore:EAttribute"" name=""registrationNumber"" lowerBound=""1""` parsing failed"
modelset/raw-data/repo-ecore-all/data/orcc/orcc/eclipse/plugins/net.sf.orcc.core/model/Df.ecore,false,false,false,"parse: failed to parse modelset/raw-data/repo-ecore-all/data/orcc/orcc/eclipse/plugins/net.sf.orcc.core/model/Df.ecore: unsupported `eType` path `ecore:EClass Ir.ecore#//Var` failed to parse structural features failed to parse class `Unit` line 6, column 88 current parser state: | `` | `    <eStructuralFeatures xsi:type=""ecore:EAttribute"" name=""fileName"" eType=""ecore:EDataType http://www.eclipse.org/emf/2002/Ecore#//EString""/>` parsing failed"
modelset/raw-data/repo-ecore-all/data/oreon/myxtext/model/generated/DomainDsl.ecore,true,true,true,
modelset/raw-data/repo-ecore-all/data/oreon/sfcode/org.xtext.example.start/src-gen/org/xtext/example/Entities.ecore,true,true,true,
modelset/raw-data/repo-ecore-all/data/orichalque/small_uml/SmallUML/model/smalluml.ecore,true,true,true,
modelset/raw-data/repo-ecore-all/data/osamu-k/XTextStudy/statemachine/org.xtext.example.statemachine/model/generated/Statemachine.ecore,true,true,true,
modelset/raw-data/repo-ecore-all/data/osate/ErrorModelV2/org.osate.aadl2.errormodel.faulttree/model/FaultTree.ecore,false,false,false,"parse: failed to parse modelset/raw-data/repo-ecore-all/data/osate/ErrorModelV2/org.osate.aadl2.errormodel.faulttree/model/FaultTree.ecore: unsupported `eType` path `ecore:EClass http://www.eclipse.org/emf/2002/Ecore#//EObject` failed to parse structural features failed to parse class `FaultTree` line 9, column 144 current parser state: | `` | `    <eStructuralFeatures xsi:type=""ecore:EReference"" name=""events"" upperBound=""-1""` parsing failed"
modelset/raw-data/repo-ecore-all/data/osate/aadl2altarica/org.osate.altarica/model/generated/Altarica.ecore,false,false,false,"parse: failed to parse modelset/raw-data/repo-ecore-all/data/osate/aadl2altarica/org.osate.altarica/model/generated/Altarica.ecore: unsupported `eType` path `ecore:EClass http://www.eclipse.org/emf/2002/Ecore#//EObject` failed to parse structural features failed to parse class `Instruction` line 37, column 29 current parser state: | `` | `  </eClassifiers>` parsing failed"
modelset/raw-data/repo-ecore-all/data/osate/osate2/core/org.osate.aadl2/model/aadl2.ecore,false,false,false,"parse: failed to parse modelset/raw-data/repo-ecore-all/data/osate/osate2/core/org.osate.aadl2/model/aadl2.ecore: expected tag `>` failed to parse structural feature annotation failed to parse structural features failed to parse class `Element` line 18, column 35 current parser state: | `/>` | `    </eStructuralFeatures>` parsing failed"
modelset/raw-data/repo-ecore-all/data/osate/osate2/emv2/org.osate.aadl2.errormodel.faulttree/model/FaultTree.ecore,false,false,false,"parse: failed to parse modelset/raw-data/repo-ecore-all/data/osate/osate2/emv2/org.osate.aadl2.errormodel.faulttree/model/FaultTree.ecore: unsupported `eType` path `ecore:EClass http://www.eclipse.org/emf/2002/Ecore#//EObject` failed to parse structural features failed to parse class `FaultTree` line 9, column 144 current parser state: | `` | `    <eStructuralFeatures xsi:type=""ecore:EReference"" name=""events"" upperBound=""-1""` parsing failed"
modelset/raw-data/repo-ecore-all/data/osate/osate2-core/org.osate.aadl2/model/aadl2.ecore,false,false,false,"parse: failed to parse modelset/raw-data/repo-ecore-all/data/osate/osate2-core/org.osate.aadl2/model/aadl2.ecore: expected tag `>` failed to parse structural feature annotation failed to parse structural features failed to parse class `Element` line 18, column 35 current parser state: | `/>` | `    </eStructuralFeatures>` parsing failed"
modelset/raw-data/repo-ecore-all/data/oscar9214/tesis/PictureMaker/ecore files/ArchimateRelations.ecore,true,false,false,"generate: timeout after 120s: /arachne/target/debug/arachne generate modelset/raw-data/repo-ecore-all/data/oscar9214/tesis/PictureMaker/ecore files/ArchimateRelations.ecore -o /var/folders/24/3kt9vzrj6qzd_r760kn9ybsm0000gn/T/arachne-modelset-b3l8v7mw/generated-00731 -p modelset-00731-ccbedae4 [INFO  arachne] Starting code generation [INFO  arachne_codegen] Validating configuration [INFO  arachne_codegen] Parsing ecore metamodel: ""modelset/raw-data/repo-ecore-all/data/oscar9214/tesis/PictureMaker/ecore files/ArchimateRelations.ecore"" [WARN  ecore_rs::parser::raw] `eOpposite` attributes are currently not supported, ignoring [WARN  ecore_rs::parser::raw] `eOpposite` attributes are currently not supported, ignoring [INFO  arachne_codegen] Generating Rust tokens [INFO  arachne_codegen] Generating classifiers... [INFO  arachne_codegen] Generating reference manager..."
modelset/raw-data/repo-ecore-all/data/oskanberg/MODE-A/bin/MediaLibrary.ecore,false,false,false,"parse: failed to parse modelset/raw-data/repo-ecore-all/data/oskanberg/MODE-A/bin/MediaLibrary.ecore: unknown builtit class URL `http://www.eclipse.org/emf/2002/Ecore#//EBooleanObject` failed to parse structural features failed to parse class `EReader` line 41, column 154 current parser state: | `` | `    <eStructuralFeatures xsi:type=""ecore:EAttribute"" name=""audioEnabled"" eType=""ecore:EDataType http://www.eclipse.org/emf/2002/Ecore#//EBooleanObject""/>` parsing failed"
modelset/raw-data/repo-ecore-all/data/oskanberg/MODE-B/MODE-B/MediaLibrary.ecore,false,false,false,"parse: failed to parse modelset/raw-data/repo-ecore-all/data/oskanberg/MODE-B/MODE-B/MediaLibrary.ecore: expected tag `>` failed to parse class annotation failed to parse class `Ecosystem` line 11, column 39 current parser state: | `/>` | `    <eStructuralFeatures xsi:type=""ecore:EReference"" name=""libraries"" lowerBound=""1""` parsing failed"
modelset/raw-data/repo-ecore-all/data/ot-ryan-riggs/archi/com.archimatetool.model/model/archimate.ecore,false,false,false,"parse: failed to parse modelset/raw-data/repo-ecore-all/data/ot-ryan-riggs/archi/com.archimatetool.model/model/archimate.ecore: unexpected `eClassifiers` attribute `serializable` line 5, column 27 current parser state: | `/>` | `  <eClassifiers xsi:type=""ecore:EClass"" name=""Adapter"" abstract=""true"" interface=""true"">` parsing failed"
modelset/raw-data/repo-ecore-all/data/pablocmatos/TrabEngSist/model/SQL.ecore,true,true,true,
modelset/raw-data/repo-ecore-all/data/paetti1988/qmate/MATE/org.tud.inf.st.mbt.emf/model/actions.ecore,false,false,false,"parse: failed to parse modelset/raw-data/repo-ecore-all/data/paetti1988/qmate/MATE/org.tud.inf.st.mbt.emf/model/actions.ecore: unsupported `eType` path `ecore:EClass http://www.eclipse.org/emf/2002/Ecore#//EObject` failed to parse structural features failed to parse class `ActionReference` line 9, column 98 current parser state: | `` | `  </eClassifiers>` parsing failed"
modelset/raw-data/repo-ecore-all/data/paetti1988/qmate/MATE/org.tud.inf.st.mbt.emf/model/featuretree.ecore,false,false,false,"parse: failed to parse modelset/raw-data/repo-ecore-all/data/paetti1988/qmate/MATE/org.tud.inf.st.mbt.emf/model/featuretree.ecore: unsupported `eType` path `mbt.ecore#//core/AbstractModelElement` line 7, column 18 current parser state: | `` | `  <eClassifiers xsi:type=""ecore:EClass"" name=""TreeFeature"" eSuperTypes=""mbt.ecore#//features/Feature"">` parsing failed"
modelset/raw-data/repo-ecore-all/data/paetti1988/qmate/MATE/org.tud.inf.st.mbt.emf/model/guigraph.ecore,false,false,false,"parse: failed to parse modelset/raw-data/repo-ecore-all/data/paetti1988/qmate/MATE/org.tud.inf.st.mbt.emf/model/guigraph.ecore: unsupported `eType` path `ecore:EClass mbt.ecore#//rules/Predicate` failed to parse structural features failed to parse class `GuiGraph` line 10, column 29 current parser state: | `` | `    <eStructuralFeatures xsi:type=""ecore:EAttribute"" name=""invariantText"" eType=""ecore:EDataType http://www.eclipse.org/emf/2002/Ecore#//EString""` parsing failed"
modelset/raw-data/repo-ecore-all/data/paller42/orcc-iot/orcc/eclipse/plugins/net.sf.orcc.cal/model/generated/Cal.ecore,false,false,false,"parse: failed to parse modelset/raw-data/repo-ecore-all/data/paller42/orcc-iot/orcc/eclipse/plugins/net.sf.orcc.cal/model/generated/Cal.ecore: unknown builtit class URL `http://www.eclipse.org/emf/2002/Ecore#//EJavaObject` failed to parse structural features failed to parse class `AstState` line 136, column 27 current parser state: | `` | `  </eClassifiers>` parsing failed"
modelset/raw-data/repo-ecore-all/data/paller42/orcc-iot/orcc/eclipse/plugins/net.sf.orcc.models/model/Graph.ecore,false,false,false,"parse: failed to parse modelset/raw-data/repo-ecore-all/data/paller42/orcc-iot/orcc/eclipse/plugins/net.sf.orcc.models/model/Graph.ecore: unsupported `eType` path `Util.ecore#//Attributable` line 26, column 18 current parser state: | `` | `  <eClassifiers xsi:type=""ecore:EClass"" name=""Edge"" eSuperTypes=""Util.ecore#//Attributable"">` parsing failed"
modelset/raw-data/repo-ecore-all/data/parastuffs/infoy080_assignment4/ExtendedFamilies/ExtendedFamilies.ecore,true,true,true,
modelset/raw-data/repo-ecore-all/data/parastuffs/infoy080_assignment4/ExtendedFamilies/Families.ecore,true,true,true,
modelset/raw-data/repo-ecore-all/data/parastuffs/infoy080_assignment4/Families2Persons/Persons.ecore,true,true,true,
modelset/raw-data/repo-ecore-all/data/park-sungmoo/TadpoleForDBTools/com.hangum.tadpole.rdb.model/model/rdb.ecore,false,false,false,"parse: failed to parse modelset/raw-data/repo-ecore-all/data/park-sungmoo/TadpoleForDBTools/com.hangum.tadpole.rdb.model/model/rdb.ecore: expected tag `source` failed to parse class annotation failed to parse class `Table` line 20, column 18 current parser state: | `/>` | `    <eStructuralFeatures xsi:type=""ecore:EAttribute"" name=""schema"" eType=""ecore:EDataType http://www.eclipse.org/emf/2002/Ecore#//EString""/>` parsing failed"
modelset/raw-data/repo-ecore-all/data/patins1/ifc4emf/plugins/org.ifc4emf.metamodel.express/model/express.ecore,false,false,false,"parse: failed to parse modelset/raw-data/repo-ecore-all/data/patins1/ifc4emf/plugins/org.ifc4emf.metamodel.express/model/express.ecore: unexpected package content line 6, column 3 current parser state: | `<eSubpackages name=""rules"" nsURI=""http://express.ecore#//rules"" nsPrefix=""express_rules"">` | `    <eClassifiers xsi:type=""ecore:EClass"" name=""ONEOFConstraint"" eSuperTypes=""#//rules/SubtypeConstraint""/>` parsing failed"
modelset/raw-data/repo-ecore-all/data/patins1/ifc4emf/plugins/org.ifc4emf.metamodel.trace/model/trace.ecore,false,false,false,"parse: failed to parse modelset/raw-data/repo-ecore-all/data/patins1/ifc4emf/plugins/org.ifc4emf.metamodel.trace/model/trace.ecore: unsupported `eType` path `ecore:EClass http://www.eclipse.org/emf/2002/Ecore#//EObject` failed to parse structural features failed to parse class `Trace` line 9, column 79 current parser state: | `` | `    <eStructuralFeatures xsi:type=""ecore:EReference"" name=""rules"" unique=""false"" lowerBound=""1""` parsing failed"
modelset/raw-data/repo-ecore-all/data/patins1/raas4emf/plugins/raas.experiments.jaxbbased.metamodel.small_test_final/model/small_test_final.ecore,false,false,false,"parse: failed to parse modelset/raw-data/repo-ecore-all/data/patins1/raas4emf/plugins/raas.experiments.jaxbbased.metamodel.small_test_final/model/small_test_final.ecore: unexpected package attribute `xmi:id` expected one of `name` `nsURI` `nsPrefix` `xmi:version` `xmlns:xmi` `xmlns:xsi` `xmlns:ecore` line 5, column 5 current parser state: | `name=""raas_small_test"" nsURI=""http://smartservicescrc.com.au/raas/small_test""` | `    nsPrefix=""rst"">` parsing failed"
modelset/raw-data/repo-ecore-all/data/patrickfav/tuwien/master/SWAG - Software Architectures/swag.model/src/metamodel/metamodel.ecore,true,true,true,
modelset/raw-data/repo-ecore-all/data/patrickneubauer/ECSS/evaluation-resources/default-ecore/PP_1.ecore,true,false,false,"generate: timeout after 120s: /arachne/target/debug/arachne generate modelset/raw-data/repo-ecore-all/data/patrickneubauer/ECSS/evaluation-resources/default-ecore/PP_1.ecore -o /var/folders/24/3kt9vzrj6qzd_r760kn9ybsm0000gn/T/arachne-modelset-b3l8v7mw/generated-00749 -p modelset-00749-5d8ef0ca [INFO  arachne] Starting code generation [INFO  arachne_codegen] Validating configuration [INFO  arachne_codegen] Parsing ecore metamodel: ""modelset/raw-data/repo-ecore-all/data/patrickneubauer/ECSS/evaluation-resources/default-ecore/PP_1.ecore"" [INFO  arachne_codegen] Generating Rust tokens"
modelset/raw-data/repo-ecore-all/data/patrickneubauer/ECSS/evaluation-resources/uk.ac.york.cs.ecss.domains/uk.ac.york.cs.ecss.domains.parent/uk.ac.york.cs.ecss.domains/models/PP_2.ecore,true,false,false,"generate: timeout after 120s: /arachne/target/debug/arachne generate modelset/raw-data/repo-ecore-all/data/patrickneubauer/ECSS/evaluation-resources/uk.ac.york.cs.ecss.domains/uk.ac.york.cs.ecss.domains.parent/uk.ac.york.cs.ecss.domains/models/PP_2.ecore -o /var/folders/24/3kt9vzrj6qzd_r760kn9ybsm0000gn/T/arachne-modelset-b3l8v7mw/generated-00750 -p modelset-00750-7bbe7c20 [INFO  arachne] Starting code generation [INFO  arachne_codegen] Validating configuration [INFO  arachne_codegen] Parsing ecore metamodel: ""modelset/raw-data/repo-ecore-all/data/patrickneubauer/ECSS/evaluation-resources/uk.ac.york.cs.ecss.domains/uk.ac.york.cs.ecss.domains.parent/uk.ac.york.cs.ecss.domains/models/PP_2.ecore"" [INFO  arachne_codegen] Generating Rust tokens"
modelset/raw-data/repo-ecore-all/data/patrickneubauer/UoY-MODE-XTEXT/Entity DSL Projects/uk.ac.york.cs.entities/model/entities.ecore,true,true,true,
modelset/raw-data/repo-ecore-all/data/patrickneubauer/UoY-MODE-XTEXT/State Machine DSL Projects/uk.ac.york.cs.statemachines/model/statemachines.ecore,true,true,true,
modelset/raw-data/repo-ecore-all/data/patrickneubauer/XMLIntellEdit/individual-experiments/SandboxProject/metamodels/imports.ecore,false,false,false,"parse: failed to parse modelset/raw-data/repo-ecore-all/data/patrickneubauer/XMLIntellEdit/individual-experiments/SandboxProject/metamodels/imports.ecore: unknown builtit class URL `http://www.eclipse.org/emf/2003/XMLType#//String` failed to parse structural features failed to parse class `BookType` line 9, column 155 current parser state: | `` | `      <eAnnotations source=""http:///org/eclipse/emf/ecore/util/ExtendedMetaData"">` parsing failed"
modelset/raw-data/repo-ecore-all/data/patrickneubauer/XMLIntellEdit/use-cases/AME_2016/XMLTextFramework/library3.ecore,false,false,false,"parse: failed to parse modelset/raw-data/repo-ecore-all/data/patrickneubauer/XMLIntellEdit/use-cases/AME_2016/XMLTextFramework/library3.ecore: unknown builtit class URL `http://www.eclipse.org/emf/2002/Ecore#//EFeatureMapEntry` failed to parse structural features failed to parse class `BookInfoType` line 13, column 106 current parser state: | `` | `      <eAnnotations source=""http:///org/eclipse/emf/ecore/util/ExtendedMetaData"">` parsing failed"
modelset/raw-data/repo-ecore-all/data/patrickneubauer/XMLIntellEdit/xmlintelledit/xmltext/examples/library3-base.ecore,false,false,false,"parse: failed to parse modelset/raw-data/repo-ecore-all/data/patrickneubauer/XMLIntellEdit/xmlintelledit/xmltext/examples/library3-base.ecore: unknown builtit class URL `http://www.eclipse.org/emf/2002/Ecore#//EFeatureMapEntry` failed to parse structural features failed to parse class `BookInfoType` line 13, column 106 current parser state: | `` | `      <eAnnotations source=""http:///org/eclipse/emf/ecore/util/ExtendedMetaData"">` parsing failed"
modelset/raw-data/repo-ecore-all/data/patrickneubauer/XMLIntellEdit/xmlintelledit/xmltext/examples/library3base.ecore,false,false,false,"parse: failed to parse modelset/raw-data/repo-ecore-all/data/patrickneubauer/XMLIntellEdit/xmlintelledit/xmltext/examples/library3base.ecore: unknown builtit class URL `http://www.eclipse.org/emf/2002/Ecore#//EFeatureMapEntry` failed to parse structural features failed to parse class `BookInfoType` line 13, column 106 current parser state: | `` | `      <eAnnotations source=""http:///org/eclipse/emf/ecore/util/ExtendedMetaData"">` parsing failed"
modelset/raw-data/repo-ecore-all/data/patrickneubauer/XMLIntellEdit/xmlintelledit/xmltext/examples/library3simple.ecore,false,false,false,"parse: failed to parse modelset/raw-data/repo-ecore-all/data/patrickneubauer/XMLIntellEdit/xmlintelledit/xmltext/examples/library3simple.ecore: Missing attribute `eType` in structural feature `name` failed to parse structural features failed to parse class `Book` line 18, column 91 current parser state: | `` | `      <eType xsi:type=""ecore:EDataType"" href=""http://www.eclipse.org/emf/2002/Ecore#//EString""/>` parsing failed"
modelset/raw-data/repo-ecore-all/data/patrickneubauer/XMLIntellEdit/xmlintelledit/xmltext/examples/simpleany.ecore,false,false,false,"parse: failed to parse modelset/raw-data/repo-ecore-all/data/patrickneubauer/XMLIntellEdit/xmlintelledit/xmltext/examples/simpleany.ecore: Missing attribute `eType` in structural feature `name` failed to parse structural features failed to parse class `Book` line 15, column 91 current parser state: | `` | `      <eType xsi:type=""ecore:EDataType"" href=""http://www.eclipse.org/emf/2002/Ecore#//EString""/>` parsing failed"
modelset/raw-data/repo-ecore-all/data/patrickneubauer/XMLIntellEdit/xmlintelledit/xmltext/examples/simpleanybase.ecore,false,false,false,"parse: failed to parse modelset/raw-data/repo-ecore-all/data/patrickneubauer/XMLIntellEdit/xmlintelledit/xmltext/examples/simpleanybase.ecore: unknown builtit class URL `http://www.eclipse.org/emf/2003/XMLType#//ID` failed to parse structural features failed to parse class `BookType` line 13, column 19 current parser state: | `` | `      <eAnnotations source=""http:///org/eclipse/emf/ecore/util/ExtendedMetaData"">` parsing failed"
modelset/raw-data/repo-ecore-all/data/patrickneubauer/XMLIntellEdit/xmlintelledit/xmltext/examples/testoutput1.ecore,false,false,false,"parse: failed to parse modelset/raw-data/repo-ecore-all/data/patrickneubauer/XMLIntellEdit/xmlintelledit/xmltext/examples/testoutput1.ecore: Missing attribute `eType` in structural feature `name` failed to parse structural features failed to parse class `Book` line 17, column 91 current parser state: | `` | `      <eType xsi:type=""ecore:EDataType"" href=""http://www.eclipse.org/emf/2002/Ecore#//EString""/>` parsing failed"
modelset/raw-data/repo-ecore-all/data/paulofpimenta/b-reactive/org.cirad.dsl.behaviormetamodel/model/behaviormetamodel.ecore,true,true,true,
modelset/raw-data/repo-ecore-all/data/paulvberlin/BaSiriusXtext/main/de.htw.activity.emf/model/activity.ecore,true,true,true,
modelset/raw-data/repo-ecore-all/data/pcdavid/org.eclipse.sirius/plugins/org.eclipse.sirius/model/viewpoint.ecore,false,false,false,"parse: failed to parse modelset/raw-data/repo-ecore-all/data/pcdavid/org.eclipse.sirius/plugins/org.eclipse.sirius/model/viewpoint.ecore: unknown builtit class URL `platform:/plugin/org.eclipse.emf.ecore/model/Ecore.ecore#//EString` failed to parse structural features failed to parse class `IdentifiedElement` line 10, column 20 current parser state: | `` | `  </eClassifiers>` parsing failed"
modelset/raw-data/repo-ecore-all/data/pcdavid/org.eclipse.sirius/plugins/org.eclipse.sirius.diagram/model/diagram.ecore,false,false,false,"parse: failed to parse modelset/raw-data/repo-ecore-all/data/pcdavid/org.eclipse.sirius/plugins/org.eclipse.sirius.diagram/model/diagram.ecore: unexpected structural feature attribute `eKeys` failed to parse structural features failed to parse class `DDiagram` line 75, column 100 current parser state: | `>` | `      <eAnnotations source=""http://www.eclipse.org/emf/2002/GenModel"">` parsing failed"
modelset/raw-data/repo-ecore-all/data/pcdavid/org.eclipse.sirius/plugins/org.eclipse.sirius.diagram.sequence/model/sequence.ecore,false,false,false,"parse: failed to parse modelset/raw-data/repo-ecore-all/data/pcdavid/org.eclipse.sirius/plugins/org.eclipse.sirius.diagram.sequence/model/sequence.ecore: unsupported `eType` path `../../org.eclipse.sirius.diagram/model/diagram.ecore#//DSemanticDiagram` line 12, column 18 current parser state: | `` | `  <eSubpackages name=""description"" nsURI=""http://www.eclipse.org/sirius/diagram/sequence/description/2.0.0""` parsing failed"
modelset/raw-data/repo-ecore-all/data/pcdavid/org.eclipse.sirius/plugins/org.eclipse.sirius.table/model/table.ecore,false,false,false,"parse: failed to parse modelset/raw-data/repo-ecore-all/data/pcdavid/org.eclipse.sirius/plugins/org.eclipse.sirius.table/model/table.ecore: unknown builtit class URL `platform:/plugin/org.eclipse.emf.ecore/model/Ecore.ecore#//EInt` failed to parse structural features failed to parse class `DTable` line 7, column 168 current parser state: | `` | `    <eStructuralFeatures xsi:type=""ecore:EReference"" name=""description"" eType=""#//description/TableDescription""/>` parsing failed"
modelset/raw-data/repo-ecore-all/data/pcdavid/org.eclipse.sirius/plugins/org.eclipse.sirius.tests.junit/data/unit/refresh/VP-3777/3777.ecore,true,true,true,
modelset/raw-data/repo-ecore-all/data/pcdavid/org.eclipse.sirius/plugins/org.eclipse.sirius.tests.junit/data/unit/refresh/tooltip/vp-2025/vp-2025.ecore,true,true,true,
modelset/raw-data/repo-ecore-all/data/pcdavid/org.eclipse.sirius/plugins/org.eclipse.sirius.tests.sample.xtext.statemachine/model/generated/Statemachine.ecore,true,true,true,
modelset/raw-data/repo-ecore-all/data/pcdavid/org.eclipse.sirius/plugins/org.eclipse.sirius.tree/model/tree.ecore,false,false,false,"parse: failed to parse modelset/raw-data/repo-ecore-all/data/pcdavid/org.eclipse.sirius/plugins/org.eclipse.sirius.tree/model/tree.ecore: unsupported `eType` path `ecore:EClass platform:/plugin/org.eclipse.emf.ecore/model/Ecore.ecore#//EObject` failed to parse structural features failed to parse class `DTree` line 6, column 98 current parser state: | `` | `    <eStructuralFeatures xsi:type=""ecore:EReference"" name=""description"" lowerBound=""1""` parsing failed"
modelset/raw-data/repo-ecore-all/data/pedercinirita/StateMachineEasyDSL/org.xtext.statemachine.dsl/model/generated/StateMachineDsl.ecore,false,false,false,"parse: failed to parse modelset/raw-data/repo-ecore-all/data/pedercinirita/StateMachineEasyDSL/org.xtext.statemachine.dsl/model/generated/StateMachineDsl.ecore: unsupported `eType` path `ecore:EClass http://www.eclipse.org/emf/2002/Ecore#//EObject` failed to parse structural features failed to parse class `Action` line 105, column 29 current parser state: | `` | `    <eStructuralFeatures xsi:type=""ecore:EReference"" name=""condition"" eType=""#//Condition""` parsing failed"
modelset/raw-data/repo-ecore-all/data/pedrorleonardo/teseVisualino/eclipse project/imported/org.eclipse.epsilon.examples.standalone/src/org/eclipse/epsilon/examples/standalone/models/Tree.ecore,true,true,true,
modelset/raw-data/repo-ecore-all/data/pedrorleonardo/teseVisualino/eclipse project/imported/org.eclipse.epsilon.examples.standalone/src/org/eclipse/epsilon/examples/standalone/models/farrusco.ecore,true,true,true,
modelset/raw-data/repo-ecore-all/data/pedrorleonardo/teseVisualino/eclipse project/workspace/org.farrusco/model/farrusco.ecore,false,false,false,"parse: failed to parse modelset/raw-data/repo-ecore-all/data/pedrorleonardo/teseVisualino/eclipse project/workspace/org.farrusco/model/farrusco.ecore: expected tag `""` parsing a value for xml attribute `value` failed to parse class annotation failed to parse class `Espera` line 127, column 46 current parser state: | `o""/>` | `    </eAnnotations>` parsing failed"
modelset/raw-data/repo-ecore-all/data/pedrorleonardo/teseVisualino/eclipse project/workspace3/org.farrusco/model/farrusco.ecore,true,true,true,
modelset/raw-data/repo-ecore-all/data/pedrorleonardo/teseVisualino/eclipse project/workspace_pessoaldsls/LDE/metamodel/lde.ecore,false,false,false,"parse: failed to parse modelset/raw-data/repo-ecore-all/data/pedrorleonardo/teseVisualino/eclipse project/workspace_pessoaldsls/LDE/metamodel/lde.ecore: expected tag `""` parsing a value for xml attribute `defaultValueLiteral` failed to parse structural features failed to parse class `Mover_Tras` line 68, column 40 current parser state: | `s""/>` | `  </eClassifiers>` parsing failed"
modelset/raw-data/repo-ecore-all/data/perelengo/org.eclipse.papyrus.incubation/layers/plugins/org.eclipse.papyrus.infra.gmfdiag.layers.model/model/notation/notation.ecore,false,false,false,"parse: failed to parse modelset/raw-data/repo-ecore-all/data/perelengo/org.eclipse.papyrus.incubation/layers/plugins/org.eclipse.papyrus.infra.gmfdiag.layers.model/model/notation/notation.ecore: unsupported `eType` path `ecore:EClass platform:/plugin/org.eclipse.emf.ecore/model/Ecore.ecore#//EClass` failed to parse class operation failed to parse class `Edge` line 8, column 122 current parser state: | `` | `    </eOperations>` parsing failed"
modelset/raw-data/repo-ecore-all/data/peterkir/org.eclipse.oomph/plugins/org.eclipse.oomph.p2/model/P2.ecore,false,false,false,"parse: failed to parse modelset/raw-data/repo-ecore-all/data/peterkir/org.eclipse.oomph/plugins/org.eclipse.oomph.p2/model/P2.ecore: unsupported `eType` path `../../org.eclipse.oomph.base/model/Base.ecore#//ModelElement` line 27, column 18 current parser state: | `` | `  <eClassifiers xsi:type=""ecore:EClass"" name=""Configuration"" eSuperTypes=""../../org.eclipse.oomph.base/model/Base.ecore#//ModelElement"">` parsing failed"
modelset/raw-data/repo-ecore-all/data/petrfejfar/mde-oop-language-modelling/Project Workspace/behaviouralProgramMM/model/behaviouralProgramMM.ecore,true,true,true,
modelset/raw-data/repo-ecore-all/data/pgaufillet/eclipse-snippets/org.lpdql.automaton/model/automaton.ecore,true,true,true,
modelset/raw-data/repo-ecore-all/data/phillipus85/ETLMetricsDataset/2015-02/Individual Projects/Grupo 7/transformaciones/M2M/html5.ecore,true,true,true,
modelset/raw-data/repo-ecore-all/data/phillipus85/ETLMetricsDataset/2016-01/General Project/Grupo 11/Taller 2 Entrega 2/Gramatica Xtext SQL/org.xtext.sql/model/generated/SQL.ecore,true,true,true,
modelset/raw-data/repo-ecore-all/data/phillipus85/ETLMetricsDataset/2016-01/General Project/Grupo 2/TallerE1Java/model/tallerE1Java.ecore,true,true,true,
modelset/raw-data/repo-ecore-all/data/phillipus85/ETLMetricsDataset/2016-01/General Project/Grupo 3/TALLER2_ENTREGA_FINAL/co.edu.uniandes.GrammarSql/model/generated/GrammarSql.ecore,false,false,false,"parse: failed to parse modelset/raw-data/repo-ecore-all/data/phillipus85/ETLMetricsDataset/2016-01/General Project/Grupo 3/TALLER2_ENTREGA_FINAL/co.edu.uniandes.GrammarSql/model/generated/GrammarSql.ecore: unsupported `eType` path `ecore:EClass http://www.eclipse.org/emf/2002/Ecore#//EObject` failed to parse structural features failed to parse class `Table` line 11, column 98 current parser state: | `` | `  </eClassifiers>` parsing failed"
modelset/raw-data/repo-ecore-all/data/phillipus85/ETLMetricsDataset/2016-01/General Project/Grupo 4/modeloSQL/model/GenSql.ecore,true,true,true,
modelset/raw-data/repo-ecore-all/data/phillipus85/ETLMetricsDataset/2016-01/General Project/Grupo 4/taller3/co.edu.uniandes.GenSql/model/generated/GenSql.ecore,true,true,true,
modelset/raw-data/repo-ecore-all/data/phillipus85/ETLMetricsDataset/2016-01/General Project/Grupo 7/Gramatica/edu.uniandes.automatizacion.sql_crud_generator/model/generated/SqlCrudGenerator.ecore,true,true,true,
modelset/raw-data/repo-ecore-all/data/phillipus85/ETLMetricsDataset/2016-01/General Project/Grupo 9/gramaticaSQL/model/generated/SQL.ecore,true,true,true,
modelset/raw-data/repo-ecore-all/data/phillipus85/ETLMetricsDataset/2016-01/Individual Projects/Newsletter/NewsletterGenerator/M2M/HTML.ecore,true,true,true,
modelset/raw-data/repo-ecore-all/data/phoenix147/me2012/Test/model/Test.ecore,true,true,true,
modelset/raw-data/repo-ecore-all/data/phyllipecesar/compil/org.xtext.example.mydsl/model/generated/MyDsl.ecore,true,true,true,
modelset/raw-data/repo-ecore-all/data/piece/piece-ide/com.piece_framework.piece_ide.flow_designer.model/model/FlowDesigner.ecore,false,false,false,"parse: failed to parse modelset/raw-data/repo-ecore-all/data/piece/piece-ide/com.piece_framework.piece_ide.flow_designer.model/model/FlowDesigner.ecore: unexpected structural feature attribute `eKeys` failed to parse structural features failed to parse class `Source` line 28, column 67 current parser state: | `/>` | `  </eClassifiers>` parsing failed"
modelset/raw-data/repo-ecore-all/data/piotr-puczynski/esculapa-uml/dk.dtu.imm.esculapauml.core.tests/libs/ocl/model/OCL.ecore,false,false,false,"parse: failed to parse modelset/raw-data/repo-ecore-all/data/piotr-puczynski/esculapa-uml/dk.dtu.imm.esculapauml.core.tests/libs/ocl/model/OCL.ecore: unexpected package content line 6, column 3 current parser state: | `<eSubpackages name=""types"" nsURI=""http://www.eclipse.org/ocl/1.1.0/OCL/Types"" nsPrefix=""ocl.types"">` | `    <eClassifiers xsi:type=""ecore:EClass"" name=""AnyType"">` parsing failed"
modelset/raw-data/repo-ecore-all/data/piotr-puczynski/esculapa-uml/dk.dtu.imm.esculapauml.core.tests/libs/ocl/model/OCLCST.ecore,false,false,false,"parse: failed to parse modelset/raw-data/repo-ecore-all/data/piotr-puczynski/esculapa-uml/dk.dtu.imm.esculapauml.core.tests/libs/ocl/model/OCLCST.ecore: unexpected package content line 6, column 3 current parser state: | `<eSubpackages name=""cst"" nsURI=""http://www.eclipse.org/ocl/1.1.0/OCL/CST"" nsPrefix=""ocl.cst"">` | `    <eClassifiers xsi:type=""ecore:EClass"" name=""CSTNode"" abstract=""true"">` parsing failed"
modelset/raw-data/repo-ecore-all/data/piotr-puczynski/esculapa-uml/dk.dtu.imm.esculapauml.core.tests/libs/ocl/model/OCLUML.ecore,false,false,false,"parse: failed to parse modelset/raw-data/repo-ecore-all/data/piotr-puczynski/esculapa-uml/dk.dtu.imm.esculapauml.core.tests/libs/ocl/model/OCLUML.ecore: unexpected package content line 6, column 3 current parser state: | `<eSubpackages name=""uml"" nsURI=""http://www.eclipse.org/ocl/1.1.0/UML"" nsPrefix=""ocl.uml"">` | `    <eClassifiers xsi:type=""ecore:EClass"" name=""AnyType"">` parsing failed"
modelset/raw-data/repo-ecore-all/data/pjeanjean/ale-repl/environment/org.eclipse.emf.ecoretools.ale.xtext/model/generated/Ale.ecore,false,false,false,"parse: failed to parse modelset/raw-data/repo-ecore-all/data/pjeanjean/ale-repl/environment/org.eclipse.emf.ecoretools.ale.xtext/model/generated/Ale.ecore: unsupported `eType` path `ecore:EClass http://www.eclipse.org/emf/2002/Ecore#//EObject` failed to parse structural features failed to parse class `ExpressionStmt` line 143, column 29 current parser state: | `` | `  </eClassifiers>` parsing failed"
modelset/raw-data/repo-ecore-all/data/pjeanjean/ale-repl/languages/minijava/org.tetrabox.minijava.xtext/model/MiniJava.ecore,false,false,false,"parse: failed to parse modelset/raw-data/repo-ecore-all/data/pjeanjean/ale-repl/languages/minijava/org.tetrabox.minijava.xtext/model/MiniJava.ecore: expected tag `>` failed to parse class annotation failed to parse class `Context` line 245, column 34 current parser state: | `/>` | `    <eAnnotations source=""RuntimeData""/>` parsing failed"
modelset/raw-data/repo-ecore-all/data/pjeanjean/logo-ale/fr.inria.diverse.logo.model/model/logo.ecore,false,false,false,"parse: failed to parse modelset/raw-data/repo-ecore-all/data/pjeanjean/logo-ale/fr.inria.diverse.logo.model/model/logo.ecore: unexpected package content line 17, column 3 current parser state: | `<eSubpackages name=""statement"" nsURI=""http://www.example.org/logo/statement"" nsPrefix=""statement"">` | `    <eClassifiers xsi:type=""ecore:EClass"" name=""Right"" eSuperTypes=""#//Statement"">` parsing failed"
modelset/raw-data/repo-ecore-all/data/pjeanjean/sle2019-artifact/languages/minijava/org.tetrabox.minijava.xtext/model/MiniJava.ecore,false,false,false,"parse: failed to parse modelset/raw-data/repo-ecore-all/data/pjeanjean/sle2019-artifact/languages/minijava/org.tetrabox.minijava.xtext/model/MiniJava.ecore: Missing attribute `eType` in structural feature `name` failed to parse structural features failed to parse class `Program` line 4, column 66 current parser state: | `` | `      <eType xsi:type=""ecore:EDataType"" href=""http://www.eclipse.org/emf/2002/Ecore#//EString""/>` parsing failed"
modelset/raw-data/repo-ecore-all/data/plamkata/TestProjects/Eclipse Projects/Solynchron/net.sf.rcpforms.examples.emf/model/Test.ecore,false,false,false,"parse: failed to parse modelset/raw-data/repo-ecore-all/data/plamkata/TestProjects/Eclipse Projects/Solynchron/net.sf.rcpforms.examples.emf/model/Test.ecore: unknown builtit class URL `http://www.eclipse.org/emf/2002/Ecore#//EDate` failed to parse structural features failed to parse class `TestModel` line 9, column 142 current parser state: | `` | `    <eStructuralFeatures xsi:type=""ecore:EAttribute"" name=""overdrawAccount"" eType=""ecore:EDataType http://www.eclipse.org/emf/2002/Ecore#//EBooleanObject""/>` parsing failed"
modelset/raw-data/repo-ecore-all/data/planger/moliz/org.modelexecution.fuml/model/fUML.ecore,false,false,false,"parse: failed to parse modelset/raw-data/repo-ecore-all/data/planger/moliz/org.modelexecution.fuml/model/fUML.ecore: unexpected package content line 4, column 3 current parser state: | `<eSubpackages name=""Syntax"" nsURI=""http://www.modelexecution.org/fuml/syntax"" nsPrefix=""fUML.Syntax"">` | `    <eSubpackages name=""CommonBehaviors"" nsURI=""http://www.modelexecution.org/fuml/syntax/commonbehaviors""` parsing failed"
modelset/raw-data/repo-ecore-all/data/planger/moliz/org.modelexecution.fuml.convert.fuml.gen/model/fUML.ecore,false,false,false,"parse: failed to parse modelset/raw-data/repo-ecore-all/data/planger/moliz/org.modelexecution.fuml.convert.fuml.gen/model/fUML.ecore: unexpected package content line 4, column 3 current parser state: | `<eSubpackages name=""Syntax"" nsURI=""http://www.modelexecution.org/fuml/syntax"" nsPrefix=""fUML.Syntax"">` | `    <eSubpackages name=""CommonBehaviors"" nsURI=""http://www.modelexecution.org/fuml/syntax/commonbehaviors""` parsing failed"
modelset/raw-data/repo-ecore-all/data/pleleux-enseeiht/turnt-adventure-micro-projects/Process-Model-Validation/Part1/src/SimplePDL.ecore,true,true,true,
modelset/raw-data/repo-ecore-all/data/pleleux-enseeiht/turnt-adventure-micro-projects/Process-Model-Validation/Part2/src/SimplePDL.ecore,true,true,true,
modelset/raw-data/repo-ecore-all/data/plug-obp/dve-language/dve-model/model/DVE.ecore,false,false,false,"parse: failed to parse modelset/raw-data/repo-ecore-all/data/plug-obp/dve-language/dve-model/model/DVE.ecore: unexpected package content line 4, column 3 current parser state: | `<eSubpackages name=""model"" nsURI=""model"" nsPrefix=""model"">` | `    <eClassifiers xsi:type=""ecore:EClass"" name=""Element"" abstract=""true""/>` parsing failed"
modelset/raw-data/repo-ecore-all/data/plugbee/dslforge/examples/org.eclipse.xtext.example.domainmodel/model/generated/Domainmodel.ecore,true,true,true,
modelset/raw-data/repo-ecore-all/data/plugbee/dslforge/examples/org.eclipse.xtext.example.fowlerdsl/model/generated/Statemachine.ecore,true,true,true,
modelset/raw-data/repo-ecore-all/data/plutext/jaspersoftstudio/com.jaspersoft.studio.data.sql/src-gen/com/jaspersoft/studio/data/Sql.ecore,false,false,false,"parse: failed to parse modelset/raw-data/repo-ecore-all/data/plutext/jaspersoftstudio/com.jaspersoft.studio.data.sql/src-gen/com/jaspersoft/studio/data/Sql.ecore: unknown builtit class URL `http://www.eclipse.org/emf/2002/Ecore#//ELongObject` failed to parse structural features failed to parse class `Offset` line 25, column 145 current parser state: | `` | `  </eClassifiers>` parsing failed"
modelset/raw-data/repo-ecore-all/data/pnhoang/Selflet/Selflet/model/selflet.ecore,false,false,false,"parse: failed to parse modelset/raw-data/repo-ecore-all/data/pnhoang/Selflet/Selflet/model/selflet.ecore: unknown builtit class URL `http://www.eclipse.org/emf/2003/XMLType#//String` failed to parse structural features failed to parse class `Ability` line 26, column 82 current parser state: | `` | `      <eAnnotations source=""http:///org/eclipse/emf/ecore/util/ExtendedMetaData"">` parsing failed"
modelset/raw-data/repo-ecore-all/data/polarsys/ng661designer/model/scxml.ecore,false,false,false,"parse: failed to parse modelset/raw-data/repo-ecore-all/data/polarsys/ng661designer/model/scxml.ecore: unknown builtit class URL `http://www.eclipse.org/emf/2002/Ecore#//EFeatureMapEntry` failed to parse structural features failed to parse class `ScxmlOnexecuteType` line 27, column 121 current parser state: | `` | `      <eAnnotations source=""http:///org/eclipse/emf/ecore/util/ExtendedMetaData"">` parsing failed"
modelset/raw-data/repo-ecore-all/data/polarsys/time4sys/Time4Sys/plugins/org.polarsys.time4sys.trace/model/trace.ecore,false,false,false,"parse: failed to parse modelset/raw-data/repo-ecore-all/data/polarsys/time4sys/Time4Sys/plugins/org.polarsys.time4sys.trace/model/trace.ecore: unsupported `eType` path `platform:/plugin/org.eclipse.emf.ecore/model/Ecore.ecore#//EModelElement` line 20, column 18 current parser state: | `` | `  <eClassifiers xsi:type=""ecore:EClass"" name=""Event"" eSuperTypes=""platform:/plugin/org.eclipse.emf.ecore/model/Ecore.ecore#//EModelElement"">` parsing failed"
modelset/raw-data/repo-ecore-all/data/pollin14/IS_Esclavitud_webapp/web/WEB-INF/lib/classes/model/XMLType.ecore,false,false,false,"parse: failed to parse modelset/raw-data/repo-ecore-all/data/pollin14/IS_Esclavitud_webapp/web/WEB-INF/lib/classes/model/XMLType.ecore: unknown builtit class URL `http://www.eclipse.org/emf/2002/Ecore#//EFeatureMapEntry` failed to parse structural features failed to parse class `AnyType` line 17, column 90 current parser state: | `` | `      <eAnnotations source=""http:///org/eclipse/emf/ecore/util/ExtendedMetaData"">` parsing failed"
modelset/raw-data/repo-ecore-all/data/ponta027/xtext_practice/statemachine/com.ponta027.xtext.statemachine.dsl/model/generated/Dsl.ecore,true,true,true,
modelset/raw-data/repo-ecore-all/data/poolborges/org.eclipse.papyrus-bpmn/org.eclipse.papyrus.bpmn/src/org/eclipse/papyrus/bpmn/BPMNProfile/impl/BPMNProfile.ecore,false,false,false,"parse: failed to parse modelset/raw-data/repo-ecore-all/data/poolborges/org.eclipse.papyrus-bpmn/org.eclipse.papyrus.bpmn/src/org/eclipse/papyrus/bpmn/BPMNProfile/impl/BPMNProfile.ecore: unknown builtit class URL `http://www.eclipse.org/emf/2002/Ecore#//EDiagnosticChain` failed to parse class operation failed to parse class `InclusiveGateway` line 10, column 121 current parser state: | `` | `      <eParameters name=""context"">` parsing failed"
modelset/raw-data/repo-ecore-all/data/posl/iArch/jp.ac.kyushu_u.iarch.model/model/Behavior.ecore,true,true,true,
modelset/raw-data/repo-ecore-all/data/posl/iArch/jp.ac.kyushu_u.iarch.model/model/umlClass.ecore,true,false,false,"generate: [INFO  arachne] Starting code generation [INFO  arachne_codegen] Validating configuration [INFO  arachne_codegen] Parsing ecore metamodel: ""modelset/raw-data/repo-ecore-all/data/posl/iArch/jp.ac.kyushu_u.iarch.model/model/umlClass.ecore"" [WARN  ecore_rs::parser::raw] `eOpposite` attributes are currently not supported, ignoring [WARN  ecore_rs::parser::raw] `eOpposite` attributes are currently not supported, ignoring [WARN  ecore_rs::parser::raw] `eOpposite` attributes are currently not supported, ignoring [WARN  ecore_rs::parser::raw] `eOpposite` attributes are currently not supported, ignoring [WARN  ecore_rs::parser::raw] `eOpposite` attributes are currently not supported, ignoring [WARN  ecore_rs::parser::raw] `eOpposite` attributes are currently not supported, ignoring [WARN  ecore_rs::parser::raw] `eOpposite` attributes are currently not supported, ignoring [WARN  ecore_rs::parser::raw] `eOpposite` attributes are currently not supported, ignoring [WARN  ecore_rs::parser::raw] `eOpposite` attributes are currently not supported, ignoring [WARN  ecore_rs::parser::raw] `eOpposite` attributes are currently not supported, ignoring [WARN  ecore_rs::parser::raw] `eOpposite` attributes are currently not supported, ignoring [WARN  ecore_rs::parser::raw] `eOpposite` attributes are currently not supported, ignoring [WARN  ecore_rs::parser::raw] `eOpposite` attributes are currently not supported, ignoring [WARN  ecore_rs::parser::raw] `eOpposite` attributes are currently not supported, ignoring [WARN  ecore_rs::parser::raw] `eOpposite` attributes are currently not supported, ignoring [WARN  ecore_rs::parser::raw] `eOpposite` attributes are currently not supported, ignoring [WARN  ecore_rs::parser::raw] `eOpposite` attributes are currently not supported, ignoring [WARN  ecore_rs::parser::raw] `eOpposite` attributes are currently not supported, ignoring [WARN  ecore_rs::parser::raw] `eOpposite` attributes are currently not supported, ignoring [WARN  ecore_rs::parser::raw] `eOpposite` attributes are currently not supported, ignoring [INFO  arachne_codegen] Generating Rust tokens [INFO  arachne_codegen] Generating classifiers...  thread 'main' (549614) panicked at arachne-codegen/src/codegen/feature/attribute.rs:65:37: Failed to parse type: String note: run with `RUST_BACKTRACE=1` environment variable to display a backtrace"
modelset/raw-data/repo-ecore-all/data/prayasb/org.eclipse.emf.teneo/tests/org.eclipse.emf.teneo.samples/src/org/eclipse/emf/teneo/samples/emf/annotations/attroverridesecondarytable/model/overridesecondarytable.ecore,true,true,true,
modelset/raw-data/repo-ecore-all/data/prayasb/org.eclipse.emf.teneo/tests/org.eclipse.emf.teneo.samples/src/org/eclipse/emf/teneo/samples/emf/annotations/column/model/column.ecore,false,false,false,"parse: failed to parse modelset/raw-data/repo-ecore-all/data/prayasb/org.eclipse.emf.teneo/tests/org.eclipse.emf.teneo.samples/src/org/eclipse/emf/teneo/samples/emf/annotations/column/model/column.ecore: unknown builtit class URL `http://www.eclipse.org/emf/2003/XMLType#//String` failed to parse structural features failed to parse class `Book` line 15, column 82 current parser state: | `` | `      <eAnnotations source=""teneo.jpa"">` parsing failed"
modelset/raw-data/repo-ecore-all/data/prayasb/org.eclipse.emf.teneo/tests/org.eclipse.emf.teneo.samples/src/org/eclipse/emf/teneo/samples/emf/annotations/eavlibrary/model/eavlibrary.ecore,false,false,false,"parse: failed to parse modelset/raw-data/repo-ecore-all/data/prayasb/org.eclipse.emf.teneo/tests/org.eclipse.emf.teneo.samples/src/org/eclipse/emf/teneo/samples/emf/annotations/eavlibrary/model/eavlibrary.ecore: unknown builtit class URL `http://www.eclipse.org/emf/2003/XMLType#//ID` failed to parse structural features failed to parse class `Book` line 15, column 19 current parser state: | `` | `      <eAnnotations source=""http:///org/eclipse/emf/ecore/util/ExtendedMetaData"">` parsing failed"
modelset/raw-data/repo-ecore-all/data/prayasb/org.eclipse.emf.teneo/tests/org.eclipse.emf.teneo.samples/src/org/eclipse/emf/teneo/samples/emf/annotations/extralazy/model/extralazy.ecore,false,false,false,"parse: failed to parse modelset/raw-data/repo-ecore-all/data/prayasb/org.eclipse.emf.teneo/tests/org.eclipse.emf.teneo.samples/src/org/eclipse/emf/teneo/samples/emf/annotations/extralazy/model/extralazy.ecore: unknown builtit class URL `http://www.eclipse.org/emf/2003/XMLType#//String` failed to parse structural features failed to parse class `Book` line 11, column 155 current parser state: | `` | `      <eAnnotations source=""http:///org/eclipse/emf/ecore/util/ExtendedMetaData"">` parsing failed"
modelset/raw-data/repo-ecore-all/data/prayasb/org.eclipse.emf.teneo/tests/org.eclipse.emf.teneo.samples/src/org/eclipse/emf/teneo/samples/emf/annotations/hbmapkeys/model/hbmapkeys.ecore,false,false,false,"parse: failed to parse modelset/raw-data/repo-ecore-all/data/prayasb/org.eclipse.emf.teneo/tests/org.eclipse.emf.teneo.samples/src/org/eclipse/emf/teneo/samples/emf/annotations/hbmapkeys/model/hbmapkeys.ecore: unknown builtit class URL `http://www.eclipse.org/emf/2003/XMLType#//String` failed to parse structural features failed to parse class `Book` line 11, column 155 current parser state: | `` | `      <eAnnotations source=""http:///org/eclipse/emf/ecore/util/ExtendedMetaData"">` parsing failed"
modelset/raw-data/repo-ecore-all/data/prayasb/org.eclipse.emf.teneo/tests/org.eclipse.emf.teneo.samples/src/org/eclipse/emf/teneo/samples/emf/detach/detachelist/model/detachelist.ecore,false,false,false,"parse: failed to parse modelset/raw-data/repo-ecore-all/data/prayasb/org.eclipse.emf.teneo/tests/org.eclipse.emf.teneo.samples/src/org/eclipse/emf/teneo/samples/emf/detach/detachelist/model/detachelist.ecore: unknown builtit class URL `http://www.eclipse.org/emf/2003/XMLType#//String` failed to parse structural features failed to parse class `Person` line 32, column 82 current parser state: | `` | `      <eAnnotations source=""http:///org/eclipse/emf/ecore/util/ExtendedMetaData"">` parsing failed"
modelset/raw-data/repo-ecore-all/data/prayasb/org.eclipse.emf.teneo/tests/org.eclipse.emf.teneo.samples/src/org/eclipse/emf/teneo/samples/emf/sample/schoollibrary/model/schoollibrary.ecore,false,false,false,"parse: failed to parse modelset/raw-data/repo-ecore-all/data/prayasb/org.eclipse.emf.teneo/tests/org.eclipse.emf.teneo.samples/src/org/eclipse/emf/teneo/samples/emf/sample/schoollibrary/model/schoollibrary.ecore: unsupported `eType` path `library.ecore#//Book` line 10, column 104 current parser state: | `` | `  <eClassifiers xsi:type=""ecore:EClass"" name=""SchoolLibrary"" eSuperTypes=""library.ecore#//Library"">` parsing failed"
modelset/raw-data/repo-ecore-all/data/prayasb/org.eclipse.emf.teneo/tests/org.eclipse.emf.teneo.samples/src/org/eclipse/emf/teneo/samples/emf/sample/sunBooks/model/sunBooks.ecore,false,false,false,"parse: failed to parse modelset/raw-data/repo-ecore-all/data/prayasb/org.eclipse.emf.teneo/tests/org.eclipse.emf.teneo.samples/src/org/eclipse/emf/teneo/samples/emf/sample/sunBooks/model/sunBooks.ecore: unknown builtit class URL `http://www.eclipse.org/emf/2003/XMLType#//String` failed to parse structural features failed to parse class `AuthorsType` line 12, column 113 current parser state: | `` | `      <eAnnotations source=""http:///org/eclipse/emf/ecore/util/ExtendedMetaData"">` parsing failed"
modelset/raw-data/repo-ecore-all/data/prayasb/org.eclipse.emf.teneo/tests/org.eclipse.emf.teneo.samples/src/org/eclipse/emf/teneo/samples/emf/schemaconstructs/emap/model/emap.ecore,false,false,false,"parse: failed to parse modelset/raw-data/repo-ecore-all/data/prayasb/org.eclipse.emf.teneo/tests/org.eclipse.emf.teneo.samples/src/org/eclipse/emf/teneo/samples/emf/schemaconstructs/emap/model/emap.ecore: unknown builtit class URL `http://www.eclipse.org/emf/2003/XMLType#//String` failed to parse structural features failed to parse class `Book` line 11, column 155 current parser state: | `` | `      <eAnnotations source=""http:///org/eclipse/emf/ecore/util/ExtendedMetaData"">` parsing failed"
modelset/raw-data/repo-ecore-all/data/prayasb/org.eclipse.emf.teneo/tests/org.eclipse.emf.teneo.samples/src/org/eclipse/emf/teneo/samples/issues/largemapvalue/model/largemap.ecore,true,true,true,
modelset/raw-data/repo-ecore-all/data/prayasb/org.eclipse.emf.teneo/tests/org.eclipse.emf.teneo.samples/src/org/eclipse/emf/teneo/samples/issues/library/model/library.ecore,false,false,false,"parse: failed to parse modelset/raw-data/repo-ecore-all/data/prayasb/org.eclipse.emf.teneo/tests/org.eclipse.emf.teneo.samples/src/org/eclipse/emf/teneo/samples/issues/library/model/library.ecore: unknown builtit class URL `http://www.eclipse.org/emf/2003/XMLType#//String` failed to parse structural features failed to parse class `Book` line 12, column 82 current parser state: | `` | `      <eAnnotations source=""http:///org/eclipse/emf/ecore/util/ExtendedMetaData"">` parsing failed"
modelset/raw-data/repo-ecore-all/data/pricsi/Dipterv/hu.bme.mit.inf.ttmc.constraint.model/model/TTMCConstraint.ecore,false,false,false,"parse: failed to parse modelset/raw-data/repo-ecore-all/data/pricsi/Dipterv/hu.bme.mit.inf.ttmc.constraint.model/model/TTMCConstraint.ecore: unknown builtit class URL `http://www.eclipse.org/emf/2002/Ecore#//EBigInteger` failed to parse structural features failed to parse class `IntegerLiteralExpression` line 135, column 159 current parser state: | `` | `  </eClassifiers>` parsing failed"
modelset/raw-data/repo-ecore-all/data/princemzb/IDM-MODEL-MANAGEMENT/model/simplePDL.ecore,true,true,true,
modelset/raw-data/repo-ecore-all/data/prohodilmimo/coursework2013/ru.mathtech.npntool.npnets.model/model/npnets.ecore,false,false,false,"parse: failed to parse modelset/raw-data/repo-ecore-all/data/prohodilmimo/coursework2013/ru.mathtech.npntool.npnets.model/model/npnets.ecore: unexpected package content line 7, column 3 current parser state: | `<eSubpackages name=""marking"" nsURI=""http://mathtech.ru/npntool/nets/marking"" nsPrefix=""marking"">` | `    <eClassifiers xsi:type=""ecore:EClass"" name=""Marking"" eSuperTypes=""#//common/INetElement"">` parsing failed"
modelset/raw-data/repo-ecore-all/data/protossoftware/etrice/plugins/org.eclipse.etrice.core.common/src-gen/org/eclipse/etrice/core/common/Base.ecore,true,true,true,
modelset/raw-data/repo-ecore-all/data/protossoftware/etrice/plugins/org.eclipse.etrice.core.common/src-gen/org/eclipse/etrice/core/common/BaseTest.ecore,false,false,false,"parse: failed to parse modelset/raw-data/repo-ecore-all/data/protossoftware/etrice/plugins/org.eclipse.etrice.core.common/src-gen/org/eclipse/etrice/core/common/BaseTest.ecore: unsupported `eType` path `ecore:EClass http://www.eclipse.org/emf/2002/Ecore#//EObject` failed to parse structural features failed to parse class `BaseModel` line 7, column 98 current parser state: | `` | `  </eClassifiers>` parsing failed"
modelset/raw-data/repo-ecore-all/data/protossoftware/etrice/plugins/org.eclipse.etrice.core.genmodel/model/etricegen.ecore,false,false,false,"parse: failed to parse modelset/raw-data/repo-ecore-all/data/protossoftware/etrice/plugins/org.eclipse.etrice.core.genmodel/model/etricegen.ecore: unsupported `eType` path `ecore:EClass ../../org.eclipse.etrice.core.room/src-gen/org/eclipse/etrice/core/Room.ecore#//RoomModel` failed to parse class operation failed to parse class `Root` line 5, column 172 current parser state: | `` | `      <eParameters name=""cls"" eType=""ecore:EClass ../../org.eclipse.etrice.core.room/src-gen/org/eclipse/etrice/core/Room.ecore#//RoomClass""/>` parsing failed"
modelset/raw-data/repo-ecore-all/data/protossoftware/etrice/plugins/org.eclipse.etrice.core.genmodel.fsm/model/fsmgen.ecore,false,false,false,"parse: failed to parse modelset/raw-data/repo-ecore-all/data/protossoftware/etrice/plugins/org.eclipse.etrice.core.genmodel.fsm/model/fsmgen.ecore: unsupported `eType` path `ecore:EClass ../../org.eclipse.etrice.core.fsm/model/generated/FSM.ecore#//ModelComponent` failed to parse structural features failed to parse class `GraphContainer` line 8, column 170 current parser state: | `` | `    <eStructuralFeatures xsi:type=""ecore:EAttribute"" name=""initializedTriggersInStates""` parsing failed"
modelset/raw-data/repo-ecore-all/data/protossoftware/etrice/plugins/org.eclipse.etrice.etunit.converter/model/etunit.ecore,false,false,false,"parse: failed to parse modelset/raw-data/repo-ecore-all/data/protossoftware/etrice/plugins/org.eclipse.etrice.etunit.converter/model/etunit.ecore: unknown builtit class URL `http://www.eclipse.org/emf/2002/Ecore#//EFeatureMapEntry` failed to parse structural features failed to parse class `DocumentRoot` line 14, column 90 current parser state: | `` | `      <eAnnotations source=""http:///org/eclipse/emf/ecore/util/ExtendedMetaData"">` parsing failed"
modelset/raw-data/repo-ecore-all/data/protossoftware/etrice/plugins/org.eclipse.etrice.generator.fsmtest/src-gen/org/eclipse/etrice/generator/FSMtest.ecore,true,true,true,
modelset/raw-data/repo-ecore-all/data/przigoda/model-finder/de.agra.emf.metamodels.SMTlib2extended/src/model/SMTlib2extended.ecore,true,true,true,
modelset/raw-data/repo-ecore-all/data/przigoda/model-finder/de.agra.emf.modelfinder.applications.debugging.tests/models/CarRental2.ecore,true,true,true,
modelset/raw-data/repo-ecore-all/data/przigoda/model-finder/de.agra.emf.modelfinder.applications.debugging.tests/models/debug/FaultyRelations.ecore,true,true,true,
modelset/raw-data/repo-ecore-all/data/przigoda/model-finder/de.agra.emf.modelfinder.applications.debugging.tests/models/debug/FaultyUMLmodel.ecore,true,true,true,
modelset/raw-data/repo-ecore-all/data/przigoda/model-finder/de.agra.emf.modelfinder.applications.debugging.tests/models/debug/FaultyUMLmodel3.ecore,true,true,true,
modelset/raw-data/repo-ecore-all/data/przigoda/model-finder/de.agra.emf.modelfinder.applications.debugging.tests/models/debug/FaultyUMLmodel4.ecore,true,true,true,
modelset/raw-data/repo-ecore-all/data/przigoda/model-finder/de.agra.emf.modelfinder.applications.debugging.tests/models/use-models/CarRental2.ecore,true,true,true,
modelset/raw-data/repo-ecore-all/data/przigoda/model-finder/de.agra.emf.modelfinder.applications.debugging.tests/models/use-models/Company.ecore,true,true,true,
modelset/raw-data/repo-ecore-all/data/przigoda/model-finder/de.agra.emf.modelfinder.applications.debugging.tests/models/use-models/Project.ecore,false,false,false,"parse: failed to parse modelset/raw-data/repo-ecore-all/data/przigoda/model-finder/de.agra.emf.modelfinder.applications.debugging.tests/models/use-models/Project.ecore: Missing attribute `eType` in structural feature `name` failed to parse structural features failed to parse class `Employee` line 4, column 66 current parser state: | `` | `      <eType xsi:type=""ecore:EDataType"" href=""http://www.eclipse.org/emf/2002/Ecore#//EString""/>` parsing failed"
modelset/raw-data/repo-ecore-all/data/przigoda/model-finder/de.agra.emf.modelfinder.applications.debugging.tests/models/use2ecore/CarRental2.ecore,true,true,true,
modelset/raw-data/repo-ecore-all/data/przigoda/model-finder/de.agra.emf.modelfinder.applications.debugging.tests/models/use2ecore/ex.ecore,false,false,false,"parse: failed to parse modelset/raw-data/repo-ecore-all/data/przigoda/model-finder/de.agra.emf.modelfinder.applications.debugging.tests/models/use2ecore/ex.ecore: Missing attribute `eType` in structural feature `name` failed to parse structural features failed to parse class `Employee` line 4, column 66 current parser state: | `` | `      <eType xsi:type=""ecore:EDataType"" href=""http://www.eclipse.org/emf/2002/Ecore#//EString""/>` parsing failed"
modelset/raw-data/repo-ecore-all/data/przigoda/model-finder/de.agra.emf.modelfinder.applications.invariantindependence.test/models/Basic.ecore,true,true,true,
modelset/raw-data/repo-ecore-all/data/przigoda/model-finder/de.agra.emf.modelfinder.applications.invariantindependence.test/models/Basic2.ecore,true,true,true,
modelset/raw-data/repo-ecore-all/data/przigoda/model-finder/de.agra.emf.modelfinder.applications.invariantindependence.test/models/Basic3.ecore,true,true,true,
modelset/raw-data/repo-ecore-all/data/przigoda/model-finder/de.agra.emf.modelfinder.applications.invariantindependence.test/models/Basic4.ecore,true,true,true,
modelset/raw-data/repo-ecore-all/data/przigoda/model-finder/de.agra.emf.modelfinder.applications.invariantindependence.test/models/CarRental2.ecore,true,true,true,
modelset/raw-data/repo-ecore-all/data/przigoda/model-finder/de.agra.emf.modelfinder.applications.invariantindependence.test/models/Demo.ecore,true,true,true,
modelset/raw-data/repo-ecore-all/data/przigoda/model-finder/de.agra.emf.modelfinder.applications.invariantindependence.test/models/PersonCompany.ecore,true,true,true,
modelset/raw-data/repo-ecore-all/data/przigoda/model-finder/de.agra.emf.modelfinder.applications.invariantindependence.test/models/Train.ecore,true,true,true,
modelset/raw-data/repo-ecore-all/data/psneog/CS1202/BookOrder/model/bookOrder.ecore,true,true,true,
modelset/raw-data/repo-ecore-all/data/psneog/CS1202/LMS/model/lMS.ecore,true,true,true,
modelset/raw-data/repo-ecore-all/data/psoursos/Sir-examples/StateChartDesign/model/stateChart.ecore,true,true,true,
modelset/raw-data/repo-ecore-all/data/puppetlabs/geppetto/com.puppetlabs.geppetto.junitresult/model/Junitresult.ecore,false,false,false,"parse: failed to parse modelset/raw-data/repo-ecore-all/data/puppetlabs/geppetto/com.puppetlabs.geppetto.junitresult/model/Junitresult.ecore: unknown builtit class URL `http://www.eclipse.org/emf/2002/Ecore#//EDate` failed to parse structural features failed to parse class `Testsuite` line 14, column 142 current parser state: | `` | `    <eStructuralFeatures xsi:type=""ecore:EAttribute"" name=""time"" eType=""ecore:EDataType http://www.eclipse.org/emf/2002/Ecore#//EDouble""/>` parsing failed"
modelset/raw-data/repo-ecore-all/data/puppetlabs/geppetto/com.puppetlabs.geppetto.pp/model/PP.ecore,true,false,false,"generate: timeout after 120s: /arachne/target/debug/arachne generate modelset/raw-data/repo-ecore-all/data/puppetlabs/geppetto/com.puppetlabs.geppetto.pp/model/PP.ecore -o /var/folders/24/3kt9vzrj6qzd_r760kn9ybsm0000gn/T/arachne-modelset-b3l8v7mw/generated-00860 -p modelset-00860-b07f3ac4 [INFO  arachne] Starting code generation [INFO  arachne_codegen] Validating configuration [INFO  arachne_codegen] Parsing ecore metamodel: ""modelset/raw-data/repo-ecore-all/data/puppetlabs/geppetto/com.puppetlabs.geppetto.pp/model/PP.ecore"" [INFO  arachne_codegen] Generating Rust tokens"
modelset/raw-data/repo-ecore-all/data/pyecore/pyecore/tests/json/data/minimal.ecore,true,true,true,
modelset/raw-data/repo-ecore-all/data/pyecore/pyecore/tests/xmi/xmi-tests/A.ecore,false,false,false,"parse: failed to parse modelset/raw-data/repo-ecore-all/data/pyecore/pyecore/tests/xmi/xmi-tests/A.ecore: unsupported `eType` path `B.ecore#//SuperStuff` line 14, column 18 current parser state: | `` | `  <eClassifiers xsi:type=""ecore:EClass"" name=""B"">` parsing failed"
modelset/raw-data/repo-ecore-all/data/pyecore/pyecore/tests/xmi/xmi-tests/EcoreInheritance.ecore,false,false,false,"parse: failed to parse modelset/raw-data/repo-ecore-all/data/pyecore/pyecore/tests/xmi/xmi-tests/EcoreInheritance.ecore: unsupported `eType` path `http://www.eclipse.org/emf/2002/Ecore#//EModelElement` line 7, column 18 current parser state: | `` | `  <eClassifiers xsi:type=""ecore:EClass"" name=""B"">` parsing failed"
modelset/raw-data/repo-ecore-all/data/pyecore/pyecore/tests/xmi/xmi-tests/My2.ecore,false,false,false,"parse: failed to parse modelset/raw-data/repo-ecore-all/data/pyecore/pyecore/tests/xmi/xmi-tests/My2.ecore: unexpected `eClassifiers` attribute `xmi:type` line 4, column 40 current parser state: | ` name=""A"">` | `    <eStructuralFeatures xmi:type=""ecore:EAttribute"" name=""name"" eType=""ecore:EDataType http://www.eclipse.org/emf/2002/Ecore#//EString""/>` parsing failed"
modelset/raw-data/repo-ecore-all/data/pyecore/pyecore/tests/xmi/xmi-tests/My_noprefix.ecore,true,true,true,
modelset/raw-data/repo-ecore-all/data/pyecore/pyecore/tests/xmi/xmi-tests/model.ecore,true,true,true,
modelset/raw-data/repo-ecore-all/data/pyecore/pyecore/tests/xmi/xmi-tests/root.ecore,false,false,false,"parse: failed to parse modelset/raw-data/repo-ecore-all/data/pyecore/pyecore/tests/xmi/xmi-tests/root.ecore: unsupported `eType` path `ecore:EClass model.ecore#//B` failed to parse structural features failed to parse class `A` line 6, column 29 current parser state: | `` | `  </eClassifiers>` parsing failed"
modelset/raw-data/repo-ecore-all/data/pyecore/pyecore-py2/examples/library.ecore,false,false,false,"parse: failed to parse modelset/raw-data/repo-ecore-all/data/pyecore/pyecore-py2/examples/library.ecore: unexpected package attribute `xmi:id` expected one of `name` `nsURI` `nsPrefix` `xmi:version` `xmlns:xmi` `xmlns:xsi` `xmlns:ecore` line 2, column 209 current parser state: | `name=""library"" nsURI=""http://emf.wikipedia.org/2011/Library"" nsPrefix=""lib"">` | `  <eAnnotations xmi:id=""_cPfS4B9KEeeOINGRvT6ccg"" source=""genmymodel"">` parsing failed"
modelset/raw-data/repo-ecore-all/data/pyecore/pyecore-py2/tests/xmi/xmi-tests/My.ecore,true,true,true,
modelset/raw-data/repo-ecore-all/data/pyecore/pyecoregen/tests/input/A.ecore,false,false,false,"parse: failed to parse modelset/raw-data/repo-ecore-all/data/pyecore/pyecoregen/tests/input/A.ecore: unsupported `eType` path `ecore:EClass http://www.eclipse.org/emf/2002/Ecore#//EObject` failed to parse structural features failed to parse class `A` line 5, column 139 current parser state: | `` | `    <eStructuralFeatures xsi:type=""ecore:EReference"" name=""b"" eType=""ecore:EClass B.ecore#//B""/>` parsing failed"
modelset/raw-data/repo-ecore-all/data/pyecore/pyecoregen/tests/input/B.ecore,false,false,false,"parse: failed to parse modelset/raw-data/repo-ecore-all/data/pyecore/pyecoregen/tests/input/B.ecore: unsupported `eType` path `ecore:EEnum D.ecore#//DEnum` failed to parse structural features failed to parse class `B` line 5, column 106 current parser state: | `` | `     <eStructuralFeatures xsi:type=""ecore:EAttribute"" name=""custom_datatype"" eType=""ecore:EDataType D.ecore#//MyDatatype""/>` parsing failed"
modelset/raw-data/repo-ecore-all/data/pyecore/pyecoregen/tests/input/C.ecore,true,true,true,
modelset/raw-data/repo-ecore-all/data/pyecore/pyecoregen/tests/input/library.ecore,false,false,false,"parse: failed to parse modelset/raw-data/repo-ecore-all/data/pyecore/pyecoregen/tests/input/library.ecore: unexpected package attribute `xmi:id` expected one of `name` `nsURI` `nsPrefix` `xmi:version` `xmlns:xmi` `xmlns:xsi` `xmlns:ecore` line 2, column 209 current parser state: | `name=""library"" nsURI=""http://emf.wikipedia.org/2011/Library"" nsPrefix=""lib"">` | `  <eAnnotations xmi:id=""_cPfS4B9KEeeOINGRvT6ccg"" source=""genmymodel"">` parsing failed"
modelset/raw-data/repo-ecore-all/data/pyecore/setuptools-pyecore/tests/resources/distributed/A.ecore,false,false,false,"parse: failed to parse modelset/raw-data/repo-ecore-all/data/pyecore/setuptools-pyecore/tests/resources/distributed/A.ecore: unsupported `eType` path `B.ecore#//SuperStuff` line 14, column 18 current parser state: | `` | `  <eClassifiers xsi:type=""ecore:EClass"" name=""B"">` parsing failed"
modelset/raw-data/repo-ecore-all/data/pyecore/setuptools-pyecore/tests/resources/distributed/C.ecore,true,true,true,
modelset/raw-data/repo-ecore-all/data/pyecore/setuptools-pyecore/tests/resources/standalone/A.ecore,true,true,true,
modelset/raw-data/repo-ecore-all/data/qualicen/specmate/bundles/specmate-model-ecore/model/specmate.ecore,false,false,false,"parse: failed to parse modelset/raw-data/repo-ecore-all/data/qualicen/specmate/bundles/specmate-model-ecore/model/specmate.ecore: unexpected package content line 4, column 3 current parser state: | `<eSubpackages name=""base"" nsURI=""http://specmate.com/20200309/model/base"" nsPrefix=""com.specmate.model.basemodel"">` | `    <eClassifiers xsi:type=""ecore:EClass"" name=""INamed"" abstract=""true"" interface=""true"">` parsing failed"
modelset/raw-data/repo-ecore-all/data/quasarresearchgroup/gesto/ecore_uml_model/JavaLibrary.ecore,true,true,false,"compile: Rust error: E0124: field `byte` is already declared; E0124: field `double` is already declared; E0124: field `short` is already declared warning: unused import: `moirai_protocol::state::sink::SinkEffect`  --> src/package.rs:9:13   | 9 |     pub use moirai_protocol::state::sink::SinkEffect;   |             ^^^^^^^^^^^^^^^^^^^^^^^^^^^^^^^^^^^^^^^^   |   = note: `#[warn(unused_imports)]` (part of `#[warn(unused)]`) on by default  warning: unused import: `moirai_protocol::state::sink::SinkCollector`   --> src/package.rs:13:13    | 13 |     pub use moirai_protocol::state::sink::SinkCollector;    |             ^^^^^^^^^^^^^^^^^^^^^^^^^^^^^^^^^^^^^^^^^^^  warning: unused import: `moirai_macros::union`  --> src/classifiers.rs:4:13   | 4 |     pub use moirai_macros::union;   |             ^^^^^^^^^^^^^^^^^^^^  error[E0124]: field `byte` is already declared   --> src/package.rs:89:5    | 87 |     pub byte: crate::classifiers::ByteModelValue,    |     -------------------------------------------- `byte` first declared here 88 |     pub integer: crate::classifiers::IntegerValue, 89 |     pub byte: crate::classifiers::ByteValue,    |     ^^^^^^^^^^^^^^^^^^^^^^^^^^^^^^^^^^^^^^^ field already declared  error[E0124]: field `double` is already declared   --> src/package.rs:90:5    | 81 |     pub double: crate::classifiers::DoubleModelValue,    |     ------------------------------------------------ `double` first declared here ... 90 |     pub double: crate::classifiers::DoubleValue,    |     ^^^^^^^^^^^^^^^^^^^^^^^^^^^^^^^^^^^^^^^^^^^ field already declared  error[E0124]: field `short` is already declared   --> src/package.rs:91:5    | 85 |     pub short: crate::classifiers::ShortModelValue,    |     ---------------------------------------------- `short` first declared here ... 91 |     pub short: crate::classifiers::ShortValue,    |     ^^^^^^^^^^^^^^^^^^^^^^^^^^^^^^^^^^^^^^^^^ field already declared  error[E0124]: field `float` is already declared   --> src/package.rs:92:5    | 82 |     pub float: crate::classifiers::FloatModelValue,    |     ---------------------------------------------- `float` first declared here ... 92 |     pub float: crate::classifiers::FloatValue,    |     ^^^^^^^^^^^^^^^^^^^^^^^^^^^^^^^^^^^^^^^^^ field already declared  error[E0124]: field `long` is already declared   --> src/package.rs:93:5    | 84 |     pub long: crate::classifiers::LongModelValue,    |     -------------------------------------------- `long` first declared here ... 93 |     pub long: crate::classifiers::LongValue,    |     ^^^^^^^^^^^^^^^^^^^^^^^^^^^^^^^^^^^^^^^ field already declared  error[E0124]: field `boolean` is already declared   --> src/package.rs:95:5    | 86 |     pub boolean: crate::classifiers::BooleanModelValue,    |     -------------------------------------------------- `boolean` first declared here ... 95 |     pub boolean: crate::classifiers::BooleanValue,    |     ^^^^^^^^^^^^^^^^^^^^^^^^^^^^^^^^^^^^^^^^^^^^^ field already declared  error[E0124]: field `byte_log` is already declared    --> src/package.rs:109:5     | 107 |     byte_log: crate::classifiers::ByteModelLog,     |     ------------------------------------------ `byte_log` first declared here 108 |     integer_log: crate::classifiers::IntegerLog, 109 |     byte_log: crate::classifiers::ByteLog,     |     ^^^^^^^^^^^^^^^^^^^^^^^^^^^^^^^^^^^^^ field already declared  error[E0124]: field `double_log` is already declared    --> src/package.rs:110:5     | 101 |     double_log: crate::classifiers::DoubleModelLog,     |     ---------------------------------------------- `double_log` first declared here ... 110 |     double_log: crate::classifiers::DoubleLog,     |     ^^^^^^^^^^^^^^^^^^^^^^^^^^^^^^^^^^^^^^^^^ field already declared  error[E0124]: field `short_log` is already declared    --> src/package.rs:111:5     | 105 |     short_log: crate::classifiers::ShortModelLog,     |     -------------------------------------------- `short_log` first declared here ... 111 |     short_log: crate::classifiers::ShortLog,     |     ^^^^^^^^^^^^^^^^^^^^^^^^^^^^^^^^^^^^^^^ field already declared  error[E0124]: field `float_log` [output truncated after 4000 chars]"
modelset/raw-data/repo-ecore-all/data/quentinceschin123456/dsl-tp/MyFirstEditorCustom/model/myFirstEditorCustom.ecore,true,true,true,
modelset/raw-data/repo-ecore-all/data/qunnn41/SFEA/SFEA/model/fm_mm.ecore,true,true,true,
modelset/raw-data/repo-ecore-all/data/quratulain-york/epsilon/examples/org.eclipse.epsilon.eunit.examples.atl/metamodels/graph.ecore,true,true,true,
modelset/raw-data/repo-ecore-all/data/quratulain-york/epsilon/examples/org.eclipse.epsilon.eunit.examples.junit/resources/metamodels/tree.ecore,true,true,true,
modelset/raw-data/repo-ecore-all/data/quratulain-york/epsilon/examples/org.eclipse.epsilon.examples.flexmi.reflective/family.ecore,true,true,true,
modelset/raw-data/repo-ecore-all/data/quratulain-york/epsilon/examples/org.eclipse.epsilon.examples.workflow.standalone/library.ecore,true,true,true,
modelset/raw-data/repo-ecore-all/data/quratulain-york/epsilon/plugins/org.eclipse.epsilon.egl.dt.traceability.fine.emf/model/textlink.ecore,false,false,false,"parse: failed to parse modelset/raw-data/repo-ecore-all/data/quratulain-york/epsilon/plugins/org.eclipse.epsilon.egl.dt.traceability.fine.emf/model/textlink.ecore: unsupported `eType` path `ecore:EClass http://www.eclipse.org/emf/2002/Ecore#//EObject` failed to parse structural features failed to parse class `EmfModelLocation` line 22, column 79 current parser state: | `` | `  </eClassifiers>` parsing failed"
modelset/raw-data/repo-ecore-all/data/qvt/qvtr2coq/edu.kit.ipd.sdq.mdsd.qvtrelation2coq/model/RDBMS.ecore,true,true,true,
modelset/raw-data/repo-ecore-all/data/qvt/qvtr2coq/edu.kit.ipd.sdq.mdsd.qvtrelation2coq/model/UML.ecore,true,true,true,
modelset/raw-data/repo-ecore-all/data/qvt/qvtr2coq/edu.kit.ipd.sdq.mdsd.rdbmscomparator/metamodels/rdbms.ecore,false,false,false,"parse: failed to parse modelset/raw-data/repo-ecore-all/data/qvt/qvtr2coq/edu.kit.ipd.sdq.mdsd.rdbmscomparator/metamodels/rdbms.ecore: unknown builtit class URL `http://www.eclipse.org/emf/2003/XMLType#//String` failed to parse structural features failed to parse class `column` line 25, column 154 current parser state: | `` | `      <eAnnotations source=""http:///org/eclipse/emf/ecore/util/ExtendedMetaData"">` parsing failed"
modelset/raw-data/repo-ecore-all/data/qvt/qvtr2coq/edu.kit.ipd.sdq.mdsd.uml2rdbms/mediniQVT/IKV Version/SimpleRDBMS.ecore,true,true,true,
modelset/raw-data/repo-ecore-all/data/qvt/qvtr2coq/edu.kit.ipd.sdq.mdsd.uml2rdbms/mediniQVT/IKV Version/SimpleUML.ecore,true,true,true,
modelset/raw-data/repo-ecore-all/data/qvt/qvtr2coq/edu.kit.ipd.sdq.mdsd.uml2rdbms/mediniQVT/rdbmsMM.ecore,true,true,true,
modelset/raw-data/repo-ecore-all/data/qvt/qvtr2coq/edu.kit.ipd.sdq.mdsd.uml2rdbms/mediniQVT/umlMM.ecore,true,true,true,
modelset/raw-data/repo-ecore-all/data/qvt/qvtr2coq/edu.kit.ipd.sdq.mdsd.umlinstantiator/metamodels/uml.ecore,false,false,false,"parse: failed to parse modelset/raw-data/repo-ecore-all/data/qvt/qvtr2coq/edu.kit.ipd.sdq.mdsd.umlinstantiator/metamodels/uml.ecore: unknown builtit class URL `http://www.eclipse.org/emf/2003/XMLType#//String` failed to parse structural features failed to parse class `association` line 10, column 82 current parser state: | `` | `      <eAnnotations source=""http:///org/eclipse/emf/ecore/util/ExtendedMetaData"">` parsing failed"
modelset/raw-data/repo-ecore-all/data/qvt/qvtr2coq/edu.kit.ipd.sdq.mdsd.umlinstantiator/metamodels/umlMM.ecore,true,true,true,
modelset/raw-data/repo-ecore-all/data/qvt/xtend2m/CM2CGnv/metamodels/cm.ecore,false,false,false,"parse: failed to parse modelset/raw-data/repo-ecore-all/data/qvt/xtend2m/CM2CGnv/metamodels/cm.ecore: unexpected package content line 4, column 3 current parser state: | `<eSubpackages name=""repository"" nsURI=""http://sdq.ipd.uka.de/ComponentModel/Repository""` | `      nsPrefix=""repository"">` parsing failed"
modelset/raw-data/repo-ecore-all/data/r-morais/restappmodeling/br.com.rmorais.restapp/model/restapp.ecore,false,false,false,"parse: failed to parse modelset/raw-data/repo-ecore-all/data/r-morais/restappmodeling/br.com.rmorais.restapp/model/restapp.ecore: unexpected package content line 4, column 3 current parser state: | `<eSubpackages name=""model"" nsURI=""model"" nsPrefix=""model"">` | `    <eClassifiers xsi:type=""ecore:EClass"" name=""Employee"">` parsing failed"
modelset/raw-data/repo-ecore-all/data/ra139233/LAB05/types.ecore,true,true,true,
modelset/raw-data/repo-ecore-all/data/rafaelrf/projeto-compiladores/org.xtext.myModel/model/generated/CSharp.ecore,true,false,false,"generate: timeout after 120s: /arachne/target/debug/arachne generate modelset/raw-data/repo-ecore-all/data/rafaelrf/projeto-compiladores/org.xtext.myModel/model/generated/CSharp.ecore -o /var/folders/24/3kt9vzrj6qzd_r760kn9ybsm0000gn/T/arachne-modelset-b3l8v7mw/generated-00898 -p modelset-00898-38a79b03 [INFO  arachne] Starting code generation [INFO  arachne_codegen] Validating configuration [INFO  arachne_codegen] Parsing ecore metamodel: ""modelset/raw-data/repo-ecore-all/data/rafaelrf/projeto-compiladores/org.xtext.myModel/model/generated/CSharp.ecore"" [INFO  arachne_codegen] Generating Rust tokens"
modelset/raw-data/repo-ecore-all/data/rafaelruwer/lp-t2/org.example.domainmodel/model/generated/Domainmodel.ecore,true,true,true,
modelset/raw-data/repo-ecore-all/data/raihle/Webshop-Builder-3k/Webshop_Builder_3k_Model.ecore,true,true,true,
modelset/raw-data/repo-ecore-all/data/rainerschuster/theia-fidl/xtext-fidl-language-server/com.rainerschuster.xtext.langserver.fidl/model/generated/FIDL.ecore,true,true,true,
modelset/raw-data/repo-ecore-all/data/rainys57/peterfriese/xtext_getting_started/tags/xtext_getting_started_1/org.xtext.example.entity/src-gen/org/xtext/example/Entity.ecore,true,true,true,
modelset/raw-data/repo-ecore-all/data/ralucamiclea/MarsRoverDSL/MarsRoverMeta/robot/model/generated/DSL.ecore,true,true,true,
modelset/raw-data/repo-ecore-all/data/ray56/name.niu.guita/src/name.niu.guita.uitf/model/uitf.ecore,true,true,true,
modelset/raw-data/repo-ecore-all/data/raymas/MetaLanguage/wheel.ecore,true,true,true,
modelset/raw-data/repo-ecore-all/data/rbary/StateMachine/metaModels/StateMachine.ecore,true,false,false,"generate: [INFO  arachne] Starting code generation [INFO  arachne_codegen] Validating configuration [INFO  arachne_codegen] Parsing ecore metamodel: ""modelset/raw-data/repo-ecore-all/data/rbary/StateMachine/metaModels/StateMachine.ecore"" [WARN  ecore_rs::parser::raw] `eOpposite` attributes are currently not supported, ignoring [WARN  ecore_rs::parser::raw] `eOpposite` attributes are currently not supported, ignoring [INFO  arachne_codegen] Generating Rust tokens [ERROR arachne] Error: Failed to find a root class in `SimplStateMachine` package"
modelset/raw-data/repo-ecore-all/data/rbill/virtualedit/VirtModel4/model/Simplejava.ecore,true,true,true,
modelset/raw-data/repo-ecore-all/data/rbill/virtualedit/at.ac.tuwien.big.virtlang.examples.school/model/school.ecore,false,false,false,"parse: failed to parse modelset/raw-data/repo-ecore-all/data/rbill/virtualedit/at.ac.tuwien.big.virtlang.examples.school/model/school.ecore: unknown builtit class URL `http://www.eclipse.org/emf/2002/Ecore#//EBigInteger` failed to parse structural features failed to parse class `Grade` line 33, column 144 current parser state: | `` | `    <eStructuralFeatures xsi:type=""ecore:EAttribute"" name=""year"" eType=""ecore:EDataType http://www.eclipse.org/emf/2002/Ecore#//EBigInteger""/>` parsing failed"
modelset/raw-data/repo-ecore-all/data/realmethods-public/CLI/samples/models/bowling.sprint.2.ecore,false,false,false,"parse: failed to parse modelset/raw-data/repo-ecore-all/data/realmethods-public/CLI/samples/models/bowling.sprint.2.ecore: unknown builtit class URL `http://www.eclipse.org/emf/2002/Ecore#//EDate` failed to parse structural features failed to parse class `Player` line 6, column 144 current parser state: | `` | `    <eStructuralFeatures xsi:type=""ecore:EAttribute"" name=""height"" eType=""ecore:EDataType http://www.eclipse.org/emf/2002/Ecore#//EDouble""/>` parsing failed"
modelset/raw-data/repo-ecore-all/data/reauarthur/FSM_REAU/mydsl/model/mydsl.ecore,true,true,true,
modelset/raw-data/repo-ecore-all/data/regressiontesttool/rtt/Examples/DresdenOCL/Example_Ecore/org.dresdenocl.essentialocl/model/essentialocl.ecore,false,false,false,"parse: failed to parse modelset/raw-data/repo-ecore-all/data/regressiontesttool/rtt/Examples/DresdenOCL/Example_Ecore/org.dresdenocl.essentialocl/model/essentialocl.ecore: unexpected package content line 5, column 3 current parser state: | `<eSubpackages name=""types"" nsURI=""http://www.omg.org/2006/essentialocl/types"" nsPrefix=""types"">` | `    <eClassifiers xsi:type=""ecore:EClass"" name=""BagType"" eSuperTypes=""#//types/CollectionType""/>` parsing failed"
modelset/raw-data/repo-ecore-all/data/regressiontesttool/rtt/Examples/DresdenOCL/Example_Ecore/org.dresdenocl.pivotmodel/model/datatypes.ecore,false,false,false,"parse: failed to parse modelset/raw-data/repo-ecore-all/data/regressiontesttool/rtt/Examples/DresdenOCL/Example_Ecore/org.dresdenocl.pivotmodel/model/datatypes.ecore: unexpected `eClassifiers` attribute `serializable` line 11, column 27 current parser state: | `>` | `    <eTypeParameters name=""T""/>` parsing failed"
modelset/raw-data/repo-ecore-all/data/remedrano/automatizacionTalleres/Semana14/IotSystem/metamodels/IotSystem.ecore,true,true,true,
modelset/raw-data/repo-ecore-all/data/remedrano/automatizacionTalleres/Semana14/uniandes.edu.petrinet2graph/metamodels/petrinet.ecore,true,true,true,
modelset/raw-data/repo-ecore-all/data/repairvision/repairvision/plugins/org.sidiff.graphpattern/model/graphpattern.ecore,false,false,false,"parse: failed to parse modelset/raw-data/repo-ecore-all/data/repairvision/repairvision/plugins/org.sidiff.graphpattern/model/graphpattern.ecore: unsupported `eType` path `ecore:EClass http://www.eclipse.org/emf/2002/Ecore#//EAttribute` failed to parse class operation failed to parse class `NodePattern` line 31, column 105 current parser state: | `` | `    </eOperations>` parsing failed"
modelset/raw-data/repo-ecore-all/data/repairvision/repairvision/plugins.domain/org.sidiff.ecore.editrules.repair.evaluation/examples/uml-ecore_coevolution_story/2006-10-10T22-40-37Z_c9e925f1d462e0fb6ff677141586cafa4e5b3e25/Ecore.ecore,false,false,false,"parse: failed to parse modelset/raw-data/repo-ecore-all/data/repairvision/repairvision/plugins.domain/org.sidiff.ecore.editrules.repair.evaluation/examples/uml-ecore_coevolution_story/2006-10-10T22-40-37Z_c9e925f1d462e0fb6ff677141586cafa4e5b3e25/Ecore.ecore: unknown builtit class URL `Ecore.ecore#//EBoolean` failed to parse structural features failed to parse class `EAttribute` line 5, column 112 current parser state: | `` | `    <eStructuralFeatures xsi:type=""ecore:EReference"" name=""eAttributeType"" lowerBound=""1""` parsing failed"
modelset/raw-data/repo-ecore-all/data/repairvision/repairvision/plugins.domain/org.sidiff.ecore.editrules.repair.evaluation/examples/uml-ecore_coevolution_story/2006-10-10T22-40-37Z_c9e925f1d462e0fb6ff677141586cafa4e5b3e25_coevolution_2006-12-05T21-22-25Z/Ecore.ecore,false,false,false,"parse: failed to parse modelset/raw-data/repo-ecore-all/data/repairvision/repairvision/plugins.domain/org.sidiff.ecore.editrules.repair.evaluation/examples/uml-ecore_coevolution_story/2006-10-10T22-40-37Z_c9e925f1d462e0fb6ff677141586cafa4e5b3e25_coevolution_2006-12-05T21-22-25Z/Ecore.ecore: unknown builtit class URL `Ecore.ecore#//EBoolean` failed to parse structural features failed to parse class `EAttribute` line 5, column 112 current parser state: | `` | `    <eStructuralFeatures xsi:type=""ecore:EReference"" name=""eAttributeType"" lowerBound=""1""` parsing failed"
modelset/raw-data/repo-ecore-all/data/repairvision/repairvision/plugins.domain/org.sidiff.ecore.editrules.repair.evaluation/examples/uml-ecore_coevolution_story/2006-10-10T22-40-37Z_c9e925f1d462e0fb6ff677141586cafa4e5b3e25_coevolution_2006-12-09T19-16-03Z/Ecore.ecore,false,false,false,"parse: failed to parse modelset/raw-data/repo-ecore-all/data/repairvision/repairvision/plugins.domain/org.sidiff.ecore.editrules.repair.evaluation/examples/uml-ecore_coevolution_story/2006-10-10T22-40-37Z_c9e925f1d462e0fb6ff677141586cafa4e5b3e25_coevolution_2006-12-09T19-16-03Z/Ecore.ecore: unknown builtit class URL `Ecore.ecore#//EBoolean` failed to parse structural features failed to parse class `EAttribute` line 5, column 112 current parser state: | `` | `    <eStructuralFeatures xsi:type=""ecore:EReference"" name=""eAttributeType"" lowerBound=""1""` parsing failed"
modelset/raw-data/repo-ecore-all/data/repairvision/repairvision/plugins.domain/org.sidiff.ecore.editrules.repair.evaluation/examples/uml-ecore_coevolution_story/2006-10-10T22-40-37Z_c9e925f1d462e0fb6ff677141586cafa4e5b3e25_coevolution_2006-12-11T16-31-42Z/Ecore.ecore,false,false,false,"parse: failed to parse modelset/raw-data/repo-ecore-all/data/repairvision/repairvision/plugins.domain/org.sidiff.ecore.editrules.repair.evaluation/examples/uml-ecore_coevolution_story/2006-10-10T22-40-37Z_c9e925f1d462e0fb6ff677141586cafa4e5b3e25_coevolution_2006-12-11T16-31-42Z/Ecore.ecore: unknown builtit class URL `Ecore.ecore#//EBoolean` failed to parse structural features failed to parse class `EAttribute` line 5, column 112 current parser state: | `` | `    <eStructuralFeatures xsi:type=""ecore:EReference"" name=""eAttributeType"" lowerBound=""1""` parsing failed"
modelset/raw-data/repo-ecore-all/data/repairvision/repairvision/plugins.henshin/org.eclipse.emf.henshin.model/model/henshin.ecore,false,false,false,"parse: failed to parse modelset/raw-data/repo-ecore-all/data/repairvision/repairvision/plugins.henshin/org.eclipse.emf.henshin.model/model/henshin.ecore: unsupported `eType` path `ecore:EClass http://www.eclipse.org/emf/2002/Ecore#//EPackage` failed to parse structural features failed to parse class `Module` line 33, column 80 current parser state: | `` | `    <eStructuralFeatures xsi:type=""ecore:EReference"" name=""units"" upperBound=""-1""` parsing failed"
modelset/raw-data/repo-ecore-all/data/research-iobserve/pcm-data-type-language/org.spp.cocome.types/src-gen/org/spp/cocome/types/Types.ecore,true,true,true,
modelset/raw-data/repo-ecore-all/data/rewriting/tom/examples/transformation/simplepdltopetrinet/metamodels/PetriNetSemantics_updated.ecore,false,false,false,"parse: failed to parse modelset/raw-data/repo-ecore-all/data/rewriting/tom/examples/transformation/simplepdltopetrinet/metamodels/PetriNetSemantics_updated.ecore: unexpected package content line 6, column 3 current parser state: | `<eSubpackages name=""DDMMPetriNet"" nsURI=""petrinet.ddmm"" nsPrefix=""petrinet.ddmm"">` | `    <eClassifiers xsi:type=""ecore:EClass"" name=""PetriNet"">` parsing failed"
modelset/raw-data/repo-ecore-all/data/rgranado/mis-pruebas/EMF/org.eclipse.example.bowlingmodel/bowling.ecore,false,false,false,"parse: failed to parse modelset/raw-data/repo-ecore-all/data/rgranado/mis-pruebas/EMF/org.eclipse.example.bowlingmodel/bowling.ecore: unknown builtit class URL `http://www.eclipse.org/emf/2002/Ecore#//EDate` failed to parse structural features failed to parse class `Player` line 6, column 144 current parser state: | `` | `    <eStructuralFeatures xsi:type=""ecore:EAttribute"" name=""heigth"" eType=""ecore:EDataType http://www.eclipse.org/emf/2002/Ecore#//EDouble""/>` parsing failed"
modelset/raw-data/repo-ecore-all/data/rgruber1/atom-game-framework/AtomUtils/modelling/party/party.ecore,false,false,false,"parse: failed to parse modelset/raw-data/repo-ecore-all/data/rgruber1/atom-game-framework/AtomUtils/modelling/party/party.ecore: expected identifier failed to parse class operation failed to parse class `DateEffectiveObject` line 102, column 101 current parser state: | `>` | `        <eAnnotations source=""http://www.eclipse.org/emf/2002/GenModel"">` parsing failed"
modelset/raw-data/repo-ecore-all/data/rhernando/highway/PetriNetProject/PetriNetModel.ecore,true,true,true,
modelset/raw-data/repo-ecore-all/data/richban/robo-prose/robo-prose-model/model/RoboProse.ecore,true,true,true,
modelset/raw-data/repo-ecore-all/data/riederm/graphiti_clone/plugins/org.eclipse.graphiti.mm/model/graphiti.ecore,false,false,false,"parse: failed to parse modelset/raw-data/repo-ecore-all/data/riederm/graphiti_clone/plugins/org.eclipse.graphiti.mm/model/graphiti.ecore: unexpected package content line 18, column 3 current parser state: | `<eSubpackages name=""pictograms"" nsURI=""http://eclipse.org/graphiti/mm/pictograms""` | `      nsPrefix=""pi"">` parsing failed"
modelset/raw-data/repo-ecore-all/data/rju/neoemf-example/src/graph.ecore,true,true,true,
modelset/raw-data/repo-ecore-all/data/rju/xtext-typing-example/de.cau.cs.se.lad/model/Types.ecore,false,false,false,"parse: failed to parse modelset/raw-data/repo-ecore-all/data/rju/xtext-typing-example/de.cau.cs.se.lad/model/Types.ecore: unsupported `eType` path `ecore:EClass http://www.eclipse.org/emf/2002/Ecore#//EObject` failed to parse structural features failed to parse class `Operation` line 40, column 29 current parser state: | `` | `  </eClassifiers>` parsing failed"
modelset/raw-data/repo-ecore-all/data/rmemory/xtext/plugins/org.rmemory.xtext.entities/model/generated/Entities.ecore,true,true,true,
modelset/raw-data/repo-ecore-all/data/rnesselrath/SiAM-dp/platform/de.dfki.iui.mmds.scxml/model/scxml.ecore,false,false,false,"parse: failed to parse modelset/raw-data/repo-ecore-all/data/rnesselrath/SiAM-dp/platform/de.dfki.iui.mmds.scxml/model/scxml.ecore: unknown builtit class URL `http://www.eclipse.org/emf/2003/XMLType#//AnyURI` failed to parse structural features failed to parse class `StateChart` line 32, column 83 current parser state: | `` | `    <eStructuralFeatures xsi:type=""ecore:EAttribute"" name=""version"" lowerBound=""1""` parsing failed"
modelset/raw-data/repo-ecore-all/data/robcrocombe/cgs-emf-gen/example.ecore,false,false,false,"parse: failed to parse modelset/raw-data/repo-ecore-all/data/robcrocombe/cgs-emf-gen/example.ecore: expected tag `>` failed to parse class annotation failed to parse class `MediaLibrary` line 5, column 39 current parser state: | `/>` | `    <eStructuralFeatures xsi:type=""ecore:EReference"" name=""devices"" upperBound=""-1""` parsing failed"
modelset/raw-data/repo-ecore-all/data/robo-star/circus.robocalc.robochart.parent/circus.robocalc.robochart/model/robochart.ecore,true,false,false,"generate: timeout after 120s: /arachne/target/debug/arachne generate modelset/raw-data/repo-ecore-all/data/robo-star/circus.robocalc.robochart.parent/circus.robocalc.robochart/model/robochart.ecore -o /var/folders/24/3kt9vzrj6qzd_r760kn9ybsm0000gn/T/arachne-modelset-b3l8v7mw/generated-00933 -p modelset-00933-8d4712a3 [INFO  arachne] Starting code generation [INFO  arachne_codegen] Validating configuration [INFO  arachne_codegen] Parsing ecore metamodel: ""modelset/raw-data/repo-ecore-all/data/robo-star/circus.robocalc.robochart.parent/circus.robocalc.robochart/model/robochart.ecore"" [INFO  arachne_codegen] Generating Rust tokens"
modelset/raw-data/repo-ecore-all/data/roboidstudio/embedded/org.roboid.robot.model/model/robot.ecore,false,false,false,"parse: failed to parse modelset/raw-data/repo-ecore-all/data/roboidstudio/embedded/org.roboid.robot.model/model/robot.ecore: unknown builtit class URL `http://www.eclipse.org/emf/2002/Ecore#//EJavaObject` failed to parse class operation failed to parse class `NamedElement` line 10, column 108 current parser state: | `` | `    </eOperations>` parsing failed"
modelset/raw-data/repo-ecore-all/data/robotoworks/mechanoid/plugins/com.robotoworks.mechanoid.db/model/generated/SqliteModel.ecore,false,false,false,"parse: failed to parse modelset/raw-data/repo-ecore-all/data/robotoworks/mechanoid/plugins/com.robotoworks.mechanoid.db/model/generated/SqliteModel.ecore: unknown builtit class URL `http://www.eclipse.org/emf/2002/Ecore#//EBigDecimal` failed to parse structural features failed to parse class `NumericLiteral` line 408, column 145 current parser state: | `` | `  </eClassifiers>` parsing failed"
modelset/raw-data/repo-ecore-all/data/robotoworks/mechanoid/plugins/com.robotoworks.mechanoid.net/model/generated/NetModel.ecore,false,false,false,"parse: failed to parse modelset/raw-data/repo-ecore-all/data/robotoworks/mechanoid/plugins/com.robotoworks.mechanoid.net/model/generated/NetModel.ecore: unknown builtit class URL `http://www.eclipse.org/emf/2002/Ecore#//EBigDecimal` failed to parse structural features failed to parse class `NumericLiteral` line 140, column 146 current parser state: | `` | `  </eClassifiers>` parsing failed"
modelset/raw-data/repo-ecore-all/data/robsman/stardust.ide/model/org.eclipse.stardust.model.xpdl/model/carnot.ecore,false,false,false,"parse: failed to parse modelset/raw-data/repo-ecore-all/data/robsman/stardust.ide/model/org.eclipse.stardust.model.xpdl/model/carnot.ecore: unknown builtit class URL `http://www.eclipse.org/emf/2003/XMLType#//Double` failed to parse structural features failed to parse class `Coordinates` line 12, column 27 current parser state: | `` | `      <eAnnotations source=""http://www.eclipse.org/emf/2002/GenModel"">` parsing failed"
modelset/raw-data/repo-ecore-all/data/robsman/stardust.ide/model/org.eclipse.stardust.model.xpdl/model/xpdl.ecore,false,false,false,"parse: failed to parse modelset/raw-data/repo-ecore-all/data/robsman/stardust.ide/model/org.eclipse.stardust.model.xpdl/model/xpdl.ecore: unknown builtit class URL `http://www.eclipse.org/emf/2003/XMLType#//String` failed to parse structural features failed to parse class `DataTypeType` line 55, column 145 current parser state: | `` | `      <eAnnotations source=""http:///org/eclipse/emf/ecore/util/ExtendedMetaData"">` parsing failed"
modelset/raw-data/repo-ecore-all/data/rodriguez-facundo/model/geppettoModel.ecore,false,false,false,"parse: failed to parse modelset/raw-data/repo-ecore-all/data/rodriguez-facundo/model/geppettoModel.ecore: unknown builtit class URL `http://www.eclipse.org/emf/2003/XMLType#//String` failed to parse structural features failed to parse class `GeppettoModel` line 28, column 39 current parser state: | `` | `      <eAnnotations source=""http://www.eclipse.org/emf/2002/GenModel"">` parsing failed"
modelset/raw-data/repo-ecore-all/data/roegnarak/YaTM/org.testmodel/model/testmodel.ecore,true,true,true,
modelset/raw-data/repo-ecore-all/data/roegnarak/YaTM-Graphiti/org.rosi.testmodel/model/testmodel.ecore,true,true,true,
modelset/raw-data/repo-ecore-all/data/rominaeramo/JTLframework/JTL-emftext/org.emftext.language.JTLMM/metamodel/JTLMM.ecore,false,false,false,"parse: failed to parse modelset/raw-data/repo-ecore-all/data/rominaeramo/JTLframework/JTL-emftext/org.emftext.language.JTLMM/metamodel/JTLMM.ecore: unexpected package content line 4, column 3 current parser state: | `<eSubpackages name=""emof"" nsURI=""http:///emof.ecore"" nsPrefix=""emof"">` | `    <eClassifiers xsi:type=""ecore:EClass"" name=""Class"" eSuperTypes=""#//emof/Type"">` parsing failed"
modelset/raw-data/repo-ecore-all/data/rominaeramo/JTLframework/TCS/ASPecore/metamodels/RDBMS.ecore,true,true,true,
modelset/raw-data/repo-ecore-all/data/rominaeramo/JTLframework/TCS/ASPecore/metamodels/UML.ecore,true,true,true,
modelset/raw-data/repo-ecore-all/data/rominaeramo/JTLframework/semantic-ancoring/it.univaq.mde.students.jtl2asp.multirelation/Metamodels/JTL_nuovo.ecore,false,false,false,"parse: failed to parse modelset/raw-data/repo-ecore-all/data/rominaeramo/JTLframework/semantic-ancoring/it.univaq.mde.students.jtl2asp.multirelation/Metamodels/JTL_nuovo.ecore: unexpected package content line 4, column 3 current parser state: | `<eSubpackages name=""emof"" nsURI=""http:///emof.ecore"" nsPrefix=""emof"">` | `    <eClassifiers xsi:type=""ecore:EClass"" name=""Class"" eSuperTypes=""#//emof/Type"">` parsing failed"
modelset/raw-data/repo-ecore-all/data/rominaeramo/JTLframework/semantic-ancoring/it.univaq.mde.students.jtl2asp.nomultirelation_condition/Metamodels/JTL_nuovo.ecore,false,false,false,"parse: failed to parse modelset/raw-data/repo-ecore-all/data/rominaeramo/JTLframework/semantic-ancoring/it.univaq.mde.students.jtl2asp.nomultirelation_condition/Metamodels/JTL_nuovo.ecore: unexpected package content line 4, column 3 current parser state: | `<eSubpackages name=""emof"" nsURI=""http:///emof.ecore"" nsPrefix=""emof"">` | `    <eClassifiers xsi:type=""ecore:EClass"" name=""Class"" eSuperTypes=""#//emof/Type"">` parsing failed"
modelset/raw-data/repo-ecore-all/data/rominaeramo/JTLframework/src/org.emftext.language.JTLMM/metamodel/JTLMM.ecore,false,false,false,"parse: failed to parse modelset/raw-data/repo-ecore-all/data/rominaeramo/JTLframework/src/org.emftext.language.JTLMM/metamodel/JTLMM.ecore: unexpected package content line 4, column 3 current parser state: | `<eSubpackages name=""emof"" nsURI=""http:///emof.ecore"" nsPrefix=""emof"">` | `    <eClassifiers xsi:type=""ecore:EClass"" name=""Class"" eSuperTypes=""#//emof/Type"">` parsing failed"
modelset/raw-data/repo-ecore-all/data/rominaeramo/triple-pattern-frontend/Families2Persons/metamodels/Families.ecore,false,false,false,"parse: failed to parse modelset/raw-data/repo-ecore-all/data/rominaeramo/triple-pattern-frontend/Families2Persons/metamodels/Families.ecore: unexpected class content failed to parse class `FamilyRegister` line 6, column 5 current parser state: | `<eTypeParameters name=""T""/>` | `    <eStructuralFeatures xsi:type=""ecore:EReference"" name=""families"" upperBound=""-1""` parsing failed"
modelset/raw-data/repo-ecore-all/data/rominaeramo/triple-pattern-frontend/HSM2SM/metamodels/_hsm.ecore,true,true,true,
modelset/raw-data/repo-ecore-all/data/rominaeramo/triple-pattern-frontend/HSM2SM/metamodels/_sm.ecore,true,true,true,
modelset/raw-data/repo-ecore-all/data/rominaeramo/triple-pattern-frontend/HSM2SM/metamodels/hsm.ecore,true,true,true,
modelset/raw-data/repo-ecore-all/data/rominaeramo/triple-pattern-frontend/HSM2SM/metamodels/sm.ecore,true,true,true,
modelset/raw-data/repo-ecore-all/data/rominaeramo/triple-pattern-frontend/TGG2ASP/metamodels/TGG.ecore,false,false,false,"parse: failed to parse modelset/raw-data/repo-ecore-all/data/rominaeramo/triple-pattern-frontend/TGG2ASP/metamodels/TGG.ecore: unsupported `eType` path `ecore:EClass http://www.eclipse.org/emf/2002/Ecore#//EPackage` failed to parse structural features failed to parse class `Schema` line 22, column 96 current parser state: | `` | `    <eStructuralFeatures xsi:type=""ecore:EReference"" name=""targetTypes"" unique=""false""` parsing failed"
modelset/raw-data/repo-ecore-all/data/rosvik/ntnu-tdt4250-eclipse/assignment1/no.rosvik.tdt4250/model/university.ecore,true,true,true,
modelset/raw-data/repo-ecore-all/data/rpc1/org.eclipse.papyrus/extraplugins/bpmn/org.eclipse.papyrus.bpmn/src/org/eclipse/papyrus/bpmn/BPMNProfile/impl/BPMNProfile.ecore,false,false,false,"parse: failed to parse modelset/raw-data/repo-ecore-all/data/rpc1/org.eclipse.papyrus/extraplugins/bpmn/org.eclipse.papyrus.bpmn/src/org/eclipse/papyrus/bpmn/BPMNProfile/impl/BPMNProfile.ecore: unknown builtit class URL `http://www.eclipse.org/emf/2002/Ecore#//EDiagnosticChain` failed to parse class operation failed to parse class `InclusiveGateway` line 10, column 121 current parser state: | `` | `      <eParameters name=""context"">` parsing failed"
modelset/raw-data/repo-ecore-all/data/rpc1/org.eclipse.papyrus/extraplugins/diagram-definition/org.eclipse.papyrus.dd/model/DG.ecore,false,false,false,"parse: failed to parse modelset/raw-data/repo-ecore-all/data/rpc1/org.eclipse.papyrus/extraplugins/diagram-definition/org.eclipse.papyrus.dd/model/DG.ecore: expected identifier failed to parse class operation failed to parse class `Canvas` line 24, column 119 current parser state: | `>` | `        <eAnnotations source=""http://www.eclipse.org/emf/2002/GenModel"">` parsing failed"
modelset/raw-data/repo-ecore-all/data/rpc1/org.eclipse.papyrus/extraplugins/java/org.eclipse.papyrus.java.generator.metamodel.jdt/model/jdtmm.ecore,false,false,false,"parse: failed to parse modelset/raw-data/repo-ecore-all/data/rpc1/org.eclipse.papyrus/extraplugins/java/org.eclipse.papyrus.java.generator.metamodel.jdt/model/jdtmm.ecore: expected tag `>` failed to parse structural feature annotation failed to parse structural features failed to parse class `JDTMethod` line 17, column 40 current parser state: | `references=""#//JDTJavaElement/parent""/>` | `    </eStructuralFeatures>` parsing failed"
modelset/raw-data/repo-ecore-all/data/rpc1/org.eclipse.papyrus/extraplugins/robotml/org.eclipse.papyrus.robotml/model/ecore.ecore,false,false,false,"parse: failed to parse modelset/raw-data/repo-ecore-all/data/rpc1/org.eclipse.papyrus/extraplugins/robotml/org.eclipse.papyrus.robotml/model/ecore.ecore: unexpected class content failed to parse class `EEList` line 413, column 5 current parser state: | `<eTypeParameters name=""E""/>` | `  </eClassifiers>` parsing failed"
modelset/raw-data/repo-ecore-all/data/rpc1/org.eclipse.papyrus/extraplugins/soaml/org.eclipse.papyrus.soaml.profile/model/ecore.ecore,false,false,false,"parse: failed to parse modelset/raw-data/repo-ecore-all/data/rpc1/org.eclipse.papyrus/extraplugins/soaml/org.eclipse.papyrus.soaml.profile/model/ecore.ecore: expected identifier failed to parse class operation failed to parse class `EClass` line 67, column 52 current parser state: | `>` | `        <eAnnotations source=""http://www.eclipse.org/uml2/2.0.0/UML"">` parsing failed"
modelset/raw-data/repo-ecore-all/data/rpc1/org.eclipse.papyrus/extraplugins/soaml/org.eclipse.papyrus.soaml.profile/model/types.ecore,true,true,true,
modelset/raw-data/repo-ecore-all/data/rpc1/org.eclipse.papyrus/plugins/infra/gmfdiag/org.eclipse.papyrus.infra.gmfdiag.common/model/expansionmodel.ecore,false,false,false,"parse: failed to parse modelset/raw-data/repo-ecore-all/data/rpc1/org.eclipse.papyrus/plugins/infra/gmfdiag/org.eclipse.papyrus.infra.gmfdiag.common/model/expansionmodel.ecore: unknown builtit class URL `http://www.eclipse.org/emf/2002/Ecore#//EDiagnosticChain` failed to parse class operation failed to parse class `AbstractRepresentation` line 29, column 151 current parser state: | `` | `      <eParameters name=""context"" ordered=""false"" lowerBound=""1"" eType=""ecore:EDataType http://www.eclipse.org/emf/2002/Ecore#//EMap""/>` parsing failed"
modelset/raw-data/repo-ecore-all/data/rpc1/org.eclipse.uml2/plugins/org.eclipse.uml2.uml.profile.standard/model/Standard.ecore,false,false,false,"parse: failed to parse modelset/raw-data/repo-ecore-all/data/rpc1/org.eclipse.uml2/plugins/org.eclipse.uml2.uml.profile.standard/model/Standard.ecore: expected tag `""` parsing a value for xml attribute `value` failed to parse class annotation failed to parse class `Auxiliary` line 10, column 485 current parser state: | `p>""/>` | `    </eAnnotations>` parsing failed"
modelset/raw-data/repo-ecore-all/data/rquinio/ck2xtext/ck2xtext/model/generated/Ck2Gfx.ecore,false,false,false,"parse: failed to parse modelset/raw-data/repo-ecore-all/data/rquinio/ck2xtext/ck2xtext/model/generated/Ck2Gfx.ecore: unsupported `eType` path `ecore:EClass http://www.eclipse.org/emf/2002/Ecore#//EObject` failed to parse structural features failed to parse class `Model` line 6, column 98 current parser state: | `` | `  </eClassifiers>` parsing failed"
modelset/raw-data/repo-ecore-all/data/rrgonzalez1992/gmftools/plugins/de.itemis.gmf.example/model/Entity.ecore,true,true,true,
modelset/raw-data/repo-ecore-all/data/rsanjai/sr-o2core/org.osate.aadl2/model/aadl2.ecore,false,false,false,"parse: failed to parse modelset/raw-data/repo-ecore-all/data/rsanjai/sr-o2core/org.osate.aadl2/model/aadl2.ecore: expected identifier failed to parse class operation failed to parse class `Element` line 15, column 119 current parser state: | `>` | `        <eAnnotations source=""http://www.eclipse.org/emf/2002/GenModel"">` parsing failed"
modelset/raw-data/repo-ecore-all/data/rsanjai/sr-o2core/org.osate.aadl2/src/org/osate/aadl2/impl/aadl2.ecore,false,false,false,"parse: failed to parse modelset/raw-data/repo-ecore-all/data/rsanjai/sr-o2core/org.osate.aadl2/src/org/osate/aadl2/impl/aadl2.ecore: unknown builtit class URL `http://www.eclipse.org/emf/2002/Ecore#//EDiagnosticChain` failed to parse class operation failed to parse class `Element` line 6, column 121 current parser state: | `` | `      <eParameters name=""context"">` parsing failed"
modelset/raw-data/repo-ecore-all/data/rsanjai/sr-o2core/org.osate.aadl2/src/org/osate/aadl2/instance/impl/aadl2.ecore,false,false,false,"parse: failed to parse modelset/raw-data/repo-ecore-all/data/rsanjai/sr-o2core/org.osate.aadl2/src/org/osate/aadl2/instance/impl/aadl2.ecore: expected identifier failed to parse class operation failed to parse class `Element` line 17, column 119 current parser state: | `>` | `        <eAnnotations source=""http://www.eclipse.org/emf/2002/GenModel"">` parsing failed"
modelset/raw-data/repo-ecore-all/data/rsb0/TDT4250_Exercise_1/edu.runesb.tdt4250.assignment.studyprogramme/model/Studyprogramme.ecore,false,false,false,"parse: failed to parse modelset/raw-data/repo-ecore-all/data/rsb0/TDT4250_Exercise_1/edu.runesb.tdt4250.assignment.studyprogramme/model/Studyprogramme.ecore: unexpected upper bound (`-1` or unsigned integer) `-2` Failed to parse `lowerBound`/`upperBound` of  structural feature `selectionSemester` failed to parse structural features failed to parse class `Specialization` line 33, column 79 current parser state: | `` | `    <eStructuralFeatures xsi:type=""ecore:EReference"" name=""programme"" eType=""#//Programme""` parsing failed"
modelset/raw-data/repo-ecore-all/data/rseidi/Amethyst/org.amethystlang/bin/org/amethystlang/Amethyst.ecore,false,false,false,"parse: failed to parse modelset/raw-data/repo-ecore-all/data/rseidi/Amethyst/org.amethystlang/bin/org/amethystlang/Amethyst.ecore: unsupported `eType` path `ecore:EClass http://www.eclipse.org/emf/2002/Ecore#//EObject` failed to parse structural features failed to parse class `TagDeclaration` line 25, column 98 current parser state: | `` | `  </eClassifiers>` parsing failed"
modelset/raw-data/repo-ecore-all/data/rubis-lab/AOEplugin/bin/model/ecore.ecore,false,false,false,"parse: failed to parse modelset/raw-data/repo-ecore-all/data/rubis-lab/AOEplugin/bin/model/ecore.ecore: unsupported `eType` path `ecore:EClass http://www.eclipse.org/emf/2002/Ecore#//EObject` failed to parse structural features failed to parse class `EAnnotation` line 21, column 32 current parser state: | `` | `      <eAnnotations source=""http:///org/eclipse/emf/ecore/util/ExtendedMetaData"">` parsing failed"
modelset/raw-data/repo-ecore-all/data/rudiw/basic-crud/src/main/java/com/rudiwijaya/grudi/jpa/grudi.ecore,false,false,false,"parse: failed to parse modelset/raw-data/repo-ecore-all/data/rudiw/basic-crud/src/main/java/com/rudiwijaya/grudi/jpa/grudi.ecore: unknown builtit class URL `http://www.eclipse.org/emf/2002/Ecore#//ELongObject` failed to parse structural features failed to parse class `Person` line 6, column 19 current parser state: | `` | `      <eAnnotations source=""org.eclipse.emf.texo"">` parsing failed"
modelset/raw-data/repo-ecore-all/data/rudiw/basic-crud/src/main/resources/com/rudiwijaya/grudi/grudi.ecore,false,false,false,"parse: failed to parse modelset/raw-data/repo-ecore-all/data/rudiw/basic-crud/src/main/resources/com/rudiwijaya/grudi/grudi.ecore: unknown builtit class URL `http://www.eclipse.org/emf/2002/Ecore#//ELongObject` failed to parse structural features failed to parse class `Person` line 6, column 20 current parser state: | `` | `    <eStructuralFeatures xsi:type=""ecore:EAttribute"" name=""username"" lowerBound=""1""` parsing failed"
modelset/raw-data/repo-ecore-all/data/rugbroed/BPE/source/dk.itu.mdd.policyengine/model/PolicyEngine.ecore,true,true,true,
modelset/raw-data/repo-ecore-all/data/ruizrube/spdef/spdt/trunk/src/main/resources/es/uca/spifm/spdt/process/uma/uma104.ecore,false,false,false,"parse: failed to parse modelset/raw-data/repo-ecore-all/data/ruizrube/spdef/spdt/trunk/src/main/resources/es/uca/spifm/spdt/process/uma/uma104.ecore: unknown builtit class URL `http://www.eclipse.org/emf/2002/Ecore#//EBooleanObject` failed to parse structural features failed to parse class `MethodElement` line 84, column 37 current parser state: | `` | `      <eAnnotations source=""http://www.eclipse.org/emf/2002/GenModel"">` parsing failed"
modelset/raw-data/repo-ecore-all/data/ruizrube/spdef/spdt/trunk/src/main/resources/es/uca/spifm/spdt/process/uma/uma106.ecore,true,false,false,"generate: [INFO  arachne] Starting code generation [INFO  arachne_codegen] Validating configuration [INFO  arachne_codegen] Parsing ecore metamodel: ""modelset/raw-data/repo-ecore-all/data/ruizrube/spdef/spdt/trunk/src/main/resources/es/uca/spifm/spdt/process/uma/uma106.ecore"" [WARN  ecore_rs::parser::raw] Structural feature `isAbstract` sets `ordered` while `upperBound=1`; this has no effect [WARN  ecore_rs::parser::raw] Structural feature `name` sets `ordered` while `upperBound=1`; this has no effect [WARN  ecore_rs::parser::raw] Structural feature `body` sets `ordered` while `upperBound=1`; this has no effect [WARN  ecore_rs::parser::raw] Structural feature `guid` sets `ordered` while `upperBound=1`; this has no effect [WARN  ecore_rs::parser::raw] Structural feature `presentationName` sets `ordered` while `upperBound=1`; this has no effect [WARN  ecore_rs::parser::raw] Structural feature `briefDescription` sets `ordered` while `upperBound=1`; this has no effect [WARN  ecore_rs::parser::raw] Structural feature `suppressed` sets `ordered` while `upperBound=1`; this has no effect [WARN  ecore_rs::parser::raw] Structural feature `orderingGuide` sets `ordered` while `upperBound=1`; this has no effect [WARN  ecore_rs::parser::raw] Structural feature `value` sets `ordered` while `upperBound=1`; this has no effect [WARN  ecore_rs::parser::raw] Structural feature `presentation` sets `ordered` while `upperBound=1`; this has no effect [WARN  ecore_rs::parser::raw] Structural feature `shapeicon` sets `ordered` while `upperBound=1`; this has no effect [WARN  ecore_rs::parser::raw] Structural feature `nodeicon` sets `ordered` while `upperBound=1`; this has no effect [WARN  ecore_rs::parser::raw] Structural feature `mainDescription` sets `ordered` while `upperBound=1`; this has no effect [WARN  ecore_rs::parser::raw] Structural feature `externalId` sets `ordered` while `upperBound=1`; this has no effect [WARN  ecore_rs::parser::raw] Structural feature `keyConsiderations` sets `ordered` while `upperBound=1`; this has no effect [WARN  ecore_rs::parser::raw] Structural feature `longPresentationName` sets `ordered` while `upperBound=1`; this has no effect [WARN  ecore_rs::parser::raw] Structural feature `authors` sets `ordered` while `upperBound=1`; this has no effect [WARN  ecore_rs::parser::raw] Structural feature `changeDate` sets `ordered` while `upperBound=1`; this has no effect [WARN  ecore_rs::parser::raw] Structural feature `changeDescription` sets `ordered` while `upperBound=1`; this has no effect [WARN  ecore_rs::parser::raw] Structural feature `version` sets `ordered` while `upperBound=1`; this has no effect [WARN  ecore_rs::parser::raw] Structural feature `copyrightStatement` sets `ordered` while `upperBound=1`; this has no effect [WARN  ecore_rs::parser::raw] Structural feature `sectionName` sets `ordered` while `upperBound=1`; this has no effect [WARN  ecore_rs::parser::raw] Structural feature `sectionDescription` sets `ordered` while `upperBound=1`; this has no effect [WARN  ecore_rs::parser::raw] Structural feature `predecessor` sets `ordered` while `upperBound=1`; this has no effect [WARN  ecore_rs::parser::raw] Structural feature `variabilityType` sets `ordered` while `upperBound=1`; this has no effect [WARN  ecore_rs::parser::raw] Structural feature `variabilityBasedOnElement` sets `ordered` while `upperBound=1`; this has no effect [WARN  ecore_rs::parser::raw] Structural feature `isPrimaryExtension` sets `ordered` while `upperBound=1`; this has no effect [WARN  ecore_rs::parser::raw] Structural feature `containerArtifact` sets `ordered` while `upperBound=1`; this has no effect [WARN  ecore_rs::parser::raw] `eOpposite` attributes are currently not supported, ignoring [WARN  ecore_rs::parser::raw] `eOpposite` attributes are currently not supported, ignoring [WARN  ecore_rs::parser::raw] Structural feature `precondition` sets `ordered` while `upperBound=1`; this has no effect [WARN  ecore_rs::parser::raw] S [output truncated after 4000 chars]"
modelset/raw-data/repo-ecore-all/data/rxambili/BE_GLS/fr.n7.petriNet/PetriNet.ecore,true,true,true,
modelset/raw-data/repo-ecore-all/data/rxambili/BE_GLS/fr.n7.simplePDL/SimplePDL.ecore,true,true,true,
modelset/raw-data/repo-ecore-all/data/rytina/cdo-light/cdo/org.eclipse.emf.cdo.tests/SubclassTest1.ecore,false,false,false,"parse: failed to parse modelset/raw-data/repo-ecore-all/data/rytina/cdo-light/cdo/org.eclipse.emf.cdo.tests/SubclassTest1.ecore: unexpected package content line 15, column 3 current parser state: | `<eSubpackages name=""subpackage"" nsURI=""http://cdo.eclipse.org/tests/PackageRegistry/SubclassTest1.ecore#subpackage""` | `      nsPrefix=""sp"">` parsing failed"
modelset/raw-data/repo-ecore-all/data/rytina/dukecon_appsgenerator/org.applause.lang/src-gen/org/applause/lang/ApplauseDsl.ecore,true,true,true,
modelset/raw-data/repo-ecore-all/data/rzhilkibaev/eclipse-snippets/xtext-indenting/org.xtext.example.mydsl/src-gen/org/xtext/example/MyDsl.ecore,true,true,true,
modelset/raw-data/repo-ecore-all/data/s-hosoai/solderbullet/jp.ac.jaist.kslab.sb.marte/model/MARTE_Library.ecore,false,false,false,"parse: failed to parse modelset/raw-data/repo-ecore-all/data/s-hosoai/solderbullet/jp.ac.jaist.kslab.sb.marte/model/MARTE_Library.ecore: unexpected package content line 6, column 3 current parser state: | `<eSubpackages name=""MeasurementUnits"" nsURI=""http:///MARTE_Library/MeasurementUnits.ecore""` | `      nsPrefix=""MARTE_Library.MeasurementUnits"">` parsing failed"
modelset/raw-data/repo-ecore-all/data/s-hosoai/solderbullet/jp.ac.jaist.kslab.sb.marte/model/MARTE_sb.ecore,false,false,false,"parse: failed to parse modelset/raw-data/repo-ecore-all/data/s-hosoai/solderbullet/jp.ac.jaist.kslab.sb.marte/model/MARTE_sb.ecore: unexpected package content line 4, column 3 current parser state: | `<eSubpackages name=""MARTE_Foundations"" nsURI=""http:///MARTE/MARTE_Foundations.ecore""` | `      nsPrefix=""MARTE.MARTE_Foundations"">` parsing failed"
modelset/raw-data/repo-ecore-all/data/s73331/swf_beleg/de.htwdd.sf.beleg.s72868.s73331/model/generated/ReneMartin.ecore,true,true,true,
modelset/raw-data/repo-ecore-all/data/saeaadl/AadlV3Prototype/org.osate.graph/model/TokenTrace.ecore,false,false,false,"parse: failed to parse modelset/raw-data/repo-ecore-all/data/saeaadl/AadlV3Prototype/org.osate.graph/model/TokenTrace.ecore: unsupported `eType` path `ecore:EClass http://www.eclipse.org/emf/2002/Ecore#//EObject` failed to parse structural features failed to parse class `TokenTrace` line 9, column 144 current parser state: | `` | `    <eStructuralFeatures xsi:type=""ecore:EReference"" name=""tokens"" upperBound=""-1""` parsing failed"
modelset/raw-data/repo-ecore-all/data/sahayapurv/MDE-Project_Microservice_Sirius/Microservice_EMF/microArch.ecore,true,true,true,
modelset/raw-data/repo-ecore-all/data/sahayapurv/MDE-Project_Microservice_Sirius/Microservice_EMF/model/microArch.ecore,true,true,true,
modelset/raw-data/repo-ecore-all/data/said026/dsl-project/dslProject/model/generated/FM.ecore,true,true,true,
modelset/raw-data/repo-ecore-all/data/saidizied14/Reduce/fr.inria.atlanmod.ReduceSimpleExample/company.ecore,true,true,true,
modelset/raw-data/repo-ecore-all/data/salord-f/dsl/arduino/xtext/ArduinoML/model/arduinoML.ecore,true,true,true,
modelset/raw-data/repo-ecore-all/data/samuelefioretti/master_project/Xtext/org.unicam.myGrammar/model/generated/OptGrammar.ecore,true,false,false,"generate: timeout after 120s: /arachne/target/debug/arachne generate modelset/raw-data/repo-ecore-all/data/samuelefioretti/master_project/Xtext/org.unicam.myGrammar/model/generated/OptGrammar.ecore -o /var/folders/24/3kt9vzrj6qzd_r760kn9ybsm0000gn/T/arachne-modelset-b3l8v7mw/generated-00990 -p modelset-00990-ac52fc85 [INFO  arachne] Starting code generation [INFO  arachne_codegen] Validating configuration [INFO  arachne_codegen] Parsing ecore metamodel: ""modelset/raw-data/repo-ecore-all/data/samuelefioretti/master_project/Xtext/org.unicam.myGrammar/model/generated/OptGrammar.ecore"" [WARN  ecore_rs::parser::raw] XML-level class literal redefinition for `literal` from `1` to `|=` [WARN  ecore_rs::parser::raw] XML-level class literal redefinition for `literal` from `2` to `^=` [WARN  ecore_rs::parser::raw] XML-level class literal redefinition for `literal` from `3` to `&amp;=` [WARN  ecore_rs::parser::raw] XML-level class literal redefinition for `literal` from `4` to `&lt;&lt;=` [WARN  ecore_rs::parser::raw] XML-level class literal redefinition for `literal` from `5` to `>>=` [WARN  ecore_rs::parser::raw] XML-level class literal redefinition for `literal` from `6` to `>>>=` [WARN  ecore_rs::parser::raw] XML-level class literal redefinition for `literal` from `7` to `+=` [WARN  ecore_rs::parser::raw] XML-level class literal redefinition for `literal` from `8` to `-=` [WARN  ecore_rs::parser::raw] XML-level class literal redefinition for `literal` from `9` to `*=` [WARN  ecore_rs::parser::raw] XML-level class literal redefinition for `literal` from `10` to `/=` [WARN  ecore_rs::parser::raw] XML-level class literal redefinition for `literal` from `11` to `%=` [WARN  ecore_rs::parser::raw] XML-level class literal redefinition for `literal` from `1` to `!=` [WARN  ecore_rs::parser::raw] XML-level class literal redefinition for `literal` from `1` to `>` [WARN  ecore_rs::parser::raw] XML-level class literal redefinition for `literal` from `2` to `&lt;=` [WARN  ecore_rs::parser::raw] XML-level class literal redefinition for `literal` from `3` to `>=` [WARN  ecore_rs::parser::raw] XML-level class literal redefinition for `literal` from `4` to `in` [WARN  ecore_rs::parser::raw] XML-level class literal redefinition for `literal` from `1` to `>>` [WARN  ecore_rs::parser::raw] XML-level class literal redefinition for `literal` from `2` to `>>>` [WARN  ecore_rs::parser::raw] XML-level class literal redefinition for `literal` from `1` to `-` [WARN  ecore_rs::parser::raw] XML-level class literal redefinition for `literal` from `1` to `/` [WARN  ecore_rs::parser::raw] XML-level class literal redefinition for `literal` from `2` to `%` [WARN  ecore_rs::parser::raw] XML-level class literal redefinition for `literal` from `1` to `--` [WARN  ecore_rs::parser::raw] XML-level class literal redefinition for `literal` from `1` to `this` [WARN  ecore_rs::parser::raw] XML-level class literal redefinition for `literal` from `1` to `case` [WARN  ecore_rs::parser::raw] XML-level class literal redefinition for `literal` from `2` to `catch` [WARN  ecore_rs::parser::raw] XML-level class literal redefinition for `literal` from `3` to `final` [WARN  ecore_rs::parser::raw] XML-level class literal redefinition for `literal` from `4` to `let` [WARN  ecore_rs::parser::raw] XML-level class literal redefinition for `literal` from `5` to `match` [WARN  ecore_rs::parser::raw] XML-level class literal redefinition for `literal` from `6` to `of` [WARN  ecore_rs::parser::raw] XML-level class literal redefinition for `literal` from `7` to `relocatable` [WARN  ecore_rs::parser::raw] XML-level class literal redefinition for `literal` from `8` to `switch` [WARN  ecore_rs::parser::raw] XML-level class literal redefinition for `literal` from `9` to `try` [WARN  ecore_rs::parser::raw] XML-level class literal redefinition for `literal` from `10` to `type` [WARN  ecore_rs::parser::raw] XML-level class literal redefinition for `literal` from `11` to `typeof` [WARN  ecore_rs::parser::raw] XML-level class literal redefinition for `literal` from `12` to `using` [WARN  ecore_rs::parser::raw] XML-level class literal redefinition for `literal` from `13` to `ILLEGAL` [INFO  arachne_codegen] Generating Rust tokens"
modelset/raw-data/repo-ecore-all/data/santiago-m/TF_Intro_Trans_QVT_2da_Parte/TrabajoFinal/metamodelos/SimpleRDBMS.ecore,true,true,true,
modelset/raw-data/repo-ecore-all/data/santiago-m/TF_Intro_Transformacion_de_Modelos_QVT/metamodelos/SimpleRDBMS.ecore,true,true,true,
modelset/raw-data/repo-ecore-all/data/santiago-m/TF_Intro_Transformacion_de_Modelos_QVT/metamodelos/SimpleUML.ecore,true,true,true,
modelset/raw-data/repo-ecore-all/data/sanyaade-teachings/tian-seg-emftutorial/hello.emf.example.ppo/model/PrimerPO.ecore,true,false,false,"generate: [INFO  arachne] Starting code generation [INFO  arachne_codegen] Validating configuration [INFO  arachne_codegen] Parsing ecore metamodel: ""modelset/raw-data/repo-ecore-all/data/sanyaade-teachings/tian-seg-emftutorial/hello.emf.example.ppo/model/PrimerPO.ecore"" [INFO  arachne_codegen] Generating Rust tokens [INFO  arachne_codegen] Generating classifiers...  thread 'main' (578824) panicked at arachne-codegen/src/codegen/feature/attribute.rs:65:37: Failed to parse type: Date note: run with `RUST_BACKTRACE=1` environment variable to display a backtrace"
modelset/raw-data/repo-ecore-all/data/sasalem/ProR_filter/org.eclipse.rmf.rif11.xsd.model/src/org/eclipse/rmf/rif11/xhtml/impl/xhtml.ecore,false,false,false,"parse: failed to parse modelset/raw-data/repo-ecore-all/data/sasalem/ProR_filter/org.eclipse.rmf.rif11.xsd.model/src/org/eclipse/rmf/rif11/xhtml/impl/xhtml.ecore: unknown builtit class URL `http://www.eclipse.org/emf/2003/XMLType#//NMTOKENS` failed to parse structural features failed to parse class `AbbrType` line 14, column 142 current parser state: | `` | `      <eAnnotations source=""http:///org/eclipse/emf/ecore/util/ExtendedMetaData"">` parsing failed"
modelset/raw-data/repo-ecore-all/data/sasalem/ProR_filter/org.eclipse.rmf.rif12.xsd.model/model/xhtml.ecore,false,false,false,"parse: failed to parse modelset/raw-data/repo-ecore-all/data/sasalem/ProR_filter/org.eclipse.rmf.rif12.xsd.model/model/xhtml.ecore: unknown builtit class URL `http://www.eclipse.org/emf/2003/XMLType#//NMTOKENS` failed to parse structural features failed to parse class `AbbrType` line 17, column 142 current parser state: | `` | `      <eAnnotations source=""http:///org/eclipse/emf/ecore/util/ExtendedMetaData"">` parsing failed"
modelset/raw-data/repo-ecore-all/data/sbihel/dsl/project/features_modeling/model/features_modeling.ecore,false,false,false,"parse: failed to parse modelset/raw-data/repo-ecore-all/data/sbihel/dsl/project/features_modeling/model/features_modeling.ecore: unknown builtit class URL `http://www.eclipse.org/emf/2003/XMLType#//String` failed to parse structural features failed to parse class `Feature` line 13, column 138 current parser state: | `` | `  </eClassifiers>` parsing failed"
modelset/raw-data/repo-ecore-all/data/sbihel/dsl/project/org.xtext.example.featureModel/model/generated/FeatureModel.ecore,true,true,true,
modelset/raw-data/repo-ecore-all/data/scasadei/com.efandei.memori.emf/model/graph.ecore,true,true,true,
modelset/raw-data/repo-ecore-all/data/schlingel/LazyShortcutGenerationLanguage/schlingel.bplaced.net.LazyShortcutGenerationLanguage/model/generated/LSGL.ecore,true,true,true,
