name,parse,generate,compile,error
modelset/raw-data/repo-ecore-all/data/eclipse/emf.texo/runtime/org.eclipse.emf.texo.demo/model/library.ecore,false,false,false,"parse: failed to parse modelset/raw-data/repo-ecore-all/data/eclipse/emf.texo/runtime/org.eclipse.emf.texo.demo/model/library.ecore: unsupported `eType` path `identifiable.ecore#//Identifiable` line 38, column 18 current parser state: | `` | `  <eClassifiers xsi:type=""ecore:EClass"" name=""Library"" eSuperTypes=""identifiable.ecore#//Identifiable"">` parsing failed"
modelset/raw-data/repo-ecore-all/data/eclipse/emf.texo/runtime/org.eclipse.emf.texo.demo/src-gen/org/eclipse/emf/texo/test/model/samples/accounting/accounting.ecore,false,false,false,"parse: failed to parse modelset/raw-data/repo-ecore-all/data/eclipse/emf.texo/runtime/org.eclipse.emf.texo.demo/src-gen/org/eclipse/emf/texo/test/model/samples/accounting/accounting.ecore: unknown builtit class URL `http://www.eclipse.org/emf/2003/XMLType#//String` failed to parse structural features failed to parse class `Account` line 11, column 82 current parser state: | `` | `      <eAnnotations source=""http:///org/eclipse/emf/ecore/util/ExtendedMetaData"">` parsing failed"
modelset/raw-data/repo-ecore-all/data/eclipse/emf.texo/tests/org.eclipse.emf.texo.modelgenerator.test/models/issues/bz325429.ecore,true,true,true,
modelset/raw-data/repo-ecore-all/data/eclipse/emf.texo/tests/org.eclipse.emf.texo.modelgenerator.test/models/issues/bz461726.ecore,true,true,true,
modelset/raw-data/repo-ecore-all/data/eclipse/emf.texo/tests/org.eclipse.emf.texo.modelgenerator.test/models/samples/Workflow.ecore,true,true,true,
modelset/raw-data/repo-ecore-all/data/eclipse/emf.texo/tests/org.eclipse.emf.texo.modelgenerator.test/models/samples/graphiti.ecore,false,false,false,"parse: failed to parse modelset/raw-data/repo-ecore-all/data/eclipse/emf.texo/tests/org.eclipse.emf.texo.modelgenerator.test/models/samples/graphiti.ecore: unexpected package content line 18, column 3 current parser state: | `<eSubpackages name=""pictograms"" nsURI=""http://eclipse.org/graphiti/mm/pictograms""` | `      nsPrefix=""pi"">` parsing failed"
modelset/raw-data/repo-ecore-all/data/eclipse/emf.texo/tests/org.eclipse.emf.texo.modelgenerator.test/models/samples/library.ecore,false,false,false,"parse: failed to parse modelset/raw-data/repo-ecore-all/data/eclipse/emf.texo/tests/org.eclipse.emf.texo.modelgenerator.test/models/samples/library.ecore: unsupported `eType` path `identifiable.ecore#//Identifiable` line 80, column 18 current parser state: | `` | `  <eClassifiers` parsing failed"
modelset/raw-data/repo-ecore-all/data/eclipse/emf.texo/tests/org.eclipse.emf.texo.test/src/org/eclipse/emf/texo/test/emfissues/accounting.ecore,false,false,false,"parse: failed to parse modelset/raw-data/repo-ecore-all/data/eclipse/emf.texo/tests/org.eclipse.emf.texo.test/src/org/eclipse/emf/texo/test/emfissues/accounting.ecore: unknown builtit class URL `http://www.eclipse.org/emf/2003/XMLType#//String` failed to parse structural features failed to parse class `Account` line 12, column 82 current parser state: | `` | `      <eAnnotations source=""http:///org/eclipse/emf/ecore/util/ExtendedMetaData"">` parsing failed"
modelset/raw-data/repo-ecore-all/data/eclipse/featuremodel.metamodel/org.eclipse.featuremodel.metamodel/models/featuremodel.ecore,false,false,false,"parse: failed to parse modelset/raw-data/repo-ecore-all/data/eclipse/featuremodel.metamodel/org.eclipse.featuremodel.metamodel/models/featuremodel.ecore: unknown builtit class URL `platform:/plugin/org.eclipse.emf.ecore/model/Ecore.ecore#//EInt` failed to parse structural features failed to parse class `AttributeValueInt` line 91, column 156 current parser state: | `` | `  </eClassifiers>` parsing failed"
modelset/raw-data/repo-ecore-all/data/eclipse/gemoc-studio/official_samples/K3FSM/language_workbench/org.eclipse.gemoc.example.k3fsm/model/k3fsm.ecore,false,false,false,"parse: failed to parse modelset/raw-data/repo-ecore-all/data/eclipse/gemoc-studio/official_samples/K3FSM/language_workbench/org.eclipse.gemoc.example.k3fsm/model/k3fsm.ecore: Missing attribute `eType` in structural feature `name` failed to parse structural features failed to parse class `FSM` line 4, column 66 current parser state: | `` | `      <eType xsi:type=""ecore:EDataType"" href=""http://www.eclipse.org/emf/2002/Ecore#//EString""/>` parsing failed"
modelset/raw-data/repo-ecore-all/data/eclipse/gemoc-studio/official_samples/MelangeK3FSM/language_workbench/org.eclipse.gemoc.example.melangek3fsm.xsfsm/model-gen/XSFSMMT.ecore,false,false,false,"parse: failed to parse modelset/raw-data/repo-ecore-all/data/eclipse/gemoc-studio/official_samples/MelangeK3FSM/language_workbench/org.eclipse.gemoc.example.melangek3fsm.xsfsm/model-gen/XSFSMMT.ecore: expected tag `>` failed to parse operation annotation failed to parse class operation failed to parse class `StateMachine` line 8, column 36 current parser state: | `/>` | `    </eOperations>` parsing failed"
modelset/raw-data/repo-ecore-all/data/eclipse/gemoc-studio/official_samples/MelangeK3FSM/language_workbench/org.eclipse.gemoc.example.melangek3fsm.xsfsm.xsfsm/model/XSFSM.ecore,false,false,false,"parse: failed to parse modelset/raw-data/repo-ecore-all/data/eclipse/gemoc-studio/official_samples/MelangeK3FSM/language_workbench/org.eclipse.gemoc.example.melangek3fsm.xsfsm.xsfsm/model/XSFSM.ecore: expected tag `>` failed to parse operation annotation failed to parse class operation failed to parse class `StateMachine` line 8, column 36 current parser state: | `/>` | `    </eOperations>` parsing failed"
modelset/raw-data/repo-ecore-all/data/eclipse/gemoc-studio-execution-moccml/examples/moccmlTFSM/language_workbench/org.eclipse.gemoc.example.moccml.tfsm.model/model/tfsm.ecore,true,true,true,
modelset/raw-data/repo-ecore-all/data/eclipse/gemoc-studio-modeldebugging/trace/tests_and_benchmarks/org.eclipse.gemoc.trace.metamodel.generator.test/model_inputs/model1.ecore,true,true,true,
modelset/raw-data/repo-ecore-all/data/eclipse/gmf-tooling/plugins/org.eclipse.gmf.bridge.trace/model/trace.ecore,false,false,false,"parse: failed to parse modelset/raw-data/repo-ecore-all/data/eclipse/gmf-tooling/plugins/org.eclipse.gmf.bridge.trace/model/trace.ecore: unsupported `eType` path `ecore:EClass http://www.eclipse.org/emf/2002/Ecore#//EClass` failed to parse class operation failed to parse class `MatchingTrace` line 31, column 110 current parser state: | `` | `    <eOperations name=""getEClassComparision"" eType=""ecore:EDataType http://www.eclipse.org/emf/2002/Ecore#//EString"">` parsing failed"
modelset/raw-data/repo-ecore-all/data/eclipse/gmf-tooling/plugins/org.eclipse.gmf.graphdef/models/gmfgraph.ecore,true,true,true,
modelset/raw-data/repo-ecore-all/data/eclipse/gmf-tooling/test-examples/compartments/org.eclipse.gmf.tooling.examples.compartments/model/compartments.ecore,true,true,true,
modelset/raw-data/repo-ecore-all/data/eclipse/gmf-tooling/tests/org.eclipse.gmf.tests/models/library/library.ecore,false,false,false,"parse: failed to parse modelset/raw-data/repo-ecore-all/data/eclipse/gmf-tooling/tests/org.eclipse.gmf.tests/models/library/library.ecore: expected identifier failed to parse class annotation failed to parse class `Library` line 8, column 28 current parser state: | `/>` | `    </eAnnotations>` parsing failed"
modelset/raw-data/repo-ecore-all/data/eclipse/gmf-tooling/tests/org.eclipse.gmf.tests.lite/models/library/library.ecore,true,true,true,
modelset/raw-data/repo-ecore-all/data/eclipse/gmp.graphiti/plugins/org.eclipse.graphiti.mm/model/graphiti.ecore,false,false,false,"parse: failed to parse modelset/raw-data/repo-ecore-all/data/eclipse/gmp.graphiti/plugins/org.eclipse.graphiti.mm/model/graphiti.ecore: unexpected package content line 18, column 3 current parser state: | `<eSubpackages name=""pictograms"" nsURI=""http://eclipse.org/graphiti/mm/pictograms""` | `      nsPrefix=""pi"">` parsing failed"
modelset/raw-data/repo-ecore-all/data/eclipse/january-forms/org.eclipse.january.geometry.model/model/org.eclipse.january.geometry.ecore,false,false,false,"parse: failed to parse modelset/raw-data/repo-ecore-all/data/eclipse/january-forms/org.eclipse.january.geometry.model/model/org.eclipse.january.geometry.ecore: expected identifier failed to parse class operation failed to parse class `INode` line 148, column 107 current parser state: | `>` | `        <eAnnotations source=""http://www.eclipse.org/emf/2002/GenModel"">` parsing failed"
modelset/raw-data/repo-ecore-all/data/eclipse/kitalpha/accuracy/examples/plugins/org.eclipse.emf.examples.library/model/extlibrary.ecore,false,false,false,"parse: failed to parse modelset/raw-data/repo-ecore-all/data/eclipse/kitalpha/accuracy/examples/plugins/org.eclipse.emf.examples.library/model/extlibrary.ecore: unknown builtit class URL `http://www.eclipse.org/emf/2002/Ecore#//EFeatureMapEntry` failed to parse structural features failed to parse class `Library` line 44, column 90 current parser state: | `` | `      <eAnnotations source=""http:///org/eclipse/emf/ecore/util/ExtendedMetaData"">` parsing failed"
modelset/raw-data/repo-ecore-all/data/eclipse/kitalpha/transposer/plugins/org.polarsys.kitalpha.transposer.analyzer.ecore/model/graph.ecore,false,false,false,"parse: failed to parse modelset/raw-data/repo-ecore-all/data/eclipse/kitalpha/transposer/plugins/org.polarsys.kitalpha.transposer.analyzer.ecore/model/graph.ecore: unexpected operation content failed to parse class operation failed to parse class `Graph` line 14, column 7 current parser state: | `<eGenericType eClassifier=""#//Edge"">` | `        <eTypeArguments eTypeParameter=""#//Graph/addAdjacent/T""/>` parsing failed"
modelset/raw-data/repo-ecore-all/data/eclipse/mylyn.reviews/org.eclipse.mylyn.reviews.core/model/reviews.ecore,false,false,false,"parse: failed to parse modelset/raw-data/repo-ecore-all/data/eclipse/mylyn.reviews/org.eclipse.mylyn.reviews.core/model/reviews.ecore: unexpected structural feature attribute `eKeys` failed to parse structural features failed to parse class `Repository` line 79, column 79 current parser state: | `/>` | `    <eStructuralFeatures xsi:type=""ecore:EAttribute"" name=""taskRepositoryUrl"" eType=""ecore:EDataType http://www.eclipse.org/emf/2002/Ecore#//EString""/>` parsing failed"
modelset/raw-data/repo-ecore-all/data/eclipse/mylyn.reviews.r4e/org.eclipse.mylyn.reviews.r4e.core/model/org.eclipse.mylyn.reviews.r4e.core.model.ecore,false,false,false,"parse: failed to parse modelset/raw-data/repo-ecore-all/data/eclipse/mylyn.reviews.r4e/org.eclipse.mylyn.reviews.r4e.core/model/org.eclipse.mylyn.reviews.r4e.core.model.ecore: unsupported `eType` path `../../org.eclipse.mylyn.reviews.frame.core/model/org.eclipse.mylyn.reviews.frame.core.model.ecore#//ReviewGroup` line 28, column 18 current parser state: | `` | `  <eClassifiers xsi:type=""ecore:EClass"" name=""R4EReview"" eSuperTypes=""../../org.eclipse.mylyn.reviews.frame.core/model/org.eclipse.mylyn.reviews.frame.core.model.ecore#//Review #//R4EReviewComponent"">` parsing failed"
modelset/raw-data/repo-ecore-all/data/eclipse/neoscada/hmi/org.eclipse.scada.vi.model/model/VisualInterface.ecore,false,false,false,"parse: failed to parse modelset/raw-data/repo-ecore-all/data/eclipse/neoscada/hmi/org.eclipse.scada.vi.model/model/VisualInterface.ecore: unknown builtit class URL `http://www.eclipse.org/emf/2002/Ecore#//EBooleanObject` failed to parse structural features failed to parse class `Shape` line 38, column 151 current parser state: | `` | `    <eStructuralFeatures xsi:type=""ecore:EAttribute"" name=""alpha"" eType=""ecore:EDataType http://www.eclipse.org/emf/2002/Ecore#//EDoubleObject""/>` parsing failed"
modelset/raw-data/repo-ecore-all/data/eclipse/neoscada/releng/org.eclipse.scada.web/model/web.ecore,false,false,false,"parse: failed to parse modelset/raw-data/repo-ecore-all/data/eclipse/neoscada/releng/org.eclipse.scada.web/model/web.ecore: expected tag `>` failed to parse class annotation failed to parse class `HtmlContent` line 31, column 79 current parser state: | `/>` | `    <eStructuralFeatures xsi:type=""ecore:EAttribute"" name=""data"" lowerBound=""1"" eType=""ecore:EDataType http://www.eclipse.org/emf/2002/Ecore#//EString"">` parsing failed"
modelset/raw-data/repo-ecore-all/data/eclipse/qvto/plugins/org.eclipse.m2m.qvt.oml/model/trace.ecore,false,false,false,"parse: failed to parse modelset/raw-data/repo-ecore-all/data/eclipse/qvto/plugins/org.eclipse.m2m.qvt.oml/model/trace.ecore: unsupported `eType` path `ecore:EClass QVTOperational.ecore#//expressions/MappingOperation` failed to parse class operation failed to parse class `Trace` line 7, column 109 current parser state: | `` | `      <eParameters name=""sourceObject"" eType=""ecore:EDataType platform:/plugin/org.eclipse.emf.ecore/model/Ecore.ecore#//EJavaObject""/>` parsing failed"
modelset/raw-data/repo-ecore-all/data/eclipse/smartmdsd/org.eclipse.smartmdsd.parent/ecore.metamodels/base.metamodels/org.eclipse.smartmdsd.ecore.base.stateMachine/model/stateMachine.ecore,true,true,true,
modelset/raw-data/repo-ecore-all/data/eclipse/vorto/core-bundles/meta-model/org.eclipse.vorto.core/model/Datatype.ecore,false,false,false,"parse: failed to parse modelset/raw-data/repo-ecore-all/data/eclipse/vorto/core-bundles/meta-model/org.eclipse.vorto.core/model/Datatype.ecore: unsupported `eType` path `Model.ecore#//Model` line 67, column 88 current parser state: | `` | `  <eClassifiers xsi:type=""ecore:EClass"" name=""PropertyType""/>` parsing failed"
modelset/raw-data/repo-ecore-all/data/eclipse/wazaabi/tests/org.eclipse.wazaabi.engine.edp.tests/model/Company.ecore,true,true,true,
modelset/raw-data/repo-ecore-all/data/eclipse/xtext-core/org.eclipse.xtext.tests/src/org/eclipse/xtext/resource/mydsl.ecore,true,true,true,
modelset/raw-data/repo-ecore-all/data/eclipse/xtext-core/org.eclipse.xtext.xtext.generator/src-gen/org/eclipse/xtext/xtext/generator/parser/antlr/splitting/SimpleExpressions.ecore,true,true,true,
modelset/raw-data/repo-ecore-all/data/eclipse/xtext-eclipse/org.eclipse.xtext.builder/model/Trace.ecore,true,false,false,"generate: [INFO  arachne] Starting code generation [INFO  arachne_codegen] Validating configuration [INFO  arachne_codegen] Parsing ecore metamodel: ""modelset/raw-data/repo-ecore-all/data/eclipse/xtext-eclipse/org.eclipse.xtext.builder/model/Trace.ecore"" [WARN  ecore_rs::parser::raw] Structural feature `label` sets `unique` while `upperBound=1`; this has no effect [WARN  ecore_rs::parser::raw] Structural feature `myOffset` sets `unique` while `upperBound=1`; this has no effect [WARN  ecore_rs::parser::raw] Structural feature `myLength` sets `unique` while `upperBound=1`; this has no effect [WARN  ecore_rs::parser::raw] Structural feature `myLineNumber` sets `unique` while `upperBound=1`; this has no effect [WARN  ecore_rs::parser::raw] Structural feature `myEndLineNumber` sets `unique` while `upperBound=1`; this has no effect [WARN  ecore_rs::parser::raw] Structural feature `myEndOffset` sets `unique` while `upperBound=1`; this has no effect [WARN  ecore_rs::parser::raw] Structural feature `label` sets `unique` while `upperBound=1`; this has no effect [WARN  ecore_rs::parser::raw] Structural feature `offset` sets `unique` while `upperBound=1`; this has no effect [WARN  ecore_rs::parser::raw] Structural feature `length` sets `unique` while `upperBound=1`; this has no effect [WARN  ecore_rs::parser::raw] Structural feature `lineNumber` sets `unique` while `upperBound=1`; this has no effect [WARN  ecore_rs::parser::raw] Structural feature `endLineNumber` sets `unique` while `upperBound=1`; this has no effect [WARN  ecore_rs::parser::raw] Structural feature `path` sets `unique` while `upperBound=1`; this has no effect [WARN  ecore_rs::parser::raw] Structural feature `endOffset` sets `unique` while `upperBound=1`; this has no effect [INFO  arachne_codegen] Generating Rust tokens [INFO  arachne_codegen] Generating classifiers...  thread 'main' (263503) panicked at arachne-codegen/src/codegen/feature/attribute.rs:65:37: Failed to parse type: URI note: run with `RUST_BACKTRACE=1` environment variable to display a backtrace"
modelset/raw-data/repo-ecore-all/data/eclipse/xtext-eclipse/org.eclipse.xtext.ui.tests/model/generated/BacktrackingContentAssistTestLanguage.ecore,false,false,false,"parse: failed to parse modelset/raw-data/repo-ecore-all/data/eclipse/xtext-eclipse/org.eclipse.xtext.ui.tests/model/generated/BacktrackingContentAssistTestLanguage.ecore: unsupported `eType` path `ecore:EClass http://www.eclipse.org/emf/2002/Ecore#//EObject` failed to parse structural features failed to parse class `RoundBracketExp` line 205, column 29 current parser state: | `` | `    <eStructuralFeatures xsi:type=""ecore:EReference"" name=""arguments"" upperBound=""-1""` parsing failed"
modelset/raw-data/repo-ecore-all/data/eclipse/xtext-eclipse/org.eclipse.xtext.ui.tests/model/generated/ParameterizedExpressionsTestLanguage.ecore,true,false,false,"generate: [INFO  arachne] Starting code generation [INFO  arachne_codegen] Validating configuration [INFO  arachne_codegen] Parsing ecore metamodel: ""modelset/raw-data/repo-ecore-all/data/eclipse/xtext-eclipse/org.eclipse.xtext.ui.tests/model/generated/ParameterizedExpressionsTestLanguage.ecore"" [INFO  arachne_codegen] Generating Rust tokens [ERROR arachne] Error: Failed to find a root class in `parameterizedExpressionsTestLanguage` package"
modelset/raw-data/repo-ecore-all/data/eclipse/xtext-eclipse/org.eclipse.xtext.ui.tests/src/org/eclipse/xtext/ui/tests/editor/contentassist/Bug287941TestModel.ecore,true,true,true,
modelset/raw-data/repo-ecore-all/data/eclipse/xtext-extras/org.eclipse.xtext.common.types/model/JavaVMTypes.ecore,false,false,false,"parse: failed to parse modelset/raw-data/repo-ecore-all/data/eclipse/xtext-extras/org.eclipse.xtext.common.types/model/JavaVMTypes.ecore: unexpected operation content failed to parse class operation failed to parse class `JvmDeclaredType` line 44, column 7 current parser state: | `<eGenericType eClassifier=""#//Iterable"">` | `        <eTypeArguments eClassifier=""#//JvmOperation""/>` parsing failed"
modelset/raw-data/repo-ecore-all/data/eclipse/xtext-web/org.eclipse.xtext.web.example.statemachine/model/generated/Statemachine.ecore,true,true,true,
modelset/raw-data/repo-ecore-all/data/eclipse-efx/efxclipse-rt/demos/org.eclipse.fx.xtext.statemachine/model/generated/Statemachine.ecore,true,true,true,
modelset/raw-data/repo-ecore-all/data/eclipse-glsp/glsp-server/plugins/org.eclipse.glsp.graph/model/glsp-graph.ecore,false,false,false,"parse: failed to parse modelset/raw-data/repo-ecore-all/data/eclipse-glsp/glsp-server/plugins/org.eclipse.glsp.graph/model/glsp-graph.ecore: unknown builtit class URL `http://www.eclipse.org/emf/2002/Ecore#//EDoubleObject` failed to parse structural features failed to parse class `GEdgePlacement` line 77, column 34 current parser state: | `` | `    <eStructuralFeatures xsi:type=""ecore:EAttribute"" name=""offset"" lowerBound=""1""` parsing failed"
modelset/raw-data/repo-ecore-all/data/eclipse-orbit/xtext-web/plugins/org.eclipse.xtext.web.example.hello/model/generated/Hello.ecore,true,true,true,
modelset/raw-data/repo-ecore-all/data/eclipse-orbit/xtext-web/plugins/org.eclipse.xtext.web.example.statemachine/model/generated/Statemachine.ecore,true,true,true,
modelset/raw-data/repo-ecore-all/data/eclipse-passage/passage/bundles/org.eclipse.passage.lic.features.ecore/model/features.ecore,true,true,true,
modelset/raw-data/repo-ecore-all/data/eclipsechaser/de.eclipsechaser.examples.gef3d/de.eclipsechaser.examples.gef3d.model/model/graph.ecore,true,true,true,
modelset/raw-data/repo-ecore-all/data/eclipsesource/coffee-editor/backend/plugins/com.eclipsesource.workflow.glsp.server/src/main/resources/glsp-graph.ecore,false,false,false,"parse: failed to parse modelset/raw-data/repo-ecore-all/data/eclipsesource/coffee-editor/backend/plugins/com.eclipsesource.workflow.glsp.server/src/main/resources/glsp-graph.ecore: unknown builtit class URL `http://www.eclipse.org/emf/2002/Ecore#//EDoubleObject` failed to parse structural features failed to parse class `GLayoutOptions` line 71, column 152 current parser state: | `` | `    <eStructuralFeatures xsi:type=""ecore:EAttribute"" name=""paddingRight"" eType=""ecore:EDataType http://www.eclipse.org/emf/2002/Ecore#//EDoubleObject""/>` parsing failed"
modelset/raw-data/repo-ecore-all/data/eclipsesource/ecore-glsp/client/workspace/empty.ecore,false,false,false,"parse: failed to parse modelset/raw-data/repo-ecore-all/data/eclipsesource/ecore-glsp/client/workspace/empty.ecore: expected identifier line 2, column 183 current parser state: | `/>` parsing failed"
modelset/raw-data/repo-ecore-all/data/eclipsesource/ecore-glsp/client/workspace/glsp-graph.ecore,false,false,false,"parse: failed to parse modelset/raw-data/repo-ecore-all/data/eclipsesource/ecore-glsp/client/workspace/glsp-graph.ecore: Missing attribute `eType` in structural feature `id` failed to parse structural features failed to parse class `GModelElement` line 4, column 74 current parser state: | `` | `      <eType xsi:type=""ecore:EDataType"" href=""http://www.eclipse.org/emf/2002/Ecore#//EString""/>` parsing failed"
modelset/raw-data/repo-ecore-all/data/eclipsesource/graphical-lsp/server/glsp-graph/src/main/resources/glsp-graph.ecore,false,false,false,"parse: failed to parse modelset/raw-data/repo-ecore-all/data/eclipsesource/graphical-lsp/server/glsp-graph/src/main/resources/glsp-graph.ecore: unknown builtit class URL `http://www.eclipse.org/emf/2002/Ecore#//EDoubleObject` failed to parse structural features failed to parse class `GLayoutOptions` line 71, column 152 current parser state: | `` | `    <eStructuralFeatures xsi:type=""ecore:EAttribute"" name=""paddingRight"" eType=""ecore:EDataType http://www.eclipse.org/emf/2002/Ecore#//EDoubleObject""/>` parsing failed"
modelset/raw-data/repo-ecore-all/data/eclipsesource/papyrus-gefx/tests/junit/plugins/gef4/org.eclipse.papyrus.gef4.example.library/model/Library.ecore,true,true,true,
modelset/raw-data/repo-ecore-all/data/eclipsesource/pickupnet/pickupnet.model/meta/Model.ecore,true,true,true,
modelset/raw-data/repo-ecore-all/data/ecsedigergo/BScThesis/hu.bme.mit.cmodel/model/generated/ComponentModel.ecore,true,true,true,
modelset/raw-data/repo-ecore-all/data/ecsedigergo/BScThesis/org.example.domainmodel/model/generated/Domainmodel.ecore,true,true,true,
modelset/raw-data/repo-ecore-all/data/ecsedigergo/BScThesisDepModel/PetriNetEMF/model/petriNetEMF.ecore,true,true,true,
modelset/raw-data/repo-ecore-all/data/ecsedigergo/BScThesisDepModel/ViatraTraceability/model/viatraTraceability.ecore,false,false,false,"parse: failed to parse modelset/raw-data/repo-ecore-all/data/ecsedigergo/BScThesisDepModel/ViatraTraceability/model/viatraTraceability.ecore: unsupported `eType` path `ecore:EClass ../../PetriNetEMF/model/petriNetEMF.ecore#//PetriNet` failed to parse structural features failed to parse class `DepToGSPN` line 6, column 145 current parser state: | `` | `    <eStructuralFeatures xsi:type=""ecore:EReference"" name=""depmodel"" eType=""ecore:EClass ../../hu.bme.mit.DepModel/model/generated/DepModel.ecore#//DepModel""/>` parsing failed"
modelset/raw-data/repo-ecore-all/data/ecsoya/eclipse.tutorial/org.ecsoya.eclipse.tutorial.emf/model/library.ecore,true,true,true,
modelset/raw-data/repo-ecore-all/data/ecsoya/org.soyatec.tooling/toolings/org.soyatec.tooling.di/model/di.ecore,false,false,false,"parse: failed to parse modelset/raw-data/repo-ecore-all/data/ecsoya/org.soyatec.tooling/toolings/org.soyatec.tooling.di/model/di.ecore: unsupported `eType` path `ecore:EClass http://www.eclipse.org/emf/2002/Ecore#//EObject` failed to parse structural features failed to parse class `View` line 9, column 139 current parser state: | `` | `  </eClassifiers>` parsing failed"
modelset/raw-data/repo-ecore-all/data/eder-felix/javaMetaModel/JavaMetaModel/model/javaMetaModel.ecore,true,true,true,
modelset/raw-data/repo-ecore-all/data/edgarmueller/emfstore-rest/bundles/org.eclipse.emf.emfstore.examplemodel/model/bowling.ecore,false,false,false,"parse: failed to parse modelset/raw-data/repo-ecore-all/data/edgarmueller/emfstore-rest/bundles/org.eclipse.emf.emfstore.examplemodel/model/bowling.ecore: unknown builtit class URL `http://www.eclipse.org/emf/2002/Ecore#//EDiagnosticChain` failed to parse class operation failed to parse class `Player` line 6, column 115 current parser state: | `` | `      <eParameters name=""context"">` parsing failed"
modelset/raw-data/repo-ecore-all/data/edgarmueller/emfstore-rest/tests/org.eclipse.emf.emfstore.test.model/model/testmodel.ecore,false,false,false,"parse: failed to parse modelset/raw-data/repo-ecore-all/data/edgarmueller/emfstore-rest/tests/org.eclipse.emf.emfstore.test.model/model/testmodel.ecore: expected tag `>` failed to parse structural feature annotation failed to parse structural features failed to parse class `TestElement` line 6, column 71 current parser state: | `references=""#//TestElement/description"">` | `        <details key=""foo"" value=""bar""/>` parsing failed"
modelset/raw-data/repo-ecore-all/data/edossantos241/DomainSpecificLanguages/DSL/fsm/model/fsm.ecore,true,true,true,
modelset/raw-data/repo-ecore-all/data/eduardoafs/aspectualacme/AspectualAcmeStudio/model/aspectualacme.ecore,false,false,false,"parse: failed to parse modelset/raw-data/repo-ecore-all/data/eduardoafs/aspectualacme/AspectualAcmeStudio/model/aspectualacme.ecore: unexpected structural feature attribute `eKeys` failed to parse structural features failed to parse class `Element` line 22, column 39 current parser state: | `/>` | `  </eClassifiers>` parsing failed"
modelset/raw-data/repo-ecore-all/data/eemanon/idm_a_tp2/code/languagewb/org.gemoc.models17.fsm.model/model/model.ecore,true,true,true,
modelset/raw-data/repo-ecore-all/data/ejaku/grgen/engine-net-2/examples/HelloWorld-TTC2011/helloworldext.ecore,true,true,true,
modelset/raw-data/repo-ecore-all/data/ejuliot/OrganizationChart-Designer/plugins/org.obeonetwork.dsl.organizationchart/model/organizationChart.ecore,true,true,true,
modelset/raw-data/repo-ecore-all/data/ekkart/ECNO/examples/APetriNetEditorIn15Minutes/model/PetriNet.ecore,true,true,true,
modelset/raw-data/repo-ecore-all/data/ekkart/ECNO/examples/workflowengine/dk.dtu.imm.se.ecno.workflow.engine/model/Workflow.ecore,true,true,true,
modelset/raw-data/repo-ecore-all/data/ekkart/ePNK/plugins/core/org.pnml.tools.epnk/model/PNMLCoreModel.ecore,false,false,false,"parse: failed to parse modelset/raw-data/repo-ecore-all/data/ekkart/ePNK/plugins/core/org.pnml.tools.epnk/model/PNMLCoreModel.ecore: unsupported `eType` path `ecore:EClass http://www.eclipse.org/emf/2003/XMLType#//AnyType` failed to parse structural features failed to parse class `PetriNet` line 19, column 100 current parser state: | `` | `  </eClassifiers>` parsing failed"
modelset/raw-data/repo-ecore-all/data/elarbi/ifx/fr.irit.ifx.visual.patterns/src/fr/irit/ifclipse/visual/patterns/model/Graph.ecore,true,true,true,
modelset/raw-data/repo-ecore-all/data/eldarht/advancedSoftwareDesignModellingAssignment/no.tdt4250.assignment1.model/model/courceList.ecore,false,false,false,"parse: failed to parse modelset/raw-data/repo-ecore-all/data/eldarht/advancedSoftwareDesignModellingAssignment/no.tdt4250.assignment1.model/model/courceList.ecore: unknown builtit class URL `http://www.eclipse.org/emf/2002/Ecore#//EDate` failed to parse structural features failed to parse class `Exam` line 52, column 137 current parser state: | `` | `  </eClassifiers>` parsing failed"
modelset/raw-data/repo-ecore-all/data/eliericha/atlanalyser/fr.tpt.atlanalyser.atl/model/ATL.ecore,false,false,false,"parse: failed to parse modelset/raw-data/repo-ecore-all/data/eliericha/atlanalyser/fr.tpt.atlanalyser.atl/model/ATL.ecore: unexpected content at package level line 2, column 1 current parser state: | `<xmi:XMI xmi:version=""2.0"" xmlns:xmi=""http://www.omg.org/XMI"" xmlns:xsi=""http://www.w3.org/2001/XMLSchema-instance""` | `    xmlns:ecore=""http://www.eclipse.org/emf/2002/Ecore"">` parsing failed"
modelset/raw-data/repo-ecore-all/data/eliericha/atlanalyser/fr.tpt.atlanalyser.examples/examples/CMG/InputMM/systemmodel.ecore,true,true,true,
modelset/raw-data/repo-ecore-all/data/eliericha/atlanalyser/fr.tpt.atlanalyser.examples/examples/CMG/OutputMM/codemodel.ecore,false,false,false,"parse: failed to parse modelset/raw-data/repo-ecore-all/data/eliericha/atlanalyser/fr.tpt.atlanalyser.examples/examples/CMG/OutputMM/codemodel.ecore: unexpected package content line 47, column 3 current parser state: | `<eSubpackages name=""expressions"" nsURI=""http://codemodel/expressions/1.0"" nsPrefix=""expressions"">` | `    <eClassifiers xsi:type=""ecore:EClass"" name=""Expression"" abstract=""true"" eSuperTypes=""#//CMElement""/>` parsing failed"
modelset/raw-data/repo-ecore-all/data/eliericha/atlanalyser/fr.tpt.atlanalyser.examples/examples/ER2REL/InputMM/ER.ecore,true,true,true,
modelset/raw-data/repo-ecore-all/data/eliericha/atlanalyser/fr.tpt.atlanalyser.examples/examples/ForPhDPost2Pre/InputMM/in.ecore,true,true,true,
modelset/raw-data/repo-ecore-all/data/eliericha/atlanalyser/fr.tpt.atlanalyser.examples/examples/ForPhDPost2Pre/OutputMM/out.ecore,true,true,true,
modelset/raw-data/repo-ecore-all/data/eliericha/atlanalyser/fr.tpt.atlanalyser.examples/examples/InjectivityIssues/OutputMM/out.ecore,true,true,true,
modelset/raw-data/repo-ecore-all/data/elobanova/EMFExperiments/workspace/TrialProject/model/bowling.ecore,false,false,false,"parse: failed to parse modelset/raw-data/repo-ecore-all/data/elobanova/EMFExperiments/workspace/TrialProject/model/bowling.ecore: unknown builtit class URL `http://www.eclipse.org/emf/2002/Ecore#//EDate` failed to parse structural features failed to parse class `Player` line 6, column 144 current parser state: | `` | `  </eClassifiers>` parsing failed"
modelset/raw-data/repo-ecore-all/data/elordin/model-transformer/model/05_StateMachine/StateMachine.ecore,false,false,false,"parse: failed to parse modelset/raw-data/repo-ecore-all/data/elordin/model-transformer/model/05_StateMachine/StateMachine.ecore: unknown builtit class URL `http://www.eclipse.org/emf/2003/XMLType#//Boolean` failed to parse structural features failed to parse class `State` line 19, column 44 current parser state: | `` | `    <eStructuralFeatures xsi:type=""ecore:EAttribute"" name=""isSimple"" eType=""ecore:EDataType http://www.eclipse.org/emf/2003/XMLType#//Boolean""` parsing failed"
modelset/raw-data/repo-ecore-all/data/emf-syncer/emf-syncer.tpcds/emf_syncer.tpcds/src/main/resources/ecore/emf.ecore,false,false,false,"parse: failed to parse modelset/raw-data/repo-ecore-all/data/emf-syncer/emf-syncer.tpcds/emf_syncer.tpcds/src/main/resources/ecore/emf.ecore: Missing attribute `eType` in structural feature `outgoingTransitions` failed to parse structural features failed to parse class `State` line 10, column 97 current parser state: | `` | `      <eGenericType eClassifier=""#//Transition"">` parsing failed"
modelset/raw-data/repo-ecore-all/data/emfjson/emfjson-gwt/src/test/resources/model/model.ecore,false,false,false,"parse: failed to parse modelset/raw-data/repo-ecore-all/data/emfjson/emfjson-gwt/src/test/resources/model/model.ecore: unknown builtit class URL `http://www.eclipse.org/emf/2002/Ecore#//EDate` failed to parse structural features failed to parse class `User` line 16, column 101 current parser state: | `` | `        <eStructuralFeatures xsi:type=""ecore:EAttribute"" name=""sex"" eType=""#//Sex""/>` parsing failed"
modelset/raw-data/repo-ecore-all/data/emfjson/emfjson-samples/eclipse/org.emfjson.sample.emf.ui/model/model.ecore,true,true,true,
modelset/raw-data/repo-ecore-all/data/emilianojuan/papilio/org.eclipse.gmt.modisco.java/model/java.ecore,true,false,false,"generate: timeout after 120s: /arachne/target/debug/arachne generate modelset/raw-data/repo-ecore-all/data/emilianojuan/papilio/org.eclipse.gmt.modisco.java/model/java.ecore -o /var/folders/24/3kt9vzrj6qzd_r760kn9ybsm0000gn/T/arachne-modelset-omcite9_/generated-00083 -p modelset-00083-460afae3 [INFO  arachne] Starting code generation [INFO  arachne_codegen] Validating configuration [INFO  arachne_codegen] Parsing ecore metamodel: ""modelset/raw-data/repo-ecore-all/data/emilianojuan/papilio/org.eclipse.gmt.modisco.java/model/java.ecore"" [WARN  ecore_rs::parser::raw] Structural feature `body` sets `ordered` while `upperBound=1`; this has no effect [WARN  ecore_rs::parser::raw] `eOpposite` attributes are currently not supported, ignoring [WARN  ecore_rs::parser::raw] `eOpposite` attributes are currently not supported, ignoring [WARN  ecore_rs::parser::raw] `eOpposite` attributes are currently not supported, ignoring [WARN  ecore_rs::parser::raw] Structural feature `method` sets `ordered` while `upperBound=1`; this has no effect [WARN  ecore_rs::parser::raw] `eOpposite` attributes are currently not supported, ignoring [WARN  ecore_rs::parser::raw] `eOpposite` attributes are currently not supported, ignoring [WARN  ecore_rs::parser::raw] Structural feature `package` sets `ordered` while `upperBound=1`; this has no effect [WARN  ecore_rs::parser::raw] `eOpposite` attributes are currently not supported, ignoring [WARN  ecore_rs::parser::raw] Structural feature `qualifier` sets `ordered` while `upperBound=1`; this has no effect [WARN  ecore_rs::parser::raw] Structural feature `type` sets `ordered` while `upperBound=1`; this has no effect [WARN  ecore_rs::parser::raw] `eOpposite` attributes are currently not supported, ignoring [WARN  ecore_rs::parser::raw] Structural feature `type` sets `ordered` while `upperBound=1`; this has no effect [WARN  ecore_rs::parser::raw] Structural feature `originalFilePath` sets `ordered` while `upperBound=1`; this has no effect [WARN  ecore_rs::parser::raw] Structural feature `originalFilePath` sets `unique` while `upperBound=1`; this has no effect [WARN  ecore_rs::parser::raw] Structural feature `manifest` sets `ordered` while `upperBound=1`; this has no effect [WARN  ecore_rs::parser::raw] Structural feature `message` sets `ordered` while `upperBound=1`; this has no effect [WARN  ecore_rs::parser::raw] Structural feature `expression` sets `ordered` while `upperBound=1`; this has no effect [WARN  ecore_rs::parser::raw] Structural feature `originalCompilationUnit` sets `ordered` while `upperBound=1`; this has no effect [WARN  ecore_rs::parser::raw] Structural feature `originalClassFile` sets `ordered` while `upperBound=1`; this has no effect [WARN  ecore_rs::parser::raw] Structural feature `member` sets `ordered` while `upperBound=1`; this has no effect [WARN  ecore_rs::parser::raw] `eOpposite` attributes are currently not supported, ignoring [WARN  ecore_rs::parser::raw] Structural feature `value` sets `ordered` while `upperBound=1`; this has no effect [WARN  ecore_rs::parser::raw] Structural feature `default` sets `ordered` while `upperBound=1`; this has no effect [WARN  ecore_rs::parser::raw] Structural feature `type` sets `ordered` while `upperBound=1`; this has no effect [WARN  ecore_rs::parser::raw] `eOpposite` attributes are currently not supported, ignoring [WARN  ecore_rs::parser::raw] `eOpposite` attributes are currently not supported, ignoring [WARN  ecore_rs::parser::raw] Structural feature `classInstanceCreation` sets `ordered` while `upperBound=1`; this has no effect [WARN  ecore_rs::parser::raw] `eOpposite` attributes are currently not supported, ignoring [WARN  ecore_rs::parser::raw] Structural feature `array` sets `ordered` while `upperBound=1`; this has no effect [WARN  ecore_rs::parser::raw] Structural feature `index` sets `ordered` while `upperBound=1`; this has no effect [WARN  ecore_rs::parser::raw] Structural feature `initializer` sets `ordered` while `upperBound=1`; this has no effect [WARN  ecore_rs::parser::raw] Structural feature `type` sets `ordered` while `upperBound=1`; this has no effect [WARN  ecore_rs::parser::raw] Structural feature `array` sets `ordered` while `upperBound=1`; this has no effect [WARN  ecore_rs::parser::raw] Structu [output truncated after 4000 chars]"
modelset/raw-data/repo-ecore-all/data/emilianojuan/papilio/org.eclipse.gmt.modisco.java/src/org/eclipse/gmt/modisco/java/emf/impl/java.ecore,true,false,false,"generate: timeout after 120s: /arachne/target/debug/arachne generate modelset/raw-data/repo-ecore-all/data/emilianojuan/papilio/org.eclipse.gmt.modisco.java/src/org/eclipse/gmt/modisco/java/emf/impl/java.ecore -o /var/folders/24/3kt9vzrj6qzd_r760kn9ybsm0000gn/T/arachne-modelset-omcite9_/generated-00084 -p modelset-00084-0ce96aca [INFO  arachne] Starting code generation [INFO  arachne_codegen] Validating configuration [INFO  arachne_codegen] Parsing ecore metamodel: ""modelset/raw-data/repo-ecore-all/data/emilianojuan/papilio/org.eclipse.gmt.modisco.java/src/org/eclipse/gmt/modisco/java/emf/impl/java.ecore"" [WARN  ecore_rs::parser::raw] Structural feature `body` sets `ordered` while `upperBound=1`; this has no effect [WARN  ecore_rs::parser::raw] `eOpposite` attributes are currently not supported, ignoring [WARN  ecore_rs::parser::raw] `eOpposite` attributes are currently not supported, ignoring [WARN  ecore_rs::parser::raw] `eOpposite` attributes are currently not supported, ignoring [WARN  ecore_rs::parser::raw] Structural feature `method` sets `ordered` while `upperBound=1`; this has no effect [WARN  ecore_rs::parser::raw] `eOpposite` attributes are currently not supported, ignoring [WARN  ecore_rs::parser::raw] `eOpposite` attributes are currently not supported, ignoring [WARN  ecore_rs::parser::raw] Structural feature `package` sets `ordered` while `upperBound=1`; this has no effect [WARN  ecore_rs::parser::raw] `eOpposite` attributes are currently not supported, ignoring [WARN  ecore_rs::parser::raw] Structural feature `qualifier` sets `ordered` while `upperBound=1`; this has no effect [WARN  ecore_rs::parser::raw] Structural feature `type` sets `ordered` while `upperBound=1`; this has no effect [WARN  ecore_rs::parser::raw] `eOpposite` attributes are currently not supported, ignoring [WARN  ecore_rs::parser::raw] Structural feature `type` sets `ordered` while `upperBound=1`; this has no effect [WARN  ecore_rs::parser::raw] Structural feature `originalFilePath` sets `ordered` while `upperBound=1`; this has no effect [WARN  ecore_rs::parser::raw] Structural feature `originalFilePath` sets `unique` while `upperBound=1`; this has no effect [WARN  ecore_rs::parser::raw] Structural feature `manifest` sets `ordered` while `upperBound=1`; this has no effect [WARN  ecore_rs::parser::raw] Structural feature `message` sets `ordered` while `upperBound=1`; this has no effect [WARN  ecore_rs::parser::raw] Structural feature `expression` sets `ordered` while `upperBound=1`; this has no effect [WARN  ecore_rs::parser::raw] Structural feature `originalCompilationUnit` sets `ordered` while `upperBound=1`; this has no effect [WARN  ecore_rs::parser::raw] Structural feature `originalClassFile` sets `ordered` while `upperBound=1`; this has no effect [WARN  ecore_rs::parser::raw] Structural feature `member` sets `ordered` while `upperBound=1`; this has no effect [WARN  ecore_rs::parser::raw] `eOpposite` attributes are currently not supported, ignoring [WARN  ecore_rs::parser::raw] Structural feature `value` sets `ordered` while `upperBound=1`; this has no effect [WARN  ecore_rs::parser::raw] Structural feature `default` sets `ordered` while `upperBound=1`; this has no effect [WARN  ecore_rs::parser::raw] Structural feature `type` sets `ordered` while `upperBound=1`; this has no effect [WARN  ecore_rs::parser::raw] `eOpposite` attributes are currently not supported, ignoring [WARN  ecore_rs::parser::raw] `eOpposite` attributes are currently not supported, ignoring [WARN  ecore_rs::parser::raw] Structural feature `classInstanceCreation` sets `ordered` while `upperBound=1`; this has no effect [WARN  ecore_rs::parser::raw] `eOpposite` attributes are currently not supported, ignoring [WARN  ecore_rs::parser::raw] Structural feature `array` sets `ordered` while `upperBound=1`; this has no effect [WARN  ecore_rs::parser::raw] Structural feature `index` sets `ordered` while `upperBound=1`; this has no effect [WARN  ecore_rs::parser::raw] Structural feature `initializer` sets `ordered` while `upperBound=1`; this has no effect [WARN  ecore_rs::parser::raw] Structural feature `type` sets `ordered` while `upperBound=1`; this has no effect [WARN  ecore_rs::parser::raw] Structural feature `array` sets `ordered` while `upperBound=1`; this has no effect [ [output truncated after 4000 chars]"
modelset/raw-data/repo-ecore-all/data/emirbalic/ATLInject/ATLInject/atl.ecore,false,false,false,"parse: failed to parse modelset/raw-data/repo-ecore-all/data/emirbalic/ATLInject/ATLInject/atl.ecore: unexpected content at package level line 2, column 1 current parser state: | `<xmi:XMI xmi:version=""2.0"" xmlns:xmi=""http://www.omg.org/XMI"" xmlns:xsi=""http://www.w3.org/2001/XMLSchema-instance""` | `    xmlns:ecore=""http://www.eclipse.org/emf/2002/Ecore"">` parsing failed"
modelset/raw-data/repo-ecore-all/data/emmag13/Vogella/EMFNotification/metamodel/model.ecore,false,false,false,"parse: failed to parse modelset/raw-data/repo-ecore-all/data/emmag13/Vogella/EMFNotification/metamodel/model.ecore: unexpected class content failed to parse class `ArrayList` line 14, column 5 current parser state: | `<eTypeParameters name=""T""/>` | `  </eClassifiers>` parsing failed"
modelset/raw-data/repo-ecore-all/data/emmanuellerouille/T4VASP/source_code/org.kermeta.spem.activity.model/target/classes/model/spem2.ecore,false,false,false,"parse: failed to parse modelset/raw-data/repo-ecore-all/data/emmanuellerouille/T4VASP/source_code/org.kermeta.spem.activity.model/target/classes/model/spem2.ecore: unknown builtit class URL `http://www.eclipse.org/emf/2002/Ecore#//EDate` failed to parse structural features failed to parse class `MethodContentElement` line 172, column 143 current parser state: | `` | `    <eStructuralFeatures xsi:type=""ecore:EAttribute"" name=""changeDescription"" eType=""ecore:EDataType http://www.eclipse.org/emf/2002/Ecore#//EString""/>` parsing failed"
modelset/raw-data/repo-ecore-all/data/emmanuellerouille/T4VASP/source_code/org.kermeta.spem.behavior.model/target/classes/model/behavior.ecore,false,false,false,"parse: failed to parse modelset/raw-data/repo-ecore-all/data/emmanuellerouille/T4VASP/source_code/org.kermeta.spem.behavior.model/target/classes/model/behavior.ecore: unsupported `eType` path `ecore:EClass http://www.eclipse.org/emf/2002/Ecore#//EObject` failed to parse structural features failed to parse class `WorkUnitHandle` line 42, column 79 current parser state: | `` | `    <eStructuralFeatures xsi:type=""ecore:EReference"" name=""onStart"" eType=""#//AC""/>` parsing failed"
modelset/raw-data/repo-ecore-all/data/encima/PhD-Java-Libs/restlet-jse-2.1.2/src/org.restlet.test/org/restlet/test/ext/emf/Test.ecore,true,true,true,
modelset/raw-data/repo-ecore-all/data/eneufeld/EMF-ModelGenerator/org.eclipse.emf.modelmutator.testModel/model/testModel.ecore,false,false,false,"parse: failed to parse modelset/raw-data/repo-ecore-all/data/eneufeld/EMF-ModelGenerator/org.eclipse.emf.modelmutator.testModel/model/testModel.ecore: unknown builtit class URL `http://www.eclipse.org/emf/2002/Ecore#//EBigDecimal` failed to parse structural features failed to parse class `Node` line 9, column 146 current parser state: | `` | `    <eStructuralFeatures xsi:type=""ecore:EAttribute"" name=""bigint"" eType=""ecore:EDataType http://www.eclipse.org/emf/2002/Ecore#//EBigInteger""/>` parsing failed"
modelset/raw-data/repo-ecore-all/data/eneufeld/EmfStore-Test/org.eclipse.emf.modelmutator.testModel/model/testModel.ecore,false,false,false,"parse: failed to parse modelset/raw-data/repo-ecore-all/data/eneufeld/EmfStore-Test/org.eclipse.emf.modelmutator.testModel/model/testModel.ecore: unknown builtit class URL `http://www.eclipse.org/emf/2002/Ecore#//EBigDecimal` failed to parse structural features failed to parse class `Kategorie` line 9, column 146 current parser state: | `` | `    <eStructuralFeatures xsi:type=""ecore:EAttribute"" name=""bigint"" eType=""ecore:EDataType http://www.eclipse.org/emf/2002/Ecore#//EBigInteger""/>` parsing failed"
modelset/raw-data/repo-ecore-all/data/eneufeld/EmfStore-Test/org.eclipse.example.bowlingmodel/model/bowling.ecore,false,false,false,"parse: failed to parse modelset/raw-data/repo-ecore-all/data/eneufeld/EmfStore-Test/org.eclipse.example.bowlingmodel/model/bowling.ecore: unknown builtit class URL `http://www.eclipse.org/emf/2002/Ecore#//EDate` failed to parse structural features failed to parse class `Player` line 8, column 144 current parser state: | `` | `    <eStructuralFeatures xsi:type=""ecore:EAttribute"" name=""height"" eType=""ecore:EDataType http://www.eclipse.org/emf/2002/Ecore#//EDouble""/>` parsing failed"
modelset/raw-data/repo-ecore-all/data/eneufeld/accountManagement/bundles/org.eclipsesource.accounting/model/accounting.ecore,false,false,false,"parse: failed to parse modelset/raw-data/repo-ecore-all/data/eneufeld/accountManagement/bundles/org.eclipsesource.accounting/model/accounting.ecore: unknown builtit class URL `http://www.eclipse.org/emf/2002/Ecore#//EDiagnosticChain` failed to parse class operation failed to parse class `Order` line 19, column 125 current parser state: | `` | `      <eParameters name=""context"">` parsing failed"
modelset/raw-data/repo-ecore-all/data/enstulen/TDT4250-NTNUStudies/no.tdt4250.ntnustudies/model/ntnustudies.ecore,true,true,true,
modelset/raw-data/repo-ecore-all/data/eposse/osate2-agcl/org.osate.xtext.aadl2.agcl/prereqs/models/aadl2.ecore,false,false,false,"parse: failed to parse modelset/raw-data/repo-ecore-all/data/eposse/osate2-agcl/org.osate.xtext.aadl2.agcl/prereqs/models/aadl2.ecore: expected identifier failed to parse class operation failed to parse class `Element` line 17, column 119 current parser state: | `>` | `        <eAnnotations source=""http://www.eclipse.org/emf/2002/GenModel"">` parsing failed"
modelset/raw-data/repo-ecore-all/data/epsilonlabs/emc-cellsheet/emf/models/cellsheet.ecore,false,false,false,"parse: failed to parse modelset/raw-data/repo-ecore-all/data/epsilonlabs/emc-cellsheet/emf/models/cellsheet.ecore: unknown builtit class URL `http://www.eclipse.org/emf/2002/Ecore#//EJavaObject` failed to parse structural features failed to parse class `BlankCell` line 63, column 144 current parser state: | `` | `  </eClassifiers>` parsing failed"
modelset/raw-data/repo-ecore-all/data/epsilonlabs/emf-cbp/org.eclipse.epsilon.cbp.test/model/employee.ecore,false,false,false,"parse: failed to parse modelset/raw-data/repo-ecore-all/data/epsilonlabs/emf-cbp/org.eclipse.epsilon.cbp.test/model/employee.ecore: unknown builtit class URL `http://www.eclipse.org/emf/2002/Ecore#//EIntegerObject` failed to parse structural features failed to parse class `Employee` line 7, column 89 current parser state: | `` | `    <eStructuralFeatures xsi:type=""ecore:EReference"" name=""partner"" eType=""#//Employee""/>` parsing failed"
modelset/raw-data/repo-ecore-all/data/epsilonlabs/epsilon-sigma-executors/src/main/java/org/eclipse/epsilon/labs/sigma/executors/etl/EtlSimpleTrace.ecore,false,false,false,"parse: failed to parse modelset/raw-data/repo-ecore-all/data/epsilonlabs/epsilon-sigma-executors/src/main/java/org/eclipse/epsilon/labs/sigma/executors/etl/EtlSimpleTrace.ecore: unsupported `eType` path `ecore:EClass http://www.eclipse.org/emf/2002/Ecore#//EObject` failed to parse structural features failed to parse class `TraceLink` line 11, column 79 current parser state: | `` | `    <eStructuralFeatures xsi:type=""ecore:EReference"" name=""targets"" upperBound=""-1""` parsing failed"
modelset/raw-data/repo-ecore-all/data/epsilonlabs/epsilonlabs/EpsilonStandaloneHHR/org.eclipse.epsilon.emc.emf.factory.test.unit/src/org/eclipse/epsilon/emc/emf/factory/test/unit/model/SimpleGraph.ecore,true,true,true,
modelset/raw-data/repo-ecore-all/data/epsilonlabs/epsilonlabs/Epsilon_Workflow_Editor_Docs_Userstudy/model/library.ecore,true,true,true,
modelset/raw-data/repo-ecore-all/data/epsilonlabs/epsilonlabs/StaticAnalysis/ETL Case Studies/Source.ecore,true,true,true,
modelset/raw-data/repo-ecore-all/data/epsilonlabs/epsilonlabs/StaticAnalysis/ETL Case Studies/Target.ecore,true,true,true,
modelset/raw-data/repo-ecore-all/data/epsilonlabs/epsilonlabs/StaticAnalysis/Examples/OO2DB/DB.ecore,false,false,false,"parse: failed to parse modelset/raw-data/repo-ecore-all/data/epsilonlabs/epsilonlabs/StaticAnalysis/Examples/OO2DB/DB.ecore: unknown builtit class URL `http://www.eclipse.org/emf/2002/Ecore#//EBooleanObject` failed to parse structural features failed to parse class `ForeignKey` line 29, column 148 current parser state: | `` | `  </eClassifiers>` parsing failed"
modelset/raw-data/repo-ecore-all/data/epsilonlabs/epsilonlabs/StaticAnalysis/Examples/OO2DB/OO.ecore,false,false,false,"parse: failed to parse modelset/raw-data/repo-ecore-all/data/epsilonlabs/epsilonlabs/StaticAnalysis/Examples/OO2DB/OO.ecore: unknown builtit class URL `http://www.eclipse.org/emf/2002/Ecore#//EBooleanObject` failed to parse structural features failed to parse class `Class` line 34, column 152 current parser state: | `` | `  </eClassifiers>` parsing failed"
modelset/raw-data/repo-ecore-all/data/epsilonlabs/epsilonlabs/StaticAnalysis/Examples/OO2DB/SimpleTrace.ecore,false,false,false,"parse: failed to parse modelset/raw-data/repo-ecore-all/data/epsilonlabs/epsilonlabs/StaticAnalysis/Examples/OO2DB/SimpleTrace.ecore: unsupported `eType` path `ecore:EClass http://www.eclipse.org/emf/2002/Ecore#//EObject` failed to parse structural features failed to parse class `TraceLink` line 10, column 79 current parser state: | `` | `    <eStructuralFeatures xsi:type=""ecore:EReference"" name=""targets"" upperBound=""-1""` parsing failed"
modelset/raw-data/repo-ecore-all/data/epsilonlabs/epsilonlabs/StaticAnalysis/bigMDE_demo/Library.ecore,true,true,true,
modelset/raw-data/repo-ecore-all/data/epsilonlabs/epsilonlabs/StaticAnalysis/old/org.eclipse.epsilon.eol.dom/model/Eol.ecore,false,false,false,"parse: failed to parse modelset/raw-data/repo-ecore-all/data/epsilonlabs/epsilonlabs/StaticAnalysis/old/org.eclipse.epsilon.eol.dom/model/Eol.ecore: unsupported `eType` path `ecore:EClass http://www.eclipse.org/emf/2002/Ecore#//EObject` failed to parse structural features failed to parse class `MethodCallExpression` line 105, column 79 current parser state: | `` | `  </eClassifiers>` parsing failed"
modelset/raw-data/repo-ecore-all/data/epsilonlabs/epsilonlabs/StaticAnalysis/org.eclipse.epsilon.eol.dom.metamodel.connectivity/Dom.ecore,true,false,false,"generate: timeout after 120s: /arachne/target/debug/arachne generate modelset/raw-data/repo-ecore-all/data/epsilonlabs/epsilonlabs/StaticAnalysis/org.eclipse.epsilon.eol.dom.metamodel.connectivity/Dom.ecore -o /var/folders/24/3kt9vzrj6qzd_r760kn9ybsm0000gn/T/arachne-modelset-omcite9_/generated-00108 -p modelset-00108-bb352c40 [INFO  arachne] Starting code generation [INFO  arachne_codegen] Validating configuration [INFO  arachne_codegen] Parsing ecore metamodel: ""modelset/raw-data/repo-ecore-all/data/epsilonlabs/epsilonlabs/StaticAnalysis/org.eclipse.epsilon.eol.dom.metamodel.connectivity/Dom.ecore"" [INFO  arachne_codegen] Generating Rust tokens"
modelset/raw-data/repo-ecore-all/data/epsilonlabs/epsilonlabs/StaticAnalysis/org.eclipse.epsilon.eol.dom.metamodel.connectivity/library.ecore,false,false,false,"parse: failed to parse modelset/raw-data/repo-ecore-all/data/epsilonlabs/epsilonlabs/StaticAnalysis/org.eclipse.epsilon.eol.dom.metamodel.connectivity/library.ecore: Missing attribute `eType` in structural feature `pages` failed to parse structural features failed to parse class `book` line 4, column 67 current parser state: | `` | `      <eType xsi:type=""ecore:EDataType"" href=""http://www.eclipse.org/emf/2002/Ecore#//EString""/>` parsing failed"
modelset/raw-data/repo-ecore-all/data/epsilonlabs/epsilonlabs/StaticAnalysis/org.eclipse.epsilon.eol.metamodel/model/Eol.ecore,false,false,false,"parse: failed to parse modelset/raw-data/repo-ecore-all/data/epsilonlabs/epsilonlabs/StaticAnalysis/org.eclipse.epsilon.eol.metamodel/model/Eol.ecore: unsupported `eType` path `ecore:EClass http://www.eclipse.org/emf/2002/Ecore#//EObject` failed to parse structural features failed to parse class `MethodCallExpression` line 97, column 79 current parser state: | `` | `  </eClassifiers>` parsing failed"
modelset/raw-data/repo-ecore-all/data/epsilonlabs/epsilonlabs/StaticAnalysis/org.eclipse.epsilon.eol.visitor.resolution.type.tier1/src/org/eclipse/epsilon/eol/visitor/resolution/type/tier1/test/Test.ecore,true,true,true,
modelset/raw-data/repo-ecore-all/data/epsilonlabs/epsilonlabs/StaticAnalysis/org.eclipse.epsilon.static.analysis.tests/etl_evaluation/Source.ecore,true,true,true,
modelset/raw-data/repo-ecore-all/data/epsilonlabs/epsilonlabs/StaticAnalysis/org.eclipse.epsilon.static.analysis.tests/etl_evaluation/Target.ecore,true,true,true,
modelset/raw-data/repo-ecore-all/data/epsilonlabs/epsilonlabs/StaticAnalysis/org.eclipse.epsilon.static.analysis.tests/xml_driver/EOL.ecore,false,false,false,"parse: failed to parse modelset/raw-data/repo-ecore-all/data/epsilonlabs/epsilonlabs/StaticAnalysis/org.eclipse.epsilon.static.analysis.tests/xml_driver/EOL.ecore: unknown builtit class URL `http://www.eclipse.org/emf/2002/Ecore#//EJavaObject` failed to parse structural features failed to parse class `IModel` line 23, column 155 current parser state: | `` | `    <eStructuralFeatures xsi:type=""ecore:EReference"" name=""iPackages"" upperBound=""-1""` parsing failed"
modelset/raw-data/repo-ecore-all/data/epsilonlabs/epsilonlabs/StaticAnalysis/org.eclipse.epsilon.static.analysis.tests/xml_driver/Graph.ecore,true,true,true,
modelset/raw-data/repo-ecore-all/data/epsilonlabs/epsilonlabs/org.eclipse.epsilon.emc.muddle/model/muddle.ecore,false,false,false,"parse: failed to parse modelset/raw-data/repo-ecore-all/data/epsilonlabs/epsilonlabs/org.eclipse.epsilon.emc.muddle/model/muddle.ecore: unknown builtit class URL `http://www.eclipse.org/emf/2002/Ecore#//EJavaObject` failed to parse structural features failed to parse class `Slot` line 25, column 86 current parser state: | `` | `    <eStructuralFeatures xsi:type=""ecore:EReference"" name=""feature"" eType=""#//Feature""` parsing failed"
modelset/raw-data/repo-ecore-all/data/epsilonlabs/epsilonlabs/org.eclipse.epsilon.examples.standalone.metamodel.graph/model/graph.ecore,true,true,true,
modelset/raw-data/repo-ecore-all/data/epsilonlabs/epsilonlabs/org.eclipse.epsilon.examples.standalone.metamodel.tree/model/tree.ecore,true,true,true,
modelset/raw-data/repo-ecore-all/data/epsilonlabs/epsilonlabs/org.eclipse.epsilon.labs.indexed.emf/test/JDTAST.ecore,false,false,false,"parse: failed to parse modelset/raw-data/repo-ecore-all/data/epsilonlabs/epsilonlabs/org.eclipse.epsilon.labs.indexed.emf/test/JDTAST.ecore: unexpected content at package level line 2, column 1 current parser state: | `<xmi:XMI xmi:version=""2.0""` | `    xmlns:xmi=""http://www.omg.org/XMI"" xmlns:xsi=""http://www.w3.org/2001/XMLSchema-instance""` parsing failed"
modelset/raw-data/repo-ecore-all/data/epsilonlabs/haetae/org.eclipse.epsilon.haetae.model.connectivity/library.ecore,false,false,false,"parse: failed to parse modelset/raw-data/repo-ecore-all/data/epsilonlabs/haetae/org.eclipse.epsilon.haetae.model.connectivity/library.ecore: Missing attribute `eType` in structural feature `tagName` failed to parse structural features failed to parse class `t_library` line 4, column 69 current parser state: | `` | `      <eType xsi:type=""ecore:EDataType"" href=""http://www.eclipse.org/emf/2002/Ecore#//EString""/>` parsing failed"
modelset/raw-data/repo-ecore-all/data/epsilonlabs/incremental-egl/org.eclipse.epsilon.egl.incremental.example/library.ecore,true,true,true,
modelset/raw-data/repo-ecore-all/data/epsilonlabs/incremental-evl/org.eclipse.epsilon.evl.incremental.example/library.ecore,false,false,false,"parse: failed to parse modelset/raw-data/repo-ecore-all/data/epsilonlabs/incremental-evl/org.eclipse.epsilon.evl.incremental.example/library.ecore: unknown builtit class URL `http://www.eclipse.org/emf/2002/Ecore#//EDate` failed to parse structural features failed to parse class `Item` line 37, column 148 current parser state: | `` | `  </eClassifiers>` parsing failed"
modelset/raw-data/repo-ecore-all/data/epsilonlabs/parallel-erl/evaluation/java/java_findbugs.ecore,false,false,false,"parse: failed to parse modelset/raw-data/repo-ecore-all/data/epsilonlabs/parallel-erl/evaluation/java/java_findbugs.ecore: unknown builtit class URL `http://www.eclipse.org/emf/2002/Ecore#//EBooleanObject` failed to parse class operation failed to parse class `AbstractTypeDeclaration` line 36, column 115 current parser state: | `` | `      <eAnnotations source=""http://www.eclipse.org/emf/2002/Ecore/OCL/Pivot"">` parsing failed"
modelset/raw-data/repo-ecore-all/data/epsilonlabs/parallel-erl/evaluation/java/java_simple.ecore,false,false,false,"parse: failed to parse modelset/raw-data/repo-ecore-all/data/epsilonlabs/parallel-erl/evaluation/java/java_simple.ecore: unknown builtit class URL `http://www.eclipse.org/emf/2002/Ecore#//EBooleanObject` failed to parse class operation failed to parse class `AbstractTypeDeclaration` line 36, column 115 current parser state: | `` | `      <eAnnotations source=""http://www.eclipse.org/emf/2002/Ecore/OCL/Pivot"">` parsing failed"
modelset/raw-data/repo-ecore-all/data/epsilonlabs/parallel-erl/evaluation/uk.ac.york.ocl.javaMM/model/java_findbugs.ecore,false,false,false,"parse: failed to parse modelset/raw-data/repo-ecore-all/data/epsilonlabs/parallel-erl/evaluation/uk.ac.york.ocl.javaMM/model/java_findbugs.ecore: unknown builtit class URL `http://www.eclipse.org/emf/2002/Ecore#//EBooleanObject` failed to parse class operation failed to parse class `AbstractTypeDeclaration` line 46, column 115 current parser state: | `` | `      <eAnnotations source=""http://www.eclipse.org/emf/2002/Ecore/OCL/Pivot"">` parsing failed"
modelset/raw-data/repo-ecore-all/data/epsilonlabs/parallel-erl/evaluation/uk.ac.york.ocl.javaMM/model/java_findbugs_simple.ecore,false,false,false,"parse: failed to parse modelset/raw-data/repo-ecore-all/data/epsilonlabs/parallel-erl/evaluation/uk.ac.york.ocl.javaMM/model/java_findbugs_simple.ecore: unknown builtit class URL `http://www.eclipse.org/emf/2002/Ecore#//EBooleanObject` failed to parse class operation failed to parse class `AbstractTypeDeclaration` line 46, column 115 current parser state: | `` | `      <eAnnotations source=""http://www.eclipse.org/emf/2002/Ecore/OCL/Pivot"">` parsing failed"
modelset/raw-data/repo-ecore-all/data/epsilonlabs/parallel-erl/evaluation/uk.ac.york.ocl.javaMM/src/javaMM/impl/javaMM.ecore,false,false,false,"parse: failed to parse modelset/raw-data/repo-ecore-all/data/epsilonlabs/parallel-erl/evaluation/uk.ac.york.ocl.javaMM/src/javaMM/impl/javaMM.ecore: expected tag `>` failed to parse package annotation line 5, column 63 current parser state: | `/>` | `  <eClassifiers xsi:type=""ecore:EClass"" name=""AbstractMethodDeclaration"" abstract=""true""` parsing failed"
modelset/raw-data/repo-ecore-all/data/epsilonlabs/parallel-erl/evaluation/uk.ac.york.ocl.java_equals/model/java_equals.ecore,false,false,false,"parse: failed to parse modelset/raw-data/repo-ecore-all/data/epsilonlabs/parallel-erl/evaluation/uk.ac.york.ocl.java_equals/model/java_equals.ecore: unknown builtit class URL `http://www.eclipse.org/emf/2002/Ecore#//EBooleanObject` failed to parse class operation failed to parse class `ClassDeclaration` line 222, column 116 current parser state: | `` | `      <eAnnotations source=""http://www.eclipse.org/emf/2002/Ecore/OCL/Pivot"">` parsing failed"
modelset/raw-data/repo-ecore-all/data/erikscan/projeto_comp/ufcg.edu.br.ProjetoCompiladores/model/generated/Java.ecore,false,false,false,"parse: failed to parse modelset/raw-data/repo-ecore-all/data/erikscan/projeto_comp/ufcg.edu.br.ProjetoCompiladores/model/generated/Java.ecore: unsupported `eType` path `ecore:EClass http://www.eclipse.org/emf/2002/Ecore#//EObject` failed to parse structural features failed to parse class `Type_declaration` line 19, column 29 current parser state: | `` | `  </eClassifiers>` parsing failed"
modelset/raw-data/repo-ecore-all/data/esmelulitaonly/SqlToNoSql/SqlToNoSql/SqlMetamodel.ecore,true,true,true,
modelset/raw-data/repo-ecore-all/data/esp-lab/DSL4Wearable/iotwearable.model/model/iotw.ecore,true,false,false,"generate: [INFO  arachne] Starting code generation [INFO  arachne_codegen] Validating configuration [INFO  arachne_codegen] Parsing ecore metamodel: ""modelset/raw-data/repo-ecore-all/data/esp-lab/DSL4Wearable/iotwearable.model/model/iotw.ecore"" [WARN  ecore_rs::parser::raw] `eOpposite` attributes are currently not supported, ignoring [WARN  ecore_rs::parser::raw] `eOpposite` attributes are currently not supported, ignoring [WARN  ecore_rs::parser::raw] `eOpposite` attributes are currently not supported, ignoring [WARN  ecore_rs::parser::raw] `eOpposite` attributes are currently not supported, ignoring [WARN  ecore_rs::parser::raw] XML-level class literal redefinition for `literal` from `1` to `Outside_Flow` [WARN  ecore_rs::parser::raw] XML-level class literal redefinition for `literal` from `1` to `Manhattan` [WARN  ecore_rs::parser::raw] XML-level class literal redefinition for `literal` from `9600` to `baud_9600` [WARN  ecore_rs::parser::raw] XML-level class literal redefinition for `literal` from `19200` to `baud_19200` [WARN  ecore_rs::parser::raw] XML-level class literal redefinition for `literal` from `38400` to `baud_38400` [WARN  ecore_rs::parser::raw] XML-level class literal redefinition for `literal` from `1` to `UDP` [INFO  arachne_codegen] Generating Rust tokens [INFO  arachne_codegen] Generating classifiers...  thread 'main' (274294) panicked at arachne-codegen/src/codegen/feature/attribute.rs:65:37: Failed to parse type: Rectangle note: run with `RUST_BACKTRACE=1` environment variable to display a backtrace"
modelset/raw-data/repo-ecore-all/data/esp-lab/Micraspis/iotwearable.model/model/iotw.ecore,true,false,false,"generate: [INFO  arachne] Starting code generation [INFO  arachne_codegen] Validating configuration [INFO  arachne_codegen] Parsing ecore metamodel: ""modelset/raw-data/repo-ecore-all/data/esp-lab/Micraspis/iotwearable.model/model/iotw.ecore"" [WARN  ecore_rs::parser::raw] `eOpposite` attributes are currently not supported, ignoring [WARN  ecore_rs::parser::raw] `eOpposite` attributes are currently not supported, ignoring [WARN  ecore_rs::parser::raw] `eOpposite` attributes are currently not supported, ignoring [WARN  ecore_rs::parser::raw] `eOpposite` attributes are currently not supported, ignoring [WARN  ecore_rs::parser::raw] XML-level class literal redefinition for `literal` from `1` to `Outside_Flow` [WARN  ecore_rs::parser::raw] XML-level class literal redefinition for `literal` from `1` to `Manhattan` [WARN  ecore_rs::parser::raw] XML-level class literal redefinition for `literal` from `9600` to `baud_9600` [WARN  ecore_rs::parser::raw] XML-level class literal redefinition for `literal` from `19200` to `baud_19200` [WARN  ecore_rs::parser::raw] XML-level class literal redefinition for `literal` from `38400` to `baud_38400` [WARN  ecore_rs::parser::raw] XML-level class literal redefinition for `literal` from `1` to `UDP` [WARN  ecore_rs::parser::raw] XML-level class literal redefinition for `literal` from `2` to `WIFI_STA` [WARN  ecore_rs::parser::raw] XML-level class literal redefinition for `literal` from `3` to `WIFI_AP_STA` [INFO  arachne_codegen] Generating Rust tokens [INFO  arachne_codegen] Generating classifiers...  thread 'main' (274300) panicked at arachne-codegen/src/codegen/feature/attribute.rs:65:37: Failed to parse type: Rectangle note: run with `RUST_BACKTRACE=1` environment variable to display a backtrace"
modelset/raw-data/repo-ecore-all/data/estepper/org.eclipse.uml2/deprecated/org.eclipse.uml2.uml.profile.l2/model/L2.ecore,false,false,false,parse: thread 'main' (274304) panicked at arachne-parser/src/parser/raw.rs:308:18: end byte index 975 is not a char boundary; it is inside '»' (bytes 974..976 of string) note: run with `RUST_BACKTRACE=1` environment variable to display a backtrace
modelset/raw-data/repo-ecore-all/data/estepper/org.eclipse.uml2/plugins/org.eclipse.uml2.uml/model/CMOF20.ecore,false,false,false,"parse: failed to parse modelset/raw-data/repo-ecore-all/data/estepper/org.eclipse.uml2/plugins/org.eclipse.uml2.uml/model/CMOF20.ecore: unknown builtit class URL `http://www.eclipse.org/emf/2002/Ecore#//EDiagnosticChain` failed to parse class operation failed to parse class `Classifier` line 14, column 121 current parser state: | `` | `      <eParameters name=""context"">` parsing failed"
modelset/raw-data/repo-ecore-all/data/estepper-build/oomphup/org.eclipse.oomph.releng.doc/model/article.ecore,false,false,false,"parse: failed to parse modelset/raw-data/repo-ecore-all/data/estepper-build/oomphup/org.eclipse.oomph.releng.doc/model/article.ecore: unexpected `eClassifiers` attribute `serializable` line 28, column 27 current parser state: | `/>` | `  <eClassifiers xsi:type=""ecore:EDataType"" name=""File"" instanceClassName=""java.io.File""/>` parsing failed"
modelset/raw-data/repo-ecore-all/data/etd-INSA-Rennes/TP4INFO/IDM/IDM/bin/Robot.ecore,false,false,false,"parse: failed to parse modelset/raw-data/repo-ecore-all/data/etd-INSA-Rennes/TP4INFO/IDM/IDM/bin/Robot.ecore: unexpected package content line 4, column 3 current parser state: | `<eSubpackages name=""robot"" nsURI=""http://robot"" nsPrefix=""robot"">` | `    <eClassifiers xsi:type=""ecore:EClass"" name=""Move"" eSuperTypes=""#//robot/CommandeRobot"">` parsing failed"
modelset/raw-data/repo-ecore-all/data/eubr-atmosphere/tma-framework-a/architecture/metamodels/qualitymodel.ecore,true,false,false,"generate: [INFO  arachne] Starting code generation [INFO  arachne_codegen] Validating configuration [INFO  arachne_codegen] Parsing ecore metamodel: ""modelset/raw-data/repo-ecore-all/data/eubr-atmosphere/tma-framework-a/architecture/metamodels/qualitymodel.ecore"" [INFO  arachne_codegen] Generating Rust tokens [INFO  arachne_codegen] Generating classifiers...  thread 'main' (274328) panicked at arachne-codegen/src/codegen/feature/attribute.rs:65:37: Failed to parse type: Data note: run with `RUST_BACKTRACE=1` environment variable to display a backtrace"
modelset/raw-data/repo-ecore-all/data/everdura/xwt/xwt_outOfDate/xwt09.ecore,false,false,false,"parse: failed to parse modelset/raw-data/repo-ecore-all/data/everdura/xwt/xwt_outOfDate/xwt09.ecore: unknown builtit class URL `http://www.eclipse.org/emf/2003/XMLType#//Int` failed to parse structural features failed to parse class `AbstractComboBoxCellEditor` line 13, column 27 current parser state: | `` | `      <eAnnotations source=""http:///org/eclipse/emf/ecore/util/ExtendedMetaData"">` parsing failed"
modelset/raw-data/repo-ecore-all/data/evertonlga/mestradotool/Mestrado/metamodels/C_Metamodel.ecore,false,false,false,"parse: failed to parse modelset/raw-data/repo-ecore-all/data/evertonlga/mestradotool/Mestrado/metamodels/C_Metamodel.ecore: unexpected content at package level line 2, column 1 current parser state: | `<xmi:XMI xmi:version=""2.0""` | `    xmlns:xmi=""http://www.omg.org/XMI"" xmlns:xsi=""http://www.w3.org/2001/XMLSchema-instance""` parsing failed"
modelset/raw-data/repo-ecore-all/data/evertonlga/mobit/MoBIT/Metamodels/JavaAbstractSyntax.ecore,false,false,false,"parse: failed to parse modelset/raw-data/repo-ecore-all/data/evertonlga/mobit/MoBIT/Metamodels/JavaAbstractSyntax.ecore: unexpected content at package level line 2, column 1 current parser state: | `<xmi:XMI xmi:version=""2.0""` | `    xmlns:xmi=""http://www.omg.org/XMI"" xmlns:xsi=""http://www.w3.org/2001/XMLSchema-instance""` parsing failed"
modelset/raw-data/repo-ecore-all/data/evertonlga/mobittool/MoBIT_Tool/metamodels/JavaAbstractSyntax.ecore,false,false,false,"parse: failed to parse modelset/raw-data/repo-ecore-all/data/evertonlga/mobittool/MoBIT_Tool/metamodels/JavaAbstractSyntax.ecore: unexpected content at package level line 2, column 1 current parser state: | `<xmi:XMI xmi:version=""2.0""` | `    xmlns:xmi=""http://www.omg.org/XMI"" xmlns:xsi=""http://www.w3.org/2001/XMLSchema-instance""` parsing failed"
modelset/raw-data/repo-ecore-all/data/extFM/extFM-Tooling/plugins/org.js.model.feature/src/main/model/feature.ecore,true,true,true,
modelset/raw-data/repo-ecore-all/data/extFM/extFM-Tooling/plugins/org.js.model.feature.ptnet.m2m.atl/src/main/metamodel/feature.ecore,true,true,true,
modelset/raw-data/repo-ecore-all/data/f-ast/mct/source/Ecore/family.ecore,true,true,true,
modelset/raw-data/repo-ecore-all/data/fabianarol/ActEPF/plugins/org.eclipse.epf.uma/model/1.0.4/uma.ecore,false,false,false,"parse: failed to parse modelset/raw-data/repo-ecore-all/data/fabianarol/ActEPF/plugins/org.eclipse.epf.uma/model/1.0.4/uma.ecore: unknown builtit class URL `http://www.eclipse.org/emf/2002/Ecore#//EBooleanObject` failed to parse structural features failed to parse class `MethodElement` line 84, column 37 current parser state: | `` | `      <eAnnotations source=""http://www.eclipse.org/emf/2002/GenModel"">` parsing failed"
modelset/raw-data/repo-ecore-all/data/fabianarol/EPF-vEPF/1.5/plugins/org.eclipse.epf.uma/model/1.0.5/uma.ecore,true,false,false,"generate: [INFO  arachne] Starting code generation [INFO  arachne_codegen] Validating configuration [INFO  arachne_codegen] Parsing ecore metamodel: ""modelset/raw-data/repo-ecore-all/data/fabianarol/EPF-vEPF/1.5/plugins/org.eclipse.epf.uma/model/1.0.5/uma.ecore"" [WARN  ecore_rs::parser::raw] Structural feature `isAbstract` sets `ordered` while `upperBound=1`; this has no effect [WARN  ecore_rs::parser::raw] Structural feature `name` sets `ordered` while `upperBound=1`; this has no effect [WARN  ecore_rs::parser::raw] Structural feature `body` sets `ordered` while `upperBound=1`; this has no effect [WARN  ecore_rs::parser::raw] Structural feature `guid` sets `ordered` while `upperBound=1`; this has no effect [WARN  ecore_rs::parser::raw] Structural feature `presentationName` sets `ordered` while `upperBound=1`; this has no effect [WARN  ecore_rs::parser::raw] Structural feature `briefDescription` sets `ordered` while `upperBound=1`; this has no effect [WARN  ecore_rs::parser::raw] Structural feature `suppressed` sets `ordered` while `upperBound=1`; this has no effect [WARN  ecore_rs::parser::raw] Structural feature `orderingGuide` sets `ordered` while `upperBound=1`; this has no effect [WARN  ecore_rs::parser::raw] Structural feature `value` sets `ordered` while `upperBound=1`; this has no effect [WARN  ecore_rs::parser::raw] Structural feature `presentation` sets `ordered` while `upperBound=1`; this has no effect [WARN  ecore_rs::parser::raw] Structural feature `shapeicon` sets `ordered` while `upperBound=1`; this has no effect [WARN  ecore_rs::parser::raw] Structural feature `nodeicon` sets `ordered` while `upperBound=1`; this has no effect [WARN  ecore_rs::parser::raw] Structural feature `mainDescription` sets `ordered` while `upperBound=1`; this has no effect [WARN  ecore_rs::parser::raw] Structural feature `externalId` sets `ordered` while `upperBound=1`; this has no effect [WARN  ecore_rs::parser::raw] Structural feature `keyConsiderations` sets `ordered` while `upperBound=1`; this has no effect [WARN  ecore_rs::parser::raw] Structural feature `longPresentationName` sets `ordered` while `upperBound=1`; this has no effect [WARN  ecore_rs::parser::raw] Structural feature `authors` sets `ordered` while `upperBound=1`; this has no effect [WARN  ecore_rs::parser::raw] Structural feature `changeDate` sets `ordered` while `upperBound=1`; this has no effect [WARN  ecore_rs::parser::raw] Structural feature `changeDescription` sets `ordered` while `upperBound=1`; this has no effect [WARN  ecore_rs::parser::raw] Structural feature `version` sets `ordered` while `upperBound=1`; this has no effect [WARN  ecore_rs::parser::raw] Structural feature `copyrightStatement` sets `ordered` while `upperBound=1`; this has no effect [WARN  ecore_rs::parser::raw] Structural feature `sectionName` sets `ordered` while `upperBound=1`; this has no effect [WARN  ecore_rs::parser::raw] Structural feature `sectionDescription` sets `ordered` while `upperBound=1`; this has no effect [WARN  ecore_rs::parser::raw] Structural feature `predecessor` sets `ordered` while `upperBound=1`; this has no effect [WARN  ecore_rs::parser::raw] Structural feature `variabilityType` sets `ordered` while `upperBound=1`; this has no effect [WARN  ecore_rs::parser::raw] Structural feature `variabilityBasedOnElement` sets `ordered` while `upperBound=1`; this has no effect [WARN  ecore_rs::parser::raw] Structural feature `isPrimaryExtension` sets `ordered` while `upperBound=1`; this has no effect [WARN  ecore_rs::parser::raw] Structural feature `containerArtifact` sets `ordered` while `upperBound=1`; this has no effect [WARN  ecore_rs::parser::raw] `eOpposite` attributes are currently not supported, ignoring [WARN  ecore_rs::parser::raw] `eOpposite` attributes are currently not supported, ignoring [WARN  ecore_rs::parser::raw] Structural feature `precondition` sets `ordered` while `upperBound=1`; this has no effect [WARN  ecore_rs::parser::raw] Structural feat [output truncated after 4000 chars]"
modelset/raw-data/repo-ecore-all/data/fabianarol/EPF-vEPF/1.5/plugins/org.eclipse.epf.uma/model/1.0.6/uma.ecore,true,false,false,"generate: [INFO  arachne] Starting code generation [INFO  arachne_codegen] Validating configuration [INFO  arachne_codegen] Parsing ecore metamodel: ""modelset/raw-data/repo-ecore-all/data/fabianarol/EPF-vEPF/1.5/plugins/org.eclipse.epf.uma/model/1.0.6/uma.ecore"" [WARN  ecore_rs::parser::raw] Structural feature `isAbstract` sets `ordered` while `upperBound=1`; this has no effect [WARN  ecore_rs::parser::raw] Structural feature `name` sets `ordered` while `upperBound=1`; this has no effect [WARN  ecore_rs::parser::raw] Structural feature `body` sets `ordered` while `upperBound=1`; this has no effect [WARN  ecore_rs::parser::raw] Structural feature `guid` sets `ordered` while `upperBound=1`; this has no effect [WARN  ecore_rs::parser::raw] Structural feature `presentationName` sets `ordered` while `upperBound=1`; this has no effect [WARN  ecore_rs::parser::raw] Structural feature `briefDescription` sets `ordered` while `upperBound=1`; this has no effect [WARN  ecore_rs::parser::raw] Structural feature `suppressed` sets `ordered` while `upperBound=1`; this has no effect [WARN  ecore_rs::parser::raw] Structural feature `orderingGuide` sets `ordered` while `upperBound=1`; this has no effect [WARN  ecore_rs::parser::raw] Structural feature `value` sets `ordered` while `upperBound=1`; this has no effect [WARN  ecore_rs::parser::raw] Structural feature `presentation` sets `ordered` while `upperBound=1`; this has no effect [WARN  ecore_rs::parser::raw] Structural feature `shapeicon` sets `ordered` while `upperBound=1`; this has no effect [WARN  ecore_rs::parser::raw] Structural feature `nodeicon` sets `ordered` while `upperBound=1`; this has no effect [WARN  ecore_rs::parser::raw] Structural feature `mainDescription` sets `ordered` while `upperBound=1`; this has no effect [WARN  ecore_rs::parser::raw] Structural feature `externalId` sets `ordered` while `upperBound=1`; this has no effect [WARN  ecore_rs::parser::raw] Structural feature `keyConsiderations` sets `ordered` while `upperBound=1`; this has no effect [WARN  ecore_rs::parser::raw] Structural feature `longPresentationName` sets `ordered` while `upperBound=1`; this has no effect [WARN  ecore_rs::parser::raw] Structural feature `authors` sets `ordered` while `upperBound=1`; this has no effect [WARN  ecore_rs::parser::raw] Structural feature `changeDate` sets `ordered` while `upperBound=1`; this has no effect [WARN  ecore_rs::parser::raw] Structural feature `changeDescription` sets `ordered` while `upperBound=1`; this has no effect [WARN  ecore_rs::parser::raw] Structural feature `version` sets `ordered` while `upperBound=1`; this has no effect [WARN  ecore_rs::parser::raw] Structural feature `copyrightStatement` sets `ordered` while `upperBound=1`; this has no effect [WARN  ecore_rs::parser::raw] Structural feature `sectionName` sets `ordered` while `upperBound=1`; this has no effect [WARN  ecore_rs::parser::raw] Structural feature `sectionDescription` sets `ordered` while `upperBound=1`; this has no effect [WARN  ecore_rs::parser::raw] Structural feature `predecessor` sets `ordered` while `upperBound=1`; this has no effect [WARN  ecore_rs::parser::raw] Structural feature `variabilityType` sets `ordered` while `upperBound=1`; this has no effect [WARN  ecore_rs::parser::raw] Structural feature `variabilityBasedOnElement` sets `ordered` while `upperBound=1`; this has no effect [WARN  ecore_rs::parser::raw] Structural feature `isPrimaryExtension` sets `ordered` while `upperBound=1`; this has no effect [WARN  ecore_rs::parser::raw] Structural feature `containerArtifact` sets `ordered` while `upperBound=1`; this has no effect [WARN  ecore_rs::parser::raw] `eOpposite` attributes are currently not supported, ignoring [WARN  ecore_rs::parser::raw] `eOpposite` attributes are currently not supported, ignoring [WARN  ecore_rs::parser::raw] Structural feature `precondition` sets `ordered` while `upperBound=1`; this has no effect [WARN  ecore_rs::parser::raw] Structural feat [output truncated after 4000 chars]"
modelset/raw-data/repo-ecore-all/data/fabianarol/vSPEM-2.0/master/plugins/org.eclipse.epf.xml.uma/src/model/UMA.ecore,false,false,false,"parse: failed to parse modelset/raw-data/repo-ecore-all/data/fabianarol/vSPEM-2.0/master/plugins/org.eclipse.epf.xml.uma/src/model/UMA.ecore: unknown builtit class URL `http://www.eclipse.org/emf/2003/XMLType#//String` failed to parse structural features failed to parse class `Activity` line 14, column 147 current parser state: | `` | `      <eAnnotations source=""http:///org/eclipse/emf/ecore/util/ExtendedMetaData"">` parsing failed"
modelset/raw-data/repo-ecore-all/data/fabiostrocco/Swrtj/org.xtext.example.swrtj/src-gen/org/xtext/example/Swrtj.ecore,true,true,true,
modelset/raw-data/repo-ecore-all/data/fcoulon/fluffy-umbrella/org.eclipse.ecoretools.ale.test/model/ABC.ecore,true,true,true,
modelset/raw-data/repo-ecore-all/data/fcoulon/shiny-guide/examples/language_workbench/org.eclipse.gemoc.sample.ale.fsm.model/model/fsm.ecore,true,true,true,
modelset/raw-data/repo-ecore-all/data/fehnomenal/epsilon/examples/org.eclipse.epsilon.eugenia.examples.executablestatemachine.graphical/model/esm.ecore,false,false,false,"parse: failed to parse modelset/raw-data/repo-ecore-all/data/fehnomenal/epsilon/examples/org.eclipse.epsilon.eugenia.examples.executablestatemachine.graphical/model/esm.ecore: expected tag `>` failed to parse package annotation line 4, column 29 current parser state: | `/>` | `  <eClassifiers xsi:type=""ecore:EClass"" name=""Machine"">` parsing failed"
modelset/raw-data/repo-ecore-all/data/fehnomenal/epsilon/examples/org.eclipse.epsilon.examples.emg.petrinet/model/PetriNet.ecore,true,true,true,
modelset/raw-data/repo-ecore-all/data/fehnomenal/epsilon/examples/org.eclipse.epsilon.examples.modelink.personshouses/persons.ecore,true,true,true,
modelset/raw-data/repo-ecore-all/data/fehnomenal/epsilon/tests/org.eclipse.epsilon.concordance.clients.test/src/org/eclipse/epsilon/concordance/clients/migration/Evolved.ecore,true,true,true,
modelset/raw-data/repo-ecore-all/data/fehnomenal/epsilon/tests/org.eclipse.epsilon.concordance.test.performance/src/org/eclipse/concordance/test/performance/generator/graph/Graph.ecore,true,true,true,
modelset/raw-data/repo-ecore-all/data/fehnomenal/epsilon/tests/org.eclipse.epsilon.etl.engine.test.acceptance/src/org/eclipse/epsilon/etl/engine/test/acceptance/oo2db/models/DB.ecore,false,false,false,"parse: failed to parse modelset/raw-data/repo-ecore-all/data/fehnomenal/epsilon/tests/org.eclipse.epsilon.etl.engine.test.acceptance/src/org/eclipse/epsilon/etl/engine/test/acceptance/oo2db/models/DB.ecore: unknown builtit class URL `http://www.eclipse.org/emf/2002/Ecore#//EBooleanObject` failed to parse structural features failed to parse class `ForeignKey` line 31, column 148 current parser state: | `` | `  </eClassifiers>` parsing failed"
modelset/raw-data/repo-ecore-all/data/fehnomenal/epsilon/tests/org.eclipse.epsilon.etl.engine.test.acceptance/src/org/eclipse/epsilon/etl/engine/test/acceptance/oo2db/models/OO.ecore,false,false,false,"parse: failed to parse modelset/raw-data/repo-ecore-all/data/fehnomenal/epsilon/tests/org.eclipse.epsilon.etl.engine.test.acceptance/src/org/eclipse/epsilon/etl/engine/test/acceptance/oo2db/models/OO.ecore: unknown builtit class URL `http://www.eclipse.org/emf/2002/Ecore#//EBooleanObject` failed to parse structural features failed to parse class `Class` line 36, column 152 current parser state: | `` | `  </eClassifiers>` parsing failed"
modelset/raw-data/repo-ecore-all/data/fehnomenal/epsilon/tests/org.eclipse.epsilon.etl.engine.test.acceptance/src/org/eclipse/epsilon/etl/engine/test/acceptance/oo2db/models/SimpleTrace.ecore,false,false,false,"parse: failed to parse modelset/raw-data/repo-ecore-all/data/fehnomenal/epsilon/tests/org.eclipse.epsilon.etl.engine.test.acceptance/src/org/eclipse/epsilon/etl/engine/test/acceptance/oo2db/models/SimpleTrace.ecore: unsupported `eType` path `ecore:EClass http://www.eclipse.org/emf/2002/Ecore#//EObject` failed to parse structural features failed to parse class `TraceLink` line 12, column 79 current parser state: | `` | `    <eStructuralFeatures xsi:type=""ecore:EReference"" name=""targets"" upperBound=""-1""` parsing failed"
modelset/raw-data/repo-ecore-all/data/fehnomenal/epsilon/tests/org.eclipse.epsilon.hutn.test.dependencies.model/models/org/eclipse/epsilon/hutn/test/models/Families.ecore,false,false,false,"parse: failed to parse modelset/raw-data/repo-ecore-all/data/fehnomenal/epsilon/tests/org.eclipse.epsilon.hutn.test.dependencies.model/models/org/eclipse/epsilon/hutn/test/models/Families.ecore: unsupported `eType` path `ecore:EClass BankAccounts.ecore#//Account` failed to parse structural features failed to parse class `Person` line 30, column 60 current parser state: | `` | `    <eStructuralFeatures xsi:type=""ecore:EReference"" name=""accounts"" upperBound=""-1""` parsing failed"
modelset/raw-data/repo-ecore-all/data/felipealencar/SDWM2RDBMS/metamodel/SimpleRDBMS.ecore,true,true,true,
modelset/raw-data/repo-ecore-all/data/fellipealeixo/gpfframework/src-br.pucrio.inf.les.genarch/br/pucrio/inf/les/genarch/models/uma.ecore,true,false,false,"generate: [INFO  arachne] Starting code generation [INFO  arachne_codegen] Validating configuration [INFO  arachne_codegen] Parsing ecore metamodel: ""modelset/raw-data/repo-ecore-all/data/fellipealeixo/gpfframework/src-br.pucrio.inf.les.genarch/br/pucrio/inf/les/genarch/models/uma.ecore"" [WARN  ecore_rs::parser::raw] Structural feature `isAbstract` sets `ordered` while `upperBound=1`; this has no effect [WARN  ecore_rs::parser::raw] Structural feature `name` sets `ordered` while `upperBound=1`; this has no effect [WARN  ecore_rs::parser::raw] Structural feature `body` sets `ordered` while `upperBound=1`; this has no effect [WARN  ecore_rs::parser::raw] Structural feature `guid` sets `ordered` while `upperBound=1`; this has no effect [WARN  ecore_rs::parser::raw] Structural feature `presentationName` sets `ordered` while `upperBound=1`; this has no effect [WARN  ecore_rs::parser::raw] Structural feature `briefDescription` sets `ordered` while `upperBound=1`; this has no effect [WARN  ecore_rs::parser::raw] Structural feature `suppressed` sets `ordered` while `upperBound=1`; this has no effect [WARN  ecore_rs::parser::raw] Structural feature `orderingGuide` sets `ordered` while `upperBound=1`; this has no effect [WARN  ecore_rs::parser::raw] Structural feature `value` sets `ordered` while `upperBound=1`; this has no effect [WARN  ecore_rs::parser::raw] Structural feature `presentation` sets `ordered` while `upperBound=1`; this has no effect [WARN  ecore_rs::parser::raw] Structural feature `shapeicon` sets `ordered` while `upperBound=1`; this has no effect [WARN  ecore_rs::parser::raw] Structural feature `nodeicon` sets `ordered` while `upperBound=1`; this has no effect [WARN  ecore_rs::parser::raw] Structural feature `mainDescription` sets `ordered` while `upperBound=1`; this has no effect [WARN  ecore_rs::parser::raw] Structural feature `externalId` sets `ordered` while `upperBound=1`; this has no effect [WARN  ecore_rs::parser::raw] Structural feature `keyConsiderations` sets `ordered` while `upperBound=1`; this has no effect [WARN  ecore_rs::parser::raw] Structural feature `longPresentationName` sets `ordered` while `upperBound=1`; this has no effect [WARN  ecore_rs::parser::raw] Structural feature `authors` sets `ordered` while `upperBound=1`; this has no effect [WARN  ecore_rs::parser::raw] Structural feature `changeDate` sets `ordered` while `upperBound=1`; this has no effect [WARN  ecore_rs::parser::raw] Structural feature `changeDescription` sets `ordered` while `upperBound=1`; this has no effect [WARN  ecore_rs::parser::raw] Structural feature `version` sets `ordered` while `upperBound=1`; this has no effect [WARN  ecore_rs::parser::raw] Structural feature `copyrightStatement` sets `ordered` while `upperBound=1`; this has no effect [WARN  ecore_rs::parser::raw] Structural feature `sectionName` sets `ordered` while `upperBound=1`; this has no effect [WARN  ecore_rs::parser::raw] Structural feature `sectionDescription` sets `ordered` while `upperBound=1`; this has no effect [WARN  ecore_rs::parser::raw] Structural feature `predecessor` sets `ordered` while `upperBound=1`; this has no effect [WARN  ecore_rs::parser::raw] Structural feature `variabilityType` sets `ordered` while `upperBound=1`; this has no effect [WARN  ecore_rs::parser::raw] Structural feature `variabilityBasedOnElement` sets `ordered` while `upperBound=1`; this has no effect [WARN  ecore_rs::parser::raw] Structural feature `isPrimaryExtension` sets `ordered` while `upperBound=1`; this has no effect [WARN  ecore_rs::parser::raw] Structural feature `containerArtifact` sets `ordered` while `upperBound=1`; this has no effect [WARN  ecore_rs::parser::raw] `eOpposite` attributes are currently not supported, ignoring [WARN  ecore_rs::parser::raw] `eOpposite` attributes are currently not supported, ignoring [WARN  ecore_rs::parser::raw] Structural feature `precondition` sets `ordered` while `upperBound=1`; this has no effect [WARN  ecore_rs::pa [output truncated after 4000 chars]"
modelset/raw-data/repo-ecore-all/data/ferchouche/Capstone/com.capstone.project/model/MetaModel.ecore,false,false,false,"parse: failed to parse modelset/raw-data/repo-ecore-all/data/ferchouche/Capstone/com.capstone.project/model/MetaModel.ecore: unknown builtit class URL `http://www.eclipse.org/emf/2002/Ecore#//EFloatObject` failed to parse structural features failed to parse class `Operation` line 27, column 144 current parser state: | `` | `    <eStructuralFeatures xsi:type=""ecore:EAttribute"" name=""time"" eType=""ecore:EDataType http://www.eclipse.org/emf/2002/Ecore#//EFloatObject""/>` parsing failed"
modelset/raw-data/repo-ecore-all/data/ferchouche/SmallUML/SmallUML/model/smalluml.ecore,true,true,true,
modelset/raw-data/repo-ecore-all/data/ferdjoukh/ATL-UTF/ATLMetrics/Experiment/BibTexML2DocBook/metamodels/input/BibTeX.ecore,true,true,true,
modelset/raw-data/repo-ecore-all/data/ferdjoukh/ATL-UTF/ATLMetrics/Experiment/BibTexML2DocBook/metamodels/output/DocBook.ecore,true,true,true,
modelset/raw-data/repo-ecore-all/data/ferdjoukh/ATL-UTF/ATLMetrics/Experiment/CPL2SPL/metamodels/output/SPL.ecore,true,false,false,"generate: timeout after 120s: /arachne/target/debug/arachne generate modelset/raw-data/repo-ecore-all/data/ferdjoukh/ATL-UTF/ATLMetrics/Experiment/CPL2SPL/metamodels/output/SPL.ecore -o /var/folders/24/3kt9vzrj6qzd_r760kn9ybsm0000gn/T/arachne-modelset-omcite9_/generated-00167 -p modelset-00167-efa89a41 [INFO  arachne] Starting code generation [INFO  arachne_codegen] Validating configuration [INFO  arachne_codegen] Parsing ecore metamodel: ""modelset/raw-data/repo-ecore-all/data/ferdjoukh/ATL-UTF/ATLMetrics/Experiment/CPL2SPL/metamodels/output/SPL.ecore"" [WARN  ecore_rs::parser::raw] Structural feature `location` sets `ordered` while `upperBound=1`; this has no effect [WARN  ecore_rs::parser::raw] Structural feature `location` sets `unique` while `upperBound=1`; this has no effect [WARN  ecore_rs::parser::raw] Structural feature `service` sets `ordered` while `upperBound=1`; this has no effect [WARN  ecore_rs::parser::raw] Structural feature `name` sets `ordered` while `upperBound=1`; this has no effect [WARN  ecore_rs::parser::raw] Structural feature `name` sets `unique` while `upperBound=1`; this has no effect [WARN  ecore_rs::parser::raw] Structural feature `eventId` sets `ordered` while `upperBound=1`; this has no effect [WARN  ecore_rs::parser::raw] Structural feature `eventId` sets `unique` while `upperBound=1`; this has no effect [WARN  ecore_rs::parser::raw] Structural feature `type` sets `ordered` while `upperBound=1`; this has no effect [WARN  ecore_rs::parser::raw] Structural feature `direction` sets `ordered` while `upperBound=1`; this has no effect [WARN  ecore_rs::parser::raw] Structural feature `direction` sets `unique` while `upperBound=1`; this has no effect [WARN  ecore_rs::parser::raw] Structural feature `methodName` sets `ordered` while `upperBound=1`; this has no effect [WARN  ecore_rs::parser::raw] Structural feature `name` sets `ordered` while `upperBound=1`; this has no effect [WARN  ecore_rs::parser::raw] Structural feature `name` sets `unique` while `upperBound=1`; this has no effect [WARN  ecore_rs::parser::raw] Structural feature `name` sets `ordered` while `upperBound=1`; this has no effect [WARN  ecore_rs::parser::raw] Structural feature `name` sets `unique` while `upperBound=1`; this has no effect [WARN  ecore_rs::parser::raw] Structural feature `type` sets `ordered` while `upperBound=1`; this has no effect [WARN  ecore_rs::parser::raw] Structural feature `type` sets `unique` while `upperBound=1`; this has no effect [WARN  ecore_rs::parser::raw] Structural feature `modifier` sets `ordered` while `upperBound=1`; this has no effect [WARN  ecore_rs::parser::raw] Structural feature `modifier` sets `unique` while `upperBound=1`; this has no effect [WARN  ecore_rs::parser::raw] Structural feature `type` sets `ordered` while `upperBound=1`; this has no effect [WARN  ecore_rs::parser::raw] Structural feature `type` sets `unique` while `upperBound=1`; this has no effect [WARN  ecore_rs::parser::raw] Structural feature `size` sets `ordered` while `upperBound=1`; this has no effect [WARN  ecore_rs::parser::raw] Structural feature `size` sets `unique` while `upperBound=1`; this has no effect [WARN  ecore_rs::parser::raw] Structural feature `typeName` sets `ordered` while `upperBound=1`; this has no effect [WARN  ecore_rs::parser::raw] Structural feature `typeName` sets `unique` while `upperBound=1`; this has no effect [WARN  ecore_rs::parser::raw] Structural feature `name` sets `ordered` while `upperBound=1`; this has no effect [WARN  ecore_rs::parser::raw] Structural feature `name` sets `unique` while `upperBound=1`; this has no effect [WARN  ecore_rs::parser::raw] Structural feature `type` sets `ordered` while `upperBound=1`; this has no effect [WARN  ecore_rs::parser::raw] Structural feature `initExp` sets `ordered` while `upperBound=1`; this has no effect [WARN  ecore_rs::parser::raw] Structural feature `returnType` sets `ordered` while `upperBound=1`; this has no effect [WARN  ecore_rs::parser::raw] Structural feature `functionLocation` sets `ordered` while `upperBound=1`; this has no effect [WARN  ecore_rs::parser::raw] Structural feature `functionLocation` sets `unique` while `upperBound=1`; this has no effect [WARN  ecore_rs::parser::raw] Structural feature `name` sets `o [output truncated after 4000 chars]"
modelset/raw-data/repo-ecore-all/data/ferdjoukh/ATL-UTF/ATLMetrics/Experiment/Ecore2Maude/metamodels/output/Maude.ecore,true,true,true,
modelset/raw-data/repo-ecore-all/data/ferdjoukh/ATL-UTF/ATLMetrics/Experiment/UML2ER/metamodels/input/SimpleUML.ecore,true,true,true,
modelset/raw-data/repo-ecore-all/data/ferdjoukh/ATL-UTF/ATLMetrics/Experiment/UML2ER/metamodels/output/ER.ecore,false,false,false,"parse: failed to parse modelset/raw-data/repo-ecore-all/data/ferdjoukh/ATL-UTF/ATLMetrics/Experiment/UML2ER/metamodels/output/ER.ecore: unexpected package content line 24, column 1 current parser state: | `</ecore:EPackage>` parsing failed"
modelset/raw-data/repo-ecore-all/data/ferdjoukh/ATL-UTF/ATLMetrics/meta-models/containTest.ecore,true,true,true,
modelset/raw-data/repo-ecore-all/data/ferdjoukh/ATL-UTF/ATLMetrics/trafosTest/HSM2FSM/metamodels/input/HSM.ecore,true,true,true,
modelset/raw-data/repo-ecore-all/data/ferdjoukh/ATL-UTF/ATLMetrics/trafosTest/HSM2FSM/metamodels/output/FSM.ecore,true,true,true,
modelset/raw-data/repo-ecore-all/data/ferdjoukh/ScaffoldGraphTranslator/ScaffoldGraph/model/scaffoldsAC.ecore,true,true,true,
modelset/raw-data/repo-ecore-all/data/ferdjoukh/comodi/modelsSets1/simpleUML_MM.ecore,true,true,true,
modelset/raw-data/repo-ecore-all/data/ferdjoukh/data-MDE/meta-models/Ecore.ecore,false,false,false,"parse: failed to parse modelset/raw-data/repo-ecore-all/data/ferdjoukh/data-MDE/meta-models/Ecore.ecore: Missing attribute `eType` in structural feature `instanceClass` failed to parse structural features failed to parse class `EClassifier` line 77, column 57 current parser state: | `` | `      <eGenericType eClassifier=""#//EJavaClass"">` parsing failed"
modelset/raw-data/repo-ecore-all/data/ferdjoukh/data-MDE/meta-models/test.ecore,true,true,true,
modelset/raw-data/repo-ecore-all/data/ferdjoukh/grimm/meta-models/FeatureModel.ecore,true,true,true,
modelset/raw-data/repo-ecore-all/data/ferdjoukh/grimm/meta-models/Graph.ecore,false,false,false,"parse: failed to parse modelset/raw-data/repo-ecore-all/data/ferdjoukh/grimm/meta-models/Graph.ecore: expected tag `>` failed to parse structural feature annotation failed to parse structural features failed to parse class `Edge` line 23, column 81 current parser state: | `/>` | `    </eStructuralFeatures>` parsing failed"
modelset/raw-data/repo-ecore-all/data/ferdjoukh/optimind/bundles/com.altran.optimind.model.workflow/model/workflow.ecore,true,true,true,
modelset/raw-data/repo-ecore-all/data/ffurkAn/EclipseEMFModel-Project/EMFModel/model/familygraph.ecore,true,true,true,
modelset/raw-data/repo-ecore-all/data/fhrbek/poker-league/cz.fhsoft.poker.league/src/cz/fhsoft/poker/league/shared/model/PokerLeague.ecore,false,false,false,"parse: failed to parse modelset/raw-data/repo-ecore-all/data/fhrbek/poker-league/cz.fhsoft.poker.league/src/cz/fhsoft/poker/league/shared/model/PokerLeague.ecore: unknown builtit class URL `http://www.eclipse.org/emf/2002/Ecore#//EDate` failed to parse structural features failed to parse class `Competition` line 67, column 142 current parser state: | `` | `    <eStructuralFeatures xsi:type=""ecore:EAttribute"" name=""endDate"" eType=""ecore:EDataType http://www.eclipse.org/emf/2002/Ecore#//EDate""/>` parsing failed"
modelset/raw-data/repo-ecore-all/data/fikovnik/Sigma/tests/fr.unice.i3s.sigma.tests/model/TestModel.ecore,false,false,false,"parse: failed to parse modelset/raw-data/repo-ecore-all/data/fikovnik/Sigma/tests/fr.unice.i3s.sigma.tests/model/TestModel.ecore: expected tag `>` failed to parse operation annotation failed to parse class operation failed to parse class `A` line 14, column 65 current parser state: | `/>` | `    </eOperations>` parsing failed"
modelset/raw-data/repo-ecore-all/data/finwe200/jons-sandbox/org.example.entities/model/generated/Entities.ecore,true,true,true,
modelset/raw-data/repo-ecore-all/data/firegold4/RCP_Training/com.sii.gametournament/model/gametournament.ecore,false,false,false,"parse: failed to parse modelset/raw-data/repo-ecore-all/data/firegold4/RCP_Training/com.sii.gametournament/model/gametournament.ecore: unknown builtit class URL `http://www.eclipse.org/emf/2002/Ecore#//EDate` failed to parse structural features failed to parse class `Tournament` line 12, column 80 current parser state: | `` | `    <eStructuralFeatures xsi:type=""ecore:EAttribute"" name=""endDate"" lowerBound=""1""` parsing failed"
modelset/raw-data/repo-ecore-all/data/fjavier-umu/mde-data-ree/CDTI_F1_DDL/files/metamodels/DDL.ecore,true,true,true,
modelset/raw-data/repo-ecore-all/data/fjavier-umu/mde-data-ree/CDTI_F2_6_DataModernization/metamodels/DML_DDL.ecore,true,true,true,
modelset/raw-data/repo-ecore-all/data/fjavier-umu/mde-data-ree/CDTI_F2_6_DataModernization/metamodels/JPA.ecore,true,true,true,
modelset/raw-data/repo-ecore-all/data/fjavier-umu/mde-data-ree/CDTI_F3_es.modelum.detErrores/src/es/modelum/deterrores/emf/DML_DDL.ecore,true,true,true,
modelset/raw-data/repo-ecore-all/data/fjavier-umu/mde-data-ree/CDTI_F3_es.modelum.detErrores/src/es/modelum/deterrores/emf/Errores.ecore,false,false,false,"parse: failed to parse modelset/raw-data/repo-ecore-all/data/fjavier-umu/mde-data-ree/CDTI_F3_es.modelum.detErrores/src/es/modelum/deterrores/emf/Errores.ecore: unknown builtit class URL `http://www.eclipse.org/emf/2002/Ecore#//EIntegerObject` failed to parse structural features failed to parse class `Error` line 11, column 159 current parser state: | `` | `    <eStructuralFeatures xsi:type=""ecore:EAttribute"" name=""apply"" lowerBound=""1"" eType=""ecore:EDataType http://www.eclipse.org/emf/2002/Ecore#//EBooleanObject""/>` parsing failed"
modelset/raw-data/repo-ecore-all/data/fjavier-umu/mde-data-ree/JB_F1_DataModernization/metamodels/DDL.ecore,true,true,true,
modelset/raw-data/repo-ecore-all/data/fjavier-umu/mde-data-ree/JB_F1_DataModernization/metamodels/Errores.ecore,false,false,false,"parse: failed to parse modelset/raw-data/repo-ecore-all/data/fjavier-umu/mde-data-ree/JB_F1_DataModernization/metamodels/Errores.ecore: unknown builtit class URL `http://www.eclipse.org/emf/2002/Ecore#//EFloatObject` failed to parse structural features failed to parse class `ForeignError` line 11, column 147 current parser state: | `` | `    <eStructuralFeatures xsi:type=""ecore:EReference"" name=""tableCont"" eType=""#//Table""` parsing failed"
modelset/raw-data/repo-ecore-all/data/fjavier-umu/mde-data-ree/JB_F2_aplicacion_swt_jfaces/bin/tesis/Errores.ecore,false,false,false,"parse: failed to parse modelset/raw-data/repo-ecore-all/data/fjavier-umu/mde-data-ree/JB_F2_aplicacion_swt_jfaces/bin/tesis/Errores.ecore: unknown builtit class URL `http://www.eclipse.org/emf/2002/Ecore#//EIntegerObject` failed to parse structural features failed to parse class `ForeignError` line 13, column 149 current parser state: | `` | `    <eStructuralFeatures xsi:type=""ecore:EReference"" name=""tableCont"" eType=""#//Table""` parsing failed"
modelset/raw-data/repo-ecore-all/data/fjavier-umu/mde-data-ree/JB_F3_DataModernization/metamodels/JPA.ecore,true,true,true,
modelset/raw-data/repo-ecore-all/data/fjavier-umu/mde-data-ree/M_F1_DDL/files/metamodels/DDL_PRE.ecore,true,true,true,
modelset/raw-data/repo-ecore-all/data/fjavier-umu/mde-data-ree/M_F3_es.modelum.detErrores/metamodels/DDL.ecore,true,true,true,
modelset/raw-data/repo-ecore-all/data/fjavier-umu/mde-data-ree/M_F3_es.modelum.detErrores/metamodels/DML.ecore,true,true,true,
modelset/raw-data/repo-ecore-all/data/fjavier-umu/mde-data-ree/M_F3_es.modelum.detErrores/metamodels/DML_DDL.ecore,true,true,true,
modelset/raw-data/repo-ecore-all/data/fjavier-umu/mde-data-ree/Y_CA_F2_Fragmentos_DDL2FragmentosSelect/metamodels/fragmentos.ecore,true,true,true,
modelset/raw-data/repo-ecore-all/data/fjavier-umu/mde-data-ree/Y_CA_F3_FragmentosSelect2Selects/metamodels/selects.ecore,true,true,true,
modelset/raw-data/repo-ecore-all/data/fjavier-umu/mde-data-ree/Y_CA_F4_Selects_DDL2Errores/metamodels/errores.ecore,false,false,false,"parse: failed to parse modelset/raw-data/repo-ecore-all/data/fjavier-umu/mde-data-ree/Y_CA_F4_Selects_DDL2Errores/metamodels/errores.ecore: unsupported `eType` path `ecore:EClass DDL.ecore#//Table` failed to parse structural features failed to parse class `ForeignError` line 16, column 111 current parser state: | `` | `    <eStructuralFeatures xsi:type=""ecore:EReference"" name=""tableRef"" eType=""ecore:EClass DDL.ecore#//Table""/>` parsing failed"
modelset/raw-data/repo-ecore-all/data/fjavier-umu/mde-data-ree/Y_F2_conexp2fdsWithDuplicateColumns/metamodels/DDL_ORI.ecore,true,true,true,
modelset/raw-data/repo-ecore-all/data/fjavier-umu/mde-data-ree/Y_F7_fdsDDLDenormalized2fdsDDLNormalized/metamodels/fds.ecore,true,true,true,
modelset/raw-data/repo-ecore-all/data/fjavier-umu/mde-data-ree/Y_F8_DDLDenormalized_fdsDDLNormalized2DDLNormalized/metamodels/DDL.ecore,true,true,true,
modelset/raw-data/repo-ecore-all/data/fjavier-umu/mde-data-ree/Y_F9_DDLNormalized2JPA/metamodels/DDL_ORI.ecore,true,true,true,
modelset/raw-data/repo-ecore-all/data/fjavier-umu/mde-data-ree/Y_F9_DDLNormalized2JPA/metamodels/JPA.ecore,true,true,true,
modelset/raw-data/repo-ecore-all/data/flaviodonze/emf-rest-server-client/rest-common/src/main/java/com/softmodeler/model/softmodeler.ecore,false,false,false,"parse: failed to parse modelset/raw-data/repo-ecore-all/data/flaviodonze/emf-rest-server-client/rest-common/src/main/java/com/softmodeler/model/softmodeler.ecore: unexpected structural feature attribute `eKeys` failed to parse structural features failed to parse class `TreeNode` line 80, column 40 current parser state: | `>` | `      <eAnnotations source=""teneo.jpa"">` parsing failed"
modelset/raw-data/repo-ecore-all/data/flogaribal/ENSEEIHT/2A/GLS/BE/fr.enseeiht.gls.simplepdl/SimplePDL.ecore,false,false,false,"parse: failed to parse modelset/raw-data/repo-ecore-all/data/flogaribal/ENSEEIHT/2A/GLS/BE/fr.enseeiht.gls.simplepdl/SimplePDL.ecore: unknown builtit class URL `http://www.eclipse.org/emf/2002/Ecore#//EIntegerObject` failed to parse structural features failed to parse class `Resource` line 81, column 150 current parser state: | `` | `    <eStructuralFeatures xsi:type=""ecore:EAttribute"" name=""name"" eType=""ecore:EDataType http://www.eclipse.org/emf/2002/Ecore#//EString""/>` parsing failed"
modelset/raw-data/repo-ecore-all/data/flogaribal/ENSEEIHT/2A/GLS/Projet/fr.enseeiht.gls.projet404.games.Games2PetriNet/PetriNet.ecore,true,true,true,
modelset/raw-data/repo-ecore-all/data/flomotlik/softwarearchitekturen/abgabe2/src/metamodel/metamodel.ecore,true,true,true,
modelset/raw-data/repo-ecore-all/data/flomotlik/softwarearchitekturen/test/bin/metamodel/metamodel.ecore,true,true,true,
modelset/raw-data/repo-ecore-all/data/florezfernandez/ArchiAnalysis/com.archimatetool.model/model/archimate.ecore,false,false,false,"parse: failed to parse modelset/raw-data/repo-ecore-all/data/florezfernandez/ArchiAnalysis/com.archimatetool.model/model/archimate.ecore: unexpected `eClassifiers` attribute `serializable` line 5, column 27 current parser state: | `/>` | `  <eClassifiers xsi:type=""ecore:EClass"" name=""Adapter"" abstract=""true"" interface=""true"">` parsing failed"
modelset/raw-data/repo-ecore-all/data/florezfernandez/iArchiMate/co.edu.uniandes.iArchimate/model/Archimate.ecore,true,false,false,"generate: timeout after 120s: /arachne/target/debug/arachne generate modelset/raw-data/repo-ecore-all/data/florezfernandez/iArchiMate/co.edu.uniandes.iArchimate/model/Archimate.ecore -o /var/folders/24/3kt9vzrj6qzd_r760kn9ybsm0000gn/T/arachne-modelset-omcite9_/generated-00213 -p modelset-00213-194b694a [INFO  arachne] Starting code generation [INFO  arachne_codegen] Validating configuration [INFO  arachne_codegen] Parsing ecore metamodel: ""modelset/raw-data/repo-ecore-all/data/florezfernandez/iArchiMate/co.edu.uniandes.iArchimate/model/Archimate.ecore"" [INFO  arachne_codegen] Generating Rust tokens [INFO  arachne_codegen] Generating classifiers... [INFO  arachne_codegen] Generating reference manager..."
modelset/raw-data/repo-ecore-all/data/florezfernandez/iArchiMate/co.edu.uniandes.iArchimate/model/archiMM.ecore,false,false,false,"parse: failed to parse modelset/raw-data/repo-ecore-all/data/florezfernandez/iArchiMate/co.edu.uniandes.iArchimate/model/archiMM.ecore: unexpected `eClassifiers` attribute `serializable` line 5, column 27 current parser state: | `/>` | `  <eClassifiers xsi:type=""ecore:EClass"" name=""Adapter"" abstract=""true"" interface=""true"">` parsing failed"
modelset/raw-data/repo-ecore-all/data/florianpirchner/mobadsl/org.mobadsl.semantic.model/model/Moba.ecore,false,false,false,"parse: failed to parse modelset/raw-data/repo-ecore-all/data/florianpirchner/mobadsl/org.mobadsl.semantic.model/model/Moba.ecore: unknown builtit class URL `http://www.eclipse.org/emf/2002/Ecore#//EIntegerObject` failed to parse structural features failed to parse class `MobaConstantValue` line 113, column 150 current parser state: | `` | `    <eStructuralFeatures xsi:type=""ecore:EAttribute"" name=""valueDouble"" eType=""ecore:EDataType http://www.eclipse.org/emf/2002/Ecore#//EDoubleObject""/>` parsing failed"
modelset/raw-data/repo-ecore-all/data/flower-platform/flower-platform-3/org.flowerplatform.emf_model.notation/emf_model/Notation.ecore,false,false,false,"parse: failed to parse modelset/raw-data/repo-ecore-all/data/flower-platform/flower-platform-3/org.flowerplatform.emf_model.notation/emf_model/Notation.ecore: unknown builtit class URL `http://www.eclipse.org/emf/2002/Ecore#//EJavaObject` failed to parse structural features failed to parse class `View` line 19, column 27 current parser state: | `` | `    <eStructuralFeatures xsi:type=""ecore:EReference"" name=""diagrammableElement"" eType=""ecore:EClass http://www.eclipse.org/emf/2002/Ecore#//EObject""/>` parsing failed"
modelset/raw-data/repo-ecore-all/data/flybird119/safiserver-all/CoreActionPak1Model/model/actionpak1.ecore,false,false,false,"parse: failed to parse modelset/raw-data/repo-ecore-all/data/flybird119/safiserver-all/CoreActionPak1Model/model/actionpak1.ecore: unsupported `eType` path `ecore:EClass ../../Saflets/model/core.ecore#//actionstep/DynamicValue` failed to parse structural features failed to parse class `ActionstepTest` line 9, column 51 current parser state: | `` | `      <eAnnotations source=""DynamicValueAnnotation"">` parsing failed"
modelset/raw-data/repo-ecore-all/data/flybird119/safiserver-all/SafiDB/model/db.ecore,false,false,false,"parse: failed to parse modelset/raw-data/repo-ecore-all/data/flybird119/safiserver-all/SafiDB/model/db.ecore: unknown builtit class URL `http://www.eclipse.org/emf/2002/Ecore#//EDate` failed to parse structural features failed to parse class `DBResource` line 168, column 145 current parser state: | `` | `    <eStructuralFeatures xsi:type=""ecore:EAttribute"" name=""lastUpdated"" eType=""ecore:EDataType http://www.eclipse.org/emf/2002/Ecore#//EDate""/>` parsing failed"
modelset/raw-data/repo-ecore-all/data/flybird119/safiserver-all/Saflets/model/core.ecore,false,false,false,"parse: failed to parse modelset/raw-data/repo-ecore-all/data/flybird119/safiserver-all/Saflets/model/core.ecore: unexpected package content line 20, column 3 current parser state: | `<eSubpackages name=""actionstep"" nsURI=""http:///com/safi/core.ecore#actionstep"" nsPrefix=""com.safi.core.actionstep"">` | `    <eClassifiers xsi:type=""ecore:EClass"" name=""ActionStep"" abstract=""true"" eSuperTypes=""#//ProductIdentifiable #//ThreadSensitive #//PlatformDisposition"">` parsing failed"
modelset/raw-data/repo-ecore-all/data/flybird119/safiserver-all/TimeBasedRoutingNew/model/timeBasedRouting.ecore,false,false,false,"parse: failed to parse modelset/raw-data/repo-ecore-all/data/flybird119/safiserver-all/TimeBasedRoutingNew/model/timeBasedRouting.ecore: unsupported `eType` path `ecore:EClass ../../Saflets/model/core.ecore#//actionstep/DynamicValue` failed to parse structural features failed to parse class `TimeBasedRouting` line 9, column 51 current parser state: | `` | `      <eAnnotations source=""DynamicValueAnnotation"">` parsing failed"
modelset/raw-data/repo-ecore-all/data/fmdkdd/monoge/emftuto/org.eclipse.example.bowlingmodel/model/bowling.ecore,false,false,false,"parse: failed to parse modelset/raw-data/repo-ecore-all/data/fmdkdd/monoge/emftuto/org.eclipse.example.bowlingmodel/model/bowling.ecore: unknown builtit class URL `http://www.eclipse.org/emf/2002/Ecore#//EDate` failed to parse structural features failed to parse class `Player` line 6, column 144 current parser state: | `` | `  </eClassifiers>` parsing failed"
modelset/raw-data/repo-ecore-all/data/fmdkdd/monoge/emftuto/testEMF/model/testContainment.ecore,true,true,true,
modelset/raw-data/repo-ecore-all/data/fmdkdd/monoge/emfviews-test/resources/metamodels/minimalref.ecore,true,true,true,
modelset/raw-data/repo-ecore-all/data/forerik/mdsd2015/MDSD/ClassDiagram.ecore,false,false,false,"parse: failed to parse modelset/raw-data/repo-ecore-all/data/forerik/mdsd2015/MDSD/ClassDiagram.ecore: unknown builtit class URL `http://www.eclipse.org/emf/2002/Ecore#//EDate` failed to parse structural features failed to parse class `Room_RoomKey` line 38, column 95 current parser state: | `` | `  </eClassifiers>` parsing failed"
modelset/raw-data/repo-ecore-all/data/forerik/mdsd2015/MDSD/src/ClassDiagram/ClassDiagram.ecore,false,false,false,"parse: failed to parse modelset/raw-data/repo-ecore-all/data/forerik/mdsd2015/MDSD/src/ClassDiagram/ClassDiagram.ecore: unknown builtit class URL `http://www.eclipse.org/emf/2002/Ecore#//EDate` failed to parse structural features failed to parse class `Hotel_Booking` line 26, column 95 current parser state: | `` | `    <eStructuralFeatures xsi:type=""ecore:EAttribute"" name=""endDate"" ordered=""false""` parsing failed"
modelset/raw-data/repo-ecore-all/data/fotoply/iot/org.xtext.sdu.iot/model/generated/IoT.ecore,false,false,false,"parse: failed to parse modelset/raw-data/repo-ecore-all/data/fotoply/iot/org.xtext.sdu.iot/model/generated/IoT.ecore: unsupported `eType` path `ecore:EClass http://www.eclipse.org/emf/2002/Ecore#//EObject` failed to parse structural features failed to parse class `System` line 6, column 98 current parser state: | `` | `  </eClassifiers>` parsing failed"
modelset/raw-data/repo-ecore-all/data/fpetitdemang/stage2014/workspace/emf.html/model/DefaultName.ecore,false,false,false,"parse: failed to parse modelset/raw-data/repo-ecore-all/data/fpetitdemang/stage2014/workspace/emf.html/model/DefaultName.ecore: unexpected package content line 319, column 3 current parser state: | `<eSubpackages name=""PrimitiveTypes"" nsURI=""html.primitivetype"" nsPrefix=""prim"">` | `    <eClassifiers xsi:type=""ecore:EDataType"" name=""Boolean"" instanceTypeName=""Boolean""/>` parsing failed"
modelset/raw-data/repo-ecore-all/data/francoispfister/diagraph/matcher.mtbe-fr-rule/model/rules.ecore,true,true,true,
modelset/raw-data/repo-ecore-all/data/francoispfister/diagraph/mtbe.fr.trace/model/trace-v-101.ecore,false,false,false,"parse: failed to parse modelset/raw-data/repo-ecore-all/data/francoispfister/diagraph/mtbe.fr.trace/model/trace-v-101.ecore: unsupported `eType` path `ecore:EClass http://www.eclipse.org/emf/2002/Ecore#//EObject` failed to parse class operation failed to parse class `Trace` line 7, column 131 current parser state: | `` | `    <eStructuralFeatures xsi:type=""ecore:EReference"" name=""traces"" upperBound=""-1""` parsing failed"
modelset/raw-data/repo-ecore-all/data/francoispfister/diagraph/org.isoe.diagraph.diagraph/Copy of model/diagraph.ecore,false,false,false,"parse: failed to parse modelset/raw-data/repo-ecore-all/data/francoispfister/diagraph/org.isoe.diagraph.diagraph/Copy of model/diagraph.ecore: unsupported `eType` path `ecore:EClass http://www.eclipse.org/emf/2002/Ecore#//EReference` failed to parse structural features failed to parse class `DEdge` line 7, column 150 current parser state: | `` | `    <eStructuralFeatures xsi:type=""ecore:EAttribute"" name=""propagated"" eType=""ecore:EDataType http://www.eclipse.org/emf/2002/Ecore#//EBoolean""/>` parsing failed"
modelset/raw-data/repo-ecore-all/data/francoispfister/diagraph/org.isoe.diagraph.diagraph/model/diagraph.ecore,false,false,false,"parse: failed to parse modelset/raw-data/repo-ecore-all/data/francoispfister/diagraph/org.isoe.diagraph.diagraph/model/diagraph.ecore: unsupported `eType` path `ecore:EClass http://www.eclipse.org/emf/2002/Ecore#//EReference` failed to parse structural features failed to parse class `DEdge` line 7, column 150 current parser state: | `` | `    <eStructuralFeatures xsi:type=""ecore:EAttribute"" name=""propagated"" eType=""ecore:EDataType http://www.eclipse.org/emf/2002/Ecore#//EBoolean""/>` parsing failed"
modelset/raw-data/repo-ecore-all/data/francoispfister/diagraph/org.isoe.diagraph.diastyle/model/diastyle.ecore,false,false,false,"parse: failed to parse modelset/raw-data/repo-ecore-all/data/francoispfister/diagraph/org.isoe.diagraph.diastyle/model/diastyle.ecore: unsupported `eType` path `http://www.eclipse.org/emf/2002/Ecore#//EModelElement` line 38, column 18 current parser state: | `` | `  <eClassifiers xsi:type=""ecore:EClass"" name=""DStyle"" eSuperTypes=""http://www.eclipse.org/emf/2002/Ecore#//EModelElement"">` parsing failed"
modelset/raw-data/repo-ecore-all/data/francoispfister/diagraph/org.isoe.fwk.megamodel.deploy/repository-bundle/TuringModel.ecore,true,true,true,
modelset/raw-data/repo-ecore-all/data/francoispfister/diagraph/org.isoe.fwk.megamodel.deploy/repository-bundle/adl.ecore,true,true,true,
modelset/raw-data/repo-ecore-all/data/francoispfister/diagraph/org.isoe.fwk.megamodel.deploy/repository-bundle/adl101.ecore,false,false,false,"parse: failed to parse modelset/raw-data/repo-ecore-all/data/francoispfister/diagraph/org.isoe.fwk.megamodel.deploy/repository-bundle/adl101.ecore: expected identifier failed to parse package annotation line 7, column 31 current parser state: | `/>` | `    <details key=""origin=http://foobar""/>` parsing failed"
modelset/raw-data/repo-ecore-all/data/francoispfister/diagraph/org.isoe.fwk.megamodel.deploy/repository-bundle/adl199.ecore,false,false,false,"parse: failed to parse modelset/raw-data/repo-ecore-all/data/francoispfister/diagraph/org.isoe.fwk.megamodel.deploy/repository-bundle/adl199.ecore: expected identifier failed to parse package annotation line 5, column 31 current parser state: | `/>` | `    <details key=""origin=http://foobar""/>` parsing failed"
modelset/raw-data/repo-ecore-all/data/francoispfister/diagraph/org.isoe.fwk.megamodel.deploy/repository-bundle/adl200.ecore,false,false,false,"parse: failed to parse modelset/raw-data/repo-ecore-all/data/francoispfister/diagraph/org.isoe.fwk.megamodel.deploy/repository-bundle/adl200.ecore: expected identifier failed to parse class annotation failed to parse class `Component` line 14, column 26 current parser state: | `/>` | `      <details key=""pov""/>` parsing failed"
modelset/raw-data/repo-ecore-all/data/francoispfister/diagraph/org.isoe.fwk.megamodel.deploy/repository-bundle/adl201.ecore,false,false,false,"parse: failed to parse modelset/raw-data/repo-ecore-all/data/francoispfister/diagraph/org.isoe.fwk.megamodel.deploy/repository-bundle/adl201.ecore: expected identifier failed to parse class annotation failed to parse class `Component` line 14, column 26 current parser state: | `/>` | `      <details key=""pov""/>` parsing failed"
modelset/raw-data/repo-ecore-all/data/francoispfister/diagraph/org.isoe.fwk.megamodel.deploy/repository-bundle/adl202.ecore,false,false,false,"parse: failed to parse modelset/raw-data/repo-ecore-all/data/francoispfister/diagraph/org.isoe.fwk.megamodel.deploy/repository-bundle/adl202.ecore: expected identifier failed to parse class annotation failed to parse class `Component` line 14, column 26 current parser state: | `/>` | `      <details key=""pov""/>` parsing failed"
modelset/raw-data/repo-ecore-all/data/francoispfister/diagraph/org.isoe.fwk.megamodel.deploy/repository-bundle/adl203.ecore,false,false,false,"parse: failed to parse modelset/raw-data/repo-ecore-all/data/francoispfister/diagraph/org.isoe.fwk.megamodel.deploy/repository-bundle/adl203.ecore: expected identifier failed to parse class annotation failed to parse class `Component` line 14, column 26 current parser state: | `/>` | `      <details key=""pov""/>` parsing failed"
modelset/raw-data/repo-ecore-all/data/francoispfister/diagraph/org.isoe.fwk.megamodel.deploy/repository-bundle/adl301.ecore,false,false,false,"parse: failed to parse modelset/raw-data/repo-ecore-all/data/francoispfister/diagraph/org.isoe.fwk.megamodel.deploy/repository-bundle/adl301.ecore: expected identifier failed to parse class annotation failed to parse class `AbstractComponent` line 14, column 26 current parser state: | `/>` | `      <details key=""afx=requiredInterfaces""/>` parsing failed"
modelset/raw-data/repo-ecore-all/data/francoispfister/diagraph/org.isoe.fwk.megamodel.deploy/repository-bundle/adl401.ecore,false,false,false,"parse: failed to parse modelset/raw-data/repo-ecore-all/data/francoispfister/diagraph/org.isoe.fwk.megamodel.deploy/repository-bundle/adl401.ecore: expected identifier failed to parse package annotation line 5, column 31 current parser state: | `/>` | `    <details key=""origin=http://foobar""/>` parsing failed"
modelset/raw-data/repo-ecore-all/data/francoispfister/diagraph/org.isoe.fwk.megamodel.deploy/repository-bundle/adl402.ecore,false,false,false,"parse: failed to parse modelset/raw-data/repo-ecore-all/data/francoispfister/diagraph/org.isoe.fwk.megamodel.deploy/repository-bundle/adl402.ecore: expected identifier failed to parse package annotation line 5, column 31 current parser state: | `/>` | `    <details key=""origin=http://foobar""/>` parsing failed"
modelset/raw-data/repo-ecore-all/data/francoispfister/diagraph/org.isoe.fwk.megamodel.deploy/repository-bundle/adlold.ecore,false,false,false,"parse: failed to parse modelset/raw-data/repo-ecore-all/data/francoispfister/diagraph/org.isoe.fwk.megamodel.deploy/repository-bundle/adlold.ecore: expected identifier failed to parse package annotation line 5, column 31 current parser state: | `/>` | `    <details key=""origin=http://foobar""/>` parsing failed"
modelset/raw-data/repo-ecore-all/data/francoispfister/diagraph/org.isoe.fwk.megamodel.deploy/repository-bundle/adlrecur.ecore,true,true,true,
modelset/raw-data/repo-ecore-all/data/francoispfister/diagraph/org.isoe.fwk.megamodel.deploy/repository-bundle/adlrecurs.ecore,false,false,false,"parse: failed to parse modelset/raw-data/repo-ecore-all/data/francoispfister/diagraph/org.isoe.fwk.megamodel.deploy/repository-bundle/adlrecurs.ecore: expected identifier failed to parse class annotation failed to parse class `AbstractComponent` line 12, column 26 current parser state: | `/>` | `      <details key=""afx=requiredInterfaces""/>` parsing failed"
modelset/raw-data/repo-ecore-all/data/francoispfister/diagraph/org.isoe.fwk.megamodel.deploy/repository-bundle/adlsimple.ecore,true,true,true,
modelset/raw-data/repo-ecore-all/data/francoispfister/diagraph/org.isoe.fwk.megamodel.deploy/repository-bundle/anol3l4.ecore,false,false,false,"parse: failed to parse modelset/raw-data/repo-ecore-all/data/francoispfister/diagraph/org.isoe.fwk.megamodel.deploy/repository-bundle/anol3l4.ecore: expected identifier failed to parse class annotation failed to parse class `X` line 8, column 26 current parser state: | `/>` | `      <details key=""pov""/>` parsing failed"
modelset/raw-data/repo-ecore-all/data/francoispfister/diagraph/org.isoe.fwk.megamodel.deploy/repository-bundle/basic.ecore,false,false,false,"parse: failed to parse modelset/raw-data/repo-ecore-all/data/francoispfister/diagraph/org.isoe.fwk.megamodel.deploy/repository-bundle/basic.ecore: expected identifier failed to parse package annotation line 5, column 40 current parser state: | `/>` | `    <details key=""origin=http://org.isoe.fr""/>` parsing failed"
modelset/raw-data/repo-ecore-all/data/francoispfister/diagraph/org.isoe.fwk.megamodel.deploy/repository-bundle/basic2.ecore,false,false,false,"parse: failed to parse modelset/raw-data/repo-ecore-all/data/francoispfister/diagraph/org.isoe.fwk.megamodel.deploy/repository-bundle/basic2.ecore: expected identifier failed to parse package annotation line 5, column 40 current parser state: | `/>` | `    <details key=""origin=http://org.isoe.fr""/>` parsing failed"
modelset/raw-data/repo-ecore-all/data/francoispfister/diagraph/org.isoe.fwk.megamodel.deploy/repository-bundle/bibtex.ecore,false,false,false,"parse: failed to parse modelset/raw-data/repo-ecore-all/data/francoispfister/diagraph/org.isoe.fwk.megamodel.deploy/repository-bundle/bibtex.ecore: expected identifier failed to parse class annotation failed to parse class `BibTeXFile` line 8, column 26 current parser state: | `/>` | `      <details key=""pov""/>` parsing failed"
modelset/raw-data/repo-ecore-all/data/francoispfister/diagraph/org.isoe.fwk.megamodel.deploy/repository-bundle/case4.ecore,false,false,false,"parse: failed to parse modelset/raw-data/repo-ecore-all/data/francoispfister/diagraph/org.isoe.fwk.megamodel.deploy/repository-bundle/case4.ecore: expected identifier failed to parse class annotation failed to parse class `D` line 8, column 26 current parser state: | `/>` | `    </eAnnotations>` parsing failed"
modelset/raw-data/repo-ecore-all/data/francoispfister/diagraph/org.isoe.fwk.megamodel.deploy/repository-bundle/case5.ecore,false,false,false,"parse: failed to parse modelset/raw-data/repo-ecore-all/data/francoispfister/diagraph/org.isoe.fwk.megamodel.deploy/repository-bundle/case5.ecore: expected identifier failed to parse class annotation failed to parse class `D` line 8, column 26 current parser state: | `/>` | `    </eAnnotations>` parsing failed"
modelset/raw-data/repo-ecore-all/data/francoispfister/diagraph/org.isoe.fwk.megamodel.deploy/repository-bundle/classmate.ecore,false,false,false,"parse: failed to parse modelset/raw-data/repo-ecore-all/data/francoispfister/diagraph/org.isoe.fwk.megamodel.deploy/repository-bundle/classmate.ecore: expected identifier failed to parse class annotation failed to parse class `ClassmateSystem` line 20, column 33 current parser state: | `/>` | `    </eAnnotations>` parsing failed"
modelset/raw-data/repo-ecore-all/data/francoispfister/diagraph/org.isoe.fwk.megamodel.deploy/repository-bundle/company104.ecore,false,false,false,"parse: failed to parse modelset/raw-data/repo-ecore-all/data/francoispfister/diagraph/org.isoe.fwk.megamodel.deploy/repository-bundle/company104.ecore: expected identifier failed to parse package annotation line 7, column 40 current parser state: | `/>` | `    <details key=""origin=http://org.isoe.fr""/>` parsing failed"
modelset/raw-data/repo-ecore-all/data/francoispfister/diagraph/org.isoe.fwk.megamodel.deploy/repository-bundle/company106.ecore,false,false,false,"parse: failed to parse modelset/raw-data/repo-ecore-all/data/francoispfister/diagraph/org.isoe.fwk.megamodel.deploy/repository-bundle/company106.ecore: expected identifier failed to parse package annotation line 7, column 40 current parser state: | `/>` | `    <details key=""origin=http://org.isoe.fr""/>` parsing failed"
modelset/raw-data/repo-ecore-all/data/francoispfister/diagraph/org.isoe.fwk.megamodel.deploy/repository-bundle/complworld.ecore,false,false,false,"parse: failed to parse modelset/raw-data/repo-ecore-all/data/francoispfister/diagraph/org.isoe.fwk.megamodel.deploy/repository-bundle/complworld.ecore: expected identifier failed to parse class annotation failed to parse class `World` line 8, column 26 current parser state: | `/>` | `      <details key=""pov""/>` parsing failed"
modelset/raw-data/repo-ecore-all/data/francoispfister/diagraph/org.isoe.fwk.megamodel.deploy/repository-bundle/compmultinher.ecore,false,false,false,"parse: failed to parse modelset/raw-data/repo-ecore-all/data/francoispfister/diagraph/org.isoe.fwk.megamodel.deploy/repository-bundle/compmultinher.ecore: expected identifier failed to parse class annotation failed to parse class `Named` line 31, column 32 current parser state: | `/>` | `    </eAnnotations>` parsing failed"
modelset/raw-data/repo-ecore-all/data/francoispfister/diagraph/org.isoe.fwk.megamodel.deploy/repository-bundle/comps.ecore,false,false,false,"parse: failed to parse modelset/raw-data/repo-ecore-all/data/francoispfister/diagraph/org.isoe.fwk.megamodel.deploy/repository-bundle/comps.ecore: expected identifier failed to parse package annotation line 7, column 50 current parser state: | `/>` | `  </eAnnotations>` parsing failed"
modelset/raw-data/repo-ecore-all/data/francoispfister/diagraph/org.isoe.fwk.megamodel.deploy/repository-bundle/conf.ecore,false,false,false,"parse: failed to parse modelset/raw-data/repo-ecore-all/data/francoispfister/diagraph/org.isoe.fwk.megamodel.deploy/repository-bundle/conf.ecore: unsupported `eType` path `//Admin` failed to parse structural features failed to parse class `System` line 4, column 103 current parser state: | `` | `    <eStructuralFeatures xsi:type=""ecore:EReference"" name=""laboratories"" upperBound=""-1"" eType=""//Laboratory"" containment=""true""/>` parsing failed"
modelset/raw-data/repo-ecore-all/data/francoispfister/diagraph/org.isoe.fwk.megamodel.deploy/repository-bundle/conf101.ecore,false,false,false,"parse: failed to parse modelset/raw-data/repo-ecore-all/data/francoispfister/diagraph/org.isoe.fwk.megamodel.deploy/repository-bundle/conf101.ecore: expected identifier failed to parse class annotation failed to parse class `System` line 8, column 26 current parser state: | `/>` | `      <details key=""pov""/>` parsing failed"
modelset/raw-data/repo-ecore-all/data/francoispfister/diagraph/org.isoe.fwk.megamodel.deploy/repository-bundle/containment.ecore,false,false,false,"parse: failed to parse modelset/raw-data/repo-ecore-all/data/francoispfister/diagraph/org.isoe.fwk.megamodel.deploy/repository-bundle/containment.ecore: unsupported `eType` path `//B` failed to parse structural features failed to parse class `A` line 8, column 112 current parser state: | `` | `    <eStructuralFeatures xsi:type=""ecore:EReference"" name=""es"" upperBound=""-1"" eType=""//E"" containment=""true""/>` parsing failed"
modelset/raw-data/repo-ecore-all/data/francoispfister/diagraph/org.isoe.fwk.megamodel.deploy/repository-bundle/content.ecore,false,false,false,"parse: failed to parse modelset/raw-data/repo-ecore-all/data/francoispfister/diagraph/org.isoe.fwk.megamodel.deploy/repository-bundle/content.ecore: unsupported `eType` path `//B` failed to parse structural features failed to parse class `A` line 9, column 112 current parser state: | `` | `    <eStructuralFeatures xsi:type=""ecore:EReference"" name=""cs"" upperBound=""-1"" eType=""//C"" containment=""true""/>` parsing failed"
modelset/raw-data/repo-ecore-all/data/francoispfister/diagraph/org.isoe.fwk.megamodel.deploy/repository-bundle/conts.ecore,false,false,false,"parse: failed to parse modelset/raw-data/repo-ecore-all/data/francoispfister/diagraph/org.isoe.fwk.megamodel.deploy/repository-bundle/conts.ecore: unsupported `eType` path `//B` failed to parse structural features failed to parse class `A` line 8, column 112 current parser state: | `` | `  </eClassifiers>` parsing failed"
modelset/raw-data/repo-ecore-all/data/francoispfister/diagraph/org.isoe.fwk.megamodel.deploy/repository-bundle/cstat1.ecore,false,false,false,"parse: failed to parse modelset/raw-data/repo-ecore-all/data/francoispfister/diagraph/org.isoe.fwk.megamodel.deploy/repository-bundle/cstat1.ecore: expected identifier failed to parse class annotation failed to parse class `StateChart` line 18, column 33 current parser state: | `/>` | `    </eAnnotations>` parsing failed"
modelset/raw-data/repo-ecore-all/data/francoispfister/diagraph/org.isoe.fwk.megamodel.deploy/repository-bundle/ctrlflow101.ecore,false,false,false,"parse: failed to parse modelset/raw-data/repo-ecore-all/data/francoispfister/diagraph/org.isoe.fwk.megamodel.deploy/repository-bundle/ctrlflow101.ecore: expected identifier failed to parse class annotation failed to parse class `Function` line 8, column 26 current parser state: | `/>` | `      <details key=""pov""/>` parsing failed"
modelset/raw-data/repo-ecore-all/data/francoispfister/diagraph/org.isoe.fwk.megamodel.deploy/repository-bundle/db.ecore,false,false,false,"parse: failed to parse modelset/raw-data/repo-ecore-all/data/francoispfister/diagraph/org.isoe.fwk.megamodel.deploy/repository-bundle/db.ecore: unknown builtit class URL `http://www.eclipse.org/emf/2002/Ecore#//EBooleanObject` failed to parse structural features failed to parse class `ForeignKey` line 31, column 148 current parser state: | `` | `  </eClassifiers>` parsing failed"
modelset/raw-data/repo-ecore-all/data/francoispfister/diagraph/org.isoe.fwk.megamodel.deploy/repository-bundle/dgf.ecore,false,false,false,"parse: failed to parse modelset/raw-data/repo-ecore-all/data/francoispfister/diagraph/org.isoe.fwk.megamodel.deploy/repository-bundle/dgf.ecore: unsupported `eType` path `//DNode` failed to parse structural features failed to parse class `DVertex` line 7, column 85 current parser state: | `` | `    <eStructuralFeatures xsi:type=""ecore:EReference"" name=""source"" eType=""//DNode""/>` parsing failed"
modelset/raw-data/repo-ecore-all/data/francoispfister/diagraph/org.isoe.fwk.megamodel.deploy/repository-bundle/digraph.ecore,false,false,false,"parse: failed to parse modelset/raw-data/repo-ecore-all/data/francoispfister/diagraph/org.isoe.fwk.megamodel.deploy/repository-bundle/digraph.ecore: unknown builtit class URL `http://www.eclipse.org/emf/2002/Ecore#//EIntegerObject` failed to parse structural features failed to parse class `Edge` line 22, column 148 current parser state: | `` | `    <eStructuralFeatures xsi:type=""ecore:EReference"" name=""source"" eType=""#//Node""` parsing failed"
modelset/raw-data/repo-ecore-all/data/francoispfister/diagraph/org.isoe.fwk.megamodel.deploy/repository-bundle/direction.ecore,false,false,false,"parse: failed to parse modelset/raw-data/repo-ecore-all/data/francoispfister/diagraph/org.isoe.fwk.megamodel.deploy/repository-bundle/direction.ecore: unsupported `eType` path `//A` failed to parse structural features failed to parse class `C` line 7, column 112 current parser state: | `` | `    <eStructuralFeatures xsi:type=""ecore:EReference"" name=""bs"" upperBound=""-1"" eType=""//B"" containment=""true""/>` parsing failed"
modelset/raw-data/repo-ecore-all/data/francoispfister/diagraph/org.isoe.fwk.megamodel.deploy/repository-bundle/docbook.ecore,false,false,false,"parse: failed to parse modelset/raw-data/repo-ecore-all/data/francoispfister/diagraph/org.isoe.fwk.megamodel.deploy/repository-bundle/docbook.ecore: expected identifier failed to parse class annotation failed to parse class `DocBook` line 8, column 26 current parser state: | `/>` | `      <details key=""pov""/>` parsing failed"
modelset/raw-data/repo-ecore-all/data/francoispfister/diagraph/org.isoe.fwk.megamodel.deploy/repository-bundle/dsml.ecore,false,false,false,"parse: failed to parse modelset/raw-data/repo-ecore-all/data/francoispfister/diagraph/org.isoe.fwk.megamodel.deploy/repository-bundle/dsml.ecore: expected tag `>` failed to parse class annotation failed to parse class `DEdge` line 7, column 36 current parser state: | `/>` | `    <eStructuralFeatures xsi:type=""ecore:EReference"" name=""targetNode"" eType=""#//DNode""/>` parsing failed"
modelset/raw-data/repo-ecore-all/data/francoispfister/diagraph/org.isoe.fwk.megamodel.deploy/repository-bundle/effbd101.ecore,false,false,false,"parse: failed to parse modelset/raw-data/repo-ecore-all/data/francoispfister/diagraph/org.isoe.fwk.megamodel.deploy/repository-bundle/effbd101.ecore: expected identifier failed to parse package annotation line 7, column 35 current parser state: | `/>` | `  </eAnnotations>` parsing failed"
modelset/raw-data/repo-ecore-all/data/francoispfister/diagraph/org.isoe.fwk.megamodel.deploy/repository-bundle/effbd102.ecore,false,false,false,"parse: failed to parse modelset/raw-data/repo-ecore-all/data/francoispfister/diagraph/org.isoe.fwk.megamodel.deploy/repository-bundle/effbd102.ecore: expected identifier failed to parse package annotation line 7, column 35 current parser state: | `/>` | `  </eAnnotations>` parsing failed"
modelset/raw-data/repo-ecore-all/data/francoispfister/diagraph/org.isoe.fwk.megamodel.deploy/repository-bundle/effbd103.ecore,false,false,false,"parse: failed to parse modelset/raw-data/repo-ecore-all/data/francoispfister/diagraph/org.isoe.fwk.megamodel.deploy/repository-bundle/effbd103.ecore: expected identifier failed to parse package annotation line 7, column 35 current parser state: | `/>` | `  </eAnnotations>` parsing failed"
modelset/raw-data/repo-ecore-all/data/francoispfister/diagraph/org.isoe.fwk.megamodel.deploy/repository-bundle/effbd104.ecore,false,false,false,"parse: failed to parse modelset/raw-data/repo-ecore-all/data/francoispfister/diagraph/org.isoe.fwk.megamodel.deploy/repository-bundle/effbd104.ecore: expected identifier failed to parse package annotation line 7, column 35 current parser state: | `/>` | `  </eAnnotations>` parsing failed"
modelset/raw-data/repo-ecore-all/data/francoispfister/diagraph/org.isoe.fwk.megamodel.deploy/repository-bundle/effbd106.ecore,false,false,false,"parse: failed to parse modelset/raw-data/repo-ecore-all/data/francoispfister/diagraph/org.isoe.fwk.megamodel.deploy/repository-bundle/effbd106.ecore: expected identifier failed to parse package annotation line 7, column 35 current parser state: | `/>` | `  </eAnnotations>` parsing failed"
modelset/raw-data/repo-ecore-all/data/francoispfister/diagraph/org.isoe.fwk.megamodel.deploy/repository-bundle/effbd2.ecore,false,false,false,"parse: failed to parse modelset/raw-data/repo-ecore-all/data/francoispfister/diagraph/org.isoe.fwk.megamodel.deploy/repository-bundle/effbd2.ecore: expected identifier failed to parse package annotation line 7, column 35 current parser state: | `/>` | `  </eAnnotations>` parsing failed"
modelset/raw-data/repo-ecore-all/data/francoispfister/diagraph/org.isoe.fwk.megamodel.deploy/repository-bundle/effbd201.ecore,false,false,false,"parse: failed to parse modelset/raw-data/repo-ecore-all/data/francoispfister/diagraph/org.isoe.fwk.megamodel.deploy/repository-bundle/effbd201.ecore: expected identifier failed to parse package annotation line 5, column 35 current parser state: | `/>` | `  </eAnnotations>` parsing failed"
modelset/raw-data/repo-ecore-all/data/francoispfister/diagraph/org.isoe.fwk.megamodel.deploy/repository-bundle/effbd902.ecore,false,false,false,"parse: failed to parse modelset/raw-data/repo-ecore-all/data/francoispfister/diagraph/org.isoe.fwk.megamodel.deploy/repository-bundle/effbd902.ecore: expected identifier failed to parse package annotation line 7, column 35 current parser state: | `/>` | `  </eAnnotations>` parsing failed"
modelset/raw-data/repo-ecore-all/data/francoispfister/diagraph/org.isoe.fwk.megamodel.deploy/repository-bundle/effbdpattern.ecore,false,false,false,"parse: failed to parse modelset/raw-data/repo-ecore-all/data/francoispfister/diagraph/org.isoe.fwk.megamodel.deploy/repository-bundle/effbdpattern.ecore: expected identifier failed to parse class annotation failed to parse class `Function` line 23, column 36 current parser state: | `/>` | `      <details key=""afx=outputPorts""/>` parsing failed"
modelset/raw-data/repo-ecore-all/data/francoispfister/diagraph/org.isoe.fwk.megamodel.deploy/repository-bundle/encore.ecore,false,false,false,"parse: failed to parse modelset/raw-data/repo-ecore-all/data/francoispfister/diagraph/org.isoe.fwk.megamodel.deploy/repository-bundle/encore.ecore: Missing attribute `eType` in structural feature `instanceClass` failed to parse structural features failed to parse class `EClassifier` line 120, column 57 current parser state: | `` | `      <eGenericType eClassifier=""#//EJavaClass"">` parsing failed"
modelset/raw-data/repo-ecore-all/data/francoispfister/diagraph/org.isoe.fwk.megamodel.deploy/repository-bundle/error3.ecore,false,false,false,"parse: failed to parse modelset/raw-data/repo-ecore-all/data/francoispfister/diagraph/org.isoe.fwk.megamodel.deploy/repository-bundle/error3.ecore: expected identifier failed to parse class annotation failed to parse class `World` line 8, column 26 current parser state: | `/>` | `      <details key=""pov""/>` parsing failed"
modelset/raw-data/repo-ecore-all/data/francoispfister/diagraph/org.isoe.fwk.megamodel.deploy/repository-bundle/error4.ecore,false,false,false,"parse: failed to parse modelset/raw-data/repo-ecore-all/data/francoispfister/diagraph/org.isoe.fwk.megamodel.deploy/repository-bundle/error4.ecore: expected identifier failed to parse class annotation failed to parse class `World` line 8, column 26 current parser state: | `/>` | `      <details key=""pov""/>` parsing failed"
modelset/raw-data/repo-ecore-all/data/francoispfister/diagraph/org.isoe.fwk.megamodel.deploy/repository-bundle/errorkref.ecore,false,false,false,"parse: failed to parse modelset/raw-data/repo-ecore-all/data/francoispfister/diagraph/org.isoe.fwk.megamodel.deploy/repository-bundle/errorkref.ecore: expected identifier failed to parse class annotation failed to parse class `C` line 8, column 26 current parser state: | `/>` | `      <details key=""pov""/>` parsing failed"
modelset/raw-data/repo-ecore-all/data/francoispfister/diagraph/org.isoe.fwk.megamodel.deploy/repository-bundle/errormanypov.ecore,true,true,true,
modelset/raw-data/repo-ecore-all/data/francoispfister/diagraph/org.isoe.fwk.megamodel.deploy/repository-bundle/errorstm.ecore,false,false,false,"parse: failed to parse modelset/raw-data/repo-ecore-all/data/francoispfister/diagraph/org.isoe.fwk.megamodel.deploy/repository-bundle/errorstm.ecore: expected identifier failed to parse class annotation failed to parse class `Transition` line 8, column 26 current parser state: | `/>` | `      <details key=""ref=from""/>` parsing failed"
modelset/raw-data/repo-ecore-all/data/francoispfister/diagraph/org.isoe.fwk.megamodel.deploy/repository-bundle/errya.ecore,false,false,false,"parse: failed to parse modelset/raw-data/repo-ecore-all/data/francoispfister/diagraph/org.isoe.fwk.megamodel.deploy/repository-bundle/errya.ecore: expected identifier failed to parse package annotation line 5, column 40 current parser state: | `/>` | `    <details key=""origin=http://org.isoe.fr""/>` parsing failed"
modelset/raw-data/repo-ecore-all/data/francoispfister/diagraph/org.isoe.fwk.megamodel.deploy/repository-bundle/fragdial.ecore,false,false,false,"parse: failed to parse modelset/raw-data/repo-ecore-all/data/francoispfister/diagraph/org.isoe.fwk.megamodel.deploy/repository-bundle/fragdial.ecore: expected identifier failed to parse class annotation failed to parse class `AbstractComponent` line 14, column 26 current parser state: | `/>` | `      <details key=""afx=requiredInterfaces""/>` parsing failed"
modelset/raw-data/repo-ecore-all/data/francoispfister/diagraph/org.isoe.fwk.megamodel.deploy/repository-bundle/fragdial101.ecore,false,false,false,"parse: failed to parse modelset/raw-data/repo-ecore-all/data/francoispfister/diagraph/org.isoe.fwk.megamodel.deploy/repository-bundle/fragdial101.ecore: expected identifier failed to parse class annotation failed to parse class `AbstractComponent` line 14, column 26 current parser state: | `/>` | `      <details key=""afx=requiredInterfaces""/>` parsing failed"
modelset/raw-data/repo-ecore-all/data/francoispfister/diagraph/org.isoe.fwk.megamodel.deploy/repository-bundle/fsm.ecore,false,false,false,"parse: failed to parse modelset/raw-data/repo-ecore-all/data/francoispfister/diagraph/org.isoe.fwk.megamodel.deploy/repository-bundle/fsm.ecore: expected identifier failed to parse package annotation line 7, column 41 current parser state: | `/>` | `    <details key=""origin=http://www.kermeta.org/docs/html.chunked/KerMeta-Tutorial/ch04.html""/>` parsing failed"
modelset/raw-data/repo-ecore-all/data/francoispfister/diagraph/org.isoe.fwk.megamodel.deploy/repository-bundle/fsmkerm.ecore,false,false,false,"parse: failed to parse modelset/raw-data/repo-ecore-all/data/francoispfister/diagraph/org.isoe.fwk.megamodel.deploy/repository-bundle/fsmkerm.ecore: expected identifier failed to parse package annotation line 7, column 41 current parser state: | `/>` | `    <details key=""origin=http://www.kermeta.org/docs/html.chunked/KerMeta-Tutorial/ch04.html""/>` parsing failed"
modelset/raw-data/repo-ecore-all/data/francoispfister/diagraph/org.isoe.fwk.megamodel.deploy/repository-bundle/graph.ecore,false,false,false,"parse: failed to parse modelset/raw-data/repo-ecore-all/data/francoispfister/diagraph/org.isoe.fwk.megamodel.deploy/repository-bundle/graph.ecore: Missing attribute `eType` in structural feature `name` failed to parse structural features failed to parse class `Graph` line 4, column 66 current parser state: | `` | `      <eType xsi:type=""ecore:EDataType"" href=""http://www.eclipse.org/emf/2002/Ecore#//EString""/>` parsing failed"
modelset/raw-data/repo-ecore-all/data/francoispfister/diagraph/org.isoe.fwk.megamodel.deploy/repository-bundle/hello121.ecore,false,false,false,"parse: failed to parse modelset/raw-data/repo-ecore-all/data/francoispfister/diagraph/org.isoe.fwk.megamodel.deploy/repository-bundle/hello121.ecore: expected identifier failed to parse package annotation line 5, column 40 current parser state: | `/>` | `    <details key=""origin=http://org.isoe.fr""/>` parsing failed"
modelset/raw-data/repo-ecore-all/data/francoispfister/diagraph/org.isoe.fwk.megamodel.deploy/repository-bundle/hello122.ecore,false,false,false,"parse: failed to parse modelset/raw-data/repo-ecore-all/data/francoispfister/diagraph/org.isoe.fwk.megamodel.deploy/repository-bundle/hello122.ecore: expected identifier failed to parse package annotation line 5, column 40 current parser state: | `/>` | `    <details key=""origin=http://org.isoe.fr""/>` parsing failed"
modelset/raw-data/repo-ecore-all/data/francoispfister/diagraph/org.isoe.fwk.megamodel.deploy/repository-bundle/hello123.ecore,false,false,false,"parse: failed to parse modelset/raw-data/repo-ecore-all/data/francoispfister/diagraph/org.isoe.fwk.megamodel.deploy/repository-bundle/hello123.ecore: expected identifier failed to parse package annotation line 5, column 40 current parser state: | `/>` | `    <details key=""origin=http://org.isoe.fr""/>` parsing failed"
modelset/raw-data/repo-ecore-all/data/francoispfister/diagraph/org.isoe.fwk.megamodel.deploy/repository-bundle/helloworld.ecore,false,false,false,"parse: failed to parse modelset/raw-data/repo-ecore-all/data/francoispfister/diagraph/org.isoe.fwk.megamodel.deploy/repository-bundle/helloworld.ecore: expected identifier failed to parse package annotation line 5, column 40 current parser state: | `/>` | `    <details key=""origin=http://org.isoe.fr""/>` parsing failed"
modelset/raw-data/repo-ecore-all/data/francoispfister/diagraph/org.isoe.fwk.megamodel.deploy/repository-bundle/helloworld1.ecore,false,false,false,"parse: failed to parse modelset/raw-data/repo-ecore-all/data/francoispfister/diagraph/org.isoe.fwk.megamodel.deploy/repository-bundle/helloworld1.ecore: expected identifier failed to parse package annotation line 4, column 40 current parser state: | `/>` | `    <details key=""origin=http://org.isoe.fr""/>` parsing failed"
modelset/raw-data/repo-ecore-all/data/francoispfister/diagraph/org.isoe.fwk.megamodel.deploy/repository-bundle/helloworld123.ecore,false,false,false,"parse: failed to parse modelset/raw-data/repo-ecore-all/data/francoispfister/diagraph/org.isoe.fwk.megamodel.deploy/repository-bundle/helloworld123.ecore: expected identifier failed to parse package annotation line 4, column 40 current parser state: | `/>` | `    <details key=""origin=http://org.isoe.fr""/>` parsing failed"
modelset/raw-data/repo-ecore-all/data/francoispfister/diagraph/org.isoe.fwk.megamodel.deploy/repository-bundle/helloworld150.ecore,false,false,false,"parse: failed to parse modelset/raw-data/repo-ecore-all/data/francoispfister/diagraph/org.isoe.fwk.megamodel.deploy/repository-bundle/helloworld150.ecore: expected identifier failed to parse package annotation line 5, column 40 current parser state: | `/>` | `    <details key=""origin=http://org.isoe.fr""/>` parsing failed"
modelset/raw-data/repo-ecore-all/data/francoispfister/diagraph/org.isoe.fwk.megamodel.deploy/repository-bundle/helloworldsaved.ecore,false,false,false,"parse: failed to parse modelset/raw-data/repo-ecore-all/data/francoispfister/diagraph/org.isoe.fwk.megamodel.deploy/repository-bundle/helloworldsaved.ecore: expected identifier failed to parse package annotation line 5, column 40 current parser state: | `/>` | `    <details key=""origin=http://org.isoe.fr""/>` parsing failed"
modelset/raw-data/repo-ecore-all/data/francoispfister/diagraph/org.isoe.fwk.megamodel.deploy/repository-bundle/inherlink.ecore,true,true,true,
modelset/raw-data/repo-ecore-all/data/francoispfister/diagraph/org.isoe.fwk.megamodel.deploy/repository-bundle/iritpdl.ecore,true,true,true,
modelset/raw-data/repo-ecore-all/data/francoispfister/diagraph/org.isoe.fwk.megamodel.deploy/repository-bundle/iritptn.ecore,true,true,true,
modelset/raw-data/repo-ecore-all/data/francoispfister/diagraph/org.isoe.fwk.megamodel.deploy/repository-bundle/itemflow101.ecore,false,false,false,"parse: failed to parse modelset/raw-data/repo-ecore-all/data/francoispfister/diagraph/org.isoe.fwk.megamodel.deploy/repository-bundle/itemflow101.ecore: expected identifier failed to parse package annotation line 7, column 35 current parser state: | `/>` | `  </eAnnotations>` parsing failed"
modelset/raw-data/repo-ecore-all/data/francoispfister/diagraph/org.isoe.fwk.megamodel.deploy/repository-bundle/iupjwq.ecore,false,false,false,"parse: failed to parse modelset/raw-data/repo-ecore-all/data/francoispfister/diagraph/org.isoe.fwk.megamodel.deploy/repository-bundle/iupjwq.ecore: expected identifier failed to parse package annotation line 5, column 40 current parser state: | `/>` | `    <details key=""origin=http://org.isoe.fr""/>` parsing failed"
modelset/raw-data/repo-ecore-all/data/francoispfister/diagraph/org.isoe.fwk.megamodel.deploy/repository-bundle/k2.ecore,false,false,false,"parse: failed to parse modelset/raw-data/repo-ecore-all/data/francoispfister/diagraph/org.isoe.fwk.megamodel.deploy/repository-bundle/k2.ecore: expected tag `>` failed to parse package annotation line 6, column 28 current parser state: | `references=""#//C"">` | `    <details key=""ma""/>` parsing failed"
modelset/raw-data/repo-ecore-all/data/francoispfister/diagraph/org.isoe.fwk.megamodel.deploy/repository-bundle/k4.ecore,false,false,false,"parse: failed to parse modelset/raw-data/repo-ecore-all/data/francoispfister/diagraph/org.isoe.fwk.megamodel.deploy/repository-bundle/k4.ecore: expected identifier failed to parse class annotation failed to parse class `X` line 8, column 26 current parser state: | `/>` | `      <details key=""pov""/>` parsing failed"
modelset/raw-data/repo-ecore-all/data/francoispfister/diagraph/org.isoe.fwk.megamodel.deploy/repository-bundle/k5.ecore,false,false,false,"parse: failed to parse modelset/raw-data/repo-ecore-all/data/francoispfister/diagraph/org.isoe.fwk.megamodel.deploy/repository-bundle/k5.ecore: expected identifier failed to parse class annotation failed to parse class `X` line 8, column 26 current parser state: | `/>` | `      <details key=""pov""/>` parsing failed"
modelset/raw-data/repo-ecore-all/data/francoispfister/diagraph/org.isoe.fwk.megamodel.deploy/repository-bundle/k7.ecore,false,false,false,"parse: failed to parse modelset/raw-data/repo-ecore-all/data/francoispfister/diagraph/org.isoe.fwk.megamodel.deploy/repository-bundle/k7.ecore: expected identifier failed to parse package annotation line 7, column 40 current parser state: | `/>` | `    <details key=""origin=http://org.isoe.diagraph""/>` parsing failed"
modelset/raw-data/repo-ecore-all/data/francoispfister/diagraph/org.isoe.fwk.megamodel.deploy/repository-bundle/kfsm.ecore,false,false,false,"parse: failed to parse modelset/raw-data/repo-ecore-all/data/francoispfister/diagraph/org.isoe.fwk.megamodel.deploy/repository-bundle/kfsm.ecore: expected identifier failed to parse class annotation failed to parse class `FSM` line 6, column 26 current parser state: | `/>` | `      <details key=""pov""/>` parsing failed"
modelset/raw-data/repo-ecore-all/data/francoispfister/diagraph/org.isoe.fwk.megamodel.deploy/repository-bundle/kref.ecore,false,false,false,"parse: failed to parse modelset/raw-data/repo-ecore-all/data/francoispfister/diagraph/org.isoe.fwk.megamodel.deploy/repository-bundle/kref.ecore: unsupported `eType` path `//B` failed to parse structural features failed to parse class `A` line 10, column 112 current parser state: | `` | `    <eStructuralFeatures xsi:type=""ecore:EReference"" name=""ks"" upperBound=""-1"" eType=""//K"" containment=""true""/>` parsing failed"
modelset/raw-data/repo-ecore-all/data/francoispfister/diagraph/org.isoe.fwk.megamodel.deploy/repository-bundle/kreq103.ecore,false,false,false,"parse: failed to parse modelset/raw-data/repo-ecore-all/data/francoispfister/diagraph/org.isoe.fwk.megamodel.deploy/repository-bundle/kreq103.ecore: expected identifier failed to parse class annotation failed to parse class `Bbbb` line 6, column 26 current parser state: | `/>` | `      <details key=""pov""/>` parsing failed"
modelset/raw-data/repo-ecore-all/data/francoispfister/diagraph/org.isoe.fwk.megamodel.deploy/repository-bundle/kreq108c.ecore,false,false,false,"parse: failed to parse modelset/raw-data/repo-ecore-all/data/francoispfister/diagraph/org.isoe.fwk.megamodel.deploy/repository-bundle/kreq108c.ecore: expected identifier failed to parse class annotation failed to parse class `Bbbb` line 6, column 26 current parser state: | `/>` | `      <details key=""pov""/>` parsing failed"
modelset/raw-data/repo-ecore-all/data/francoispfister/diagraph/org.isoe.fwk.megamodel.deploy/repository-bundle/kreq205.ecore,false,false,false,"parse: failed to parse modelset/raw-data/repo-ecore-all/data/francoispfister/diagraph/org.isoe.fwk.megamodel.deploy/repository-bundle/kreq205.ecore: expected identifier failed to parse class annotation failed to parse class `Bbbb` line 6, column 26 current parser state: | `/>` | `      <details key=""pov""/>` parsing failed"
modelset/raw-data/repo-ecore-all/data/francoispfister/diagraph/org.isoe.fwk.megamodel.deploy/repository-bundle/kreq210.ecore,true,true,true,
modelset/raw-data/repo-ecore-all/data/francoispfister/diagraph/org.isoe.fwk.megamodel.deploy/repository-bundle/ktest206.ecore,false,false,false,"parse: failed to parse modelset/raw-data/repo-ecore-all/data/francoispfister/diagraph/org.isoe.fwk.megamodel.deploy/repository-bundle/ktest206.ecore: expected identifier failed to parse class annotation failed to parse class `B` line 14, column 26 current parser state: | `/>` | `      <details key=""kref=cs""/>` parsing failed"
modelset/raw-data/repo-ecore-all/data/francoispfister/diagraph/org.isoe.fwk.megamodel.deploy/repository-bundle/ktest301.ecore,false,false,false,"parse: failed to parse modelset/raw-data/repo-ecore-all/data/francoispfister/diagraph/org.isoe.fwk.megamodel.deploy/repository-bundle/ktest301.ecore: expected identifier failed to parse class annotation failed to parse class `AbstractComponent` line 14, column 26 current parser state: | `/>` | `      <details key=""afx=requiredInterfaces""/>` parsing failed"
modelset/raw-data/repo-ecore-all/data/francoispfister/diagraph/org.isoe.fwk.megamodel.deploy/repository-bundle/ktest400.ecore,false,false,false,"parse: failed to parse modelset/raw-data/repo-ecore-all/data/francoispfister/diagraph/org.isoe.fwk.megamodel.deploy/repository-bundle/ktest400.ecore: expected identifier failed to parse package annotation line 7, column 40 current parser state: | `/>` | `    <details key=""origin=http://org.isoe.fr""/>` parsing failed"
modelset/raw-data/repo-ecore-all/data/francoispfister/diagraph/org.isoe.fwk.megamodel.deploy/repository-bundle/ktest401.ecore,false,false,false,"parse: failed to parse modelset/raw-data/repo-ecore-all/data/francoispfister/diagraph/org.isoe.fwk.megamodel.deploy/repository-bundle/ktest401.ecore: expected identifier failed to parse package annotation line 7, column 40 current parser state: | `/>` | `    <details key=""origin=http://org.isoe.fr""/>` parsing failed"
modelset/raw-data/repo-ecore-all/data/francoispfister/diagraph/org.isoe.fwk.megamodel.deploy/repository-bundle/library.ecore,false,false,false,"parse: failed to parse modelset/raw-data/repo-ecore-all/data/francoispfister/diagraph/org.isoe.fwk.megamodel.deploy/repository-bundle/library.ecore: expected identifier failed to parse class annotation failed to parse class `Library` line 8, column 26 current parser state: | `/>` | `      <details key=""pov""/>` parsing failed"
modelset/raw-data/repo-ecore-all/data/francoispfister/diagraph/org.isoe.fwk.megamodel.deploy/repository-bundle/link.ecore,true,true,true,
modelset/raw-data/repo-ecore-all/data/francoispfister/diagraph/org.isoe.fwk.megamodel.deploy/repository-bundle/linkinher.ecore,false,false,false,"parse: failed to parse modelset/raw-data/repo-ecore-all/data/francoispfister/diagraph/org.isoe.fwk.megamodel.deploy/repository-bundle/linkinher.ecore: expected tag `>` failed to parse class annotation failed to parse class `E` line 4, column 36 current parser state: | `/>` | `    <eStructuralFeatures xsi:type=""ecore:EReference"" name=""net"" eType=""//N""/>` parsing failed"
modelset/raw-data/repo-ecore-all/data/francoispfister/diagraph/org.isoe.fwk.megamodel.deploy/repository-bundle/manypov.ecore,true,true,true,
modelset/raw-data/repo-ecore-all/data/francoispfister/diagraph/org.isoe.fwk.megamodel.deploy/repository-bundle/manypov2.ecore,false,false,false,"parse: failed to parse modelset/raw-data/repo-ecore-all/data/francoispfister/diagraph/org.isoe.fwk.megamodel.deploy/repository-bundle/manypov2.ecore: expected identifier failed to parse class annotation failed to parse class `A` line 15, column 30 current parser state: | `/>` | `      <details key=""pov"" value=""""/>` parsing failed"
modelset/raw-data/repo-ecore-all/data/francoispfister/diagraph/org.isoe.fwk.megamodel.deploy/repository-bundle/minher.ecore,false,false,false,"parse: failed to parse modelset/raw-data/repo-ecore-all/data/francoispfister/diagraph/org.isoe.fwk.megamodel.deploy/repository-bundle/minher.ecore: Missing attribute `eType` in structural feature `name` failed to parse structural features failed to parse class `Named` line 7, column 66 current parser state: | `` | `      <eType xsi:type=""ecore:EDataType"" href=""http://www.eclipse.org/emf/2002/Ecore#//EString""/>` parsing failed"
modelset/raw-data/repo-ecore-all/data/francoispfister/diagraph/org.isoe.fwk.megamodel.deploy/repository-bundle/mpupkb.ecore,false,false,false,"parse: failed to parse modelset/raw-data/repo-ecore-all/data/francoispfister/diagraph/org.isoe.fwk.megamodel.deploy/repository-bundle/mpupkb.ecore: expected identifier failed to parse package annotation line 5, column 40 current parser state: | `/>` | `    <details key=""origin=http://org.isoe.fr""/>` parsing failed"
modelset/raw-data/repo-ecore-all/data/francoispfister/diagraph/org.isoe.fwk.megamodel.deploy/repository-bundle/multiview.ecore,true,true,true,
modelset/raw-data/repo-ecore-all/data/francoispfister/diagraph/org.isoe.fwk.megamodel.deploy/repository-bundle/multiview2.ecore,true,true,true,
modelset/raw-data/repo-ecore-all/data/francoispfister/diagraph/org.isoe.fwk.megamodel.deploy/repository-bundle/multiview3.ecore,true,true,true,
modelset/raw-data/repo-ecore-all/data/francoispfister/diagraph/org.isoe.fwk.megamodel.deploy/repository-bundle/multiview4.ecore,false,false,false,"parse: failed to parse modelset/raw-data/repo-ecore-all/data/francoispfister/diagraph/org.isoe.fwk.megamodel.deploy/repository-bundle/multiview4.ecore: expected identifier failed to parse class annotation failed to parse class `B` line 23, column 31 current parser state: | `/>` | `    </eAnnotations>` parsing failed"
modelset/raw-data/repo-ecore-all/data/francoispfister/diagraph/org.isoe.fwk.megamodel.deploy/repository-bundle/mydsl.ecore,false,false,false,"parse: failed to parse modelset/raw-data/repo-ecore-all/data/francoispfister/diagraph/org.isoe.fwk.megamodel.deploy/repository-bundle/mydsl.ecore: expected tag `<details` failed to parse class annotation failed to parse class `A` line 8, column 7 current parser state: | `<eAnnotations source=""gmf"">` | `        <details key=""node"" value=""""/>` parsing failed"
modelset/raw-data/repo-ecore-all/data/francoispfister/diagraph/org.isoe.fwk.megamodel.deploy/repository-bundle/myffbd.ecore,false,false,false,"parse: failed to parse modelset/raw-data/repo-ecore-all/data/francoispfister/diagraph/org.isoe.fwk.megamodel.deploy/repository-bundle/myffbd.ecore: expected identifier failed to parse package annotation line 7, column 35 current parser state: | `/>` | `  </eAnnotations>` parsing failed"
modelset/raw-data/repo-ecore-all/data/francoispfister/diagraph/org.isoe.fwk.megamodel.deploy/repository-bundle/namd.ecore,false,false,false,"parse: failed to parse modelset/raw-data/repo-ecore-all/data/francoispfister/diagraph/org.isoe.fwk.megamodel.deploy/repository-bundle/namd.ecore: unsupported `eType` path `//B` failed to parse structural features failed to parse class `A` line 8, column 112 current parser state: | `` | `  </eClassifiers>` parsing failed"
modelset/raw-data/repo-ecore-all/data/francoispfister/diagraph/org.isoe.fwk.megamodel.deploy/repository-bundle/nested102.ecore,false,false,false,"parse: failed to parse modelset/raw-data/repo-ecore-all/data/francoispfister/diagraph/org.isoe.fwk.megamodel.deploy/repository-bundle/nested102.ecore: expected identifier failed to parse package annotation line 7, column 40 current parser state: | `/>` | `    <details key=""origin=http://org.isoe.fr""/>` parsing failed"
modelset/raw-data/repo-ecore-all/data/francoispfister/diagraph/org.isoe.fwk.megamodel.deploy/repository-bundle/nested103.ecore,false,false,false,"parse: failed to parse modelset/raw-data/repo-ecore-all/data/francoispfister/diagraph/org.isoe.fwk.megamodel.deploy/repository-bundle/nested103.ecore: expected identifier failed to parse package annotation line 7, column 40 current parser state: | `/>` | `    <details key=""origin=http://org.isoe.fr""/>` parsing failed"
modelset/raw-data/repo-ecore-all/data/francoispfister/diagraph/org.isoe.fwk.megamodel.deploy/repository-bundle/ocldriven.ecore,false,false,false,"parse: failed to parse modelset/raw-data/repo-ecore-all/data/francoispfister/diagraph/org.isoe.fwk.megamodel.deploy/repository-bundle/ocldriven.ecore: expected identifier failed to parse package annotation line 7, column 38 current parser state: | `/>` | `    <details key=""origin=http://org.isoe.fr""/>` parsing failed"
modelset/raw-data/repo-ecore-all/data/francoispfister/diagraph/org.isoe.fwk.megamodel.deploy/repository-bundle/ocltutorial.ecore,false,false,false,"parse: failed to parse modelset/raw-data/repo-ecore-all/data/francoispfister/diagraph/org.isoe.fwk.megamodel.deploy/repository-bundle/ocltutorial.ecore: expected identifier failed to parse package annotation line 7, column 40 current parser state: | `/>` | `    <details key=""origin=http://org.isoe.fr""/>` parsing failed"
modelset/raw-data/repo-ecore-all/data/francoispfister/diagraph/org.isoe.fwk.megamodel.deploy/repository-bundle/oml.ecore,false,false,false,"parse: failed to parse modelset/raw-data/repo-ecore-all/data/francoispfister/diagraph/org.isoe.fwk.megamodel.deploy/repository-bundle/oml.ecore: unknown builtit class URL `http://www.eclipse.org/emf/2002/Ecore#//EBooleanObject` failed to parse structural features failed to parse class `Class` line 36, column 152 current parser state: | `` | `  </eClassifiers>` parsing failed"
modelset/raw-data/repo-ecore-all/data/francoispfister/diagraph/org.isoe.fwk.megamodel.deploy/repository-bundle/petrinet.ecore,false,false,false,"parse: failed to parse modelset/raw-data/repo-ecore-all/data/francoispfister/diagraph/org.isoe.fwk.megamodel.deploy/repository-bundle/petrinet.ecore: unexpected package attribute `xmi:id` expected one of `name` `nsURI` `nsPrefix` `xmi:version` `xmlns:xmi` `xmlns:xsi` `xmlns:ecore` line 5, column 5 current parser state: | `name=""petrinet"" nsURI=""http://isoe.stdpetrined"" nsPrefix=""petrinet"">` | `  <eClassifiers xsi:type=""ecore:EClass"" name=""Place"" eSuperTypes=""#//Node"">` parsing failed"
modelset/raw-data/repo-ecore-all/data/francoispfister/diagraph/org.isoe.fwk.megamodel.deploy/repository-bundle/petrinet101.ecore,false,false,false,"parse: failed to parse modelset/raw-data/repo-ecore-all/data/francoispfister/diagraph/org.isoe.fwk.megamodel.deploy/repository-bundle/petrinet101.ecore: expected identifier failed to parse class annotation failed to parse class `Petrinet` line 8, column 26 current parser state: | `/>` | `      <details key=""pov""/>` parsing failed"
modelset/raw-data/repo-ecore-all/data/francoispfister/diagraph/org.isoe.fwk.megamodel.deploy/repository-bundle/petrinets.ecore,false,false,false,"parse: failed to parse modelset/raw-data/repo-ecore-all/data/francoispfister/diagraph/org.isoe.fwk.megamodel.deploy/repository-bundle/petrinets.ecore: unexpected package attribute `xmi:id` expected one of `name` `nsURI` `nsPrefix` `xmi:version` `xmlns:xmi` `xmlns:xsi` `xmlns:ecore` line 5, column 5 current parser state: | `name=""standardPetriNets"" nsURI=""http://standardPetriNets.v0"" nsPrefix=""standardPetriNets"">` | `  <eClassifiers xsi:type=""ecore:EClass"" name=""Place"">` parsing failed"
modelset/raw-data/repo-ecore-all/data/francoispfister/diagraph/org.isoe.fwk.megamodel.deploy/repository-bundle/ptn.ecore,false,false,false,"parse: failed to parse modelset/raw-data/repo-ecore-all/data/francoispfister/diagraph/org.isoe.fwk.megamodel.deploy/repository-bundle/ptn.ecore: expected identifier failed to parse class annotation failed to parse class `Place` line 8, column 26 current parser state: | `/>` | `      <details key=""pov""/>` parsing failed"
modelset/raw-data/repo-ecore-all/data/francoispfister/diagraph/org.isoe.fwk.megamodel.deploy/repository-bundle/ptn103.ecore,false,false,false,"parse: failed to parse modelset/raw-data/repo-ecore-all/data/francoispfister/diagraph/org.isoe.fwk.megamodel.deploy/repository-bundle/ptn103.ecore: expected identifier failed to parse class annotation failed to parse class `Place` line 8, column 26 current parser state: | `/>` | `      <details key=""pov""/>` parsing failed"
modelset/raw-data/repo-ecore-all/data/francoispfister/diagraph/org.isoe.fwk.megamodel.deploy/repository-bundle/ptn104.ecore,false,false,false,"parse: failed to parse modelset/raw-data/repo-ecore-all/data/francoispfister/diagraph/org.isoe.fwk.megamodel.deploy/repository-bundle/ptn104.ecore: expected identifier failed to parse class annotation failed to parse class `Place` line 8, column 26 current parser state: | `/>` | `      <details key=""pov""/>` parsing failed"
modelset/raw-data/repo-ecore-all/data/francoispfister/diagraph/org.isoe.fwk.megamodel.deploy/repository-bundle/ptntim101.ecore,false,false,false,"parse: failed to parse modelset/raw-data/repo-ecore-all/data/francoispfister/diagraph/org.isoe.fwk.megamodel.deploy/repository-bundle/ptntim101.ecore: expected identifier failed to parse class annotation failed to parse class `Place` line 8, column 26 current parser state: | `/>` | `      <details key=""pov""/>` parsing failed"
modelset/raw-data/repo-ecore-all/data/francoispfister/diagraph/org.isoe.fwk.megamodel.deploy/repository-bundle/publication.ecore,false,false,false,"parse: failed to parse modelset/raw-data/repo-ecore-all/data/francoispfister/diagraph/org.isoe.fwk.megamodel.deploy/repository-bundle/publication.ecore: expected identifier failed to parse class annotation failed to parse class `PublicationPhase` line 33, column 38 current parser state: | `/>` | `    </eAnnotations>` parsing failed"
modelset/raw-data/repo-ecore-all/data/francoispfister/diagraph/org.isoe.fwk.megamodel.deploy/repository-bundle/publication101.ecore,false,false,false,"parse: failed to parse modelset/raw-data/repo-ecore-all/data/francoispfister/diagraph/org.isoe.fwk.megamodel.deploy/repository-bundle/publication101.ecore: expected identifier failed to parse package annotation line 5, column 34 current parser state: | `/>` | `    <details key=""line=dash""/>` parsing failed"
modelset/raw-data/repo-ecore-all/data/francoispfister/diagraph/org.isoe.fwk.megamodel.deploy/repository-bundle/publication102.ecore,false,false,false,"parse: failed to parse modelset/raw-data/repo-ecore-all/data/francoispfister/diagraph/org.isoe.fwk.megamodel.deploy/repository-bundle/publication102.ecore: expected identifier failed to parse class annotation failed to parse class `Researcher` line 12, column 40 current parser state: | `/>` | `      <details key=""ref=res_position""/>` parsing failed"
modelset/raw-data/repo-ecore-all/data/francoispfister/diagraph/org.isoe.fwk.megamodel.deploy/repository-bundle/publication103.ecore,false,false,false,"parse: failed to parse modelset/raw-data/repo-ecore-all/data/francoispfister/diagraph/org.isoe.fwk.megamodel.deploy/repository-bundle/publication103.ecore: expected identifier failed to parse class annotation failed to parse class `Researcher` line 12, column 40 current parser state: | `/>` | `      <details key=""ref=res_position""/>` parsing failed"
modelset/raw-data/repo-ecore-all/data/francoispfister/diagraph/org.isoe.fwk.megamodel.deploy/repository-bundle/publication105.ecore,false,false,false,"parse: failed to parse modelset/raw-data/repo-ecore-all/data/francoispfister/diagraph/org.isoe.fwk.megamodel.deploy/repository-bundle/publication105.ecore: expected identifier failed to parse class annotation failed to parse class `Researcher` line 12, column 38 current parser state: | `/>` | `      <details key=""cref=skills""/>` parsing failed"
modelset/raw-data/repo-ecore-all/data/francoispfister/diagraph/org.isoe.fwk.megamodel.deploy/repository-bundle/publication2014.ecore,false,false,false,"parse: failed to parse modelset/raw-data/repo-ecore-all/data/francoispfister/diagraph/org.isoe.fwk.megamodel.deploy/repository-bundle/publication2014.ecore: expected tag `>` failed to parse class annotation failed to parse class `Write` line 138, column 36 current parser state: | `/>` | `    <eStructuralFeatures xsi:type=""ecore:EReference"" name=""paragraph"" eType=""#//Paragraph""/>` parsing failed"
modelset/raw-data/repo-ecore-all/data/francoispfister/diagraph/org.isoe.fwk.megamodel.deploy/repository-bundle/publication2014a.ecore,false,false,false,"parse: failed to parse modelset/raw-data/repo-ecore-all/data/francoispfister/diagraph/org.isoe.fwk.megamodel.deploy/repository-bundle/publication2014a.ecore: expected tag `>` failed to parse class annotation failed to parse class `Write` line 152, column 36 current parser state: | `/>` | `    <eStructuralFeatures xsi:type=""ecore:EReference"" name=""paragraph"" eType=""#//Paragraph""/>` parsing failed"
modelset/raw-data/repo-ecore-all/data/francoispfister/diagraph/org.isoe.fwk.megamodel.deploy/repository-bundle/publication2014b.ecore,false,false,false,"parse: failed to parse modelset/raw-data/repo-ecore-all/data/francoispfister/diagraph/org.isoe.fwk.megamodel.deploy/repository-bundle/publication2014b.ecore: expected tag `>` failed to parse class annotation failed to parse class `Write` line 172, column 36 current parser state: | `/>` | `    <eAnnotations source=""diagraph"">` parsing failed"
modelset/raw-data/repo-ecore-all/data/francoispfister/diagraph/org.isoe.fwk.megamodel.deploy/repository-bundle/publication2014c.ecore,false,false,false,"parse: failed to parse modelset/raw-data/repo-ecore-all/data/francoispfister/diagraph/org.isoe.fwk.megamodel.deploy/repository-bundle/publication2014c.ecore: expected tag `>` failed to parse class annotation failed to parse class `Write` line 171, column 36 current parser state: | `/>` | `    <eAnnotations source=""diagraph"">` parsing failed"
modelset/raw-data/repo-ecore-all/data/francoispfister/diagraph/org.isoe.fwk.megamodel.deploy/repository-bundle/ref3.ecore,false,false,false,"parse: failed to parse modelset/raw-data/repo-ecore-all/data/francoispfister/diagraph/org.isoe.fwk.megamodel.deploy/repository-bundle/ref3.ecore: unsupported `eType` path `//T` line 7, column 18 current parser state: | `` | `  <eClassifiers xsi:type=""ecore:EClass"" name=""N"" eSuperTypes=""//Named"">` parsing failed"
modelset/raw-data/repo-ecore-all/data/francoispfister/diagraph/org.isoe.fwk.megamodel.deploy/repository-bundle/refac.ecore,false,false,false,"parse: failed to parse modelset/raw-data/repo-ecore-all/data/francoispfister/diagraph/org.isoe.fwk.megamodel.deploy/repository-bundle/refac.ecore: expected tag `>` failed to parse class annotation failed to parse class `N99` line 66, column 36 current parser state: | `/>` | `    <eStructuralFeatures xsi:type=""ecore:EReference"" name=""k"" eType=""#//K""/>` parsing failed"
modelset/raw-data/repo-ecore-all/data/francoispfister/diagraph/org.isoe.fwk.megamodel.deploy/repository-bundle/refinher.ecore,false,false,false,"parse: failed to parse modelset/raw-data/repo-ecore-all/data/francoispfister/diagraph/org.isoe.fwk.megamodel.deploy/repository-bundle/refinher.ecore: unsupported `eType` path `//B` failed to parse structural features failed to parse class `A` line 8, column 112 current parser state: | `` | `    <eStructuralFeatures xsi:type=""ecore:EReference"" name=""ks"" upperBound=""-1"" eType=""//K"" containment=""true""/>` parsing failed"
modelset/raw-data/repo-ecore-all/data/francoispfister/diagraph/org.isoe.fwk.megamodel.deploy/repository-bundle/rel2rel.ecore,false,false,false,"parse: failed to parse modelset/raw-data/repo-ecore-all/data/francoispfister/diagraph/org.isoe.fwk.megamodel.deploy/repository-bundle/rel2rel.ecore: expected identifier failed to parse package annotation line 7, column 40 current parser state: | `/>` | `    <details key=""origin=http://org.isoe.fr""/>` parsing failed"
modelset/raw-data/repo-ecore-all/data/francoispfister/diagraph/org.isoe.fwk.megamodel.deploy/repository-bundle/relationpattern.ecore,false,false,false,"parse: failed to parse modelset/raw-data/repo-ecore-all/data/francoispfister/diagraph/org.isoe.fwk.megamodel.deploy/repository-bundle/relationpattern.ecore: expected identifier failed to parse class annotation failed to parse class `ThingA` line 8, column 26 current parser state: | `/>` | `      <details key=""label=since""/>` parsing failed"
modelset/raw-data/repo-ecore-all/data/francoispfister/diagraph/org.isoe.fwk.megamodel.deploy/repository-bundle/relationworld.ecore,false,false,false,"parse: failed to parse modelset/raw-data/repo-ecore-all/data/francoispfister/diagraph/org.isoe.fwk.megamodel.deploy/repository-bundle/relationworld.ecore: expected identifier failed to parse class annotation failed to parse class `ThingA` line 8, column 26 current parser state: | `/>` | `      <details key=""label=since""/>` parsing failed"
modelset/raw-data/repo-ecore-all/data/francoispfister/diagraph/org.isoe.fwk.megamodel.deploy/repository-bundle/research.ecore,false,false,false,"parse: failed to parse modelset/raw-data/repo-ecore-all/data/francoispfister/diagraph/org.isoe.fwk.megamodel.deploy/repository-bundle/research.ecore: expected identifier failed to parse package annotation line 7, column 34 current parser state: | `/>` | `    <details key=""line=dash""/>` parsing failed"
modelset/raw-data/repo-ecore-all/data/francoispfister/diagraph/org.isoe.fwk.megamodel.deploy/repository-bundle/research101.ecore,false,false,false,"parse: failed to parse modelset/raw-data/repo-ecore-all/data/francoispfister/diagraph/org.isoe.fwk.megamodel.deploy/repository-bundle/research101.ecore: expected identifier failed to parse package annotation line 5, column 34 current parser state: | `/>` | `    <details key=""line=dash""/>` parsing failed"
modelset/raw-data/repo-ecore-all/data/francoispfister/diagraph/org.isoe.fwk.megamodel.deploy/repository-bundle/research13.ecore,false,false,false,"parse: failed to parse modelset/raw-data/repo-ecore-all/data/francoispfister/diagraph/org.isoe.fwk.megamodel.deploy/repository-bundle/research13.ecore: expected identifier failed to parse package annotation line 7, column 34 current parser state: | `/>` | `    <details key=""line=dash""/>` parsing failed"
modelset/raw-data/repo-ecore-all/data/francoispfister/diagraph/org.isoe.fwk.megamodel.deploy/repository-bundle/research15.ecore,false,false,false,"parse: failed to parse modelset/raw-data/repo-ecore-all/data/francoispfister/diagraph/org.isoe.fwk.megamodel.deploy/repository-bundle/research15.ecore: expected identifier failed to parse package annotation line 7, column 34 current parser state: | `/>` | `    <details key=""line=dash""/>` parsing failed"
modelset/raw-data/repo-ecore-all/data/francoispfister/diagraph/org.isoe.fwk.megamodel.deploy/repository-bundle/research16.ecore,false,false,false,"parse: failed to parse modelset/raw-data/repo-ecore-all/data/francoispfister/diagraph/org.isoe.fwk.megamodel.deploy/repository-bundle/research16.ecore: expected identifier failed to parse package annotation line 7, column 34 current parser state: | `/>` | `    <details key=""line=dash""/>` parsing failed"
modelset/raw-data/repo-ecore-all/data/francoispfister/diagraph/org.isoe.fwk.megamodel.deploy/repository-bundle/research18.ecore,false,false,false,"parse: failed to parse modelset/raw-data/repo-ecore-all/data/francoispfister/diagraph/org.isoe.fwk.megamodel.deploy/repository-bundle/research18.ecore: expected identifier failed to parse package annotation line 5, column 34 current parser state: | `/>` | `    <details key=""line=dash""/>` parsing failed"
modelset/raw-data/repo-ecore-all/data/francoispfister/diagraph/org.isoe.fwk.megamodel.deploy/repository-bundle/research19.ecore,false,false,false,"parse: failed to parse modelset/raw-data/repo-ecore-all/data/francoispfister/diagraph/org.isoe.fwk.megamodel.deploy/repository-bundle/research19.ecore: expected identifier failed to parse package annotation line 7, column 34 current parser state: | `/>` | `    <details key=""line=dash""/>` parsing failed"
modelset/raw-data/repo-ecore-all/data/francoispfister/diagraph/org.isoe.fwk.megamodel.deploy/repository-bundle/research20.ecore,false,false,false,"parse: failed to parse modelset/raw-data/repo-ecore-all/data/francoispfister/diagraph/org.isoe.fwk.megamodel.deploy/repository-bundle/research20.ecore: expected identifier failed to parse package annotation line 7, column 34 current parser state: | `/>` | `    <details key=""line=dash""/>` parsing failed"
modelset/raw-data/repo-ecore-all/data/francoispfister/diagraph/org.isoe.fwk.megamodel.deploy/repository-bundle/research23.ecore,false,false,false,"parse: failed to parse modelset/raw-data/repo-ecore-all/data/francoispfister/diagraph/org.isoe.fwk.megamodel.deploy/repository-bundle/research23.ecore: expected identifier failed to parse package annotation line 7, column 34 current parser state: | `/>` | `    <details key=""line=dash""/>` parsing failed"
modelset/raw-data/repo-ecore-all/data/francoispfister/diagraph/org.isoe.fwk.megamodel.deploy/repository-bundle/research31.ecore,false,false,false,"parse: failed to parse modelset/raw-data/repo-ecore-all/data/francoispfister/diagraph/org.isoe.fwk.megamodel.deploy/repository-bundle/research31.ecore: expected identifier failed to parse package annotation line 7, column 34 current parser state: | `/>` | `    <details key=""line=dash""/>` parsing failed"
modelset/raw-data/repo-ecore-all/data/francoispfister/diagraph/org.isoe.fwk.megamodel.deploy/repository-bundle/research32.ecore,false,false,false,"parse: failed to parse modelset/raw-data/repo-ecore-all/data/francoispfister/diagraph/org.isoe.fwk.megamodel.deploy/repository-bundle/research32.ecore: expected identifier failed to parse package annotation line 7, column 34 current parser state: | `/>` | `    <details key=""line=dash""/>` parsing failed"
modelset/raw-data/repo-ecore-all/data/francoispfister/diagraph/org.isoe.fwk.megamodel.deploy/repository-bundle/researchva.ecore,false,false,false,"parse: failed to parse modelset/raw-data/repo-ecore-all/data/francoispfister/diagraph/org.isoe.fwk.megamodel.deploy/repository-bundle/researchva.ecore: expected identifier failed to parse package annotation line 7, column 34 current parser state: | `/>` | `    <details key=""line=dash""/>` parsing failed"
modelset/raw-data/repo-ecore-all/data/francoispfister/diagraph/org.isoe.fwk.megamodel.deploy/repository-bundle/researchvc.ecore,false,false,false,"parse: failed to parse modelset/raw-data/repo-ecore-all/data/francoispfister/diagraph/org.isoe.fwk.megamodel.deploy/repository-bundle/researchvc.ecore: expected identifier failed to parse package annotation line 7, column 34 current parser state: | `/>` | `    <details key=""line=dash""/>` parsing failed"
modelset/raw-data/repo-ecore-all/data/francoispfister/diagraph/org.isoe.fwk.megamodel.deploy/repository-bundle/revision.ecore,false,false,false,"parse: failed to parse modelset/raw-data/repo-ecore-all/data/francoispfister/diagraph/org.isoe.fwk.megamodel.deploy/repository-bundle/revision.ecore: expected identifier failed to parse class annotation failed to parse class `PublicationPhase` line 33, column 38 current parser state: | `/>` | `    </eAnnotations>` parsing failed"
modelset/raw-data/repo-ecore-all/data/francoispfister/diagraph/org.isoe.fwk.megamodel.deploy/repository-bundle/schol.ecore,false,false,false,"parse: failed to parse modelset/raw-data/repo-ecore-all/data/francoispfister/diagraph/org.isoe.fwk.megamodel.deploy/repository-bundle/schol.ecore: expected identifier failed to parse class annotation failed to parse class `Diagram` line 20, column 33 current parser state: | `/>` | `    </eAnnotations>` parsing failed"
modelset/raw-data/repo-ecore-all/data/francoispfister/diagraph/org.isoe.fwk.megamodel.deploy/repository-bundle/school.ecore,false,false,false,"parse: failed to parse modelset/raw-data/repo-ecore-all/data/francoispfister/diagraph/org.isoe.fwk.megamodel.deploy/repository-bundle/school.ecore: expected identifier failed to parse class annotation failed to parse class `Diagram` line 18, column 33 current parser state: | `/>` | `    </eAnnotations>` parsing failed"
modelset/raw-data/repo-ecore-all/data/francoispfister/diagraph/org.isoe.fwk.megamodel.deploy/repository-bundle/semlink.ecore,false,false,false,"parse: failed to parse modelset/raw-data/repo-ecore-all/data/francoispfister/diagraph/org.isoe.fwk.megamodel.deploy/repository-bundle/semlink.ecore: expected identifier failed to parse class annotation failed to parse class `G` line 8, column 26 current parser state: | `/>` | `      <details key=""pov""/>` parsing failed"
modelset/raw-data/repo-ecore-all/data/francoispfister/diagraph/org.isoe.fwk.megamodel.deploy/repository-bundle/simple200.ecore,true,true,true,
modelset/raw-data/repo-ecore-all/data/francoispfister/diagraph/org.isoe.fwk.megamodel.deploy/repository-bundle/simplecont.ecore,true,true,true,
modelset/raw-data/repo-ecore-all/data/francoispfister/diagraph/org.isoe.fwk.megamodel.deploy/repository-bundle/simplegraph.ecore,true,true,true,
modelset/raw-data/repo-ecore-all/data/francoispfister/diagraph/org.isoe.fwk.megamodel.deploy/repository-bundle/simplek.ecore,false,false,false,"parse: failed to parse modelset/raw-data/repo-ecore-all/data/francoispfister/diagraph/org.isoe.fwk.megamodel.deploy/repository-bundle/simplek.ecore: expected identifier failed to parse package annotation line 7, column 35 current parser state: | `/>` | `  </eAnnotations>` parsing failed"
modelset/raw-data/repo-ecore-all/data/francoispfister/diagraph/org.isoe.fwk.megamodel.deploy/repository-bundle/simplepdl.ecore,false,false,false,"parse: failed to parse modelset/raw-data/repo-ecore-all/data/francoispfister/diagraph/org.isoe.fwk.megamodel.deploy/repository-bundle/simplepdl.ecore: expected identifier failed to parse class annotation failed to parse class `Process` line 14, column 26 current parser state: | `/>` | `      <details key=""pov""/>` parsing failed"
modelset/raw-data/repo-ecore-all/data/francoispfister/diagraph/org.isoe.fwk.megamodel.deploy/repository-bundle/simpleworld.ecore,false,false,false,"parse: failed to parse modelset/raw-data/repo-ecore-all/data/francoispfister/diagraph/org.isoe.fwk.megamodel.deploy/repository-bundle/simpleworld.ecore: expected identifier failed to parse package annotation line 7, column 40 current parser state: | `/>` | `    <details key=""origin=http://org.isoe.fr""/>` parsing failed"
modelset/raw-data/repo-ecore-all/data/francoispfister/diagraph/org.isoe.fwk.megamodel.deploy/repository-bundle/simpleworld101.ecore,false,false,false,"parse: failed to parse modelset/raw-data/repo-ecore-all/data/francoispfister/diagraph/org.isoe.fwk.megamodel.deploy/repository-bundle/simpleworld101.ecore: expected identifier failed to parse class annotation failed to parse class `Person` line 8, column 26 current parser state: | `/>` | `      <details key=""ref=thing""/>` parsing failed"
modelset/raw-data/repo-ecore-all/data/francoispfister/diagraph/org.isoe.fwk.megamodel.deploy/repository-bundle/simpleworld102.ecore,false,false,false,"parse: failed to parse modelset/raw-data/repo-ecore-all/data/francoispfister/diagraph/org.isoe.fwk.megamodel.deploy/repository-bundle/simpleworld102.ecore: expected identifier failed to parse class annotation failed to parse class `Person` line 8, column 26 current parser state: | `/>` | `      <details key=""ref=thing""/>` parsing failed"
modelset/raw-data/repo-ecore-all/data/francoispfister/diagraph/org.isoe.fwk.megamodel.deploy/repository-bundle/sipme.ecore,false,false,false,"parse: failed to parse modelset/raw-data/repo-ecore-all/data/francoispfister/diagraph/org.isoe.fwk.megamodel.deploy/repository-bundle/sipme.ecore: expected identifier failed to parse class annotation failed to parse class `CompanyMember` line 42, column 26 current parser state: | `/>` | `      <details key=""cont=Enterprise.companyMembers""/>` parsing failed"
modelset/raw-data/repo-ecore-all/data/francoispfister/diagraph/org.isoe.fwk.megamodel.deploy/repository-bundle/skol.ecore,false,false,false,"parse: failed to parse modelset/raw-data/repo-ecore-all/data/francoispfister/diagraph/org.isoe.fwk.megamodel.deploy/repository-bundle/skol.ecore: expected identifier failed to parse class annotation failed to parse class `Diagram` line 20, column 33 current parser state: | `/>` | `    </eAnnotations>` parsing failed"
modelset/raw-data/repo-ecore-all/data/francoispfister/diagraph/org.isoe.fwk.megamodel.deploy/repository-bundle/statemachine.ecore,false,false,false,"parse: failed to parse modelset/raw-data/repo-ecore-all/data/francoispfister/diagraph/org.isoe.fwk.megamodel.deploy/repository-bundle/statemachine.ecore: expected identifier failed to parse package annotation line 5, column 51 current parser state: | `/>` | `    <details key=""origin=http://code.google.com/a/eclipselabs.org/p/jastemf/wiki/Statemachine""/>` parsing failed"
modelset/raw-data/repo-ecore-all/data/francoispfister/diagraph/org.isoe.fwk.megamodel.deploy/repository-bundle/statemachine103.ecore,false,false,false,"parse: failed to parse modelset/raw-data/repo-ecore-all/data/francoispfister/diagraph/org.isoe.fwk.megamodel.deploy/repository-bundle/statemachine103.ecore: expected identifier failed to parse package annotation line 7, column 51 current parser state: | `/>` | `    <details key=""origin=http://code.google.com/a/eclipselabs.org/p/jastemf/wiki/Statemachine""/>` parsing failed"
modelset/raw-data/repo-ecore-all/data/francoispfister/diagraph/org.isoe.fwk.megamodel.deploy/repository-bundle/stuff.ecore,false,false,false,"parse: failed to parse modelset/raw-data/repo-ecore-all/data/francoispfister/diagraph/org.isoe.fwk.megamodel.deploy/repository-bundle/stuff.ecore: expected identifier failed to parse class annotation failed to parse class `World` line 8, column 26 current parser state: | `/>` | `      <details key=""pov""/>` parsing failed"
modelset/raw-data/repo-ecore-all/data/francoispfister/diagraph/org.isoe.fwk.megamodel.deploy/repository-bundle/systemworkbench101.ecore,false,false,false,"parse: failed to parse modelset/raw-data/repo-ecore-all/data/francoispfister/diagraph/org.isoe.fwk.megamodel.deploy/repository-bundle/systemworkbench101.ecore: expected identifier failed to parse class annotation failed to parse class `System` line 17, column 49 current parser state: | `/>` | `      <details key=""cref=physicalArchitecture""/>` parsing failed"
modelset/raw-data/repo-ecore-all/data/francoispfister/diagraph/org.isoe.fwk.megamodel.deploy/repository-bundle/systemworkbench102.ecore,false,false,false,"parse: failed to parse modelset/raw-data/repo-ecore-all/data/francoispfister/diagraph/org.isoe.fwk.megamodel.deploy/repository-bundle/systemworkbench102.ecore: expected identifier failed to parse package annotation line 7, column 40 current parser state: | `/>` | `    <details key=""origin=http://org.isoe.fr""/>` parsing failed"
modelset/raw-data/repo-ecore-all/data/francoispfister/diagraph/org.isoe.fwk.megamodel.deploy/repository-bundle/syswb101.ecore,false,false,false,"parse: failed to parse modelset/raw-data/repo-ecore-all/data/francoispfister/diagraph/org.isoe.fwk.megamodel.deploy/repository-bundle/syswb101.ecore: expected identifier failed to parse package annotation line 7, column 40 current parser state: | `/>` | `    <details key=""origin=http://org.isoe.fr""/>` parsing failed"
modelset/raw-data/repo-ecore-all/data/francoispfister/diagraph/org.isoe.fwk.megamodel.deploy/repository-bundle/syswb103.ecore,false,false,false,"parse: failed to parse modelset/raw-data/repo-ecore-all/data/francoispfister/diagraph/org.isoe.fwk.megamodel.deploy/repository-bundle/syswb103.ecore: expected identifier failed to parse package annotation line 7, column 40 current parser state: | `/>` | `    <details key=""origin=http://org.isoe.fr""/>` parsing failed"
modelset/raw-data/repo-ecore-all/data/francoispfister/diagraph/org.isoe.fwk.megamodel.deploy/repository-bundle/syswb106.ecore,false,false,false,"parse: failed to parse modelset/raw-data/repo-ecore-all/data/francoispfister/diagraph/org.isoe.fwk.megamodel.deploy/repository-bundle/syswb106.ecore: expected identifier failed to parse package annotation line 7, column 40 current parser state: | `/>` | `    <details key=""origin=http://org.isoe.fr""/>` parsing failed"
modelset/raw-data/repo-ecore-all/data/francoispfister/diagraph/org.isoe.fwk.megamodel.deploy/repository-bundle/syswbeff106.ecore,false,false,false,"parse: failed to parse modelset/raw-data/repo-ecore-all/data/francoispfister/diagraph/org.isoe.fwk.megamodel.deploy/repository-bundle/syswbeff106.ecore: expected identifier failed to parse class annotation failed to parse class `Function` line 19, column 26 current parser state: | `/>` | `      <details key=""pov""/>` parsing failed"
modelset/raw-data/repo-ecore-all/data/francoispfister/diagraph/org.isoe.fwk.megamodel.deploy/repository-bundle/syswbeff1065ok.ecore,false,false,false,"parse: failed to parse modelset/raw-data/repo-ecore-all/data/francoispfister/diagraph/org.isoe.fwk.megamodel.deploy/repository-bundle/syswbeff1065ok.ecore: expected identifier failed to parse class annotation failed to parse class `Function` line 23, column 36 current parser state: | `/>` | `      <details key=""afx=outputPorts""/>` parsing failed"
modelset/raw-data/repo-ecore-all/data/francoispfister/diagraph/org.isoe.fwk.megamodel.deploy/repository-bundle/syswbeff106prepa.ecore,false,false,false,"parse: failed to parse modelset/raw-data/repo-ecore-all/data/francoispfister/diagraph/org.isoe.fwk.megamodel.deploy/repository-bundle/syswbeff106prepa.ecore: expected identifier failed to parse class annotation failed to parse class `AbstractFunction` line 21, column 32 current parser state: | `/>` | `      <details key=""afx=inputports""/>` parsing failed"
modelset/raw-data/repo-ecore-all/data/francoispfister/diagraph/org.isoe.fwk.megamodel.deploy/repository-bundle/test100.ecore,false,false,false,"parse: failed to parse modelset/raw-data/repo-ecore-all/data/francoispfister/diagraph/org.isoe.fwk.megamodel.deploy/repository-bundle/test100.ecore: expected identifier failed to parse class annotation failed to parse class `C` line 8, column 26 current parser state: | `/>` | `      <details key=""pov""/>` parsing failed"
modelset/raw-data/repo-ecore-all/data/francoispfister/diagraph/org.isoe.fwk.megamodel.deploy/repository-bundle/test101.ecore,false,false,false,"parse: failed to parse modelset/raw-data/repo-ecore-all/data/francoispfister/diagraph/org.isoe.fwk.megamodel.deploy/repository-bundle/test101.ecore: expected identifier failed to parse class annotation failed to parse class `C` line 8, column 26 current parser state: | `/>` | `      <details key=""pov""/>` parsing failed"
modelset/raw-data/repo-ecore-all/data/francoispfister/diagraph/org.isoe.fwk.megamodel.deploy/repository-bundle/testall.ecore,false,false,false,"parse: failed to parse modelset/raw-data/repo-ecore-all/data/francoispfister/diagraph/org.isoe.fwk.megamodel.deploy/repository-bundle/testall.ecore: expected identifier failed to parse package annotation line 5, column 31 current parser state: | `/>` | `    <details key=""origin=http://foobar""/>` parsing failed"
modelset/raw-data/repo-ecore-all/data/francoispfister/diagraph/org.isoe.fwk.megamodel.deploy/repository-bundle/testcompat103.ecore,false,false,false,"parse: failed to parse modelset/raw-data/repo-ecore-all/data/francoispfister/diagraph/org.isoe.fwk.megamodel.deploy/repository-bundle/testcompat103.ecore: expected identifier failed to parse package annotation line 7, column 40 current parser state: | `/>` | `    <details key=""origin=http://org.isoe.fr""/>` parsing failed"
modelset/raw-data/repo-ecore-all/data/francoispfister/diagraph/org.isoe.fwk.megamodel.deploy/repository-bundle/testport.ecore,true,true,true,
modelset/raw-data/repo-ecore-all/data/francoispfister/diagraph/org.isoe.fwk.megamodel.deploy/repository-bundle/togaf.ecore,false,false,false,"parse: failed to parse modelset/raw-data/repo-ecore-all/data/francoispfister/diagraph/org.isoe.fwk.megamodel.deploy/repository-bundle/togaf.ecore: unsupported `eType` path `//Architecture` failed to parse structural features failed to parse class `EnterpriseArchitecture` line 4, column 133 current parser state: | `` | `      <eAnnotations source=""http://www.eclipse.org/emf/2002/GenModel"">` parsing failed"
modelset/raw-data/repo-ecore-all/data/francoispfister/diagraph/org.isoe.fwk.megamodel.deploy/repository-bundle/tp4.ecore,false,false,false,"parse: failed to parse modelset/raw-data/repo-ecore-all/data/francoispfister/diagraph/org.isoe.fwk.megamodel.deploy/repository-bundle/tp4.ecore: expected identifier failed to parse package annotation line 7, column 34 current parser state: | `/>` | `    <details key=""line=dash""/>` parsing failed"
modelset/raw-data/repo-ecore-all/data/francoispfister/diagraph/org.isoe.fwk.megamodel.deploy/repository-bundle/tp5.ecore,false,false,false,"parse: failed to parse modelset/raw-data/repo-ecore-all/data/francoispfister/diagraph/org.isoe.fwk.megamodel.deploy/repository-bundle/tp5.ecore: expected identifier failed to parse package annotation line 7, column 34 current parser state: | `/>` | `    <details key=""line=dash""/>` parsing failed"
modelset/raw-data/repo-ecore-all/data/francoispfister/diagraph/org.isoe.fwk.megamodel.deploy/repository-bundle/tp6.ecore,false,false,false,"parse: failed to parse modelset/raw-data/repo-ecore-all/data/francoispfister/diagraph/org.isoe.fwk.megamodel.deploy/repository-bundle/tp6.ecore: expected identifier failed to parse package annotation line 7, column 34 current parser state: | `/>` | `    <details key=""line=dash""/>` parsing failed"
modelset/raw-data/repo-ecore-all/data/francoispfister/diagraph/org.isoe.fwk.megamodel.deploy/repository-bundle/training.ecore,false,false,false,"parse: failed to parse modelset/raw-data/repo-ecore-all/data/francoispfister/diagraph/org.isoe.fwk.megamodel.deploy/repository-bundle/training.ecore: unknown builtit class URL `http://www.eclipse.org/emf/2002/Ecore#//EDate` failed to parse structural features failed to parse class `Session` line 12, column 137 current parser state: | `` | `    <eStructuralFeatures xsi:type=""ecore:EReference"" name=""trainer"" lowerBound=""1""` parsing failed"
modelset/raw-data/repo-ecore-all/data/francoispfister/diagraph/org.isoe.fwk.megamodel.deploy/repository-bundle/visualinher.ecore,false,false,false,"parse: failed to parse modelset/raw-data/repo-ecore-all/data/francoispfister/diagraph/org.isoe.fwk.megamodel.deploy/repository-bundle/visualinher.ecore: expected identifier failed to parse class annotation failed to parse class `S` line 8, column 26 current parser state: | `/>` | `      <details key=""pov""/>` parsing failed"
modelset/raw-data/repo-ecore-all/data/francoispfister/diagraph/org.isoe.fwk.megamodel.deploy/repository-bundle/visualworld.ecore,false,false,false,"parse: failed to parse modelset/raw-data/repo-ecore-all/data/francoispfister/diagraph/org.isoe.fwk.megamodel.deploy/repository-bundle/visualworld.ecore: expected identifier failed to parse class annotation failed to parse class `World` line 8, column 26 current parser state: | `/>` | `      <details key=""pov""/>` parsing failed"
modelset/raw-data/repo-ecore-all/data/francoispfister/diagraph/org.isoe.fwk.megamodel.deploy/repository-bundle/workbench101.ecore,false,false,false,"parse: failed to parse modelset/raw-data/repo-ecore-all/data/francoispfister/diagraph/org.isoe.fwk.megamodel.deploy/repository-bundle/workbench101.ecore: expected identifier failed to parse package annotation line 7, column 40 current parser state: | `/>` | `    <details key=""origin=http://org.isoe.fr""/>` parsing failed"
modelset/raw-data/repo-ecore-all/data/francoispfister/diagraph/org.isoe.fwk.megamodel.deploy/repository-bundle/workflow.ecore,false,false,false,"parse: failed to parse modelset/raw-data/repo-ecore-all/data/francoispfister/diagraph/org.isoe.fwk.megamodel.deploy/repository-bundle/workflow.ecore: unsupported `eType` path `http://www.eclipse.org/emf/2002/Ecore#//EObject` line 9, column 18 current parser state: | `` | `  <eClassifiers xsi:type=""ecore:EClass"" name=""Workflow"" eSuperTypes=""#//Named #//StateContainer"">` parsing failed"
modelset/raw-data/repo-ecore-all/data/francoispfister/diagraph/org.isoe.fwk.megamodel.deploy/repository-bundle/y2fsm.ecore,false,false,false,"parse: failed to parse modelset/raw-data/repo-ecore-all/data/francoispfister/diagraph/org.isoe.fwk.megamodel.deploy/repository-bundle/y2fsm.ecore: expected identifier failed to parse package annotation line 5, column 39 current parser state: | `/>` | `    <details key=""origin=nil""/>` parsing failed"
modelset/raw-data/repo-ecore-all/data/francoispfister/diagraph/org.isoe.fwk.megamodel.deploy/repository-bundle/y3fsm.ecore,false,false,false,"parse: failed to parse modelset/raw-data/repo-ecore-all/data/francoispfister/diagraph/org.isoe.fwk.megamodel.deploy/repository-bundle/y3fsm.ecore: expected identifier failed to parse package annotation line 5, column 39 current parser state: | `/>` | `    <details key=""origin=nil""/>` parsing failed"
modelset/raw-data/repo-ecore-all/data/francoispfister/diagraph/org.isoe.fwk.megamodel.deploy/repository-bundle/y4fsm.ecore,false,false,false,"parse: failed to parse modelset/raw-data/repo-ecore-all/data/francoispfister/diagraph/org.isoe.fwk.megamodel.deploy/repository-bundle/y4fsm.ecore: expected identifier failed to parse package annotation line 5, column 39 current parser state: | `/>` | `    <details key=""origin=nil""/>` parsing failed"
modelset/raw-data/repo-ecore-all/data/francoispfister/diagraph/org.isoe.fwk.megamodel.deploy/repository-bundle/y5fsm.ecore,false,false,false,"parse: failed to parse modelset/raw-data/repo-ecore-all/data/francoispfister/diagraph/org.isoe.fwk.megamodel.deploy/repository-bundle/y5fsm.ecore: expected identifier failed to parse package annotation line 5, column 39 current parser state: | `/>` | `    <details key=""origin=nil""/>` parsing failed"
modelset/raw-data/repo-ecore-all/data/francoispfister/diagraph/org.isoe.fwk.megamodel.deploy/repository-bundle/yya.ecore,false,false,false,"parse: failed to parse modelset/raw-data/repo-ecore-all/data/francoispfister/diagraph/org.isoe.fwk.megamodel.deploy/repository-bundle/yya.ecore: expected identifier failed to parse package annotation line 5, column 40 current parser state: | `/>` | `    <details key=""origin=http://org.isoe.fr""/>` parsing failed"
modelset/raw-data/repo-ecore-all/data/francoispfister/diagraph/org.isoe.fwk.megamodel.deploy/repository-bundle/yyaa.ecore,false,false,false,"parse: failed to parse modelset/raw-data/repo-ecore-all/data/francoispfister/diagraph/org.isoe.fwk.megamodel.deploy/repository-bundle/yyaa.ecore: expected identifier failed to parse package annotation line 4, column 40 current parser state: | `/>` | `    <details key=""origin=http://org.isoe.fr""/>` parsing failed"
modelset/raw-data/repo-ecore-all/data/francoispfister/diagraph/org.isoe.fwk.megamodel.deploy/repository-bundle/yyb.ecore,false,false,false,"parse: failed to parse modelset/raw-data/repo-ecore-all/data/francoispfister/diagraph/org.isoe.fwk.megamodel.deploy/repository-bundle/yyb.ecore: expected identifier failed to parse package annotation line 5, column 40 current parser state: | `/>` | `    <details key=""origin=http://org.isoe.fr""/>` parsing failed"
modelset/raw-data/repo-ecore-all/data/francoispfister/diagraph/org.isoe.fwk.megamodel.deploy/repository-bundle/yyc.ecore,false,false,false,"parse: failed to parse modelset/raw-data/repo-ecore-all/data/francoispfister/diagraph/org.isoe.fwk.megamodel.deploy/repository-bundle/yyc.ecore: expected identifier failed to parse package annotation line 5, column 40 current parser state: | `/>` | `    <details key=""origin=http://org.isoe.fr""/>` parsing failed"
modelset/raw-data/repo-ecore-all/data/francoispfister/diagraph/org.isoe.fwk.megamodel.deploy/repository-bundle/yyd.ecore,false,false,false,"parse: failed to parse modelset/raw-data/repo-ecore-all/data/francoispfister/diagraph/org.isoe.fwk.megamodel.deploy/repository-bundle/yyd.ecore: expected identifier failed to parse package annotation line 5, column 40 current parser state: | `/>` | `    <details key=""origin=http://org.isoe.fr""/>` parsing failed"
modelset/raw-data/repo-ecore-all/data/francoispfister/diagraph/org.isoe.fwk.megamodel.deploy/repository-bundle/yye.ecore,false,false,false,"parse: failed to parse modelset/raw-data/repo-ecore-all/data/francoispfister/diagraph/org.isoe.fwk.megamodel.deploy/repository-bundle/yye.ecore: expected identifier failed to parse package annotation line 5, column 40 current parser state: | `/>` | `    <details key=""origin=http://org.isoe.fr""/>` parsing failed"
modelset/raw-data/repo-ecore-all/data/francoispfister/diagraph/org.isoe.fwk.megamodel.deploy/repository-bundle/yyf.ecore,false,false,false,"parse: failed to parse modelset/raw-data/repo-ecore-all/data/francoispfister/diagraph/org.isoe.fwk.megamodel.deploy/repository-bundle/yyf.ecore: expected identifier failed to parse package annotation line 5, column 40 current parser state: | `/>` | `    <details key=""origin=http://org.isoe.fr""/>` parsing failed"
modelset/raw-data/repo-ecore-all/data/francoispfister/diagraph/org.isoe.fwk.megamodel.deploy/repository-bundle/yyg.ecore,false,false,false,"parse: failed to parse modelset/raw-data/repo-ecore-all/data/francoispfister/diagraph/org.isoe.fwk.megamodel.deploy/repository-bundle/yyg.ecore: expected identifier failed to parse package annotation line 5, column 40 current parser state: | `/>` | `    <details key=""origin=http://org.isoe.fr""/>` parsing failed"
modelset/raw-data/repo-ecore-all/data/francoispfister/diagraph/org.isoe.fwk.megamodel.deploy/repository-bundle/yyh.ecore,false,false,false,"parse: failed to parse modelset/raw-data/repo-ecore-all/data/francoispfister/diagraph/org.isoe.fwk.megamodel.deploy/repository-bundle/yyh.ecore: expected identifier failed to parse package annotation line 5, column 40 current parser state: | `/>` | `    <details key=""origin=http://org.isoe.fr""/>` parsing failed"
modelset/raw-data/repo-ecore-all/data/francoispfister/diagraph/org.isoe.fwk.megamodel.deploy/repository-bundle/yyk.ecore,false,false,false,"parse: failed to parse modelset/raw-data/repo-ecore-all/data/francoispfister/diagraph/org.isoe.fwk.megamodel.deploy/repository-bundle/yyk.ecore: expected identifier failed to parse package annotation line 4, column 40 current parser state: | `/>` | `    <details key=""origin=http://org.isoe.fr""/>` parsing failed"
modelset/raw-data/repo-ecore-all/data/francoispfister/diagraph/org.isoe.fwk.megamodel.deploy/repository-bundle/z2fsm.ecore,false,false,false,"parse: failed to parse modelset/raw-data/repo-ecore-all/data/francoispfister/diagraph/org.isoe.fwk.megamodel.deploy/repository-bundle/z2fsm.ecore: expected identifier failed to parse package annotation line 5, column 39 current parser state: | `/>` | `    <details key=""origin=nil""/>` parsing failed"
modelset/raw-data/repo-ecore-all/data/francoispfister/diagraph/org.isoe.fwk.megamodel.deploy/repository-bundle/z3fsm.ecore,true,true,true,
modelset/raw-data/repo-ecore-all/data/francoispfister/diagraph/org.isoe.fwk.megamodel.deploy/repository-bundle/z4fsm.ecore,true,true,true,
modelset/raw-data/repo-ecore-all/data/francoispfister/diagraph/org.isoe.fwk.megamodel.deploy/repository-bundle/z5fsm.ecore,true,true,true,
modelset/raw-data/repo-ecore-all/data/francoispfister/diagraph/org.isoe.fwk.megamodel.deploy/repository-bundle/z6fsm.ecore,true,true,true,
modelset/raw-data/repo-ecore-all/data/francoispfister/diagraph/org.isoe.fwk.megamodel.deploy/repository-bundle/z7fsm.ecore,true,true,true,
modelset/raw-data/repo-ecore-all/data/francoispfister/diagraph/org.isoe.fwk.megamodel.deploy/repository-bundle/z8fsm.ecore,true,true,true,
modelset/raw-data/repo-ecore-all/data/francoispfister/diagraph/org.isoe.fwk.megamodel.deploy/repository-wait/simplestatechart101.ecore,true,true,true,
modelset/raw-data/repo-ecore-all/data/francoispfister/diagraph/org.isoe.fwk.megamodel.deploy/temp_repository-bundle/refact.ecore,false,false,false,"parse: failed to parse modelset/raw-data/repo-ecore-all/data/francoispfister/diagraph/org.isoe.fwk.megamodel.deploy/temp_repository-bundle/refact.ecore: unsupported `eType` path `//B` failed to parse structural features failed to parse class `A` line 13, column 112 current parser state: | `` | `    <eStructuralFeatures xsi:type=""ecore:EReference"" name=""es"" upperBound=""-1"" eType=""//E"" containment=""true""/>` parsing failed"
modelset/raw-data/repo-ecore-all/data/francoispfister/diagraph/org.isoe.fwk.megamodel.deploy/temp_repository-bundle/reference.ecore,false,false,false,"parse: failed to parse modelset/raw-data/repo-ecore-all/data/francoispfister/diagraph/org.isoe.fwk.megamodel.deploy/temp_repository-bundle/reference.ecore: unsupported `eType` path `//B` failed to parse structural features failed to parse class `A` line 8, column 112 current parser state: | `` | `    <eStructuralFeatures xsi:type=""ecore:EReference"" name=""es"" upperBound=""-1"" eType=""//E"" containment=""true""/>` parsing failed"
modelset/raw-data/repo-ecore-all/data/francoispfister/diagraph/org.isoe.fwk.megamodel.deploy/temp_repository-bundle/refinher2.ecore,false,false,false,"parse: failed to parse modelset/raw-data/repo-ecore-all/data/francoispfister/diagraph/org.isoe.fwk.megamodel.deploy/temp_repository-bundle/refinher2.ecore: Missing attribute `eType` in structural feature `targetReference` failed to parse structural features failed to parse class `E` line 9, column 77 current parser state: | `` | `      <eType xsi:type=""ecore:EClass"" href=""http://www.eclipse.org/emf/2002/Ecore#//EReference""/>` parsing failed"
modelset/raw-data/repo-ecore-all/data/francoispfister/diagraph/org.isoe.fwk.megamodel.deploy/temp_repository-bundle/refinher3.ecore,false,false,false,"parse: failed to parse modelset/raw-data/repo-ecore-all/data/francoispfister/diagraph/org.isoe.fwk.megamodel.deploy/temp_repository-bundle/refinher3.ecore: Missing attribute `eType` in structural feature `targetReference` failed to parse structural features failed to parse class `E` line 16, column 77 current parser state: | `` | `      <eType xsi:type=""ecore:EClass"" href=""http://www.eclipse.org/emf/2002/Ecore#//EReference""/>` parsing failed"
modelset/raw-data/repo-ecore-all/data/francoispfister/diagraph/org.isoe.fwk.megamodel.deploy/temp_repository-bundle/refs.ecore,false,false,false,"parse: failed to parse modelset/raw-data/repo-ecore-all/data/francoispfister/diagraph/org.isoe.fwk.megamodel.deploy/temp_repository-bundle/refs.ecore: unsupported `eType` path `//B` failed to parse structural features failed to parse class `A` line 8, column 112 current parser state: | `` | `    <eStructuralFeatures xsi:type=""ecore:EReference"" name=""es"" upperBound=""-1"" eType=""//E"" containment=""true""/>` parsing failed"
modelset/raw-data/repo-ecore-all/data/francoispfister/diagraph/org.isoe.fwk.megamodel.deploy/temp_repository-bundle/relationworld.ecore,false,false,false,"parse: failed to parse modelset/raw-data/repo-ecore-all/data/francoispfister/diagraph/org.isoe.fwk.megamodel.deploy/temp_repository-bundle/relationworld.ecore: expected identifier failed to parse class annotation failed to parse class `ThingA` line 8, column 26 current parser state: | `/>` | `      <details key=""label=since""/>` parsing failed"
modelset/raw-data/repo-ecore-all/data/francoispfister/diagraph/org.isoe.fwk.megamodel.deploy/temp_repository-bundle/research2.ecore,false,false,false,"parse: failed to parse modelset/raw-data/repo-ecore-all/data/francoispfister/diagraph/org.isoe.fwk.megamodel.deploy/temp_repository-bundle/research2.ecore: expected identifier failed to parse package annotation line 7, column 34 current parser state: | `/>` | `    <details key=""line=dash""/>` parsing failed"
modelset/raw-data/repo-ecore-all/data/francoispfister/diagraph/org.isoe.fwk.megamodel.deploy/temp_repository-bundle/scholar.ecore,false,false,false,"parse: failed to parse modelset/raw-data/repo-ecore-all/data/francoispfister/diagraph/org.isoe.fwk.megamodel.deploy/temp_repository-bundle/scholar.ecore: expected identifier failed to parse class annotation failed to parse class `Student` line 9, column 32 current parser state: | `/>` | `    </eAnnotations>` parsing failed"
modelset/raw-data/repo-ecore-all/data/francoispfister/diagraph/org.isoe.fwk.megamodel.deploy/temp_repository-bundle/schul.ecore,false,false,false,"parse: failed to parse modelset/raw-data/repo-ecore-all/data/francoispfister/diagraph/org.isoe.fwk.megamodel.deploy/temp_repository-bundle/schul.ecore: expected identifier failed to parse class annotation failed to parse class `Diagram` line 20, column 33 current parser state: | `/>` | `    </eAnnotations>` parsing failed"
modelset/raw-data/repo-ecore-all/data/francoispfister/diagraph/org.isoe.fwk.megamodel.deploy/temp_repository-bundle/simplePDL.ecore,false,false,false,"parse: failed to parse modelset/raw-data/repo-ecore-all/data/francoispfister/diagraph/org.isoe.fwk.megamodel.deploy/temp_repository-bundle/simplePDL.ecore: unexpected package content line 67, column 1 current parser state: | `</ecore:EPackage>` parsing failed"
modelset/raw-data/repo-ecore-all/data/francoispfister/diagraph/org.isoe.fwk.megamodel.deploy/temp_repository-bundle/simpleparts.ecore,false,false,false,"parse: failed to parse modelset/raw-data/repo-ecore-all/data/francoispfister/diagraph/org.isoe.fwk.megamodel.deploy/temp_repository-bundle/simpleparts.ecore: expected identifier failed to parse package annotation line 12, column 35 current parser state: | `/>` | `  </eAnnotations>` parsing failed"
modelset/raw-data/repo-ecore-all/data/francoispfister/diagraph/org.isoe.fwk.megamodel.deploy/temp_repository-bundle/simplestatechart.ecore,false,false,false,"parse: failed to parse modelset/raw-data/repo-ecore-all/data/francoispfister/diagraph/org.isoe.fwk.megamodel.deploy/temp_repository-bundle/simplestatechart.ecore: expected identifier failed to parse class annotation failed to parse class `Thing` line 8, column 26 current parser state: | `/>` | `    </eAnnotations>` parsing failed"
modelset/raw-data/repo-ecore-all/data/francoispfister/diagraph/org.isoe.fwk.megamodel.deploy/temp_repository-bundle/simpletest.ecore,false,false,false,"parse: failed to parse modelset/raw-data/repo-ecore-all/data/francoispfister/diagraph/org.isoe.fwk.megamodel.deploy/temp_repository-bundle/simpletest.ecore: expected identifier failed to parse class annotation failed to parse class `A` line 8, column 26 current parser state: | `/>` | `      <details key=""cref=bs""/>` parsing failed"
modelset/raw-data/repo-ecore-all/data/francoispfister/diagraph/org.isoe.fwk.megamodel.deploy/temp_repository-bundle/simpletree.ecore,true,true,true,
modelset/raw-data/repo-ecore-all/data/francoispfister/diagraph/org.isoe.fwk.megamodel.deploy/temp_repository-bundle/statechart.ecore,false,false,false,"parse: failed to parse modelset/raw-data/repo-ecore-all/data/francoispfister/diagraph/org.isoe.fwk.megamodel.deploy/temp_repository-bundle/statechart.ecore: expected identifier failed to parse class annotation failed to parse class `ModelElement` line 8, column 32 current parser state: | `/>` | `    </eAnnotations>` parsing failed"
modelset/raw-data/repo-ecore-all/data/francoispfister/diagraph/org.isoe.fwk.megamodel.deploy/temp_repository-bundle/statemachine.ecore,false,false,false,"parse: failed to parse modelset/raw-data/repo-ecore-all/data/francoispfister/diagraph/org.isoe.fwk.megamodel.deploy/temp_repository-bundle/statemachine.ecore: expected identifier failed to parse class annotation failed to parse class `StateMachine` line 8, column 26 current parser state: | `/>` | `      <details key=""pov""/>` parsing failed"
modelset/raw-data/repo-ecore-all/data/francoispfister/diagraph/org.isoe.fwk.megamodel.deploy/temp_repository-bundle/testgramgen1.ecore,true,true,true,
modelset/raw-data/repo-ecore-all/data/francoispfister/diagraph/org.isoe.fwk.megamodel.deploy/temp_repository-bundle/tp4.ecore,false,false,false,"parse: failed to parse modelset/raw-data/repo-ecore-all/data/francoispfister/diagraph/org.isoe.fwk.megamodel.deploy/temp_repository-bundle/tp4.ecore: expected identifier failed to parse package annotation line 7, column 34 current parser state: | `/>` | `    <details key=""line=dash""/>` parsing failed"
modelset/raw-data/repo-ecore-all/data/francoispfister/diagraph/org.isoe.fwk.megamodel.deploy/temp_repository-bundle/tp6.ecore,false,false,false,"parse: failed to parse modelset/raw-data/repo-ecore-all/data/francoispfister/diagraph/org.isoe.fwk.megamodel.deploy/temp_repository-bundle/tp6.ecore: expected identifier failed to parse package annotation line 7, column 34 current parser state: | `/>` | `    <details key=""line=dash""/>` parsing failed"
modelset/raw-data/repo-ecore-all/data/francoispfister/diagraph/org.isoe.fwk.megamodel.deploy/test-repository-bundle/simpleworld.ecore,false,false,false,"parse: failed to parse modelset/raw-data/repo-ecore-all/data/francoispfister/diagraph/org.isoe.fwk.megamodel.deploy/test-repository-bundle/simpleworld.ecore: expected identifier failed to parse class annotation failed to parse class `World` line 8, column 26 current parser state: | `/>` | `      <details key=""pov""/>` parsing failed"
modelset/raw-data/repo-ecore-all/data/francoispfister/diagraph/org.isoe.fwk.xmi.domparser/v125case5.ecore,false,false,false,"parse: failed to parse modelset/raw-data/repo-ecore-all/data/francoispfister/diagraph/org.isoe.fwk.xmi.domparser/v125case5.ecore: expected identifier failed to parse class annotation failed to parse class `D` line 8, column 26 current parser state: | `/>` | `    </eAnnotations>` parsing failed"
modelset/raw-data/repo-ecore-all/data/frango84/eldameth/ELDATool/DSCModel/model/dscDiagramModel.ecore,false,false,false,"parse: failed to parse modelset/raw-data/repo-ecore-all/data/frango84/eldameth/ELDATool/DSCModel/model/dscDiagramModel.ecore: unsupported `eType` path `../../genericUMLDiagramModel/model/genericUMLDiagramModel.ecore#//GenericDiagram` line 13, column 18 current parser state: | `` | `  <eClassifiers xsi:type=""ecore:EClass"" name=""AnchorNoteToItem"" eSuperTypes=""../../genericUMLDiagramModel/model/genericUMLDiagramModel.ecore#//Relationship""/>` parsing failed"
modelset/raw-data/repo-ecore-all/data/franklinwesley/projetoCompiladores/compiladores/model/generated/SimpleJava.ecore,true,true,true,
modelset/raw-data/repo-ecore-all/data/fraunhofer-iem/mechatronicuml/SimulinkAdapter/org.muml.simulink/model/Simulink.ecore,false,false,false,"parse: failed to parse modelset/raw-data/repo-ecore-all/data/fraunhofer-iem/mechatronicuml/SimulinkAdapter/org.muml.simulink/model/Simulink.ecore: expected tag `>` failed to parse class annotation failed to parse class `EmbeddedMatlabFunction` line 105, column 69 current parser state: | `/>` | `    <eAnnotations source=""http://www.eclipse.org/emf/2002/Ecore"">` parsing failed"
modelset/raw-data/repo-ecore-all/data/fraunhofer-iem/mechatronicuml/StoryDiagram/org.muml.storydiagram.expressions.common/src-gen/org/muml/storydiagram/expressions/common/Expressions.ecore,false,false,false,"parse: failed to parse modelset/raw-data/repo-ecore-all/data/fraunhofer-iem/mechatronicuml/StoryDiagram/org.muml.storydiagram.expressions.common/src-gen/org/muml/storydiagram/expressions/common/Expressions.ecore: unknown builtit class URL `http://www.eclipse.org/emf/2002/Ecore#//EBigDecimal` failed to parse structural features failed to parse class `NumberValue` line 10, column 147 current parser state: | `` | `  </eClassifiers>` parsing failed"
modelset/raw-data/repo-ecore-all/data/fraunhofer-iem/mechatronicuml/Uppaal/org.muml.uppaal/model/uppaal.ecore,false,false,false,"parse: failed to parse modelset/raw-data/repo-ecore-all/data/fraunhofer-iem/mechatronicuml/Uppaal/org.muml.uppaal/model/uppaal.ecore: unexpected package content line 57, column 3 current parser state: | `<eSubpackages name=""core"" nsURI=""http://www.muml.org/uppaal/core/1.0.0"" nsPrefix=""core"">` | `    <eAnnotations source=""http://www.eclipse.org/emf/2002/Ecore"">` parsing failed"
modelset/raw-data/repo-ecore-all/data/fridlutz/UNIVIE/ASE/UE/Task 1/at.ac.univie.swa.ase2015.a9902268.task1.model/model/model.ecore,false,false,false,"parse: failed to parse modelset/raw-data/repo-ecore-all/data/fridlutz/UNIVIE/ASE/UE/Task 1/at.ac.univie.swa.ase2015.a9902268.task1.model/model/model.ecore: unknown builtit class URL `http://www.eclipse.org/emf/2003/XMLType#//String` failed to parse structural features failed to parse class `Article` line 21, column 102 current parser state: | `` | `    <eStructuralFeatures xsi:type=""ecore:EAttribute"" name=""content"" eType=""ecore:EDataType http://www.eclipse.org/emf/2003/XMLType#//String""/>` parsing failed"
modelset/raw-data/repo-ecore-all/data/frieger/visitext/MutantExample/model/company.ecore,true,true,true,
modelset/raw-data/repo-ecore-all/data/ftrifin/xtext-forms-integration/plugins/org.eclipse.xtext.example.domainmodel/src-gen/org/eclipse/xtext/example/Domainmodel.ecore,true,true,true,
modelset/raw-data/repo-ecore-all/data/ftsrg/gamma/plugins/de.uni_paderborn.uppaal/model/uppaal.ecore,false,false,false,"parse: failed to parse modelset/raw-data/repo-ecore-all/data/ftsrg/gamma/plugins/de.uni_paderborn.uppaal/model/uppaal.ecore: unexpected package content line 92, column 3 current parser state: | `<eSubpackages name=""core"" nsURI=""http://www.uni-paderborn.de/uppaal/core/0.4.0""` | `      nsPrefix=""core"">` parsing failed"
modelset/raw-data/repo-ecore-all/data/ftsrg/gamma/plugins/hu.bme.mit.gamma.action.model/model/action.ecore,false,false,false,"parse: failed to parse modelset/raw-data/repo-ecore-all/data/ftsrg/gamma/plugins/hu.bme.mit.gamma.action.model/model/action.ecore: unsupported `eType` path `../../hu.bme.mit.gamma.expression.model/model/expression.ecore#//FunctionDeclaration` line 7, column 18 current parser state: | `` | `  <eClassifiers xsi:type=""ecore:EClass"" name=""Action"" abstract=""true""/>` parsing failed"
modelset/raw-data/repo-ecore-all/data/ftsrg/viewmodel/benchmarks/plugins/hu.bme.mit.inf.viewmodel.benchmarks.models/model/dependability2stochasticpetrinet.ecore,false,false,false,"parse: failed to parse modelset/raw-data/repo-ecore-all/data/ftsrg/viewmodel/benchmarks/plugins/hu.bme.mit.inf.viewmodel.benchmarks.models/model/dependability2stochasticpetrinet.ecore: unsupported `eType` path `ecore:EClass railway.ecore#//RailwayContainer` failed to parse structural features failed to parse class `Dependability2StochasticPetriNetTrace` line 7, column 64 current parser state: | `` | `    <eStructuralFeatures xsi:type=""ecore:EReference"" name=""dependabilityModel"" lowerBound=""1""` parsing failed"
modelset/raw-data/repo-ecore-all/data/ftsrg/viewmodel/benchmarks/plugins/hu.bme.mit.inf.viewmodel.benchmarks.models/model/railway.ecore,true,true,true,
modelset/raw-data/repo-ecore-all/data/ftsrg/viewmodel/benchmarks/plugins/hu.bme.mit.inf.viewmodel.benchmarks.models/model/railway2stochasticpetrinet.ecore,false,false,false,"parse: failed to parse modelset/raw-data/repo-ecore-all/data/ftsrg/viewmodel/benchmarks/plugins/hu.bme.mit.inf.viewmodel.benchmarks.models/model/railway2stochasticpetrinet.ecore: unsupported `eType` path `ecore:EClass railway.ecore#//RailwayContainer` failed to parse structural features failed to parse class `Railway2StochasticPetriNetTrace` line 8, column 123 current parser state: | `` | `  </eClassifiers>` parsing failed"
modelset/raw-data/repo-ecore-all/data/ftsrg/viewmodel/benchmarks/plugins/hu.bme.mit.inf.viewmodel.benchmarks.models/model/railway2virtualswitchview.ecore,false,false,false,"parse: failed to parse modelset/raw-data/repo-ecore-all/data/ftsrg/viewmodel/benchmarks/plugins/hu.bme.mit.inf.viewmodel.benchmarks.models/model/railway2virtualswitchview.ecore: unsupported `eType` path `ecore:EClass railway.ecore#//Switch` failed to parse structural features failed to parse class `Switch2VirtualSwitch` line 6, column 113 current parser state: | `` | `    <eStructuralFeatures xsi:type=""ecore:EReference"" name=""virtualSwitch"" eType=""ecore:EClass virtualswitchview.ecore#//VirtualSwitch""/>` parsing failed"
modelset/raw-data/repo-ecore-all/data/ftsrg/viewmodel/benchmarks/plugins/hu.bme.mit.inf.viewmodel.benchmarks.models/model/stochasticpetrinet.ecore,true,true,true,
modelset/raw-data/repo-ecore-all/data/ftsrg/viewmodel/plugins/hu.bme.mit.inf.viewmodel.runtime.model/model/viewmodeltrace.ecore,false,false,false,"parse: failed to parse modelset/raw-data/repo-ecore-all/data/ftsrg/viewmodel/plugins/hu.bme.mit.inf.viewmodel.runtime.model/model/viewmodeltrace.ecore: unsupported `eType` path `ecore:EClass logicmodel.ecore#//LogicModel` failed to parse structural features failed to parse class `ViewModelTrace` line 16, column 124 current parser state: | `` | `    <eStructuralFeatures xsi:type=""ecore:EReference"" name=""traces"" ordered=""false""` parsing failed"
modelset/raw-data/repo-ecore-all/data/ftsrg-archive/trainbenchmark-ase/hu.bme.mit.trainbenchmark.model.ase/model/Metamodel.ecore,true,true,true,
modelset/raw-data/repo-ecore-all/data/ftsrg-archive/trainbenchmark-emf/hu.bme.mit.trainbenchmark.model/model/Metamodel.ecore,true,true,true,
modelset/raw-data/repo-ecore-all/data/ftsrg-mdsd/kortargyalo-MDSD-2016/hu.bme.mit.inf.kortargyalo.drones.simulation.model/model/dronesSimulation.ecore,false,false,false,"parse: failed to parse modelset/raw-data/repo-ecore-all/data/ftsrg-mdsd/kortargyalo-MDSD-2016/hu.bme.mit.inf.kortargyalo.drones.simulation.model/model/dronesSimulation.ecore: unsupported `eType` path `ecore:EClass ../../hu.bme.mit.inf.kortargyalo.drones.structure.model/model/dronesStructure.ecore#//Scenario` failed to parse structural features failed to parse class `DronesSimulation` line 7, column 126 current parser state: | `` | `    <eStructuralFeatures xsi:type=""ecore:EReference"" name=""taskInstances"" upperBound=""-1""` parsing failed"
modelset/raw-data/repo-ecore-all/data/ftsrg-mdsd/kortargyalo-MDSD-2016/hu.bme.mit.inf.kortargyalo.drones.structure.model/model/dronesStructure.ecore,true,true,true,
modelset/raw-data/repo-ecore-all/data/ftsrg-mdsd/ztz-MDSD-2016/hu.bme.mdsd.ztz.model/model/behaviour.ecore,false,false,false,"parse: failed to parse modelset/raw-data/repo-ecore-all/data/ftsrg-mdsd/ztz-MDSD-2016/hu.bme.mdsd.ztz.model/model/behaviour.ecore: unknown builtit class URL `http://www.eclipse.org/emf/2002/Ecore#//EDate` failed to parse structural features failed to parse class `Message` line 20, column 142 current parser state: | `` | `    <eStructuralFeatures xsi:type=""ecore:EReference"" name=""properties"" upperBound=""-1""` parsing failed"
modelset/raw-data/repo-ecore-all/data/ftsrg-mdsd/ztz-MDSD-2016/hu.bme.mdsd.ztz.model/model/drone.ecore,false,false,false,"parse: failed to parse modelset/raw-data/repo-ecore-all/data/ftsrg-mdsd/ztz-MDSD-2016/hu.bme.mdsd.ztz.model/model/drone.ecore: unsupported `eType` path `ecore:EClass http://www.eclipse.org/emf/2002/Ecore#//EObject` failed to parse structural features failed to parse class `RobotMissionContainer` line 138, column 98 current parser state: | `` | `  </eClassifiers>` parsing failed"
modelset/raw-data/repo-ecore-all/data/fuinorg/xsample/org.fuin.xsample.dsl/model/generated/XSampleDsl.ecore,true,true,true,
modelset/raw-data/repo-ecore-all/data/fvde/crudml/tum.ma.crudml/bowling.ecore,false,false,false,"parse: failed to parse modelset/raw-data/repo-ecore-all/data/fvde/crudml/tum.ma.crudml/bowling.ecore: unknown builtit class URL `http://www.eclipse.org/emf/2002/Ecore#//EDate` failed to parse structural features failed to parse class `Player` line 6, column 144 current parser state: | `` | `  </eClassifiers>` parsing failed"
modelset/raw-data/repo-ecore-all/data/fvde/crudml/tum.ma.crudml/library.ecore,false,false,false,"parse: failed to parse modelset/raw-data/repo-ecore-all/data/fvde/crudml/tum.ma.crudml/library.ecore: unknown builtit class URL `http://www.eclipse.org/emf/2003/XMLType#//String` failed to parse structural features failed to parse class `Book` line 12, column 82 current parser state: | `` | `      <eAnnotations source=""http:///org/eclipse/emf/ecore/util/ExtendedMetaData"">` parsing failed"
modelset/raw-data/repo-ecore-all/data/fwduo2013/ClassDiagram2Cassandra/ClassDiagram2Cassandra/Metamodels/ClassDiagram.ecore,true,true,true,
modelset/raw-data/repo-ecore-all/data/fx-world/GenerationGap/jars/generationgap-maven-plugin/src/test/resources/unit/simpleGeneration/metamodel/test.ecore,true,true,true,
modelset/raw-data/repo-ecore-all/data/fx-world/GenerationGap/plugins/de.fxworld.generationgap.core.tests/testdata/simpleGeneration/metamodel/test.ecore,true,true,true,
modelset/raw-data/repo-ecore-all/data/fxbeckert/DSL/fr.ut2j.m1ice.fsm/model/fsm.ecore,true,true,true,
modelset/raw-data/repo-ecore-all/data/fzalila/fsm/org.eclipse.fsm/model/FSM.ecore,true,false,false,"generate: [INFO  arachne] Starting code generation [INFO  arachne_codegen] Validating configuration [INFO  arachne_codegen] Parsing ecore metamodel: ""modelset/raw-data/repo-ecore-all/data/fzalila/fsm/org.eclipse.fsm/model/FSM.ecore"" [WARN  ecore_rs::parser::raw] `eOpposite` attributes are currently not supported, ignoring [WARN  ecore_rs::parser::raw] `eOpposite` attributes are currently not supported, ignoring [WARN  ecore_rs::parser::raw] `eOpposite` attributes are currently not supported, ignoring [WARN  ecore_rs::parser::raw] `eOpposite` attributes are currently not supported, ignoring [WARN  ecore_rs::parser::raw] `eOpposite` attributes are currently not supported, ignoring [WARN  ecore_rs::parser::raw] `eOpposite` attributes are currently not supported, ignoring [INFO  arachne_codegen] Generating Rust tokens [INFO  arachne_codegen] Generating classifiers...  thread 'main' (294673) panicked at arachne-codegen/src/codegen/feature/attribute.rs:65:37: Failed to parse type: String note: run with `RUST_BACKTRACE=1` environment variable to display a backtrace"
modelset/raw-data/repo-ecore-all/data/fzalila/xtextfsm/org.xtext.example.mydsl3/model/generated/FSM.ecore,true,true,true,
modelset/raw-data/repo-ecore-all/data/gaborbsd/OOGen/hu.bme.aut.oogen.meta/model/oogen.ecore,true,false,false,"generate: timeout after 120s: /arachne/target/debug/arachne generate modelset/raw-data/repo-ecore-all/data/gaborbsd/OOGen/hu.bme.aut.oogen.meta/model/oogen.ecore -o /var/folders/24/3kt9vzrj6qzd_r760kn9ybsm0000gn/T/arachne-modelset-omcite9_/generated-00488 -p modelset-00488-589cd898 [INFO  arachne] Starting code generation [INFO  arachne_codegen] Validating configuration [INFO  arachne_codegen] Parsing ecore metamodel: ""modelset/raw-data/repo-ecore-all/data/gaborbsd/OOGen/hu.bme.aut.oogen.meta/model/oogen.ecore"" [WARN  ecore_rs::parser::raw] `eOpposite` attributes are currently not supported, ignoring [WARN  ecore_rs::parser::raw] Structural feature `name` sets `unique` while `upperBound=1`; this has no effect [WARN  ecore_rs::parser::raw] `eOpposite` attributes are currently not supported, ignoring [WARN  ecore_rs::parser::raw] Structural feature `keep` sets `unique` while `upperBound=1`; this has no effect [WARN  ecore_rs::parser::raw] Structural feature `visibility` sets `ordered` while `upperBound=1`; this has no effect [WARN  ecore_rs::parser::raw] Structural feature `visibility` sets `unique` while `upperBound=1`; this has no effect [WARN  ecore_rs::parser::raw] Structural feature `static` sets `ordered` while `upperBound=1`; this has no effect [WARN  ecore_rs::parser::raw] Structural feature `static` sets `unique` while `upperBound=1`; this has no effect [WARN  ecore_rs::parser::raw] XML-level class literal redefinition for `literal` from `5` to `BYTE` [WARN  ecore_rs::parser::raw] Structural feature `name` sets `unique` while `upperBound=1`; this has no effect [WARN  ecore_rs::parser::raw] Structural feature `transient` sets `unique` while `upperBound=1`; this has no effect [WARN  ecore_rs::parser::raw] Structural feature `baseType` sets `ordered` while `upperBound=1`; this has no effect [WARN  ecore_rs::parser::raw] Structural feature `baseType` sets `unique` while `upperBound=1`; this has no effect [WARN  ecore_rs::parser::raw] Structural feature `arrayDimensions` sets `ordered` while `upperBound=1`; this has no effect [WARN  ecore_rs::parser::raw] Structural feature `arrayDimensions` sets `unique` while `upperBound=1`; this has no effect [WARN  ecore_rs::parser::raw] Structural feature `collectionType` sets `unique` while `upperBound=1`; this has no effect [WARN  ecore_rs::parser::raw] Structural feature `visibility` sets `ordered` while `upperBound=1`; this has no effect [WARN  ecore_rs::parser::raw] Structural feature `visibility` sets `unique` while `upperBound=1`; this has no effect [WARN  ecore_rs::parser::raw] Structural feature `name` sets `unique` while `upperBound=1`; this has no effect [WARN  ecore_rs::parser::raw] Structural feature `static` sets `unique` while `upperBound=1`; this has no effect [WARN  ecore_rs::parser::raw] Structural feature `value` sets `unique` while `upperBound=1`; this has no effect [WARN  ecore_rs::parser::raw] Structural feature `value` sets `unique` while `upperBound=1`; this has no effect [WARN  ecore_rs::parser::raw] Structural feature `value` sets `unique` while `upperBound=1`; this has no effect [WARN  ecore_rs::parser::raw] Structural feature `value` sets `unique` while `upperBound=1`; this has no effect [WARN  ecore_rs::parser::raw] Structural feature `code` sets `unique` while `upperBound=1`; this has no effect [WARN  ecore_rs::parser::raw] Structural feature `lang` sets `unique` while `upperBound=1`; this has no effect [WARN  ecore_rs::parser::raw] Structural feature `value` sets `unique` while `upperBound=1`; this has no effect [WARN  ecore_rs::parser::raw] Structural feature `value` sets `unique` while `upperBound=1`; this has no effect [INFO  arachne_codegen] Generating Rust tokens [INFO  arachne_codegen] Generating classifiers... [INFO  arachne_codegen] Generating reference manager..."
modelset/raw-data/repo-ecore-all/data/gabrieldulca/diff-merge/src/main/resources/inheritance/changes/inheritance.ecore,true,true,true,
modelset/raw-data/repo-ecore-all/data/gabrieldulca/diff-merge/src/main/resources/inheritance/inheritance.ecore,true,true,true,
modelset/raw-data/repo-ecore-all/data/gabrieldulca/diff-merge/src/main/resources/reference/changes/reference.ecore,true,true,true,
modelset/raw-data/repo-ecore-all/data/gabrieldulca/diff-merge/src/main/resources/reference/reference.ecore,true,true,true,
modelset/raw-data/repo-ecore-all/data/gama-platform/gama/msi.gama.lang.gaml/model/generated/Gaml.ecore,false,false,false,"parse: failed to parse modelset/raw-data/repo-ecore-all/data/gama-platform/gama/msi.gama.lang.gaml/model/generated/Gaml.ecore: unsupported `eType` path `ecore:EClass http://www.eclipse.org/emf/2002/Ecore#//EObject` failed to parse structural features failed to parse class `S_If` line 63, column 29 current parser state: | `` | `  </eClassifiers>` parsing failed"
modelset/raw-data/repo-ecore-all/data/gama-platform/gama.cloud/msi.gama.lang.gaml.web/model/generated/Gaml.ecore,false,false,false,"parse: failed to parse modelset/raw-data/repo-ecore-all/data/gama-platform/gama.cloud/msi.gama.lang.gaml.web/model/generated/Gaml.ecore: unsupported `eType` path `ecore:EClass http://www.eclipse.org/emf/2002/Ecore#//EObject` failed to parse structural features failed to parse class `S_If` line 65, column 29 current parser state: | `` | `  </eClassifiers>` parsing failed"
modelset/raw-data/repo-ecore-all/data/gama-platform/gama.graphical.modeling/idees.gama.emf.metamodel/model/gama.ecore,false,false,false,"parse: failed to parse modelset/raw-data/repo-ecore-all/data/gama-platform/gama.graphical.modeling/idees.gama.emf.metamodel/model/gama.ecore: unknown builtit class URL `http://www.eclipse.org/emf/2002/Ecore#//EIntegerObject` failed to parse structural features failed to parse class `EGamaObject` line 16, column 104 current parser state: | `` | `    <eStructuralFeatures xsi:type=""ecore:EAttribute"" name=""hasError"" eType=""ecore:EDataType http://www.eclipse.org/emf/2002/Ecore#//EBooleanObject""` parsing failed"
modelset/raw-data/repo-ecore-all/data/gambastian/automatizacion2015/MDD_Course_Samples/metamodels/eml/Entity.ecore,false,false,false,"parse: failed to parse modelset/raw-data/repo-ecore-all/data/gambastian/automatizacion2015/MDD_Course_Samples/metamodels/eml/Entity.ecore: unknown builtit class URL `http://www.eclipse.org/emf/2002/Ecore#//EBooleanObject` failed to parse structural features failed to parse class `Entity` line 12, column 150 current parser state: | `` | `  </eClassifiers>` parsing failed"
modelset/raw-data/repo-ecore-all/data/gambastian/automatizacion2015/MDD_Course_Samples/metamodels/oo2db/SimpleTrace.ecore,false,false,false,"parse: failed to parse modelset/raw-data/repo-ecore-all/data/gambastian/automatizacion2015/MDD_Course_Samples/metamodels/oo2db/SimpleTrace.ecore: unsupported `eType` path `ecore:EClass http://www.eclipse.org/emf/2002/Ecore#//EObject` failed to parse structural features failed to parse class `TraceLink` line 10, column 79 current parser state: | `` | `    <eStructuralFeatures xsi:type=""ecore:EReference"" name=""targets"" upperBound=""-1""` parsing failed"
modelset/raw-data/repo-ecore-all/data/gambastian/automatizacion2015/MDD_Course_Samples/metamodels/simpson family/Families.ecore,true,true,true,
modelset/raw-data/repo-ecore-all/data/gambastian/automatizacion2015/MDD_Course_Samples/models/eol/example.ecore,false,false,false,"parse: failed to parse modelset/raw-data/repo-ecore-all/data/gambastian/automatizacion2015/MDD_Course_Samples/models/eol/example.ecore: unsupported `eType` path `//NamedElement` failed to parse structural features failed to parse class `PetriNet` line 9, column 129 current parser state: | `` | `    <eStructuralFeatures xsi:type=""ecore:EAttribute"" name=""name"">` parsing failed"
modelset/raw-data/repo-ecore-all/data/gdaniel/emc-neoemf/examples/org.eclipse.gmt.modisco.java/model/java.ecore,true,false,false,"generate: timeout after 120s: /arachne/target/debug/arachne generate modelset/raw-data/repo-ecore-all/data/gdaniel/emc-neoemf/examples/org.eclipse.gmt.modisco.java/model/java.ecore -o /var/folders/24/3kt9vzrj6qzd_r760kn9ybsm0000gn/T/arachne-modelset-omcite9_/generated-00500 -p modelset-00500-76ed9cdb [INFO  arachne] Starting code generation [INFO  arachne_codegen] Validating configuration [INFO  arachne_codegen] Parsing ecore metamodel: ""modelset/raw-data/repo-ecore-all/data/gdaniel/emc-neoemf/examples/org.eclipse.gmt.modisco.java/model/java.ecore"" [WARN  ecore_rs::parser::raw] Structural feature `body` sets `ordered` while `upperBound=1`; this has no effect [WARN  ecore_rs::parser::raw] `eOpposite` attributes are currently not supported, ignoring [WARN  ecore_rs::parser::raw] `eOpposite` attributes are currently not supported, ignoring [WARN  ecore_rs::parser::raw] `eOpposite` attributes are currently not supported, ignoring [WARN  ecore_rs::parser::raw] Structural feature `method` sets `ordered` while `upperBound=1`; this has no effect [WARN  ecore_rs::parser::raw] `eOpposite` attributes are currently not supported, ignoring [WARN  ecore_rs::parser::raw] `eOpposite` attributes are currently not supported, ignoring [WARN  ecore_rs::parser::raw] Structural feature `package` sets `ordered` while `upperBound=1`; this has no effect [WARN  ecore_rs::parser::raw] `eOpposite` attributes are currently not supported, ignoring [WARN  ecore_rs::parser::raw] Structural feature `qualifier` sets `ordered` while `upperBound=1`; this has no effect [WARN  ecore_rs::parser::raw] Structural feature `type` sets `ordered` while `upperBound=1`; this has no effect [WARN  ecore_rs::parser::raw] `eOpposite` attributes are currently not supported, ignoring [WARN  ecore_rs::parser::raw] Structural feature `type` sets `ordered` while `upperBound=1`; this has no effect [WARN  ecore_rs::parser::raw] Structural feature `originalFilePath` sets `ordered` while `upperBound=1`; this has no effect [WARN  ecore_rs::parser::raw] Structural feature `originalFilePath` sets `unique` while `upperBound=1`; this has no effect [WARN  ecore_rs::parser::raw] Structural feature `manifest` sets `ordered` while `upperBound=1`; this has no effect [WARN  ecore_rs::parser::raw] Structural feature `message` sets `ordered` while `upperBound=1`; this has no effect [WARN  ecore_rs::parser::raw] Structural feature `expression` sets `ordered` while `upperBound=1`; this has no effect [WARN  ecore_rs::parser::raw] Structural feature `originalCompilationUnit` sets `ordered` while `upperBound=1`; this has no effect [WARN  ecore_rs::parser::raw] Structural feature `originalClassFile` sets `ordered` while `upperBound=1`; this has no effect [WARN  ecore_rs::parser::raw] Structural feature `member` sets `ordered` while `upperBound=1`; this has no effect [WARN  ecore_rs::parser::raw] `eOpposite` attributes are currently not supported, ignoring [WARN  ecore_rs::parser::raw] Structural feature `value` sets `ordered` while `upperBound=1`; this has no effect [WARN  ecore_rs::parser::raw] Structural feature `default` sets `ordered` while `upperBound=1`; this has no effect [WARN  ecore_rs::parser::raw] Structural feature `type` sets `ordered` while `upperBound=1`; this has no effect [WARN  ecore_rs::parser::raw] `eOpposite` attributes are currently not supported, ignoring [WARN  ecore_rs::parser::raw] `eOpposite` attributes are currently not supported, ignoring [WARN  ecore_rs::parser::raw] Structural feature `classInstanceCreation` sets `ordered` while `upperBound=1`; this has no effect [WARN  ecore_rs::parser::raw] `eOpposite` attributes are currently not supported, ignoring [WARN  ecore_rs::parser::raw] Structural feature `array` sets `ordered` while `upperBound=1`; this has no effect [WARN  ecore_rs::parser::raw] Structural feature `index` sets `ordered` while `upperBound=1`; this has no effect [WARN  ecore_rs::parser::raw] Structural feature `initializer` sets `ordered` while `upperBound=1`; this has no effect [WARN  ecore_rs::parser::raw] Structural feature `type` sets `ordered` while `upperBound=1`; this has no effect [WARN  ecore_rs::parser::raw] Structural feature `array` sets `ordered` while `upperBound=1`; this has no effect [WARN  ecore_rs::parser::raw] [output truncated after 4000 chars]"
modelset/raw-data/repo-ecore-all/data/gdslang/gdsl-toolkit/eclipse-plugin/gdsl.plugin/model/generated/GDSL.ecore,true,true,true,
modelset/raw-data/repo-ecore-all/data/geclipse/eu.geclipse.core/plugins/eu.geclipse.workflow.model/model/workflow.ecore,true,true,true,
modelset/raw-data/repo-ecore-all/data/gelareh1985/MDE-Excercises/Exercises/model/exercises.ecore,true,true,true,
modelset/raw-data/repo-ecore-all/data/gelareh1985/MDE-Excercises/StateMachineEditRules/model/stateMachineEditRules.ecore,true,true,true,
modelset/raw-data/repo-ecore-all/data/gelareh1985/MDE-Excercises/org.eclipse.ecore.ocl/examples/AContainmentReferenceOfATypeWithAContainerFeaturethatRequiresInstancesToBeContainedElsewhereCannotBePopulated/valid_example/example.ecore,true,true,true,
modelset/raw-data/repo-ecore-all/data/gelareh1985/MDE-Excercises/org.eclipse.ecore.ocl/examples/TheAttributeIsNotTransientSoItMustHaveADataTypeThatIsSerializable/valid_example/example.ecore,true,false,false,"generate: [INFO  arachne] Starting code generation [INFO  arachne_codegen] Validating configuration [INFO  arachne_codegen] Parsing ecore metamodel: ""modelset/raw-data/repo-ecore-all/data/gelareh1985/MDE-Excercises/org.eclipse.ecore.ocl/examples/TheAttributeIsNotTransientSoItMustHaveADataTypeThatIsSerializable/valid_example/example.ecore"" [INFO  arachne_codegen] Generating Rust tokens [INFO  arachne_codegen] Generating classifiers...  thread 'main' (302395) panicked at arachne-codegen/src/codegen/feature/attribute.rs:65:37: Failed to parse type: Integer note: run with `RUST_BACKTRACE=1` environment variable to display a backtrace"
modelset/raw-data/repo-ecore-all/data/gelareh1985/MDE-Excercises/org.eclipse.ecore.ocl/examples/TheOppositeOfAContainmentReferenceMustNotBeAContainmentReference/valid_example/example.ecore,true,true,true,
modelset/raw-data/repo-ecore-all/data/gelareh1985/MDE-Excercises/org.eclipse.ecore.ocl/examples/TheOppositeOfTheOppositeMayNotBeAReferenceDifferentFromThisOne/valid_example/example.ecore,true,true,true,
modelset/raw-data/repo-ecore-all/data/gelareh1985/MDE-Excercises/org.eclipse.ecore.ocl/examples/TheTypedElementMustHaveAType/valid_example/example.ecore,true,true,true,
modelset/raw-data/repo-ecore-all/data/gelareh1985/MDE-Excercises/org.eclipse.ecore.ocl/examples/ThereMayNotBeAnOperationWithTheSameSignatureAsAnAccessorMethodForFeature/valid_example/example.ecore,true,false,false,"generate: [INFO  arachne] Starting code generation [INFO  arachne_codegen] Validating configuration [INFO  arachne_codegen] Parsing ecore metamodel: ""modelset/raw-data/repo-ecore-all/data/gelareh1985/MDE-Excercises/org.eclipse.ecore.ocl/examples/ThereMayNotBeAnOperationWithTheSameSignatureAsAnAccessorMethodForFeature/valid_example/example.ecore"" [INFO  arachne_codegen] Generating Rust tokens [INFO  arachne_codegen] Generating classifiers...  thread 'main' (302897) panicked at arachne-codegen/src/codegen/feature/attribute.rs:65:37: Failed to parse type: String note: run with `RUST_BACKTRACE=1` environment variable to display a backtrace"
modelset/raw-data/repo-ecore-all/data/gelareh1985/MDE-Excercises/org.eclipse.ecore.ocl/examples/ThereMayNotBeTwoClassifiersNamed/valid_example/example.ecore,true,true,true,
modelset/raw-data/repo-ecore-all/data/gelareh1985/MDE-Excercises/org.eclipse.ecore.ocl/examples/ThereMayNotBeTwoFeaturesNamed/valid_example/example.ecore,true,false,false,"generate: [INFO  arachne] Starting code generation [INFO  arachne_codegen] Validating configuration [INFO  arachne_codegen] Parsing ecore metamodel: ""modelset/raw-data/repo-ecore-all/data/gelareh1985/MDE-Excercises/org.eclipse.ecore.ocl/examples/ThereMayNotBeTwoFeaturesNamed/valid_example/example.ecore"" [INFO  arachne_codegen] Generating Rust tokens [INFO  arachne_codegen] Generating classifiers...  thread 'main' (303048) panicked at arachne-codegen/src/codegen/feature/attribute.rs:65:37: Failed to parse type: String note: run with `RUST_BACKTRACE=1` environment variable to display a backtrace"
modelset/raw-data/repo-ecore-all/data/gelareh1985/MDE-Excercises/org.eclipse.ecore.ocl/examples(1)/AClassThatIsAnInterfaceMustAlsoBeAbstract/example.ecore,true,true,true,
modelset/raw-data/repo-ecore-all/data/gelareh1985/MDE-Excercises/org.eclipse.ecore.ocl/examples(1)/AContainerReferenceMustHaveUpperBoundOfNot/example.ecore,true,true,true,
modelset/raw-data/repo-ecore-all/data/gelareh1985/MDE-Excercises/org.eclipse.ecore.ocl/examples(1)/TheAttributeIsNotTransientSoItMustHaveADataTypeThatIsSerializable/example.ecore,true,false,false,"generate: [INFO  arachne] Starting code generation [INFO  arachne_codegen] Validating configuration [INFO  arachne_codegen] Parsing ecore metamodel: ""modelset/raw-data/repo-ecore-all/data/gelareh1985/MDE-Excercises/org.eclipse.ecore.ocl/examples(1)/TheAttributeIsNotTransientSoItMustHaveADataTypeThatIsSerializable/example.ecore"" [INFO  arachne_codegen] Generating Rust tokens [INFO  arachne_codegen] Generating classifiers...  thread 'main' (303396) panicked at arachne-codegen/src/codegen/feature/attribute.rs:65:37: Failed to parse type: Integer note: run with `RUST_BACKTRACE=1` environment variable to display a backtrace"
modelset/raw-data/repo-ecore-all/data/gemoc/ICSA2017Tutorial/code/2.2-ecore/org.gemoc.sample.legacyfsm.fsm.model/model/fsm.ecore,false,false,false,"parse: failed to parse modelset/raw-data/repo-ecore-all/data/gemoc/ICSA2017Tutorial/code/2.2-ecore/org.gemoc.sample.legacyfsm.fsm.model/model/fsm.ecore: unsupported `eType` path `//State` failed to parse structural features failed to parse class `StateMachine` line 7, column 155 current parser state: | `` | `    <eStructuralFeatures xsi:type=""ecore:EReference"" name=""initialState"" lowerBound=""1"" eType=""//State""/>` parsing failed"
modelset/raw-data/repo-ecore-all/data/gemoc/ICSA2017Tutorial/code/2.2-ocl/org.gemoc.sample.legacyfsm.fsm.model/model/fsm.ecore,false,false,false,"parse: failed to parse modelset/raw-data/repo-ecore-all/data/gemoc/ICSA2017Tutorial/code/2.2-ocl/org.gemoc.sample.legacyfsm.fsm.model/model/fsm.ecore: unsupported `eType` path `//State` failed to parse structural features failed to parse class `StateMachine` line 7, column 155 current parser state: | `` | `    <eStructuralFeatures xsi:type=""ecore:EReference"" name=""initialState"" lowerBound=""1"" eType=""//State""/>` parsing failed"
modelset/raw-data/repo-ecore-all/data/gemoc/ICSA2017Tutorial/code/2.4-sirius-start/org.gemoc.sample.legacyfsm.fsm.model/model/fsm.ecore,false,false,false,"parse: failed to parse modelset/raw-data/repo-ecore-all/data/gemoc/ICSA2017Tutorial/code/2.4-sirius-start/org.gemoc.sample.legacyfsm.fsm.model/model/fsm.ecore: unsupported `eType` path `//State` failed to parse structural features failed to parse class `StateMachine` line 12, column 155 current parser state: | `` | `    <eStructuralFeatures xsi:type=""ecore:EReference"" name=""initialState"" lowerBound=""1"" eType=""//State""/>` parsing failed"
modelset/raw-data/repo-ecore-all/data/gemoc/ICSA2017Tutorial/code/2.4-sirius-start/org.gemoc.sample.legacyfsm.xsfsm/model-gen/XSFSMMT.ecore,false,false,false,"parse: failed to parse modelset/raw-data/repo-ecore-all/data/gemoc/ICSA2017Tutorial/code/2.4-sirius-start/org.gemoc.sample.legacyfsm.xsfsm/model-gen/XSFSMMT.ecore: expected tag `>` failed to parse operation annotation failed to parse class operation failed to parse class `StateMachine` line 13, column 36 current parser state: | `/>` | `    </eOperations>` parsing failed"
modelset/raw-data/repo-ecore-all/data/gemoc/ICSA2017Tutorial/code/solution/org.gemoc.sample.legacyfsm.xsfsm.xsfsm/model/XSFSM.ecore,false,false,false,"parse: failed to parse modelset/raw-data/repo-ecore-all/data/gemoc/ICSA2017Tutorial/code/solution/org.gemoc.sample.legacyfsm.xsfsm.xsfsm/model/XSFSM.ecore: expected tag `>` failed to parse operation annotation failed to parse class operation failed to parse class `StateMachine` line 13, column 36 current parser state: | `/>` | `    </eOperations>` parsing failed"
modelset/raw-data/repo-ecore-all/data/gemoc/MODELS2017Tutorial/code/languagewb/org.gemoc.models17.fsm.model/model/model.ecore,true,true,true,
modelset/raw-data/repo-ecore-all/data/gemoc/ModelingCrashCourse/material/fsm/org.gemoc.course.fsm.model/model/fsm.ecore,true,true,true,
modelset/raw-data/repo-ecore-all/data/gemoc/ModelingCrashCourse/material/fsm/org.gemoc.course.fsm.xfsm/model/XFSM.ecore,false,false,false,"parse: failed to parse modelset/raw-data/repo-ecore-all/data/gemoc/ModelingCrashCourse/material/fsm/org.gemoc.course.fsm.xfsm/model/XFSM.ecore: expected tag `>` failed to parse operation annotation failed to parse class operation failed to parse class `FiniteStateMachine` line 16, column 36 current parser state: | `/>` | `    </eOperations>` parsing failed"
modelset/raw-data/repo-ecore-all/data/gemoc/activitydiagram/dev/gemoc_concurrent/language_workbench/org.gemoc.activitydiagram.concurrent/model-gen/XActivityDiagramMT.ecore,false,false,false,"parse: failed to parse modelset/raw-data/repo-ecore-all/data/gemoc/activitydiagram/dev/gemoc_concurrent/language_workbench/org.gemoc.activitydiagram.concurrent/model-gen/XActivityDiagramMT.ecore: expected tag `>` failed to parse operation annotation failed to parse class operation failed to parse class `Activity` line 5, column 36 current parser state: | `/>` | `      <eParameters name=""args"" upperBound=""-1"">` parsing failed"
modelset/raw-data/repo-ecore-all/data/gemoc/activitydiagram/dev/gemoc_concurrent/language_workbench/org.gemoc.activitydiagram.concurrent.model/ad/activitydiagram.ecore,false,false,false,"parse: failed to parse modelset/raw-data/repo-ecore-all/data/gemoc/activitydiagram/dev/gemoc_concurrent/language_workbench/org.gemoc.activitydiagram.concurrent.model/ad/activitydiagram.ecore: unsupported `eType` path `//ActivityNode` failed to parse structural features failed to parse class `Activity` line 4, column 162 current parser state: | `` | `    <eStructuralFeatures xsi:type=""ecore:EReference"" name=""edges"" upperBound=""-1"" eType=""//ActivityEdge"" containment=""true""/>` parsing failed"
modelset/raw-data/repo-ecore-all/data/gemoc/activitydiagram/dev/gemoc_concurrent/language_workbench/org.gemoc.activitydiagram.concurrent.xactivitydiagram/model/XActivityDiagram.ecore,false,false,false,"parse: failed to parse modelset/raw-data/repo-ecore-all/data/gemoc/activitydiagram/dev/gemoc_concurrent/language_workbench/org.gemoc.activitydiagram.concurrent.xactivitydiagram/model/XActivityDiagram.ecore: expected tag `>` failed to parse operation annotation failed to parse class operation failed to parse class `Activity` line 5, column 36 current parser state: | `/>` | `      <eParameters name=""args"" upperBound=""-1"">` parsing failed"
modelset/raw-data/repo-ecore-all/data/gemoc/activitydiagram/dev/gemoc_sequential/language_workbench/org.gemoc.activitydiagram.sequential/model-gen/XActivityDiagramMT.ecore,false,false,false,"parse: failed to parse modelset/raw-data/repo-ecore-all/data/gemoc/activitydiagram/dev/gemoc_sequential/language_workbench/org.gemoc.activitydiagram.sequential/model-gen/XActivityDiagramMT.ecore: expected tag `>` failed to parse operation annotation failed to parse class operation failed to parse class `Activity` line 5, column 36 current parser state: | `/>` | `      <eParameters name=""args"" upperBound=""-1"">` parsing failed"
modelset/raw-data/repo-ecore-all/data/gemoc/activitydiagram/dev/gemoc_sequential/language_workbench/org.gemoc.activitydiagram.sequential.model/ad/activitydiagram.ecore,false,false,false,"parse: failed to parse modelset/raw-data/repo-ecore-all/data/gemoc/activitydiagram/dev/gemoc_sequential/language_workbench/org.gemoc.activitydiagram.sequential.model/ad/activitydiagram.ecore: unsupported `eType` path `//ActivityNode` failed to parse structural features failed to parse class `Activity` line 4, column 162 current parser state: | `` | `    <eStructuralFeatures xsi:type=""ecore:EReference"" name=""edges"" upperBound=""-1"" eType=""//ActivityEdge"" containment=""true""/>` parsing failed"
modelset/raw-data/repo-ecore-all/data/gemoc/activitydiagram/dev/gemoc_sequential/language_workbench/org.gemoc.activitydiagram.sequential.xactivitydiagram/model/XActivityDiagram.ecore,false,false,false,"parse: failed to parse modelset/raw-data/repo-ecore-all/data/gemoc/activitydiagram/dev/gemoc_sequential/language_workbench/org.gemoc.activitydiagram.sequential.xactivitydiagram/model/XActivityDiagram.ecore: expected tag `>` failed to parse operation annotation failed to parse class operation failed to parse class `Activity` line 5, column 36 current parser state: | `/>` | `      <eParameters name=""args"" upperBound=""-1"">` parsing failed"
modelset/raw-data/repo-ecore-all/data/gemoc/activitydiagram/dev/plainK3/org.modelexecution.operationalsemantics.ad/ad/activitydiagram.ecore,false,false,false,"parse: failed to parse modelset/raw-data/repo-ecore-all/data/gemoc/activitydiagram/dev/plainK3/org.modelexecution.operationalsemantics.ad/ad/activitydiagram.ecore: expected tag `>` failed to parse operation annotation failed to parse class operation failed to parse class `Activity` line 6, column 37 current parser state: | `/>` | `    </eOperations>` parsing failed"
modelset/raw-data/repo-ecore-all/data/gemoc/ale-lang/examples/logo.model/model/ASMLogo.ecore,false,false,false,"parse: failed to parse modelset/raw-data/repo-ecore-all/data/gemoc/ale-lang/examples/logo.model/model/ASMLogo.ecore: unexpected package content line 7, column 3 current parser state: | `<eSubpackages name=""ASM"" nsURI=""http://kmLogo/ASM"" nsPrefix=""ASM"">` | `    <eClassifiers xsi:type=""ecore:EClass"" name=""Instruction"" abstract=""true""/>` parsing failed"
modelset/raw-data/repo-ecore-all/data/gemoc/ale-lang/examples/logo.model/model/VMLogo.ecore,true,true,true,
modelset/raw-data/repo-ecore-all/data/gemoc/ale-lang/examples/minifsm/model/MiniFsm.ecore,true,true,true,
modelset/raw-data/repo-ecore-all/data/gemoc/ale-lang/plugins/org.eclipse.emf.ecoretools.ale.xtext/model/generated/Ale.ecore,false,false,false,"parse: failed to parse modelset/raw-data/repo-ecore-all/data/gemoc/ale-lang/plugins/org.eclipse.emf.ecoretools.ale.xtext/model/generated/Ale.ecore: unsupported `eType` path `ecore:EClass http://www.eclipse.org/emf/2002/Ecore#//EObject` failed to parse structural features failed to parse class `ExpressionStmt` line 143, column 29 current parser state: | `` | `  </eClassifiers>` parsing failed"
modelset/raw-data/repo-ecore-all/data/gemoc/ale-lang/tests/org.eclipse.emf.ecoretools.ale.tests/model/diamon.ecore,true,true,true,
modelset/raw-data/repo-ecore-all/data/gemoc/ale-lang/tests/org.eclipse.emf.ecoretools.ale.tests/model/doubleMulti.ecore,true,true,true,
modelset/raw-data/repo-ecore-all/data/gemoc/ale-lang/tests/org.eclipse.emf.ecoretools.ale.tests/model/fsm.ecore,true,true,true,
modelset/raw-data/repo-ecore-all/data/gemoc/ale-lang/tests/org.eclipse.emf.ecoretools.ale.tests/model/multi.ecore,true,true,true,
modelset/raw-data/repo-ecore-all/data/gemoc/ale-lang-compiler/archive/boa.lang.interpreter/interpreter-comp/boa.ecore,false,false,false,"parse: failed to parse modelset/raw-data/repo-ecore-all/data/gemoc/ale-lang-compiler/archive/boa.lang.interpreter/interpreter-comp/boa.ecore: expected tag `>` failed to parse class annotation failed to parse class `Ctx` line 127, column 39 current parser state: | `/>` | `    <eStructuralFeatures xsi:type=""ecore:EReference"" name=""env"" upperBound=""-1"" eType=""#//StringToEvalResMap""` parsing failed"
modelset/raw-data/repo-ecore-all/data/gemoc/ale-lang-compiler/archive/genetics/workspace/boa.model/model/boa.ecore,true,false,false,"generate: timeout after 120s: /arachne/target/debug/arachne generate modelset/raw-data/repo-ecore-all/data/gemoc/ale-lang-compiler/archive/genetics/workspace/boa.model/model/boa.ecore -o /var/folders/24/3kt9vzrj6qzd_r760kn9ybsm0000gn/T/arachne-modelset-omcite9_/generated-00540 -p modelset-00540-c150dfd2 [INFO  arachne] Starting code generation [INFO  arachne_codegen] Validating configuration [INFO  arachne_codegen] Parsing ecore metamodel: ""modelset/raw-data/repo-ecore-all/data/gemoc/ale-lang-compiler/archive/genetics/workspace/boa.model/model/boa.ecore"" [INFO  arachne_codegen] Generating Rust tokens"
modelset/raw-data/repo-ecore-all/data/gemoc/ale-lang-compiler/archive/genetics-minijava/standaloneminijavainterpreter/interpreter-comp/miniJava.ecore,false,false,false,"parse: failed to parse modelset/raw-data/repo-ecore-all/data/gemoc/ale-lang-compiler/archive/genetics-minijava/standaloneminijavainterpreter/interpreter-comp/miniJava.ecore: expected tag `>` failed to parse class annotation failed to parse class `Context` line 246, column 34 current parser state: | `/>` | `    <eAnnotations source=""RuntimeData""/>` parsing failed"
modelset/raw-data/repo-ecore-all/data/gemoc/ale-lang-compiler/archive/genetics-minijava/standaloneminijavainterpreter/model/MiniJava.ecore,false,false,false,"parse: failed to parse modelset/raw-data/repo-ecore-all/data/gemoc/ale-lang-compiler/archive/genetics-minijava/standaloneminijavainterpreter/model/MiniJava.ecore: expected tag `>` failed to parse class annotation failed to parse class `Context` line 246, column 34 current parser state: | `/>` | `    <eAnnotations source=""RuntimeData""/>` parsing failed"
modelset/raw-data/repo-ecore-all/data/gemoc/ale-lang-compiler/archive/imp.model/model/imp.ecore,true,true,true,
modelset/raw-data/repo-ecore-all/data/gemoc/ale-lang-compiler/archive/logo.lang.truffle.alldispatch/interpreter-comp/kmLogo.ecore,true,false,false,"generate: [INFO  arachne] Starting code generation [INFO  arachne_codegen] Validating configuration [INFO  arachne_codegen] Parsing ecore metamodel: ""modelset/raw-data/repo-ecore-all/data/gemoc/ale-lang-compiler/archive/logo.lang.truffle.alldispatch/interpreter-comp/kmLogo.ecore"" [WARN  ecore_rs::parser::raw] `eOpposite` attributes are currently not supported, ignoring [WARN  ecore_rs::parser::raw] `eOpposite` attributes are currently not supported, ignoring [INFO  arachne_codegen] Generating Rust tokens [INFO  arachne_codegen] Generating classifiers...  thread 'main' (307568) panicked at arachne-codegen/src/codegen/feature/attribute.rs:65:37: Failed to parse type: String note: run with `RUST_BACKTRACE=1` environment variable to display a backtrace"
modelset/raw-data/repo-ecore-all/data/gemoc/ale-lang-compiler/archive/plzoo-testbench-workspace/autocast/interpreter-comp/autocast.ecore,true,true,true,
modelset/raw-data/repo-ecore-all/data/gemoc/ale-lang-compiler/archive/plzoo-testbench-workspace/declarationorder/interpreter-comp/declarationorder.ecore,true,true,true,
modelset/raw-data/repo-ecore-all/data/gemoc/ale-lang-compiler/archive/plzoo-testbench-workspace/declarationorder/src/declarationorder.ecore,true,true,true,
modelset/raw-data/repo-ecore-all/data/gemoc/ale-lang-compiler/archive/plzoo-testbench-workspace/demo_cea/src/demo.ecore,true,true,true,
modelset/raw-data/repo-ecore-all/data/gemoc/ale-lang-compiler/archive/plzoo-testbench-workspace/diamond/src/diamond.ecore,true,true,true,
modelset/raw-data/repo-ecore-all/data/gemoc/ale-lang-compiler/archive/plzoo-testbench-workspace/emapvselistentry/src/emapvselistentry.ecore,false,false,false,"parse: failed to parse modelset/raw-data/repo-ecore-all/data/gemoc/ale-lang-compiler/archive/plzoo-testbench-workspace/emapvselistentry/src/emapvselistentry.ecore: unknown builtit class URL `http://www.eclipse.org/emf/2002/Ecore#//EIntegerObject` failed to parse structural features failed to parse class `NewEClass2` line 14, column 145 current parser state: | `` | `    <eStructuralFeatures xsi:type=""ecore:EAttribute"" name=""value"" eType=""ecore:EDataType http://www.eclipse.org/emf/2002/Ecore#//EBooleanObject""/>` parsing failed"
modelset/raw-data/repo-ecore-all/data/gemoc/ale-lang-compiler/archive/plzoo-testbench-workspace/factorydeclorder/visitor-comp/factorydeclorder.ecore,true,true,true,
modelset/raw-data/repo-ecore-all/data/gemoc/ale-lang-compiler/archive/plzoo-testbench-workspace/fieldandclassintroduction/interpreter-comp/empty.ecore,true,true,true,
modelset/raw-data/repo-ecore-all/data/gemoc/ale-lang-compiler/archive/plzoo-testbench-workspace/fieldandclassintroduction/src/empty.ecore,true,true,true,
modelset/raw-data/repo-ecore-all/data/gemoc/ale-lang-compiler/archive/plzoo-testbench-workspace/functioncall/interpreter-comp/functioncall.ecore,true,true,true,
modelset/raw-data/repo-ecore-all/data/gemoc/ale-lang-compiler/archive/plzoo-testbench-workspace/functioncall/src/functioncall.ecore,true,true,true,
modelset/raw-data/repo-ecore-all/data/gemoc/ale-lang-compiler/archive/plzoo-testbench-workspace/modelA/model/modelA.ecore,true,true,true,
modelset/raw-data/repo-ecore-all/data/gemoc/ale-lang-compiler/archive/plzoo-testbench-workspace/modelB/model/modelB.ecore,false,false,false,"parse: failed to parse modelset/raw-data/repo-ecore-all/data/gemoc/ale-lang-compiler/archive/plzoo-testbench-workspace/modelB/model/modelB.ecore: unsupported `eType` path `../../modelA/model/modelA.ecore#//A` line 4, column 137 current parser state: | `` | `</ecore:EPackage>` parsing failed"
modelset/raw-data/repo-ecore-all/data/gemoc/ale-lang-compiler/archive/plzoo-testbench-workspace/multipleinheritence/model/multipleinheritence.ecore,true,true,true,
modelset/raw-data/repo-ecore-all/data/gemoc/ale-lang-compiler/archive/plzoo-testbench-workspace/test0/src/test.ecore,false,false,false,"parse: failed to parse modelset/raw-data/repo-ecore-all/data/gemoc/ale-lang-compiler/archive/plzoo-testbench-workspace/test0/src/test.ecore: expected identifier line 3, column 55 current parser state: | `/>` parsing failed"
modelset/raw-data/repo-ecore-all/data/gemoc/ale-lang-compiler/archive/plzoo-testbench-workspace/test1/src/test1.ecore,false,false,false,"parse: failed to parse modelset/raw-data/repo-ecore-all/data/gemoc/ale-lang-compiler/archive/plzoo-testbench-workspace/test1/src/test1.ecore: unknown builtit class URL `http://www.eclipse.org/emf/2002/Ecore#//EBooleanObject` failed to parse structural features failed to parse class `ConceptA` line 6, column 89 current parser state: | `` | `    <eStructuralFeatures xsi:type=""ecore:EAttribute"" name=""b"" eType=""ecore:EDataType http://www.eclipse.org/emf/2002/Ecore#//ELong""/>` parsing failed"
modelset/raw-data/repo-ecore-all/data/gemoc/ale-lang-compiler/archive/plzoo-testbench-workspace/test1/visitor-comp/test1.ecore,false,false,false,"parse: failed to parse modelset/raw-data/repo-ecore-all/data/gemoc/ale-lang-compiler/archive/plzoo-testbench-workspace/test1/visitor-comp/test1.ecore: unknown builtit class URL `http://www.eclipse.org/emf/2002/Ecore#//EBooleanObject` failed to parse structural features failed to parse class `ConceptA` line 6, column 89 current parser state: | `` | `    <eStructuralFeatures xsi:type=""ecore:EAttribute"" name=""b"" eType=""ecore:EDataType http://www.eclipse.org/emf/2002/Ecore#//ELong""/>` parsing failed"
modelset/raw-data/repo-ecore-all/data/gemoc/ale-lang-compiler/archive/plzoo-testbench-workspace/test1unique/interpreter-comp/test1.ecore,false,false,false,"parse: failed to parse modelset/raw-data/repo-ecore-all/data/gemoc/ale-lang-compiler/archive/plzoo-testbench-workspace/test1unique/interpreter-comp/test1.ecore: unknown builtit class URL `http://www.eclipse.org/emf/2002/Ecore#//EBooleanObject` failed to parse structural features failed to parse class `ConceptA` line 5, column 160 current parser state: | `` | `  </eClassifiers>` parsing failed"
modelset/raw-data/repo-ecore-all/data/gemoc/ale-lang-compiler/archive/plzoo-testbench-workspace/test1unique/src/test1.ecore,false,false,false,"parse: failed to parse modelset/raw-data/repo-ecore-all/data/gemoc/ale-lang-compiler/archive/plzoo-testbench-workspace/test1unique/src/test1.ecore: unknown builtit class URL `http://www.eclipse.org/emf/2002/Ecore#//EBooleanObject` failed to parse structural features failed to parse class `ConceptA` line 5, column 160 current parser state: | `` | `  </eClassifiers>` parsing failed"
modelset/raw-data/repo-ecore-all/data/gemoc/ale-lang-compiler/archive/plzoo-testbench-workspace/test2/src/test1.ecore,true,true,true,
modelset/raw-data/repo-ecore-all/data/gemoc/ale-lang-compiler/archive/plzoo-testbench-workspace/test2/visitor-comp/test1.ecore,true,true,true,
modelset/raw-data/repo-ecore-all/data/gemoc/ale-lang-compiler/archive/plzoo-testbench-workspace/test3/interpreter-comp/test1.ecore,true,true,true,
modelset/raw-data/repo-ecore-all/data/gemoc/ale-lang-compiler/archive/plzoo-testbench-workspace/test3/src/test1.ecore,true,true,true,
modelset/raw-data/repo-ecore-all/data/gemoc/ale-lang-compiler/archive/plzoo-testbench-workspace/testaccessors/src/testaccessors.ecore,true,true,true,
modelset/raw-data/repo-ecore-all/data/gemoc/ale-lang-compiler/archive/plzoo-testbench-workspace/testbidirectionalrelation/src/testbidirectionalrelation.ecore,true,true,true,
modelset/raw-data/repo-ecore-all/data/gemoc/ale-lang-compiler/archive/plzoo-testbench-workspace/testenums/src/testenums.ecore,true,true,true,
modelset/raw-data/repo-ecore-all/data/gemoc/ale-lang-compiler/archive/plzoo-testbench-workspace/testmap1/src/test1.ecore,false,false,false,"parse: failed to parse modelset/raw-data/repo-ecore-all/data/gemoc/ale-lang-compiler/archive/plzoo-testbench-workspace/testmap1/src/test1.ecore: unknown builtit class URL `http://www.eclipse.org/emf/2002/Ecore#//EIntegerObject` failed to parse structural features failed to parse class `StringToIntegerMapEntry` line 10, column 147 current parser state: | `` | `  </eClassifiers>` parsing failed"
modelset/raw-data/repo-ecore-all/data/gemoc/ale-lang-compiler/archive/plzoo-testbench-workspace/testoperationbody/src/testoperationbody.ecore,true,true,true,
modelset/raw-data/repo-ecore-all/data/gemoc/ale-lang-compiler/archive/plzoo-testbench-workspace/testrelations/interpreter-comp/emfrelations.ecore,true,true,true,
modelset/raw-data/repo-ecore-all/data/gemoc/ale-lang-compiler/archive/plzoo-testbench-workspace/testrelations/src/emfrelations.ecore,true,true,true,
modelset/raw-data/repo-ecore-all/data/gemoc/ale-lang-compiler/archive/plzoo-workspace/org.xtext.example.mydsl/model/generated/MyDsl.ecore,true,false,false,"generate: timeout after 120s: /arachne/target/debug/arachne generate modelset/raw-data/repo-ecore-all/data/gemoc/ale-lang-compiler/archive/plzoo-workspace/org.xtext.example.mydsl/model/generated/MyDsl.ecore -o /var/folders/24/3kt9vzrj6qzd_r760kn9ybsm0000gn/T/arachne-modelset-omcite9_/generated-00575 -p modelset-00575-96f769b2 [INFO  arachne] Starting code generation [INFO  arachne_codegen] Validating configuration [INFO  arachne_codegen] Parsing ecore metamodel: ""modelset/raw-data/repo-ecore-all/data/gemoc/ale-lang-compiler/archive/plzoo-workspace/org.xtext.example.mydsl/model/generated/MyDsl.ecore"" [INFO  arachne_codegen] Generating Rust tokens"
modelset/raw-data/repo-ecore-all/data/gemoc/ale-lang-compiler/archive/plzoo-workspace/test-mutability/src/Test0.ecore,true,true,true,
modelset/raw-data/repo-ecore-all/data/gemoc/ale-lang-compiler/archive/plzoo-workspace/test.lang.truffle/interpreter-comp/test.ecore,true,true,true,
modelset/raw-data/repo-ecore-all/data/gemoc/ale-lang-compiler/archive/plzoo-workspace/test.model/model/test.ecore,true,true,true,
modelset/raw-data/repo-ecore-all/data/gemoc/ale-lang-compiler/archive/plzoo-workspace/testtypesystem/src/testtypesystem.ecore,true,true,true,
modelset/raw-data/repo-ecore-all/data/gemoc/ale-lang-compiler/archive/test/model/test.ecore,true,true,true,
modelset/raw-data/repo-ecore-all/data/gemoc/ale-lang-compiler/examples/helloworld/model/HelloWorld.ecore,true,true,true,
modelset/raw-data/repo-ecore-all/data/gemoc/ale-lang-compiler/examples/minifsm/interpreter-comp/minifsm.ecore,true,true,true,
modelset/raw-data/repo-ecore-all/data/gemoc/ale-lang-compiler/languages/boa/boa.lang.truffle.alldispatch/interpreter-comp/boa.ecore,true,false,false,"generate: timeout after 120s: /arachne/target/debug/arachne generate modelset/raw-data/repo-ecore-all/data/gemoc/ale-lang-compiler/languages/boa/boa.lang.truffle.alldispatch/interpreter-comp/boa.ecore -o /var/folders/24/3kt9vzrj6qzd_r760kn9ybsm0000gn/T/arachne-modelset-omcite9_/generated-00583 -p modelset-00583-e9ce1e9a [INFO  arachne] Starting code generation [INFO  arachne_codegen] Validating configuration [INFO  arachne_codegen] Parsing ecore metamodel: ""modelset/raw-data/repo-ecore-all/data/gemoc/ale-lang-compiler/languages/boa/boa.lang.truffle.alldispatch/interpreter-comp/boa.ecore"" [INFO  arachne_codegen] Generating Rust tokens"
modelset/raw-data/repo-ecore-all/data/gemoc/ale-lang-compiler/languages/fsm/fsm.lang.interpreter/interpreter-comp/fsm.ecore,false,false,false,"parse: failed to parse modelset/raw-data/repo-ecore-all/data/gemoc/ale-lang-compiler/languages/fsm/fsm.lang.interpreter/interpreter-comp/fsm.ecore: Missing attribute `eType` in structural feature `name` failed to parse structural features failed to parse class `FSM` line 4, column 66 current parser state: | `` | `      <eType xsi:type=""ecore:EDataType"" href=""http://www.eclipse.org/emf/2002/Ecore#//EString""/>` parsing failed"
modelset/raw-data/repo-ecore-all/data/gemoc/ale-lang-compiler/languages/fsm/fsm.lang.interpreter.truffle/interpreter-comp2/fsm.ecore,true,true,true,
modelset/raw-data/repo-ecore-all/data/gemoc/ale-lang-compiler/languages/fsm/fsm.model/model/fsm.ecore,true,true,true,
modelset/raw-data/repo-ecore-all/data/gemoc/ale-lang-compiler/languages/imp/imp.lang.truffle/interpreter-comp/imp.ecore,true,true,true,
modelset/raw-data/repo-ecore-all/data/gemoc/ale-lang-compiler/languages/imp/imp.lang.truffle/interpreter-comp-edited/imp.ecore,true,true,true,
modelset/raw-data/repo-ecore-all/data/gemoc/ale-lang-compiler/languages/imp/imp.model/model/imp.ecore,true,true,true,
modelset/raw-data/repo-ecore-all/data/gemoc/ale-lang-compiler/languages/logo/logo.lang.interpreter.truffle/interpreter-comp/kmLogo.ecore,false,false,false,"parse: failed to parse modelset/raw-data/repo-ecore-all/data/gemoc/ale-lang-compiler/languages/logo/logo.lang.interpreter.truffle/interpreter-comp/kmLogo.ecore: expected tag `>` failed to parse package annotation line 3, column 37 current parser state: | `/>` | `  <eClassifiers xsi:type=""ecore:EDataType"" name=""Integer"" instanceClassName=""int""/>` parsing failed"
modelset/raw-data/repo-ecore-all/data/gemoc/ale-lang-compiler/languages/logo/logo.model/model/ASMLogo.ecore,false,false,false,"parse: failed to parse modelset/raw-data/repo-ecore-all/data/gemoc/ale-lang-compiler/languages/logo/logo.model/model/ASMLogo.ecore: expected tag `>` failed to parse package annotation line 4, column 37 current parser state: | `/>` | `  <eClassifiers xsi:type=""ecore:EDataType"" name=""Integer"" instanceClassName=""int""/>` parsing failed"
modelset/raw-data/repo-ecore-all/data/gemoc/ale-lang-compiler/languages/minijava/minijava.lang.interpreter/interpreter-comp-workish/miniJava.ecore,false,false,false,"parse: failed to parse modelset/raw-data/repo-ecore-all/data/gemoc/ale-lang-compiler/languages/minijava/minijava.lang.interpreter/interpreter-comp-workish/miniJava.ecore: expected tag `>` failed to parse class annotation failed to parse class `Context` line 244, column 34 current parser state: | `/>` | `    <eStructuralFeatures xsi:type=""ecore:EReference"" name=""bindings"" upperBound=""-1""` parsing failed"
modelset/raw-data/repo-ecore-all/data/gemoc/ale-lang-compiler/languages/minijava_bak/bak/org.tetrabox.minijava.lang.interpreter2/interpreter-comp/miniJava.ecore,false,false,false,"parse: failed to parse modelset/raw-data/repo-ecore-all/data/gemoc/ale-lang-compiler/languages/minijava_bak/bak/org.tetrabox.minijava.lang.interpreter2/interpreter-comp/miniJava.ecore: expected tag `>` failed to parse class annotation failed to parse class `Context` line 246, column 34 current parser state: | `/>` | `    <eAnnotations source=""RuntimeData""/>` parsing failed"
modelset/raw-data/repo-ecore-all/data/gemoc/ale-lang-compiler/languages/petrinet/petrinet.lang/model/petrinet.ecore,true,true,true,
modelset/raw-data/repo-ecore-all/data/gemoc/ale-lang-compiler/languages/petrinet/petrinet.lang.truffle/interpreter-comp/petrinet.ecore,true,true,true,
modelset/raw-data/repo-ecore-all/data/gemoc/ale-lang-compiler/tests/org.eclipse.emf.ecoretools.ale.compiler.test/assets/autocast/autocast.ecore,true,true,true,
modelset/raw-data/repo-ecore-all/data/gemoc/ale-lang-compiler/tests/org.eclipse.emf.ecoretools.ale.compiler.test/assets/factorydeclorder/factorydeclorder.ecore,true,true,true,
modelset/raw-data/repo-ecore-all/data/gemoc/ale-lang-compiler/tests/org.eclipse.emf.ecoretools.ale.compiler.test/assets/minijava/MiniJava.ecore,false,false,false,"parse: failed to parse modelset/raw-data/repo-ecore-all/data/gemoc/ale-lang-compiler/tests/org.eclipse.emf.ecoretools.ale.compiler.test/assets/minijava/MiniJava.ecore: expected tag `>` failed to parse class annotation failed to parse class `Context` line 246, column 34 current parser state: | `/>` | `    <eAnnotations source=""RuntimeData""/>` parsing failed"
modelset/raw-data/repo-ecore-all/data/gemoc/ale-lang-compiler/tests/org.eclipse.emf.ecoretools.ale.compiler.test/assets/test1/test1.ecore,false,false,false,"parse: failed to parse modelset/raw-data/repo-ecore-all/data/gemoc/ale-lang-compiler/tests/org.eclipse.emf.ecoretools.ale.compiler.test/assets/test1/test1.ecore: unknown builtit class URL `http://www.eclipse.org/emf/2002/Ecore#//EBooleanObject` failed to parse structural features failed to parse class `ConceptA` line 6, column 89 current parser state: | `` | `    <eStructuralFeatures xsi:type=""ecore:EAttribute"" name=""b"" eType=""ecore:EDataType http://www.eclipse.org/emf/2002/Ecore#//ELong""/>` parsing failed"
modelset/raw-data/repo-ecore-all/data/gemoc/ale-lang-compiler/tests/org.eclipse.emf.ecoretools.ale.compiler.test/assets/test1unique/test1.ecore,false,false,false,"parse: failed to parse modelset/raw-data/repo-ecore-all/data/gemoc/ale-lang-compiler/tests/org.eclipse.emf.ecoretools.ale.compiler.test/assets/test1unique/test1.ecore: unknown builtit class URL `http://www.eclipse.org/emf/2002/Ecore#//EBooleanObject` failed to parse structural features failed to parse class `ConceptA` line 5, column 160 current parser state: | `` | `  </eClassifiers>` parsing failed"
modelset/raw-data/repo-ecore-all/data/gemoc/ale-lang-compiler/tests/org.eclipse.emf.ecoretools.ale.compiler.test/assets/test2/test1.ecore,true,true,true,
modelset/raw-data/repo-ecore-all/data/gemoc/ale-lang-compiler/tests/org.eclipse.emf.ecoretools.ale.compiler.test/assets/test3/test1.ecore,true,true,true,
modelset/raw-data/repo-ecore-all/data/gemoc/ale-lang-compiler/tests/org.eclipse.emf.ecoretools.ale.compiler.test/assets/testaccessors/testaccessors.ecore,true,true,true,
modelset/raw-data/repo-ecore-all/data/gemoc/ale-lang-compiler/tests/org.eclipse.emf.ecoretools.ale.compiler.test/assets/testbidirectionalrelation/testbidirectionalrelation.ecore,true,true,true,
modelset/raw-data/repo-ecore-all/data/gemoc/ale-lang-compiler/tests/org.eclipse.emf.ecoretools.ale.compiler.test/assets/testenums/testenums.ecore,true,true,true,
modelset/raw-data/repo-ecore-all/data/gemoc/ale-lang-compiler/tests/org.eclipse.emf.ecoretools.ale.compiler.test/assets/testmap1/test1.ecore,false,false,false,"parse: failed to parse modelset/raw-data/repo-ecore-all/data/gemoc/ale-lang-compiler/tests/org.eclipse.emf.ecoretools.ale.compiler.test/assets/testmap1/test1.ecore: unknown builtit class URL `http://www.eclipse.org/emf/2002/Ecore#//EIntegerObject` failed to parse structural features failed to parse class `StringToIntegerMapEntry` line 10, column 147 current parser state: | `` | `  </eClassifiers>` parsing failed"
modelset/raw-data/repo-ecore-all/data/gemoc/ale-lang-compiler/tests/org.eclipse.emf.ecoretools.ale.compiler.test/assets/testmaprelations/testmaprelations.ecore,true,true,true,
modelset/raw-data/repo-ecore-all/data/gemoc/ale-lang-compiler/tests/org.eclipse.emf.ecoretools.ale.compiler.test/assets/testrelations/emfrelations.ecore,true,true,true,
modelset/raw-data/repo-ecore-all/data/gemoc/ale-lang-compiler/tests/org.eclipse.emf.ecoretools.ale.compiler.test/test-results-legacy/interpreter/functioncall/interpreter-comp/functioncall.ecore,false,false,false,"parse: failed to parse modelset/raw-data/repo-ecore-all/data/gemoc/ale-lang-compiler/tests/org.eclipse.emf.ecoretools.ale.compiler.test/test-results-legacy/interpreter/functioncall/interpreter-comp/functioncall.ecore: unsupported `eType` path `//ConceptA` line 4, column 83 current parser state: | `` | `  <eClassifiers xsi:type=""ecore:EClass"" name=""ConceptC"">` parsing failed"
modelset/raw-data/repo-ecore-all/data/gemoc/ale-lang-compiler/tests/org.eclipse.emf.ecoretools.ale.compiler.test/test-results-legacy/interpreter/logo_lang/interpreter-comp/kmLogo.ecore,false,false,false,"parse: failed to parse modelset/raw-data/repo-ecore-all/data/gemoc/ale-lang-compiler/tests/org.eclipse.emf.ecoretools.ale.compiler.test/test-results-legacy/interpreter/logo_lang/interpreter-comp/kmLogo.ecore: expected tag `>` failed to parse package annotation line 4, column 37 current parser state: | `/>` | `  <eClassifiers xsi:type=""ecore:EDataType"" name=""Integer"" instanceClassName=""int""/>` parsing failed"
modelset/raw-data/repo-ecore-all/data/gemoc/ale-lang-compiler/tests/org.eclipse.emf.ecoretools.ale.compiler.test/test-results-legacy/interpreter/minijava/interpreter-comp/miniJava.ecore,false,false,false,"parse: failed to parse modelset/raw-data/repo-ecore-all/data/gemoc/ale-lang-compiler/tests/org.eclipse.emf.ecoretools.ale.compiler.test/test-results-legacy/interpreter/minijava/interpreter-comp/miniJava.ecore: expected tag `>` failed to parse class annotation failed to parse class `Context` line 246, column 34 current parser state: | `/>` | `    <eAnnotations source=""RuntimeData""/>` parsing failed"
modelset/raw-data/repo-ecore-all/data/gemoc/ale-lang-compiler/tests/org.eclipse.emf.ecoretools.ale.compiler.test/test-results-legacy/interpreter/test1unique/interpreter-comp/test1unique.ecore,false,false,false,"parse: failed to parse modelset/raw-data/repo-ecore-all/data/gemoc/ale-lang-compiler/tests/org.eclipse.emf.ecoretools.ale.compiler.test/test-results-legacy/interpreter/test1unique/interpreter-comp/test1unique.ecore: Missing attribute `eType` in structural feature `bs` failed to parse structural features failed to parse class `ConceptA` line 4, column 80 current parser state: | `` | `      <eType xsi:type=""ecore:EDataType"" href=""http://www.eclipse.org/emf/2002/Ecore#//EBooleanObject""/>` parsing failed"
modelset/raw-data/repo-ecore-all/data/gemoc/ale-lang-compiler/tests/org.eclipse.emf.ecoretools.ale.compiler.test/test-results-legacy/interpreter/test3/interpreter-comp/test1.ecore,false,false,false,"parse: failed to parse modelset/raw-data/repo-ecore-all/data/gemoc/ale-lang-compiler/tests/org.eclipse.emf.ecoretools.ale.compiler.test/test-results-legacy/interpreter/test3/interpreter-comp/test1.ecore: unsupported `eType` path `//ConceptC` failed to parse structural features failed to parse class `ConceptA` line 4, column 119 current parser state: | `` | `  </eClassifiers>` parsing failed"
modelset/raw-data/repo-ecore-all/data/gemoc/ale-lang-compiler/tests/org.eclipse.emf.ecoretools.ale.compiler.test/test-results-legacy/interpreter/testaccessors/interpreter-comp/testaccessors.ecore,false,false,false,"parse: failed to parse modelset/raw-data/repo-ecore-all/data/gemoc/ale-lang-compiler/tests/org.eclipse.emf.ecoretools.ale.compiler.test/test-results-legacy/interpreter/testaccessors/interpreter-comp/testaccessors.ecore: Missing attribute `eType` in structural feature `b` failed to parse structural features failed to parse class `EAcc` line 4, column 63 current parser state: | `` | `      <eType xsi:type=""ecore:EDataType"" href=""http://www.eclipse.org/emf/2002/Ecore#//EBoolean""/>` parsing failed"
modelset/raw-data/repo-ecore-all/data/gemoc/ale-lang-compiler/tests/org.eclipse.emf.ecoretools.ale.compiler.test/test-results-legacy/interpreter/testbidirectionalrelation/interpreter-comp/testbidirectionalrelation.ecore,false,false,false,"parse: failed to parse modelset/raw-data/repo-ecore-all/data/gemoc/ale-lang-compiler/tests/org.eclipse.emf.ecoretools.ale.compiler.test/test-results-legacy/interpreter/testbidirectionalrelation/interpreter-comp/testbidirectionalrelation.ecore: unsupported `eType` path `//ConceptB` failed to parse structural features failed to parse class `ConceptA` line 4, column 125 current parser state: | `` | `    <eStructuralFeatures xsi:type=""ecore:EReference"" name=""conceptc"" upperBound=""-1"" eType=""//ConceptC"" containment=""true""/>` parsing failed"
modelset/raw-data/repo-ecore-all/data/gemoc/ale-lang-compiler/tests/org.eclipse.emf.ecoretools.ale.compiler.test/test-results-legacy/interpreter/testenums/interpreter-comp/testenums.ecore,false,false,false,"parse: failed to parse modelset/raw-data/repo-ecore-all/data/gemoc/ale-lang-compiler/tests/org.eclipse.emf.ecoretools.ale.compiler.test/test-results-legacy/interpreter/testenums/interpreter-comp/testenums.ecore: unsupported `eType` path `//Enum1` failed to parse structural features failed to parse class `Root` line 4, column 114 current parser state: | `` | `    <eStructuralFeatures xsi:type=""ecore:EAttribute"" name=""enums"" upperBound=""-1"" eType=""//Enum1""/>` parsing failed"
modelset/raw-data/repo-ecore-all/data/gemoc/ale-lang-compiler/tests/org.eclipse.emf.ecoretools.ale.compiler.test/test-results-legacy/interpreter.truffle/autocast/interpreter-comp/autocast.ecore,false,false,false,"parse: failed to parse modelset/raw-data/repo-ecore-all/data/gemoc/ale-lang-compiler/tests/org.eclipse.emf.ecoretools.ale.compiler.test/test-results-legacy/interpreter.truffle/autocast/interpreter-comp/autocast.ecore: Missing attribute `eType` in structural feature `name` failed to parse structural features failed to parse class `ConceptB` line 5, column 66 current parser state: | `` | `      <eType xsi:type=""ecore:EDataType"" href=""http://www.eclipse.org/emf/2002/Ecore#//EString""/>` parsing failed"
modelset/raw-data/repo-ecore-all/data/gemoc/ale-lang-compiler/tests/org.eclipse.emf.ecoretools.ale.compiler.test/test-results-legacy/interpreter.truffle/emapvselistentry/interpreter-comp/emapvselistentry.ecore,false,false,false,"parse: failed to parse modelset/raw-data/repo-ecore-all/data/gemoc/ale-lang-compiler/tests/org.eclipse.emf.ecoretools.ale.compiler.test/test-results-legacy/interpreter.truffle/emapvselistentry/interpreter-comp/emapvselistentry.ecore: unknown builtit class URL `http://www.eclipse.org/emf/2002/Ecore#//EIntegerObject` failed to parse structural features failed to parse class `NewEClass2` line 15, column 145 current parser state: | `` | `    <eStructuralFeatures xsi:type=""ecore:EAttribute"" name=""value"" eType=""ecore:EDataType http://www.eclipse.org/emf/2002/Ecore#//EBooleanObject""/>` parsing failed"
modelset/raw-data/repo-ecore-all/data/gemoc/ale-lang-compiler/tests/org.eclipse.emf.ecoretools.ale.compiler.test/test-results-legacy/interpreter.truffle/test1/interpreter-comp/test1.ecore,false,false,false,"parse: failed to parse modelset/raw-data/repo-ecore-all/data/gemoc/ale-lang-compiler/tests/org.eclipse.emf.ecoretools.ale.compiler.test/test-results-legacy/interpreter.truffle/test1/interpreter-comp/test1.ecore: Missing attribute `eType` in structural feature `bs` failed to parse structural features failed to parse class `ConceptA` line 4, column 95 current parser state: | `` | `      <eType xsi:type=""ecore:EDataType"" href=""http://www.eclipse.org/emf/2002/Ecore#//EBooleanObject""/>` parsing failed"
modelset/raw-data/repo-ecore-all/data/gemoc/ale-lang-compiler/tests/org.eclipse.emf.ecoretools.ale.compiler.test/test-results-legacy/interpreter.truffle/test2/interpreter-comp/test1.ecore,false,false,false,"parse: failed to parse modelset/raw-data/repo-ecore-all/data/gemoc/ale-lang-compiler/tests/org.eclipse.emf.ecoretools.ale.compiler.test/test-results-legacy/interpreter.truffle/test2/interpreter-comp/test1.ecore: unsupported `eType` path `//ConceptA` line 4, column 83 current parser state: | `` | `</ecore:EPackage>` parsing failed"
modelset/raw-data/repo-ecore-all/data/gemoc/ale-lang-compiler/tests/org.eclipse.emf.ecoretools.ale.compiler.test/test-results-legacy/interpreter.truffle/testmap1/interpreter-comp/test1.ecore,false,false,false,"parse: failed to parse modelset/raw-data/repo-ecore-all/data/gemoc/ale-lang-compiler/tests/org.eclipse.emf.ecoretools.ale.compiler.test/test-results-legacy/interpreter.truffle/testmap1/interpreter-comp/test1.ecore: unsupported `eType` path `//StringToIntegerMapEntry` failed to parse structural features failed to parse class `ConceptA` line 4, column 134 current parser state: | `` | `  </eClassifiers>` parsing failed"
modelset/raw-data/repo-ecore-all/data/gemoc/ale-lang-compiler/tests/org.eclipse.emf.ecoretools.ale.compiler.test/test-results-legacy/interpreter.truffle/testmaprelations/interpreter-comp/testmaprelations.ecore,true,true,true,
modelset/raw-data/repo-ecore-all/data/gemoc/ale-lang-compiler/tests/org.eclipse.emf.ecoretools.ale.compiler.test/test-results-legacy/interpreter.truffle/testoperationbody/interpreter-comp/testoperationbody.ecore,true,true,true,
modelset/raw-data/repo-ecore-all/data/gemoc/ale-lang-compiler/tests/org.eclipse.emf.ecoretools.ale.compiler.test/test-results-legacy/visitor/emapvselistentry/visitor-comp/emapvselistentry.ecore,false,false,false,"parse: failed to parse modelset/raw-data/repo-ecore-all/data/gemoc/ale-lang-compiler/tests/org.eclipse.emf.ecoretools.ale.compiler.test/test-results-legacy/visitor/emapvselistentry/visitor-comp/emapvselistentry.ecore: unsupported `eType` path `//NewEClass2` failed to parse structural features failed to parse class `NewEClass1` line 4, column 110 current parser state: | `` | `    <eStructuralFeatures xsi:type=""ecore:EReference"" name=""neweclass3"" upperBound=""-1"" eType=""//NewEClass3"" containment=""true""/>` parsing failed"
modelset/raw-data/repo-ecore-all/data/gemoc/ale-lang-compiler/tests/org.eclipse.emf.ecoretools.ale.compiler.test/test-results-legacy/visitor/minijava/visitor-comp/miniJava.ecore,false,false,false,"parse: failed to parse modelset/raw-data/repo-ecore-all/data/gemoc/ale-lang-compiler/tests/org.eclipse.emf.ecoretools.ale.compiler.test/test-results-legacy/visitor/minijava/visitor-comp/miniJava.ecore: Missing attribute `eType` in structural feature `name` failed to parse structural features failed to parse class `Program` line 4, column 66 current parser state: | `` | `      <eType xsi:type=""ecore:EDataType"" href=""http://www.eclipse.org/emf/2002/Ecore#//EString""/>` parsing failed"
modelset/raw-data/repo-ecore-all/data/gemoc/ale-lang-compiler/tests/org.eclipse.emf.ecoretools.ale.compiler.test/test-results-legacy/visitor/test1unique/visitor-comp/test1unique.ecore,false,false,false,"parse: failed to parse modelset/raw-data/repo-ecore-all/data/gemoc/ale-lang-compiler/tests/org.eclipse.emf.ecoretools.ale.compiler.test/test-results-legacy/visitor/test1unique/visitor-comp/test1unique.ecore: unknown builtit class URL `http://www.eclipse.org/emf/2002/Ecore#//EBooleanObject` failed to parse structural features failed to parse class `ConceptA` line 6, column 160 current parser state: | `` | `  </eClassifiers>` parsing failed"
modelset/raw-data/repo-ecore-all/data/gemoc/ale-lang-compiler/tests/org.eclipse.emf.ecoretools.ale.compiler.test/test-results-legacy/visitor/testenums/visitor-comp/testenums.ecore,true,true,true,
modelset/raw-data/repo-ecore-all/data/gemoc/ale-lang-compiler/tests/org.eclipse.emf.ecoretools.ale.compiler.test/test-results-legacy/visitor/testmap1/visitor-comp/test1.ecore,false,false,false,"parse: failed to parse modelset/raw-data/repo-ecore-all/data/gemoc/ale-lang-compiler/tests/org.eclipse.emf.ecoretools.ale.compiler.test/test-results-legacy/visitor/testmap1/visitor-comp/test1.ecore: unknown builtit class URL `http://www.eclipse.org/emf/2002/Ecore#//EIntegerObject` failed to parse structural features failed to parse class `StringToIntegerMapEntry` line 10, column 147 current parser state: | `` | `  </eClassifiers>` parsing failed"
modelset/raw-data/repo-ecore-all/data/gemoc/arduinomodeling/dev/language_workbench_concurrency/org.gemoc.arduino.concurrent/model-gen/XArduinoMT.ecore,false,false,false,"parse: failed to parse modelset/raw-data/repo-ecore-all/data/gemoc/arduinomodeling/dev/language_workbench_concurrency/org.gemoc.arduino.concurrent/model-gen/XArduinoMT.ecore: unsupported `eType` path `//Project` failed to parse structural features failed to parse class `Board` line 4, column 132 current parser state: | `` | `  </eClassifiers>` parsing failed"
modelset/raw-data/repo-ecore-all/data/gemoc/arduinomodeling/dev/language_workbench_concurrency/org.gemoc.arduino.concurrent.model/model/arduino.ecore,false,false,false,"parse: failed to parse modelset/raw-data/repo-ecore-all/data/gemoc/arduinomodeling/dev/language_workbench_concurrency/org.gemoc.arduino.concurrent.model/model/arduino.ecore: unsupported `eType` path `//Project` failed to parse structural features failed to parse class `Board` line 4, column 132 current parser state: | `` | `  </eClassifiers>` parsing failed"
modelset/raw-data/repo-ecore-all/data/gemoc/arduinomodeling/dev/language_workbench_sequential/org.gemoc.arduino.sequential.model/model/arduino.ecore,false,false,false,"parse: failed to parse modelset/raw-data/repo-ecore-all/data/gemoc/arduinomodeling/dev/language_workbench_sequential/org.gemoc.arduino.sequential.model/model/arduino.ecore: unsupported `eType` path `//Project` failed to parse structural features failed to parse class `Board` line 4, column 132 current parser state: | `` | `  </eClassifiers>` parsing failed"
modelset/raw-data/repo-ecore-all/data/gemoc/arduinomodeling/dev/language_workbench_sequential/org.gemoc.arduino.sequential.xarduino/model/XArduino.ecore,false,false,false,"parse: failed to parse modelset/raw-data/repo-ecore-all/data/gemoc/arduinomodeling/dev/language_workbench_sequential/org.gemoc.arduino.sequential.xarduino/model/XArduino.ecore: unknown builtit class URL `http://www.eclipse.org/emf/2002/Ecore#//EIntegerObject` failed to parse structural features failed to parse class `Pin` line 16, column 161 current parser state: | `` | `      <eAnnotations source=""aspect""/>` parsing failed"
modelset/raw-data/repo-ecore-all/data/gemoc/ardurobotmodeling/language_workbench/org.gemoc.ardurobotml.model/model/Ardurobotml.ecore,false,false,false,"parse: failed to parse modelset/raw-data/repo-ecore-all/data/gemoc/ardurobotmodeling/language_workbench/org.gemoc.ardurobotml.model/model/Ardurobotml.ecore: expected tag `>` failed to parse operation annotation failed to parse class operation failed to parse class `TFSM` line 17, column 36 current parser state: | `/>` | `    </eOperations>` parsing failed"
modelset/raw-data/repo-ecore-all/data/gemoc/concurrency/moccml/mapping/examples/TFSM/fr.inria.aoste.gemoc.example.tfsm.model/model/tfsm.ecore,true,true,true,
modelset/raw-data/repo-ecore-all/data/gemoc/concurrency/moccml/mapping/examples/fr.inria.aoste.timesquare.ecl.examples/FSM_DSL/ecore/fsm.ecore,true,true,true,
modelset/raw-data/repo-ecore-all/data/gemoc/gemoc-studio-old/official_samples/LegacyFSM/language_workbench/org.gemoc.sample.legacyfsm.xsfsm.xsfsm/model/XSFSM.ecore,false,false,false,"parse: failed to parse modelset/raw-data/repo-ecore-all/data/gemoc/gemoc-studio-old/official_samples/LegacyFSM/language_workbench/org.gemoc.sample.legacyfsm.xsfsm.xsfsm/model/XSFSM.ecore: expected tag `>` failed to parse operation annotation failed to parse class operation failed to parse class `StateMachine` line 8, column 36 current parser state: | `/>` | `    </eOperations>` parsing failed"
modelset/raw-data/repo-ecore-all/data/gemoc/gemoc-studio-old/official_samples/TFSM/language_workbench/org.gemoc.sample.tfsm.concurrent.xtfsm/model/XTfsm.ecore,false,false,false,"parse: failed to parse modelset/raw-data/repo-ecore-all/data/gemoc/gemoc-studio-old/official_samples/TFSM/language_workbench/org.gemoc.sample.tfsm.concurrent.xtfsm/model/XTfsm.ecore: expected tag `>` failed to parse operation annotation failed to parse class operation failed to parse class `TFSM` line 5, column 36 current parser state: | `/>` | `      <eType xsi:type=""ecore:EDataType"" href=""http://www.eclipse.org/emf/2002/Ecore#//EString""/>` parsing failed"
modelset/raw-data/repo-ecore-all/data/gemoc/mini-expression-server/fr.inria.diverse.webservice.dsl.model/model/model.ecore,true,true,true,
modelset/raw-data/repo-ecore-all/data/gemoc/modelanimation/trace/xmof_slice_workinprogress/fr.inria.diverse.tracemm.xmof.footprint.eol.test/tracemms/fumltracemmNEWFormat.ecore,false,false,false,"parse: failed to parse modelset/raw-data/repo-ecore-all/data/gemoc/modelanimation/trace/xmof_slice_workinprogress/fr.inria.diverse.tracemm.xmof.footprint.eol.test/tracemms/fumltracemmNEWFormat.ecore: unexpected package content line 184, column 3 current parser state: | `<eSubpackages name=""Steps"" nsURI=""umlTrace_Steps"" nsPrefix=""events"">` | `    <eClassifiers xsi:type=""ecore:EClass"" name=""SmallStep"" abstract=""true"">` parsing failed"
modelset/raw-data/repo-ecore-all/data/gemoc/org.eclipse.sirius/plugins/org.eclipse.sirius/model/viewpoint.ecore,false,false,false,"parse: failed to parse modelset/raw-data/repo-ecore-all/data/gemoc/org.eclipse.sirius/plugins/org.eclipse.sirius/model/viewpoint.ecore: unsupported `eType` path `ecore:EClass platform:/plugin/org.eclipse.emf.ecore/model/Ecore.ecore#//EObject` failed to parse structural features failed to parse class `DAnalysis` line 15, column 58 current parser state: | `` | `    <eStructuralFeatures xsi:type=""ecore:EReference"" name=""eAnnotations"" upperBound=""-1""` parsing failed"
modelset/raw-data/repo-ecore-all/data/gemoc/org.eclipse.sirius/plugins/org.eclipse.sirius.diagram/model/diagram.ecore,false,false,false,"parse: failed to parse modelset/raw-data/repo-ecore-all/data/gemoc/org.eclipse.sirius/plugins/org.eclipse.sirius.diagram/model/diagram.ecore: expected identifier failed to parse class operation failed to parse class `DDiagram` line 13, column 69 current parser state: | `>` | `        <eAnnotations source=""http://www.eclipse.org/emf/2002/GenModel"">` parsing failed"
modelset/raw-data/repo-ecore-all/data/gemoc/org.eclipse.sirius/plugins/org.eclipse.sirius.table/model/table.ecore,false,false,false,"parse: failed to parse modelset/raw-data/repo-ecore-all/data/gemoc/org.eclipse.sirius/plugins/org.eclipse.sirius.table/model/table.ecore: unknown builtit class URL `platform:/plugin/org.eclipse.emf.ecore/model/Ecore.ecore#//EInt` failed to parse structural features failed to parse class `DTable` line 7, column 168 current parser state: | `` | `    <eStructuralFeatures xsi:type=""ecore:EReference"" name=""description"" eType=""#//description/TableDescription""/>` parsing failed"
modelset/raw-data/repo-ecore-all/data/gemoc/org.eclipse.sirius/plugins/org.eclipse.sirius.tests.sample.migration/model/migrationModeler.ecore,false,false,false,"parse: failed to parse modelset/raw-data/repo-ecore-all/data/gemoc/org.eclipse.sirius/plugins/org.eclipse.sirius.tests.sample.migration/model/migrationModeler.ecore: unknown builtit class URL `platform:/plugin/org.eclipse.emf.ecore/model/Ecore.ecore#//EInt` failed to parse structural features failed to parse class `BasicLabelStyle` line 181, column 33 current parser state: | `` | `      <eAnnotations source=""http://www.eclipse.org/emf/2002/GenModel"">` parsing failed"
modelset/raw-data/repo-ecore-all/data/gemoc/org.eclipse.sirius/plugins/org.eclipse.sirius.tree/model/tree.ecore,false,false,false,"parse: failed to parse modelset/raw-data/repo-ecore-all/data/gemoc/org.eclipse.sirius/plugins/org.eclipse.sirius.tree/model/tree.ecore: unsupported `eType` path `ecore:EClass platform:/plugin/org.eclipse.emf.ecore/model/Ecore.ecore#//EObject` failed to parse structural features failed to parse class `DTree` line 6, column 98 current parser state: | `` | `    <eStructuralFeatures xsi:type=""ecore:EReference"" name=""description"" lowerBound=""1""` parsing failed"
modelset/raw-data/repo-ecore-all/data/gemoc/petrinet/petrinetv1/fr.inria.diverse.sample.petrinetv1.model/model/petrinetv1.ecore,false,false,false,"parse: failed to parse modelset/raw-data/repo-ecore-all/data/gemoc/petrinet/petrinetv1/fr.inria.diverse.sample.petrinetv1.model/model/petrinetv1.ecore: expected tag `>` failed to parse structural feature annotation failed to parse structural features failed to parse class `Place` line 21, column 36 current parser state: | `/>` | `    </eStructuralFeatures>` parsing failed"
modelset/raw-data/repo-ecore-all/data/gemoc/petrinet/petrinetv1/fr.inria.diverse.sample.petrinetv1.xdsml/model-gen/XPetrinetv1MT.ecore,false,false,false,"parse: failed to parse modelset/raw-data/repo-ecore-all/data/gemoc/petrinet/petrinetv1/fr.inria.diverse.sample.petrinetv1.xdsml/model-gen/XPetrinetv1MT.ecore: expected tag `>` failed to parse operation annotation failed to parse class operation failed to parse class `Net` line 5, column 36 current parser state: | `/>` | `      <eParameters name=""args"" upperBound=""-1"">` parsing failed"
modelset/raw-data/repo-ecore-all/data/gemoc/petrinet/petrinetv1/fr.inria.diverse.sample.petrinetv1.xdsml.xpetrinetv1/model/XPetrinetv1.ecore,false,false,false,"parse: failed to parse modelset/raw-data/repo-ecore-all/data/gemoc/petrinet/petrinetv1/fr.inria.diverse.sample.petrinetv1.xdsml.xpetrinetv1/model/XPetrinetv1.ecore: expected tag `>` failed to parse operation annotation failed to parse class operation failed to parse class `Net` line 5, column 36 current parser state: | `/>` | `      <eParameters name=""args"" upperBound=""-1"">` parsing failed"
modelset/raw-data/repo-ecore-all/data/gemoc/petrinet/petrinetv2/fr.inria.diverse.sample.petrinetv2.model/model/petrinetv2.ecore,false,false,false,"parse: failed to parse modelset/raw-data/repo-ecore-all/data/gemoc/petrinet/petrinetv2/fr.inria.diverse.sample.petrinetv2.model/model/petrinetv2.ecore: expected tag `>` failed to parse structural feature annotation failed to parse structural features failed to parse class `Place` line 22, column 36 current parser state: | `/>` | `    </eStructuralFeatures>` parsing failed"
modelset/raw-data/repo-ecore-all/data/gemoc/petrinet/petrinetv3/fr.inria.diverse.sample.petrinetv3.model/model/petrinetv3.ecore,false,false,false,"parse: failed to parse modelset/raw-data/repo-ecore-all/data/gemoc/petrinet/petrinetv3/fr.inria.diverse.sample.petrinetv3.model/model/petrinetv3.ecore: expected tag `>` failed to parse structural feature annotation failed to parse structural features failed to parse class `Transition` line 20, column 36 current parser state: | `/>` | `    </eStructuralFeatures>` parsing failed"
modelset/raw-data/repo-ecore-all/data/geodes-sms/EModelDistance/sources/org.petrinets/metamodel/petrinets.ecore,true,true,true,
modelset/raw-data/repo-ecore-all/data/geodes-sms/NeoModelingFramework/EmfModel/metamodel/AttributesTest.ecore,false,false,false,"parse: failed to parse modelset/raw-data/repo-ecore-all/data/geodes-sms/NeoModelingFramework/EmfModel/metamodel/AttributesTest.ecore: unknown builtit class URL `http://www.eclipse.org/emf/2002/Ecore#//EBigDecimal` failed to parse structural features failed to parse class `Root` line 5, column 149 current parser state: | `` | `    <eStructuralFeatures xsi:type=""ecore:EAttribute"" name=""bigInteger"" eType=""ecore:EDataType http://www.eclipse.org/emf/2002/Ecore#//EBigInteger""/>` parsing failed"
modelset/raw-data/repo-ecore-all/data/geodes-sms/NeoModelingFramework/EmfModel/metamodel/Library.ecore,true,true,true,
modelset/raw-data/repo-ecore-all/data/geodes-sms/j-t-core/Ramifier/flesh/mindmap.ecore,true,true,true,
modelset/raw-data/repo-ecore-all/data/geodes-sms/j-t-core/Ramifier/flesh/sm.ecore,true,true,true,
modelset/raw-data/repo-ecore-all/data/geodes-sms/j-t-core/Ramifier/metmodels/ecorer.ecore,false,false,false,"parse: failed to parse modelset/raw-data/repo-ecore-all/data/geodes-sms/j-t-core/Ramifier/metmodels/ecorer.ecore: Missing attribute `eType` in structural feature `instanceClass` failed to parse structural features failed to parse class `EClassifier` line 111, column 41 current parser state: | `` | `      <eGenericType eClassifier=""#//EJavaClass"">` parsing failed"
modelset/raw-data/repo-ecore-all/data/geodes-sms/j-t-core/res/friends/friends.ecore,true,true,true,
modelset/raw-data/repo-ecore-all/data/geodes-sms/j-t-core/res/friends/friends_ramified.ecore,true,true,true,
modelset/raw-data/repo-ecore-all/data/geodes-sms/j-t-core/res/tables/tables.ecore,true,true,true,
modelset/raw-data/repo-ecore-all/data/geodes-sms/j-t-core/res/tables/tables_ramified.ecore,true,true,true,
modelset/raw-data/repo-ecore-all/data/gerardnng/G7SynthMDE/MicroModeling/model/MicrocontrollerModeling.ecore,true,true,true,
modelset/raw-data/repo-ecore-all/data/germanogualberto/compiladores20182/org.xtext.example.pascal/model/generated/Pascal.ecore,false,false,false,"parse: failed to parse modelset/raw-data/repo-ecore-all/data/germanogualberto/compiladores20182/org.xtext.example.pascal/model/generated/Pascal.ecore: unsupported `eType` path `ecore:EClass http://www.eclipse.org/emf/2002/Ecore#//EObject` failed to parse structural features failed to parse class `simple_expression` line 85, column 98 current parser state: | `` | `    <eStructuralFeatures xsi:type=""ecore:EAttribute"" name=""operators"" unique=""false""` parsing failed"
modelset/raw-data/repo-ecore-all/data/ghillairet/emftriple/tests/org.eclipselabs.emftriple.jena.junit/model/model.ecore,false,false,false,"parse: failed to parse modelset/raw-data/repo-ecore-all/data/ghillairet/emftriple/tests/org.eclipselabs.emftriple.jena.junit/model/model.ecore: unknown builtit class URL `http://www.eclipse.org/emf/2002/Ecore#//EJavaObject` failed to parse structural features failed to parse class `Location` line 51, column 52 current parser state: | `` | `  </eClassifiers>` parsing failed"
modelset/raw-data/repo-ecore-all/data/ghillairet/emftriple/tests/org.eclipselabs.emftriple.junit/model/model.ecore,false,false,false,"parse: failed to parse modelset/raw-data/repo-ecore-all/data/ghillairet/emftriple/tests/org.eclipselabs.emftriple.junit/model/model.ecore: unknown builtit class URL `http://www.eclipse.org/emf/2002/Ecore#//EJavaObject` failed to parse structural features failed to parse class `Location` line 51, column 52 current parser state: | `` | `  </eClassifiers>` parsing failed"
modelset/raw-data/repo-ecore-all/data/ghillairet/emftriple/tests/org.eclipselabs.emftriple.sesame.junit/model/model.ecore,false,false,false,"parse: failed to parse modelset/raw-data/repo-ecore-all/data/ghillairet/emftriple/tests/org.eclipselabs.emftriple.sesame.junit/model/model.ecore: unknown builtit class URL `http://www.eclipse.org/emf/2002/Ecore#//EJavaObject` failed to parse structural features failed to parse class `Location` line 29, column 52 current parser state: | `` | `  </eClassifiers>` parsing failed"
modelset/raw-data/repo-ecore-all/data/ghillairet/gmf-tooling-gwt-runtime/org.eclipse.gmf.runtime.notation.gwt/model/notation.ecore,false,false,false,"parse: failed to parse modelset/raw-data/repo-ecore-all/data/ghillairet/gmf-tooling-gwt-runtime/org.eclipse.gmf.runtime.notation.gwt/model/notation.ecore: unsupported `eType` path `ecore:EClass platform:/plugin/org.eclipse.emf.ecore/model/Ecore.ecore#//EClass` failed to parse class operation failed to parse class `Edge` line 7, column 122 current parser state: | `` | `    </eOperations>` parsing failed"
modelset/raw-data/repo-ecore-all/data/ghillairet/sample-gefapp/org.sample.gefapp.model/model/entities.ecore,true,true,true,
modelset/raw-data/repo-ecore-all/data/giacogiac/animated-hipster/ArduinoML/model/ArduinoML.ecore,true,true,true,
modelset/raw-data/repo-ecore-all/data/githubbrunob/DSLTransGIT/DSLTranslator/model/Ecore.ecore,false,false,false,"parse: failed to parse modelset/raw-data/repo-ecore-all/data/githubbrunob/DSLTransGIT/DSLTranslator/model/Ecore.ecore: Missing attribute `eType` in structural feature `instanceClass` failed to parse structural features failed to parse class `EClassifier` line 120, column 57 current parser state: | `` | `      <eGenericType eClassifier=""#//EJavaClass"">` parsing failed"
modelset/raw-data/repo-ecore-all/data/githubbrunob/DSLTransGIT/SOSBuilder/development/metamodel/SOS.ecore,false,false,false,"parse: failed to parse modelset/raw-data/repo-ecore-all/data/githubbrunob/DSLTransGIT/SOSBuilder/development/metamodel/SOS.ecore: unexpected package content line 59, column 3 current parser state: | `<eSubpackages name=""adtmm"" nsURI=""SOS.adtmm"" nsPrefix=""adtmm"">` | `    <eClassifiers xsi:type=""ecore:EClass"" name=""ADT"">` parsing failed"
modelset/raw-data/repo-ecore-all/data/githubbrunob/DSLTransGIT/Transformer2.0/Metamodels/Relational.ecore,true,true,true,
modelset/raw-data/repo-ecore-all/data/githubbrunob/DSLTransGIT/Transformer2.0/tests/t_negative_distinct_1/FormalMetamodel.ecore,true,true,true,
modelset/raw-data/repo-ecore-all/data/gmenti/domainmodel/org.xtext.domainmodel/model/generated/DomainModel.ecore,true,true,true,
modelset/raw-data/repo-ecore-all/data/gmussbacher/seg.jUCMNav/src/seg/jUCMNav/emf/CORE.ecore,true,true,true,
modelset/raw-data/repo-ecore-all/data/go2zo/flaming-bear/org.eclipse.papyrus.sysml/model/ecore.ecore,false,false,false,"parse: failed to parse modelset/raw-data/repo-ecore-all/data/go2zo/flaming-bear/org.eclipse.papyrus.sysml/model/ecore.ecore: unexpected class content failed to parse class `EEList` line 408, column 5 current parser state: | `<eTypeParameters name=""E""/>` | `  </eClassifiers>` parsing failed"
modelset/raw-data/repo-ecore-all/data/goat-package/goat-plugin/com.sysma.goat.eclipse_plugin/model/generated/GoatInfrastructure.ecore,true,true,true,
modelset/raw-data/repo-ecore-all/data/goddrob/mdsd_hotel/CodePack.ecore,false,false,false,"parse: failed to parse modelset/raw-data/repo-ecore-all/data/goddrob/mdsd_hotel/CodePack.ecore: unexpected operation attribute `ordered` failed to parse class operation failed to parse class `IUserAccount` line 6, column 57 current parser state: | ` lowerBound=""1"" eType=""ecore:EDataType http://www.eclipse.org/emf/2002/Ecore#//EBoolean"">` | `      <eParameters name=""e_mail"" ordered=""false"" lowerBound=""1"" eType=""ecore:EDataType http://www.eclipse.org/emf/2002/Ecore#//EString""/>` parsing failed"
modelset/raw-data/repo-ecore-all/data/gomezabajo/Wodel/anatlyzer.atl.standalone.api/examples/uml2java/metamodels/java.ecore,true,false,false,"generate: timeout after 120s: /arachne/target/debug/arachne generate modelset/raw-data/repo-ecore-all/data/gomezabajo/Wodel/anatlyzer.atl.standalone.api/examples/uml2java/metamodels/java.ecore -o /var/folders/24/3kt9vzrj6qzd_r760kn9ybsm0000gn/T/arachne-modelset-omcite9_/generated-00677 -p modelset-00677-24308748 [INFO  arachne] Starting code generation [INFO  arachne_codegen] Validating configuration [INFO  arachne_codegen] Parsing ecore metamodel: ""modelset/raw-data/repo-ecore-all/data/gomezabajo/Wodel/anatlyzer.atl.standalone.api/examples/uml2java/metamodels/java.ecore"" [WARN  ecore_rs::parser::raw] Structural feature `body` sets `ordered` while `upperBound=1`; this has no effect [WARN  ecore_rs::parser::raw] `eOpposite` attributes are currently not supported, ignoring [WARN  ecore_rs::parser::raw] `eOpposite` attributes are currently not supported, ignoring [WARN  ecore_rs::parser::raw] `eOpposite` attributes are currently not supported, ignoring [WARN  ecore_rs::parser::raw] Structural feature `method` sets `ordered` while `upperBound=1`; this has no effect [WARN  ecore_rs::parser::raw] `eOpposite` attributes are currently not supported, ignoring [WARN  ecore_rs::parser::raw] `eOpposite` attributes are currently not supported, ignoring [WARN  ecore_rs::parser::raw] Structural feature `package` sets `ordered` while `upperBound=1`; this has no effect [WARN  ecore_rs::parser::raw] `eOpposite` attributes are currently not supported, ignoring [WARN  ecore_rs::parser::raw] Structural feature `qualifier` sets `ordered` while `upperBound=1`; this has no effect [WARN  ecore_rs::parser::raw] Structural feature `type` sets `ordered` while `upperBound=1`; this has no effect [WARN  ecore_rs::parser::raw] `eOpposite` attributes are currently not supported, ignoring [WARN  ecore_rs::parser::raw] Structural feature `type` sets `ordered` while `upperBound=1`; this has no effect [WARN  ecore_rs::parser::raw] Structural feature `originalFilePath` sets `ordered` while `upperBound=1`; this has no effect [WARN  ecore_rs::parser::raw] Structural feature `originalFilePath` sets `unique` while `upperBound=1`; this has no effect [WARN  ecore_rs::parser::raw] Structural feature `manifest` sets `ordered` while `upperBound=1`; this has no effect [WARN  ecore_rs::parser::raw] Structural feature `message` sets `ordered` while `upperBound=1`; this has no effect [WARN  ecore_rs::parser::raw] Structural feature `expression` sets `ordered` while `upperBound=1`; this has no effect [WARN  ecore_rs::parser::raw] Structural feature `originalCompilationUnit` sets `ordered` while `upperBound=1`; this has no effect [WARN  ecore_rs::parser::raw] Structural feature `originalClassFile` sets `ordered` while `upperBound=1`; this has no effect [WARN  ecore_rs::parser::raw] Structural feature `member` sets `ordered` while `upperBound=1`; this has no effect [WARN  ecore_rs::parser::raw] `eOpposite` attributes are currently not supported, ignoring [WARN  ecore_rs::parser::raw] Structural feature `value` sets `ordered` while `upperBound=1`; this has no effect [WARN  ecore_rs::parser::raw] Structural feature `default` sets `ordered` while `upperBound=1`; this has no effect [WARN  ecore_rs::parser::raw] Structural feature `type` sets `ordered` while `upperBound=1`; this has no effect [WARN  ecore_rs::parser::raw] `eOpposite` attributes are currently not supported, ignoring [WARN  ecore_rs::parser::raw] `eOpposite` attributes are currently not supported, ignoring [WARN  ecore_rs::parser::raw] Structural feature `classInstanceCreation` sets `ordered` while `upperBound=1`; this has no effect [WARN  ecore_rs::parser::raw] Structural feature `array` sets `ordered` while `upperBound=1`; this has no effect [WARN  ecore_rs::parser::raw] Structural feature `index` sets `ordered` while `upperBound=1`; this has no effect [WARN  ecore_rs::parser::raw] Structural feature `initializer` sets `ordered` while `upperBound=1`; this has no effect [WARN  ecore_rs::parser::raw] Structural feature `type` sets `ordered` while `upperBound=1`; this has no effect [WARN  ecore_rs::parser::raw] Structural feature `array` sets `ordered` while `upperBound=1`; this has no effect [WARN  ecore_rs::parser::raw] Structural feature `dimensions` sets `ordered` while `upperBound=1`; this has n [output truncated after 4000 chars]"
modelset/raw-data/repo-ecore-all/data/gomezabajo/Wodel/anatlyzer.atl.typing/model/ext.ecore,false,false,false,"parse: failed to parse modelset/raw-data/repo-ecore-all/data/gomezabajo/Wodel/anatlyzer.atl.typing/model/ext.ecore: unexpected package content line 7, column 3 current parser state: | `<eSubpackages name=""ATL"" nsURI=""http://anatlyzer/atlext/ATL"" nsPrefix=""atl_ext_atl"">` | `    <eClassifiers xsi:type=""ecore:EClass"" name=""LocatedElement"">` parsing failed"
modelset/raw-data/repo-ecore-all/data/gomezabajo/Wodel/anatlyzer.atl.typing/model/generated/ATLmodified.ecore,false,false,false,"parse: failed to parse modelset/raw-data/repo-ecore-all/data/gomezabajo/Wodel/anatlyzer.atl.typing/model/generated/ATLmodified.ecore: unexpected package content line 4, column 3 current parser state: | `<eSubpackages name=""ATL"" nsURI=""http://anatlyzer/atlstatic/ATL"" nsPrefix=""atl"">` | `    <eClassifiers xsi:type=""ecore:EClass"" name=""LocatedElement"" abstract=""true"">` parsing failed"
modelset/raw-data/repo-ecore-all/data/gomezabajo/Wodel/wodel.models/models/BaseCS.ecore,false,false,false,"parse: failed to parse modelset/raw-data/repo-ecore-all/data/gomezabajo/Wodel/wodel.models/models/BaseCS.ecore: unsupported `eType` path `ecore:EClass Pivot.ecore#//Type` failed to parse class operation failed to parse class `ClassifierCS` line 36, column 84 current parser state: | `` | `      <eAnnotations source=""http://www.eclipse.org/emf/2002/Ecore/OCL"">` parsing failed"
modelset/raw-data/repo-ecore-all/data/gomezabajo/Wodel/wodel.models/models/EssentialOCLCS.ecore,false,false,false,"parse: failed to parse modelset/raw-data/repo-ecore-all/data/gomezabajo/Wodel/wodel.models/models/EssentialOCLCS.ecore: unsupported `eType` path `ecore:EClass Pivot.ecore#//NamedElement` failed to parse class operation failed to parse class `AbstractNameExpCS` line 7, column 90 current parser state: | `` | `    <eOperations name=""getNameExp"" lowerBound=""1"" eType=""#//AbstractNameExpCS""/>` parsing failed"
modelset/raw-data/repo-ecore-all/data/gomezabajo/Wodel/wodel.models/models/MiniOCL.ecore,false,false,false,"parse: failed to parse modelset/raw-data/repo-ecore-all/data/gomezabajo/Wodel/wodel.models/models/MiniOCL.ecore: unsupported `eType` path `ecore:EClass http://www.eclipse.org/emf/2002/Ecore#//EStructuralFeature` failed to parse structural features failed to parse class `PathElementCS` line 128, column 151 current parser state: | `` | `  </eClassifiers>` parsing failed"
modelset/raw-data/repo-ecore-all/data/gomezabajo/Wodel/wodel.models/models/MiniOCLCS.ecore,false,false,false,"parse: failed to parse modelset/raw-data/repo-ecore-all/data/gomezabajo/Wodel/wodel.models/models/MiniOCLCS.ecore: unsupported `eType` path `ecore:EClass http://www.eclipse.org/emf/2002/Ecore#//EClass` failed to parse structural features failed to parse class `PathElementCS` line 210, column 142 current parser state: | `` | `  </eClassifiers>` parsing failed"
modelset/raw-data/repo-ecore-all/data/gomezabajo/Wodel/wodel.models/models/ModelDraw.ecore,false,false,false,"parse: failed to parse modelset/raw-data/repo-ecore-all/data/gomezabajo/Wodel/wodel.models/models/ModelDraw.ecore: unsupported `eType` path `ecore:EClass http://www.eclipse.org/emf/2002/Ecore#//EClass` failed to parse structural features failed to parse class `Item` line 8, column 135 current parser state: | `` | `  </eClassifiers>` parsing failed"
modelset/raw-data/repo-ecore-all/data/gomezabajo/Wodel/wodel.models/models/MutatorEnvironment.ecore,false,false,false,"parse: failed to parse modelset/raw-data/repo-ecore-all/data/gomezabajo/Wodel/wodel.models/models/MutatorEnvironment.ecore: unsupported `eType` path `ecore:EClass http://www.eclipse.org/emf/2002/Ecore#//EClass` failed to parse structural features failed to parse class `ObjectEmitter` line 35, column 135 current parser state: | `` | `    <eStructuralFeatures xsi:type=""ecore:EAttribute"" name=""name"" eType=""ecore:EDataType http://www.eclipse.org/emf/2002/Ecore#//EString""/>` parsing failed"
modelset/raw-data/repo-ecore-all/data/gomezabajo/Wodel/wodel.models/models/Pivot.ecore,false,false,false,"parse: failed to parse modelset/raw-data/repo-ecore-all/data/gomezabajo/Wodel/wodel.models/models/Pivot.ecore: expected tag `>` failed to parse package annotation line 4, column 64 current parser state: | `/>` | `  <eAnnotations source=""http://www.eclipse.org/emf/2002/Ecore"">` parsing failed"
modelset/raw-data/repo-ecore-all/data/gomezabajo/Wodel/wodel.project.examples/models/bpel/bpel.ecore,false,false,false,"parse: failed to parse modelset/raw-data/repo-ecore-all/data/gomezabajo/Wodel/wodel.project.examples/models/bpel/bpel.ecore: unknown builtit class URL `http://www.eclipse.org/emf/2002/Ecore#//EBooleanObject` failed to parse structural features failed to parse class `Process` line 22, column 55 current parser state: | `` | `      <eAnnotations source=""http://www.eclipse.org/emf/2002/GenModel"">` parsing failed"
modelset/raw-data/repo-ecore-all/data/gomezabajo/Wodel/wodel.project.examples/models/umlcd/UMLClassDiagram.ecore,true,false,false,"generate: timeout after 120s: /arachne/target/debug/arachne generate modelset/raw-data/repo-ecore-all/data/gomezabajo/Wodel/wodel.project.examples/models/umlcd/UMLClassDiagram.ecore -o /var/folders/24/3kt9vzrj6qzd_r760kn9ybsm0000gn/T/arachne-modelset-omcite9_/generated-00688 -p modelset-00688-f9cca6d3 [INFO  arachne] Starting code generation [INFO  arachne_codegen] Validating configuration [INFO  arachne_codegen] Parsing ecore metamodel: ""modelset/raw-data/repo-ecore-all/data/gomezabajo/Wodel/wodel.project.examples/models/umlcd/UMLClassDiagram.ecore"" [INFO  arachne_codegen] Generating Rust tokens"
modelset/raw-data/repo-ecore-all/data/gomezabajo/Wodel/wodel.project.examples/models/wodeledufa/DFAAutomaton.ecore,true,true,true,
modelset/raw-data/repo-ecore-all/data/gon10/EclipseRepoTese/teseWorkspace/org.example.entities/model/generated/Entities.ecore,true,true,true,
modelset/raw-data/repo-ecore-all/data/gonbressan/InformeTesis/Tesis Abella/CodigoFuente/ProyectoGeneraImplDevs/DevsMetamodel/devs.ecore,true,true,true,
modelset/raw-data/repo-ecore-all/data/goshi-f-a/OCLTest/ExtendedPO2/model/epo2.ecore,false,false,false,"parse: failed to parse modelset/raw-data/repo-ecore-all/data/goshi-f-a/OCLTest/ExtendedPO2/model/epo2.ecore: unknown builtit class URL `http://www.eclipse.org/emf/2002/Ecore#//EDate` failed to parse structural features failed to parse class `PurchaseOrder` line 25, column 95 current parser state: | `` | `    <eStructuralFeatures xsi:type=""ecore:EAttribute"" name=""status"" ordered=""false""` parsing failed"
modelset/raw-data/repo-ecore-all/data/gourch/rds2sql/rds2sql/metamodels/genericSql.ecore,true,true,true,
modelset/raw-data/repo-ecore-all/data/governit/Entrega_Alvaro/CoCoStandalone/metamodels/SPLOT2CoCo.ecore,true,true,true,
modelset/raw-data/repo-ecore-all/data/governit/Many-ObjectiveEPL/BaseLine_Components/metamodels/CoCo2Choco.ecore,false,false,false,"parse: failed to parse modelset/raw-data/repo-ecore-all/data/governit/Many-ObjectiveEPL/BaseLine_Components/metamodels/CoCo2Choco.ecore: unknown builtit class URL `http://www.eclipse.org/emf/2002/Ecore#//EDate` failed to parse structural features failed to parse class `Project` line 200, column 137 current parser state: | `` | `    <eStructuralFeatures xsi:type=""ecore:EAttribute"" name=""target"" eType=""ecore:EDataType http://www.eclipse.org/emf/2002/Ecore#//EBoolean""/>` parsing failed"
modelset/raw-data/repo-ecore-all/data/governit/Many-ObjectiveEPL/BaseLine_Components/metamodels/DSL2CoCo.ecore,true,true,true,
modelset/raw-data/repo-ecore-all/data/governit/MultiCloud/MultiCloudPL/metamodel/Test7.ecore,true,true,true,
modelset/raw-data/repo-ecore-all/data/gpaulbr/LP-Scheme/org.xtext.example.scheme/model/generated/Scheme.ecore,true,true,true,
modelset/raw-data/repo-ecore-all/data/grammarware/sle16/bousse/examples/examples/java/language-workbench/org.gemoc.arduino.sequential.arduino/model/Arduino.ecore,false,false,false,"parse: failed to parse modelset/raw-data/repo-ecore-all/data/grammarware/sle16/bousse/examples/examples/java/language-workbench/org.gemoc.arduino.sequential.arduino/model/Arduino.ecore: unsupported `eType` path `//Project` failed to parse structural features failed to parse class `Board` line 4, column 132 current parser state: | `` | `  </eClassifiers>` parsing failed"
modelset/raw-data/repo-ecore-all/data/grammarware/sle16/bousse/examples/examples/java+moccml/language-workbench/org.modelexecution.operationalsemantics.ad/ad/activitydiagram.ecore,false,false,false,"parse: failed to parse modelset/raw-data/repo-ecore-all/data/grammarware/sle16/bousse/examples/examples/java+moccml/language-workbench/org.modelexecution.operationalsemantics.ad/ad/activitydiagram.ecore: expected tag `>` failed to parse operation annotation failed to parse class operation failed to parse class `Activity` line 5, column 36 current parser state: | `/>` | `    </eOperations>` parsing failed"
modelset/raw-data/repo-ecore-all/data/grammarware/sle16/bousse/framework-sources/ModelDebugging/trace/tests_and_benchmarks/fr.inria.diverse.trace.metamodel.generator.test/model_inputs_xmof/activitydiagram.ecore,true,true,true,
modelset/raw-data/repo-ecore-all/data/grammarware/sle16/bousse/framework-sources/gemoc-studio/official_samples/TFSM/language_workbench/org.gemoc.sample.tfsm.model/model/tfsm.ecore,false,false,false,"parse: failed to parse modelset/raw-data/repo-ecore-all/data/grammarware/sle16/bousse/framework-sources/gemoc-studio/official_samples/TFSM/language_workbench/org.gemoc.sample.tfsm.model/model/tfsm.ecore: expected tag `>` failed to parse operation annotation failed to parse class operation failed to parse class `TFSM` line 6, column 36 current parser state: | `/>` | `    </eOperations>` parsing failed"
modelset/raw-data/repo-ecore-all/data/grammarware/sle16/bousse/framework-sources/gemoc-studio/official_samples/TFSM_PlainK3/language_workbench/org.gemoc.sample.tfsm.plaink3.xdsml/model-gen/XTfsmMT.ecore,false,false,false,"parse: failed to parse modelset/raw-data/repo-ecore-all/data/grammarware/sle16/bousse/framework-sources/gemoc-studio/official_samples/TFSM_PlainK3/language_workbench/org.gemoc.sample.tfsm.plaink3.xdsml/model-gen/XTfsmMT.ecore: expected tag `>` failed to parse operation annotation failed to parse class operation failed to parse class `TFSM` line 5, column 36 current parser state: | `/>` | `    </eOperations>` parsing failed"
modelset/raw-data/repo-ecore-all/data/grammarware/slps/topics/fl/emf1/fl.ecore,true,true,true,
modelset/raw-data/repo-ecore-all/data/grammarware/slps/topics/grammars/metamodels/GWPNV0/GWPNV0.ecore,true,true,true,
modelset/raw-data/repo-ecore-all/data/grbeni/Y2U/de.uni_paderborn.uppaal/model/uppaal.ecore,false,false,false,"parse: failed to parse modelset/raw-data/repo-ecore-all/data/grbeni/Y2U/de.uni_paderborn.uppaal/model/uppaal.ecore: unexpected package content line 92, column 3 current parser state: | `<eSubpackages name=""core"" nsURI=""http://www.uni-paderborn.de/uppaal/core/0.4.0""` | `      nsPrefix=""core"">` parsing failed"
modelset/raw-data/repo-ecore-all/data/grogers99/cricket-model/model.ecore,false,false,false,"parse: failed to parse modelset/raw-data/repo-ecore-all/data/grogers99/cricket-model/model.ecore: unknown builtit class URL `http://www.eclipse.org/emf/2002/Ecore#//EDate` failed to parse structural features failed to parse class `Game` line 12, column 80 current parser state: | `` | `  </eClassifiers>` parsing failed"
modelset/raw-data/repo-ecore-all/data/grogers99/cricket-model/types.ecore,true,true,true,
modelset/raw-data/repo-ecore-all/data/gruzilla/swag/modelDrivenSwag/src/metamodel/metamodel.ecore,true,true,true,
modelset/raw-data/repo-ecore-all/data/gsrinivas37/com.example.goodreads/model/goodreads.ecore,true,true,true,
modelset/raw-data/repo-ecore-all/data/gsrinivas37/com.example.goodreads.model/com.example.goodreads.model/model/goodreads.ecore,true,true,true,
modelset/raw-data/repo-ecore-all/data/gssi/ATL-zoo-copy/ATLZoo/ListMetamodelRefactoring/ListMetamodelRefactoring/Metamodel/TypeA.ecore,true,true,true,
modelset/raw-data/repo-ecore-all/data/gssi/ATL-zoo-copy/ATLZoo/ListMetamodelRefactoring/ListMetamodelRefactoring/Metamodel/TypeB.ecore,true,true,true,
modelset/raw-data/repo-ecore-all/data/gssi/ATL-zoo-copy/ATLZoo/Port/Port/Metamodel/TypeB.ecore,true,true,true,
modelset/raw-data/repo-ecore-all/data/gssi/ATL-zoo-copy/ATLZoo/QVT2ATLVM/QVT2ATLVM/Samples/Book2Publication/BOOKS.ecore,true,true,true,
modelset/raw-data/repo-ecore-all/data/gssi/ATL-zoo-copy/ATLZoo/SideEffect/SideEffect/Metamodels/TypeA.ecore,true,true,true,
modelset/raw-data/repo-ecore-all/data/gssi/ATL-zoo-copy/ATLZoo/SideEffect/SideEffect/Metamodels/TypeB.ecore,true,true,true,
modelset/raw-data/repo-ecore-all/data/gssi/ATL-zoo-copy/ATLZoo/Tree2List/Tree2List/metamodels/MMTree.ecore,true,true,true,
modelset/raw-data/repo-ecore-all/data/gssi/ATLInject/atl.ecore,false,false,false,"parse: failed to parse modelset/raw-data/repo-ecore-all/data/gssi/ATLInject/atl.ecore: unexpected content at package level line 2, column 1 current parser state: | `<xmi:XMI xmi:version=""2.0"" xmlns:xmi=""http://www.omg.org/XMI"" xmlns:xsi=""http://www.w3.org/2001/XMLSchema-instance""` | `    xmlns:ecore=""http://www.eclipse.org/emf/2002/Ecore"">` parsing failed"
modelset/raw-data/repo-ecore-all/data/gssi/Company2CRM/mm/R1/Company.ecore,true,true,true,
modelset/raw-data/repo-ecore-all/data/gssi/Company2CRM/mm/R2/Company.ecore,true,true,true,
modelset/raw-data/repo-ecore-all/data/gssi/Company2CRM/mm/R3/Company.ecore,true,true,true,
modelset/raw-data/repo-ecore-all/data/gssi/Company2CRM/mm/R4/Company.ecore,true,true,true,
modelset/raw-data/repo-ecore-all/data/gssi/Company2CRM/mm/R5/Company.ecore,true,true,true,
modelset/raw-data/repo-ecore-all/data/gssi/Company2CRM/mm/R6/Company.ecore,true,true,true,
modelset/raw-data/repo-ecore-all/data/gssi/Company2CRM/mm/R7/Company.ecore,true,true,true,
modelset/raw-data/repo-ecore-all/data/gssi/Company2CRM/mm/evo/Company.ecore,true,true,true,
modelset/raw-data/repo-ecore-all/data/gssi/Company2CRM-case-study/Sosym2019-case-study/model/evo/Company.ecore,true,true,true,
modelset/raw-data/repo-ecore-all/data/gssi/Company2CRM-example/metamodels/Company.ecore,true,true,true,
modelset/raw-data/repo-ecore-all/data/gssi/Company2CRM-example/metamodels/evo/Company.ecore,true,true,true,
modelset/raw-data/repo-ecore-all/data/gssi/EcoreMetrics/EcoreMetrics/in/Families2.ecore,true,true,true,
modelset/raw-data/repo-ecore-all/data/gssi/EcoreMetrics/EcoreMetrics/metamodel/Metric.ecore,false,false,false,"parse: failed to parse modelset/raw-data/repo-ecore-all/data/gssi/EcoreMetrics/EcoreMetrics/metamodel/Metric.ecore: expected tag `>` failed to parse structural feature annotation failed to parse structural features failed to parse class `Metric` line 11, column 40 current parser state: | `/>` | `    </eStructuralFeatures>` parsing failed"
modelset/raw-data/repo-ecore-all/data/gssi/Edelta_bad_smells/model/Book.ecore,false,false,false,"parse: failed to parse modelset/raw-data/repo-ecore-all/data/gssi/Edelta_bad_smells/model/Book.ecore: unexpected content at package level line 2, column 1 current parser state: | `<xmi:XMI xmi:version=""2.0"" xmlns:xmi=""http://www.omg.org/XMI"" xmlns:xsi=""http://www.w3.org/2001/XMLSchema-instance""` | `    xmlns:ecore=""http://www.eclipse.org/emf/2002/Ecore"">` parsing failed"
modelset/raw-data/repo-ecore-all/data/gssi/Edelta_bad_smells/model/Families/BS1/Families.ecore,false,false,false,"parse: failed to parse modelset/raw-data/repo-ecore-all/data/gssi/Edelta_bad_smells/model/Families/BS1/Families.ecore: unexpected content at package level line 2, column 1 current parser state: | `<xmi:XMI xmi:version=""2.0"" xmlns:xmi=""http://www.omg.org/XMI"" xmlns:xsi=""http://www.w3.org/2001/XMLSchema-instance""` | `    xmlns:ecore=""http://www.eclipse.org/emf/2002/Ecore"">` parsing failed"
modelset/raw-data/repo-ecore-all/data/gssi/Edelta_bad_smells/model/Families/BS2/Families.ecore,false,false,false,"parse: failed to parse modelset/raw-data/repo-ecore-all/data/gssi/Edelta_bad_smells/model/Families/BS2/Families.ecore: unexpected content at package level line 2, column 1 current parser state: | `<xmi:XMI xmi:version=""2.0"" xmlns:xmi=""http://www.omg.org/XMI"" xmlns:xsi=""http://www.w3.org/2001/XMLSchema-instance""` | `    xmlns:ecore=""http://www.eclipse.org/emf/2002/Ecore"">` parsing failed"
modelset/raw-data/repo-ecore-all/data/gssi/Edelta_bad_smells/model/Families/BS4/Families.ecore,false,false,false,"parse: failed to parse modelset/raw-data/repo-ecore-all/data/gssi/Edelta_bad_smells/model/Families/BS4/Families.ecore: unexpected content at package level line 2, column 1 current parser state: | `<xmi:XMI xmi:version=""2.0"" xmlns:xmi=""http://www.omg.org/XMI"" xmlns:xsi=""http://www.w3.org/2001/XMLSchema-instance""` | `    xmlns:ecore=""http://www.eclipse.org/emf/2002/Ecore"">` parsing failed"
modelset/raw-data/repo-ecore-all/data/gssi/Edelta_bad_smells/model/Families/BS5/Families.ecore,false,false,false,"parse: failed to parse modelset/raw-data/repo-ecore-all/data/gssi/Edelta_bad_smells/model/Families/BS5/Families.ecore: unexpected content at package level line 2, column 1 current parser state: | `<xmi:XMI xmi:version=""2.0"" xmlns:xmi=""http://www.omg.org/XMI"" xmlns:xsi=""http://www.w3.org/2001/XMLSchema-instance""` | `    xmlns:ecore=""http://www.eclipse.org/emf/2002/Ecore"">` parsing failed"
modelset/raw-data/repo-ecore-all/data/gssi/Edelta_bad_smells/model/Families.ecore,false,false,false,"parse: failed to parse modelset/raw-data/repo-ecore-all/data/gssi/Edelta_bad_smells/model/Families.ecore: unexpected content at package level line 2, column 1 current parser state: | `<xmi:XMI xmi:version=""2.0"" xmlns:xmi=""http://www.omg.org/XMI"" xmlns:xsi=""http://www.w3.org/2001/XMLSchema-instance""` | `    xmlns:ecore=""http://www.eclipse.org/emf/2002/Ecore"">` parsing failed"
modelset/raw-data/repo-ecore-all/data/gssi/Edelta_bad_smells/model/PathExp/BS1/PathExp.ecore,false,false,false,"parse: failed to parse modelset/raw-data/repo-ecore-all/data/gssi/Edelta_bad_smells/model/PathExp/BS1/PathExp.ecore: unexpected content at package level line 2, column 1 current parser state: | `<xmi:XMI xmi:version=""2.0"" xmlns:xmi=""http://www.omg.org/XMI"" xmlns:xsi=""http://www.w3.org/2001/XMLSchema-instance""` | `    xmlns:ecore=""http://www.eclipse.org/emf/2002/Ecore"">` parsing failed"
modelset/raw-data/repo-ecore-all/data/gssi/Edelta_bad_smells/model/PathExp/BS2/PathExp.ecore,false,false,false,"parse: failed to parse modelset/raw-data/repo-ecore-all/data/gssi/Edelta_bad_smells/model/PathExp/BS2/PathExp.ecore: unexpected content at package level line 2, column 1 current parser state: | `<xmi:XMI xmi:version=""2.0"" xmlns:xmi=""http://www.omg.org/XMI"" xmlns:xsi=""http://www.w3.org/2001/XMLSchema-instance""` | `    xmlns:ecore=""http://www.eclipse.org/emf/2002/Ecore"">` parsing failed"
modelset/raw-data/repo-ecore-all/data/gssi/Edelta_bad_smells/model/PathExp/BS3/PathExp.ecore,false,false,false,"parse: failed to parse modelset/raw-data/repo-ecore-all/data/gssi/Edelta_bad_smells/model/PathExp/BS3/PathExp.ecore: unexpected content at package level line 2, column 1 current parser state: | `<xmi:XMI xmi:version=""2.0"" xmlns:xmi=""http://www.omg.org/XMI"" xmlns:xsi=""http://www.w3.org/2001/XMLSchema-instance""` | `    xmlns:ecore=""http://www.eclipse.org/emf/2002/Ecore"">` parsing failed"
modelset/raw-data/repo-ecore-all/data/gssi/Edelta_bad_smells/model/PathExp/BS4/PathExp.ecore,false,false,false,"parse: failed to parse modelset/raw-data/repo-ecore-all/data/gssi/Edelta_bad_smells/model/PathExp/BS4/PathExp.ecore: unexpected content at package level line 2, column 1 current parser state: | `<xmi:XMI xmi:version=""2.0"" xmlns:xmi=""http://www.omg.org/XMI"" xmlns:xsi=""http://www.w3.org/2001/XMLSchema-instance""` | `    xmlns:ecore=""http://www.eclipse.org/emf/2002/Ecore"">` parsing failed"
modelset/raw-data/repo-ecore-all/data/gssi/Edelta_bad_smells/model/PathExp/BS5/PathExp.ecore,false,false,false,"parse: failed to parse modelset/raw-data/repo-ecore-all/data/gssi/Edelta_bad_smells/model/PathExp/BS5/PathExp.ecore: unexpected content at package level line 2, column 1 current parser state: | `<xmi:XMI xmi:version=""2.0"" xmlns:xmi=""http://www.omg.org/XMI"" xmlns:xsi=""http://www.w3.org/2001/XMLSchema-instance""` | `    xmlns:ecore=""http://www.eclipse.org/emf/2002/Ecore"">` parsing failed"
modelset/raw-data/repo-ecore-all/data/gssi/Edelta_bad_smells/model/PathExp.ecore,false,false,false,"parse: failed to parse modelset/raw-data/repo-ecore-all/data/gssi/Edelta_bad_smells/model/PathExp.ecore: unexpected content at package level line 2, column 1 current parser state: | `<xmi:XMI xmi:version=""2.0"" xmlns:xmi=""http://www.omg.org/XMI"" xmlns:xsi=""http://www.w3.org/2001/XMLSchema-instance""` | `    xmlns:ecore=""http://www.eclipse.org/emf/2002/Ecore"">` parsing failed"
modelset/raw-data/repo-ecore-all/data/gssi/Edelta_bad_smells/model/Persons/BS1/Persons.ecore,false,false,false,"parse: failed to parse modelset/raw-data/repo-ecore-all/data/gssi/Edelta_bad_smells/model/Persons/BS1/Persons.ecore: unexpected content at package level line 2, column 1 current parser state: | `<xmi:XMI xmi:version=""2.0"" xmlns:xmi=""http://www.omg.org/XMI"" xmlns:xsi=""http://www.w3.org/2001/XMLSchema-instance""` | `    xmlns:ecore=""http://www.eclipse.org/emf/2002/Ecore"">` parsing failed"
modelset/raw-data/repo-ecore-all/data/gssi/Edelta_bad_smells/model/Persons/BS2/Persons.ecore,false,false,false,"parse: failed to parse modelset/raw-data/repo-ecore-all/data/gssi/Edelta_bad_smells/model/Persons/BS2/Persons.ecore: unexpected content at package level line 2, column 1 current parser state: | `<xmi:XMI xmi:version=""2.0"" xmlns:xmi=""http://www.omg.org/XMI"" xmlns:xsi=""http://www.w3.org/2001/XMLSchema-instance""` | `    xmlns:ecore=""http://www.eclipse.org/emf/2002/Ecore"">` parsing failed"
modelset/raw-data/repo-ecore-all/data/gssi/Edelta_bad_smells/model/Persons/BS3/Persons.ecore,false,false,false,"parse: failed to parse modelset/raw-data/repo-ecore-all/data/gssi/Edelta_bad_smells/model/Persons/BS3/Persons.ecore: unexpected content at package level line 2, column 1 current parser state: | `<xmi:XMI xmi:version=""2.0"" xmlns:xmi=""http://www.omg.org/XMI"" xmlns:xsi=""http://www.w3.org/2001/XMLSchema-instance""` | `    xmlns:ecore=""http://www.eclipse.org/emf/2002/Ecore"">` parsing failed"
modelset/raw-data/repo-ecore-all/data/gssi/Edelta_bad_smells/model/Persons/BS4/Persons.ecore,false,false,false,"parse: failed to parse modelset/raw-data/repo-ecore-all/data/gssi/Edelta_bad_smells/model/Persons/BS4/Persons.ecore: unexpected content at package level line 2, column 1 current parser state: | `<xmi:XMI xmi:version=""2.0"" xmlns:xmi=""http://www.omg.org/XMI"" xmlns:xsi=""http://www.w3.org/2001/XMLSchema-instance""` | `    xmlns:ecore=""http://www.eclipse.org/emf/2002/Ecore"">` parsing failed"
modelset/raw-data/repo-ecore-all/data/gssi/Edelta_bad_smells/model/Persons/BS5/Persons.ecore,false,false,false,"parse: failed to parse modelset/raw-data/repo-ecore-all/data/gssi/Edelta_bad_smells/model/Persons/BS5/Persons.ecore: unexpected content at package level line 2, column 1 current parser state: | `<xmi:XMI xmi:version=""2.0"" xmlns:xmi=""http://www.omg.org/XMI"" xmlns:xsi=""http://www.w3.org/2001/XMLSchema-instance""` | `    xmlns:ecore=""http://www.eclipse.org/emf/2002/Ecore"">` parsing failed"
modelset/raw-data/repo-ecore-all/data/gssi/Edelta_bad_smells/model/Persons.ecore,false,false,false,"parse: failed to parse modelset/raw-data/repo-ecore-all/data/gssi/Edelta_bad_smells/model/Persons.ecore: unexpected content at package level line 2, column 1 current parser state: | `<xmi:XMI xmi:version=""2.0"" xmlns:xmi=""http://www.omg.org/XMI"" xmlns:xsi=""http://www.w3.org/2001/XMLSchema-instance""` | `    xmlns:ecore=""http://www.eclipse.org/emf/2002/Ecore"">` parsing failed"
modelset/raw-data/repo-ecore-all/data/gssi/Edelta_bad_smells/model/PetriNet/BS1/PetriNet.ecore,false,false,false,"parse: failed to parse modelset/raw-data/repo-ecore-all/data/gssi/Edelta_bad_smells/model/PetriNet/BS1/PetriNet.ecore: unexpected content at package level line 2, column 1 current parser state: | `<xmi:XMI xmi:version=""2.0"" xmlns:xmi=""http://www.omg.org/XMI"" xmlns:xsi=""http://www.w3.org/2001/XMLSchema-instance""` | `    xmlns:ecore=""http://www.eclipse.org/emf/2002/Ecore"">` parsing failed"
modelset/raw-data/repo-ecore-all/data/gssi/Edelta_bad_smells/model/PetriNet/BS2/PetriNet.ecore,false,false,false,"parse: failed to parse modelset/raw-data/repo-ecore-all/data/gssi/Edelta_bad_smells/model/PetriNet/BS2/PetriNet.ecore: unexpected content at package level line 2, column 1 current parser state: | `<xmi:XMI xmi:version=""2.0"" xmlns:xmi=""http://www.omg.org/XMI"" xmlns:xsi=""http://www.w3.org/2001/XMLSchema-instance""` | `    xmlns:ecore=""http://www.eclipse.org/emf/2002/Ecore"">` parsing failed"
modelset/raw-data/repo-ecore-all/data/gssi/Edelta_bad_smells/model/PetriNet/BS3/PetriNet.ecore,false,false,false,"parse: failed to parse modelset/raw-data/repo-ecore-all/data/gssi/Edelta_bad_smells/model/PetriNet/BS3/PetriNet.ecore: unexpected content at package level line 2, column 1 current parser state: | `<xmi:XMI xmi:version=""2.0"" xmlns:xmi=""http://www.omg.org/XMI"" xmlns:xsi=""http://www.w3.org/2001/XMLSchema-instance""` | `    xmlns:ecore=""http://www.eclipse.org/emf/2002/Ecore"">` parsing failed"
modelset/raw-data/repo-ecore-all/data/gssi/Edelta_bad_smells/model/PetriNet/BS4/PetriNet.ecore,false,false,false,"parse: failed to parse modelset/raw-data/repo-ecore-all/data/gssi/Edelta_bad_smells/model/PetriNet/BS4/PetriNet.ecore: unexpected content at package level line 2, column 1 current parser state: | `<xmi:XMI xmi:version=""2.0"" xmlns:xmi=""http://www.omg.org/XMI"" xmlns:xsi=""http://www.w3.org/2001/XMLSchema-instance""` | `    xmlns:ecore=""http://www.eclipse.org/emf/2002/Ecore"">` parsing failed"
modelset/raw-data/repo-ecore-all/data/gssi/Edelta_bad_smells/model/PetriNet/BS5/PetriNet.ecore,false,false,false,"parse: failed to parse modelset/raw-data/repo-ecore-all/data/gssi/Edelta_bad_smells/model/PetriNet/BS5/PetriNet.ecore: unexpected content at package level line 2, column 1 current parser state: | `<xmi:XMI xmi:version=""2.0"" xmlns:xmi=""http://www.omg.org/XMI"" xmlns:xsi=""http://www.w3.org/2001/XMLSchema-instance""` | `    xmlns:ecore=""http://www.eclipse.org/emf/2002/Ecore"">` parsing failed"
modelset/raw-data/repo-ecore-all/data/gssi/Edelta_bad_smells/model/PetriNet.ecore,false,false,false,"parse: failed to parse modelset/raw-data/repo-ecore-all/data/gssi/Edelta_bad_smells/model/PetriNet.ecore: unexpected content at package level line 2, column 1 current parser state: | `<xmi:XMI xmi:version=""2.0"" xmlns:xmi=""http://www.omg.org/XMI"" xmlns:xsi=""http://www.w3.org/2001/XMLSchema-instance""` | `    xmlns:ecore=""http://www.eclipse.org/emf/2002/Ecore"">` parsing failed"
modelset/raw-data/repo-ecore-all/data/gssi/Edelta_bad_smells/model/SimpleClass/BS2/SimpleClass.ecore,false,false,false,"parse: failed to parse modelset/raw-data/repo-ecore-all/data/gssi/Edelta_bad_smells/model/SimpleClass/BS2/SimpleClass.ecore: unexpected content at package level line 2, column 1 current parser state: | `<xmi:XMI xmi:version=""2.0"" xmlns:xmi=""http://www.omg.org/XMI"" xmlns:xsi=""http://www.w3.org/2001/XMLSchema-instance""` | `    xmlns:ecore=""http://www.eclipse.org/emf/2002/Ecore"">` parsing failed"
modelset/raw-data/repo-ecore-all/data/gssi/Edelta_bad_smells/model/SimpleClass/BS3/SimpleClass.ecore,false,false,false,"parse: failed to parse modelset/raw-data/repo-ecore-all/data/gssi/Edelta_bad_smells/model/SimpleClass/BS3/SimpleClass.ecore: unexpected content at package level line 2, column 1 current parser state: | `<xmi:XMI xmi:version=""2.0"" xmlns:xmi=""http://www.omg.org/XMI"" xmlns:xsi=""http://www.w3.org/2001/XMLSchema-instance""` | `    xmlns:ecore=""http://www.eclipse.org/emf/2002/Ecore"">` parsing failed"
modelset/raw-data/repo-ecore-all/data/gssi/Edelta_bad_smells/model/SimpleClass/BS5/SimpleClass.ecore,false,false,false,"parse: failed to parse modelset/raw-data/repo-ecore-all/data/gssi/Edelta_bad_smells/model/SimpleClass/BS5/SimpleClass.ecore: unexpected content at package level line 2, column 1 current parser state: | `<xmi:XMI xmi:version=""2.0"" xmlns:xmi=""http://www.omg.org/XMI"" xmlns:xsi=""http://www.w3.org/2001/XMLSchema-instance""` | `    xmlns:ecore=""http://www.eclipse.org/emf/2002/Ecore"">` parsing failed"
modelset/raw-data/repo-ecore-all/data/gssi/Edelta_bad_smells/model/SimpleClass.ecore,false,false,false,"parse: failed to parse modelset/raw-data/repo-ecore-all/data/gssi/Edelta_bad_smells/model/SimpleClass.ecore: unexpected content at package level line 2, column 1 current parser state: | `<xmi:XMI xmi:version=""2.0"" xmlns:xmi=""http://www.omg.org/XMI"" xmlns:xsi=""http://www.w3.org/2001/XMLSchema-instance""` | `    xmlns:ecore=""http://www.eclipse.org/emf/2002/Ecore"">` parsing failed"
modelset/raw-data/repo-ecore-all/data/gssi/Edelta_bad_smells/model/SimpleRDBMS/BS2/SimpleRDBMS.ecore,true,true,true,
modelset/raw-data/repo-ecore-all/data/gssi/Edelta_bad_smells/model/SimpleRDBMS/BS3/SimpleRDBMS.ecore,true,true,true,
modelset/raw-data/repo-ecore-all/data/gssi/Edelta_bad_smells/model/SimpleRDBMS/BS4/SimpleRDBMS.ecore,true,true,true,
modelset/raw-data/repo-ecore-all/data/gssi/Edelta_bad_smells/model/SimpleRDBMS/BS5/SimpleRDBMS.ecore,true,true,true,
modelset/raw-data/repo-ecore-all/data/gssi/Edelta_bad_smells/model/SimpleRDBMS.ecore,true,true,true,
modelset/raw-data/repo-ecore-all/data/gssi/Edelta_bad_smells/model/TypeA.ecore,true,true,true,
modelset/raw-data/repo-ecore-all/data/gssi/Edelta_bad_smells/model/TypeB/BS1/TypeB.ecore,true,true,true,
modelset/raw-data/repo-ecore-all/data/gssi/Edelta_bad_smells/model/TypeB/BS2/TypeB.ecore,true,true,true,
modelset/raw-data/repo-ecore-all/data/gssi/Edelta_bad_smells/model/TypeB/BS3/TypeB.ecore,true,true,true,
modelset/raw-data/repo-ecore-all/data/gssi/Edelta_bad_smells/model/TypeB/BS4/TypeB.ecore,true,true,true,
modelset/raw-data/repo-ecore-all/data/gssi/Edelta_bad_smells/model/TypeB/BS5/TypeB.ecore,true,true,true,
modelset/raw-data/repo-ecore-all/data/gssi/Edelta_bad_smells/model/TypeB.ecore,true,true,true,
modelset/raw-data/repo-ecore-all/data/gssi/Edelta_bad_smells/modified/Families.ecore,false,false,false,"parse: failed to parse modelset/raw-data/repo-ecore-all/data/gssi/Edelta_bad_smells/modified/Families.ecore: unexpected content at package level line 2, column 1 current parser state: | `<xmi:XMI xmi:version=""2.0"" xmlns:xmi=""http://www.omg.org/XMI"" xmlns:xsi=""http://www.w3.org/2001/XMLSchema-instance""` | `    xmlns:ecore=""http://www.eclipse.org/emf/2002/Ecore"">` parsing failed"
modelset/raw-data/repo-ecore-all/data/gssi/Edelta_bad_smells/modified/PathExp.ecore,false,false,false,"parse: failed to parse modelset/raw-data/repo-ecore-all/data/gssi/Edelta_bad_smells/modified/PathExp.ecore: unexpected content at package level line 2, column 1 current parser state: | `<xmi:XMI xmi:version=""2.0"" xmlns:xmi=""http://www.omg.org/XMI"" xmlns:xsi=""http://www.w3.org/2001/XMLSchema-instance""` | `    xmlns:ecore=""http://www.eclipse.org/emf/2002/Ecore"">` parsing failed"
modelset/raw-data/repo-ecore-all/data/gssi/Edelta_bad_smells/modified/Persons.ecore,false,false,false,"parse: failed to parse modelset/raw-data/repo-ecore-all/data/gssi/Edelta_bad_smells/modified/Persons.ecore: unexpected content at package level line 2, column 1 current parser state: | `<xmi:XMI xmi:version=""2.0"" xmlns:xmi=""http://www.omg.org/XMI"" xmlns:xsi=""http://www.w3.org/2001/XMLSchema-instance""` | `    xmlns:ecore=""http://www.eclipse.org/emf/2002/Ecore"">` parsing failed"
modelset/raw-data/repo-ecore-all/data/gssi/Edelta_bad_smells/modified/PetriNet.ecore,false,false,false,"parse: failed to parse modelset/raw-data/repo-ecore-all/data/gssi/Edelta_bad_smells/modified/PetriNet.ecore: unexpected content at package level line 2, column 1 current parser state: | `<xmi:XMI xmi:version=""2.0"" xmlns:xmi=""http://www.omg.org/XMI"" xmlns:xsi=""http://www.w3.org/2001/XMLSchema-instance""` | `    xmlns:ecore=""http://www.eclipse.org/emf/2002/Ecore"">` parsing failed"
modelset/raw-data/repo-ecore-all/data/gssi/Edelta_bad_smells/modified/SimpleRDBMS.ecore,true,true,true,
modelset/raw-data/repo-ecore-all/data/gssi/Edelta_bad_smells/modified/TypeB.ecore,true,true,true,
modelset/raw-data/repo-ecore-all/data/gssi/TraceabilityModel/case-study/evaluation/Book2Publication/Book.ecore,true,true,true,
modelset/raw-data/repo-ecore-all/data/gssi/TraceabilityModel/case-study/evaluation/Book2Publication/evo/Book.ecore,true,true,true,
modelset/raw-data/repo-ecore-all/data/gssi/TraceabilityModel/case-study/evaluation/Collaboration2Paper/Paper.ecore,true,true,true,
modelset/raw-data/repo-ecore-all/data/gssi/TraceabilityModel/case-study/evaluation/Collaboration2Paper/evo/Paper.ecore,true,true,true,
modelset/raw-data/repo-ecore-all/data/gssi/TraceabilityModel/case-study/evaluation/Families2Persons/Families.ecore,true,true,true,
modelset/raw-data/repo-ecore-all/data/gssi/TraceabilityModel/case-study/evaluation/Families2Persons/evo/Families.ecore,true,true,true,
modelset/raw-data/repo-ecore-all/data/gssi/TraceabilityModel/case-study/evaluation/grafecet2pnml/PetriNet.ecore,false,false,false,"parse: failed to parse modelset/raw-data/repo-ecore-all/data/gssi/TraceabilityModel/case-study/evaluation/grafecet2pnml/PetriNet.ecore: unknown builtit class URL `http://www.eclipse.org/emf/2002/Ecore#//EIntegerObject` failed to parse structural features failed to parse class `Arc` line 35, column 89 current parser state: | `` | `    <eStructuralFeatures xsi:type=""ecore:EReference"" name=""net"" ordered=""false"" lowerBound=""1""` parsing failed"
modelset/raw-data/repo-ecore-all/data/gssi/TraceabilityModel/case-study/evaluation/grafecet2pnml/evo/PetriNet.ecore,true,true,true,
modelset/raw-data/repo-ecore-all/data/gssi/TraceabilityModel/case-study/mm/evo/Company.ecore,true,true,true,
modelset/raw-data/repo-ecore-all/data/gssi/metamodelsdataset-ECMFA2020/Class.ecore,false,false,false,"parse: failed to parse modelset/raw-data/repo-ecore-all/data/gssi/metamodelsdataset-ECMFA2020/Class.ecore: unexpected content at package level line 2, column 1 current parser state: | `<xmi:XMI xmi:version=""2.0"" xmlns:xmi=""http://www.omg.org/XMI"" xmlns:xsi=""http://www.w3.org/2001/XMLSchema-instance""` | `    xmlns:ecore=""http://www.eclipse.org/emf/2002/Ecore"">` parsing failed"
modelset/raw-data/repo-ecore-all/data/gssi/metamodelsdataset-ECMFA2020/ClassDiagram.ecore,true,true,true,
modelset/raw-data/repo-ecore-all/data/gssi/metamodelsdataset-ECMFA2020/Entities.ecore,true,true,true,
modelset/raw-data/repo-ecore-all/data/gssi/metamodelsdataset-ECMFA2020/PetriNet.ecore,true,true,true,
modelset/raw-data/repo-ecore-all/data/gssi/metamodelsdataset-ECMFA2020/PetriNet_extended.ecore,false,false,false,"parse: failed to parse modelset/raw-data/repo-ecore-all/data/gssi/metamodelsdataset-ECMFA2020/PetriNet_extended.ecore: unexpected content at package level line 2, column 1 current parser state: | `<xmi:XMI xmi:version=""2.0"" xmlns:xmi=""http://www.omg.org/XMI"" xmlns:xsi=""http://www.w3.org/2001/XMLSchema-instance""` | `    xmlns:ecore=""http://www.eclipse.org/emf/2002/Ecore"">` parsing failed"
modelset/raw-data/repo-ecore-all/data/gssi/metamodelsdataset-ECMFA2020/PetrinetDsl.ecore,false,false,false,"parse: failed to parse modelset/raw-data/repo-ecore-all/data/gssi/metamodelsdataset-ECMFA2020/PetrinetDsl.ecore: unsupported `eType` path `ecore:EClass PetrinetDsl.ecore#//Resource` failed to parse structural features failed to parse class `PetriNet` line 9, column 29 current parser state: | `` | `    <eStructuralFeatures xsi:type=""ecore:EReference"" name=""places"" upperBound=""-1""` parsing failed"
modelset/raw-data/repo-ecore-all/data/gssi/metamodelsdataset-ECMFA2020/State.ecore,false,false,false,"parse: failed to parse modelset/raw-data/repo-ecore-all/data/gssi/metamodelsdataset-ECMFA2020/State.ecore: unknown builtit class URL `http://www.eclipse.org/emf/2002/Ecore#//EDoubleObject` failed to parse structural features failed to parse class `State` line 25, column 149 current parser state: | `` | `  </eClassifiers>` parsing failed"
modelset/raw-data/repo-ecore-all/data/gssi/metamodelsdataset-ECMFA2020/StateMachine.ecore,false,false,false,"parse: failed to parse modelset/raw-data/repo-ecore-all/data/gssi/metamodelsdataset-ECMFA2020/StateMachine.ecore: unsupported `eType` path `environment.ecore#//ObeoDSMObject` line 8, column 18 current parser state: | `` | `  <eClassifiers xsi:type=""ecore:EClass"" name=""StateMachine"" eSuperTypes=""#//StateMachineDescription environment.ecore#//Behaviour"">` parsing failed"
modelset/raw-data/repo-ecore-all/data/gssi/metamodelsdataset-ECMFA2020/Statemodel.ecore,true,true,true,
modelset/raw-data/repo-ecore-all/data/gssi/metamodelsdataset-ECMFA2020/States.ecore,false,false,false,"parse: failed to parse modelset/raw-data/repo-ecore-all/data/gssi/metamodelsdataset-ECMFA2020/States.ecore: unsupported `eType` path `ecore:EClass States.ecore#//Event` failed to parse structural features failed to parse class `Statemachine` line 16, column 29 current parser state: | `` | `    <eStructuralFeatures xsi:type=""ecore:EReference"" name=""states"" upperBound=""-1""` parsing failed"
modelset/raw-data/repo-ecore-all/data/gssi/metamodelsdataset-ECMFA2020/gmfgraph.ecore,true,true,true,
modelset/raw-data/repo-ecore-all/data/gssi/metamodelsdataset-ECMFA2020/petri_nets.ecore,true,true,true,
modelset/raw-data/repo-ecore-all/data/gssi/metamodelsdataset-ECMFA2020/petrinet_extendable.ecore,true,true,true,
modelset/raw-data/repo-ecore-all/data/gssi/metamodelsdataset-ECMFA2020/statemachine_metamodel.ecore,true,true,true,
modelset/raw-data/repo-ecore-all/data/gssi/metamodelsdataset-ECMFA2020/typeslibrary.ecore,true,true,true,
modelset/raw-data/repo-ecore-all/data/gssi/validation/Company2CRM/Company.ecore,true,true,true,
modelset/raw-data/repo-ecore-all/data/gssi/validation/Families2Persons/Persons.ecore,true,true,true,
modelset/raw-data/repo-ecore-all/data/gurumc/mscinfo/idp/src/graphRewriter/testGraphEcoreModel/model/nodesAndEdges.ecore,false,false,false,"parse: failed to parse modelset/raw-data/repo-ecore-all/data/gurumc/mscinfo/idp/src/graphRewriter/testGraphEcoreModel/model/nodesAndEdges.ecore: unexpected operation attribute `ordered` failed to parse class operation failed to parse class `ColoredNode` line 10, column 49 current parser state: | ` lowerBound=""1"" eType=""ecore:EDataType http://www.eclipse.org/emf/2002/Ecore#//EString"">` | `      <eAnnotations source=""http://www.eclipse.org/uml2/1.1.0/GenModel"">` parsing failed"
modelset/raw-data/repo-ecore-all/data/guylerme/menthor-patterns/net.menthor.ontouml/model/RefOntoUML.ecore,false,false,false,"parse: failed to parse modelset/raw-data/repo-ecore-all/data/guylerme/menthor-patterns/net.menthor.ontouml/model/RefOntoUML.ecore: expected identifier failed to parse class operation failed to parse class `Element` line 104, column 119 current parser state: | `>` | `        <eAnnotations source=""http://www.eclipse.org/emf/2002/GenModel"">` parsing failed"
modelset/raw-data/repo-ecore-all/data/guylerme/oled/br.ufes.inf.nemo.ontouml/model/RefOntoUML.ecore,false,false,false,"parse: failed to parse modelset/raw-data/repo-ecore-all/data/guylerme/oled/br.ufes.inf.nemo.ontouml/model/RefOntoUML.ecore: expected identifier failed to parse class operation failed to parse class `Element` line 103, column 119 current parser state: | `>` | `        <eAnnotations source=""http://www.eclipse.org/emf/2002/GenModel"">` parsing failed"
modelset/raw-data/repo-ecore-all/data/gvd/xtext-sm/com.ghvandoorn.xtext.statemachine/src-gen/com/ghvandoorn/xtext/statemachine/Dsl.ecore,true,true,true,
modelset/raw-data/repo-ecore-all/data/gvergine/com.systemassembly.sm.dsl.parent/com.systemassembly.sm.dsl/model/generated/SmDsl.ecore,true,true,true,
modelset/raw-data/repo-ecore-all/data/gw4e/gw4e.project/bundles/editor/gw4e.eclipse.dsl.policies/model/generated/DSLPolicies.ecore,true,true,true,
modelset/raw-data/repo-ecore-all/data/gyaltso/Eclipse-Theia-Examples/helloworld-dsl-theia-extension/helloworld-language-server/org.xtext.helloworldsl/model/generated/HelloWorldDsl.ecore,true,true,true,
modelset/raw-data/repo-ecore-all/data/gyurjan/Viatra-Dse-Test/Petrinet/model/My.ecore,true,true,true,
modelset/raw-data/repo-ecore-all/data/h-mora10/pila-metamodelo-arquitectura/model/metamodeloArquitecturaPila.ecore,false,false,false,"parse: failed to parse modelset/raw-data/repo-ecore-all/data/h-mora10/pila-metamodelo-arquitectura/model/metamodeloArquitecturaPila.ecore: unknown builtit class URL `http://www.eclipse.org/emf/2003/XMLType#//String` failed to parse structural features failed to parse class `Architecture` line 16, column 140 current parser state: | `` | `  </eClassifiers>` parsing failed"
modelset/raw-data/repo-ecore-all/data/h-mora10/pila-mtc-flow/metamodels/metamodeloArquitecturaPila.ecore,false,false,false,"parse: failed to parse modelset/raw-data/repo-ecore-all/data/h-mora10/pila-mtc-flow/metamodels/metamodeloArquitecturaPila.ecore: unknown builtit class URL `http://www.eclipse.org/emf/2003/XMLType#//String` failed to parse structural features failed to parse class `Architecture` line 16, column 140 current parser state: | `` | `  </eClassifiers>` parsing failed"
modelset/raw-data/repo-ecore-all/data/haibabu/Ancit/com.ancit.sample.model/model/Organization.ecore,false,false,false,"parse: failed to parse modelset/raw-data/repo-ecore-all/data/haibabu/Ancit/com.ancit.sample.model/model/Organization.ecore: unknown builtit class URL `http://www.eclipse.org/emf/2002/Ecore#//EIntegerObject` failed to parse structural features failed to parse class `Employee` line 7, column 147 current parser state: | `` | `    <eStructuralFeatures xsi:type=""ecore:EAttribute"" name=""Address"" eType=""ecore:EDataType http://www.eclipse.org/emf/2002/Ecore#//EString""/>` parsing failed"
modelset/raw-data/repo-ecore-all/data/hajduakos/PineappleDataflowNet/hu.bme.mit.mdsd.pineapple/model/DataflowNet.ecore,false,false,false,"parse: failed to parse modelset/raw-data/repo-ecore-all/data/hajduakos/PineappleDataflowNet/hu.bme.mit.mdsd.pineapple/model/DataflowNet.ecore: unsupported `eType` path `ecore:EClass TypeHierarchy.ecore#//Type` failed to parse structural features failed to parse class `Channel` line 51, column 130 current parser state: | `` | `  </eClassifiers>` parsing failed"
modelset/raw-data/repo-ecore-all/data/hallvard/emfacade/org.eclipse.gmt.emfacade.tests/src/org/eclipse/gmt/emfacade/swt/draw2d.ecore,false,false,false,"parse: failed to parse modelset/raw-data/repo-ecore-all/data/hallvard/emfacade/org.eclipse.gmt.emfacade.tests/src/org/eclipse/gmt/emfacade/swt/draw2d.ecore: unsupported `eType` path `swt.ecore#//Canvas` line 12, column 18 current parser state: | `` | `  <eClassifiers xsi:type=""ecore:EClass"" name=""Figure"">` parsing failed"
modelset/raw-data/repo-ecore-all/data/hallvard/emfacade/org.eclipse.gmt.emfacade.tests/src/org/eclipse/gmt/emfacade/swt/swt.ecore,false,false,false,"parse: failed to parse modelset/raw-data/repo-ecore-all/data/hallvard/emfacade/org.eclipse.gmt.emfacade.tests/src/org/eclipse/gmt/emfacade/swt/swt.ecore: unknown builtit class URL `platform:/plugin/org.eclipse.emf.ecore/model/Ecore.ecore#//EInt` failed to parse structural features failed to parse class `Widget` line 11, column 77 current parser state: | `` | `  </eClassifiers>` parsing failed"
modelset/raw-data/repo-ecore-all/data/hallvard/emfblocks/no.hal.emfblocks.examples/src/no/hal/emfblocks/examples/library.ecore,true,true,true,
modelset/raw-data/repo-ecore-all/data/hallvard/jexercise/no.hal.learning/no.hal.learning.exercise/jdt.ecore/model/ast.ecore,true,false,false,"generate: timeout after 120s: /arachne/target/debug/arachne generate modelset/raw-data/repo-ecore-all/data/hallvard/jexercise/no.hal.learning/no.hal.learning.exercise/jdt.ecore/model/ast.ecore -o /var/folders/24/3kt9vzrj6qzd_r760kn9ybsm0000gn/T/arachne-modelset-omcite9_/generated-00820 -p modelset-00820-a283ed4b [INFO  arachne] Starting code generation [INFO  arachne_codegen] Validating configuration [INFO  arachne_codegen] Parsing ecore metamodel: ""modelset/raw-data/repo-ecore-all/data/hallvard/jexercise/no.hal.learning/no.hal.learning.exercise/jdt.ecore/model/ast.ecore"" [INFO  arachne_codegen] Generating Rust tokens"
modelset/raw-data/repo-ecore-all/data/hallvard/js4emf/org.eclipse.emf.js4emf.tests/src/org/eclipse/emf/js4emf/ecore/internal/delegates/ecoreJavascriptDelegatesTest.ecore,false,false,false,"parse: failed to parse modelset/raw-data/repo-ecore-all/data/hallvard/js4emf/org.eclipse.emf.js4emf.tests/src/org/eclipse/emf/js4emf/ecore/internal/delegates/ecoreJavascriptDelegatesTest.ecore: unknown builtit class URL `http://www.eclipse.org/emf/2002/Ecore#//EDiagnosticChain` failed to parse class operation failed to parse class `Employee` line 40, column 121 current parser state: | `` | `      <eParameters name=""context"" eType=""ecore:EDataType http://www.eclipse.org/emf/2002/Ecore#//EMap""/>` parsing failed"
modelset/raw-data/repo-ecore-all/data/hallvard/js4emf/org.eclipse.emf.js4emf.tests/src/org/eclipse/emf/js4emf/ecore/internal/ecoreJavascriptTest.ecore,true,true,true,
modelset/raw-data/repo-ecore-all/data/hallvard/js4emf/org.eclipse.emf.js4emf.tests/src/org/eclipse/emf/js4emf/ecore/internal/javascriptSupportTest.ecore,true,true,true,
modelset/raw-data/repo-ecore-all/data/hallvard/playtrd/org.eclipse.e4.tm.examples/contacts/contacts.ecore,true,false,false,"generate: [INFO  arachne] Starting code generation [INFO  arachne_codegen] Validating configuration [INFO  arachne_codegen] Parsing ecore metamodel: ""modelset/raw-data/repo-ecore-all/data/hallvard/playtrd/org.eclipse.e4.tm.examples/contacts/contacts.ecore"" [INFO  arachne_codegen] Generating Rust tokens [INFO  arachne_codegen] Generating classifiers...  thread 'main' (348252) panicked at arachne-codegen/src/codegen/feature/attribute.rs:65:37: Failed to parse type: NameString note: run with `RUST_BACKTRACE=1` environment variable to display a backtrace"
modelset/raw-data/repo-ecore-all/data/hallvard/playtrd/org.eclipse.e4.tm.examples/viewers/viewers.ecore,true,true,true,
modelset/raw-data/repo-ecore-all/data/hallvard/ptolemy/org.ptolemy.ecore/src/org/ptolemy/ecore/caltrop.ecore,false,false,false,"parse: failed to parse modelset/raw-data/repo-ecore-all/data/hallvard/ptolemy/org.ptolemy.ecore/src/org/ptolemy/ecore/caltrop.ecore: unexpected class content failed to parse class `CaltropActorImpl` line 5, column 5 current parser state: | `<eTypeParameters name=""P"">` | `      <eBounds eClassifier=""ecore:EClass actor.ecore#//AbstractIOPort""/>` parsing failed"
modelset/raw-data/repo-ecore-all/data/hallvard/tdt4250/no.hal.ra.model/model/ra.ecore,true,false,false,"generate: [INFO  arachne] Starting code generation [INFO  arachne_codegen] Validating configuration [INFO  arachne_codegen] Parsing ecore metamodel: ""modelset/raw-data/repo-ecore-all/data/hallvard/tdt4250/no.hal.ra.model/model/ra.ecore"" [WARN  ecore_rs::parser::raw] `eOpposite` attributes are currently not supported, ignoring [WARN  ecore_rs::parser::raw] `eOpposite` attributes are currently not supported, ignoring [WARN  ecore_rs::parser::raw] XML-level class literal redefinition for `literal` from `1` to `SPRING` [WARN  ecore_rs::parser::raw] `eOpposite` attributes are currently not supported, ignoring [WARN  ecore_rs::parser::raw] `eOpposite` attributes are currently not supported, ignoring [WARN  ecore_rs::parser::raw] `eOpposite` attributes are currently not supported, ignoring [WARN  ecore_rs::parser::raw] `eOpposite` attributes are currently not supported, ignoring [INFO  arachne_codegen] Generating Rust tokens [INFO  arachne_codegen] Generating classifiers...  thread 'main' (348436) panicked at arachne-codegen/src/codegen/feature/attribute.rs:65:37: Failed to parse type: URI note: run with `RUST_BACKTRACE=1` environment variable to display a backtrace"
modelset/raw-data/repo-ecore-all/data/hallvard/tdt4250-2016/no.hal.pgo/no.hal.pgo.http.tests/src/no/hal/pgo/http/tests/PgoHttpTest.ecore,false,false,false,"parse: failed to parse modelset/raw-data/repo-ecore-all/data/hallvard/tdt4250-2016/no.hal.pgo/no.hal.pgo.http.tests/src/no/hal/pgo/http/tests/PgoHttpTest.ecore: unexpected structural feature attribute `eKeys` failed to parse structural features failed to parse class `B` line 18, column 45 current parser state: | `/>` | `    <eStructuralFeatures xsi:type=""ecore:EAttribute"" name=""priv1"" eType=""ecore:EDataType http://www.eclipse.org/emf/2002/Ecore#//EInt"">` parsing failed"
modelset/raw-data/repo-ecore-all/data/hallvard/tdt4250-2018/no.hal.pg/tests/no.hal.pg.http.impl.tests/src/no/hal/pg/http/tests/PgHttpTest.ecore,false,false,false,"parse: failed to parse modelset/raw-data/repo-ecore-all/data/hallvard/tdt4250-2018/no.hal.pg/tests/no.hal.pg.http.impl.tests/src/no/hal/pg/http/tests/PgHttpTest.ecore: unexpected structural feature attribute `eKeys` failed to parse structural features failed to parse class `B` line 17, column 45 current parser state: | `/>` | `    <eStructuralFeatures xsi:type=""ecore:EAttribute"" name=""priv1"" eType=""ecore:EDataType http://www.eclipse.org/emf/2002/Ecore#//EInt"">` parsing failed"
modelset/raw-data/repo-ecore-all/data/hannesN/onotoa/de.topicmapslab.tmcledit/model/tmcledit.ecore,true,true,true,
modelset/raw-data/repo-ecore-all/data/hannesN/onotoa/de.topicmapslab.tmcledit.diagram/model/TMCLDiagram.ecore,true,false,false,"generate: [INFO  arachne] Starting code generation [INFO  arachne_codegen] Validating configuration [INFO  arachne_codegen] Parsing ecore metamodel: ""modelset/raw-data/repo-ecore-all/data/hannesN/onotoa/de.topicmapslab.tmcledit.diagram/model/TMCLDiagram.ecore"" [INFO  arachne_codegen] Generating Rust tokens [INFO  arachne_codegen] Generating classifiers...  thread 'main' (349095) panicked at arachne-codegen/src/codegen/feature/attribute.rs:65:37: Failed to parse type: TopicMapSchema note: run with `RUST_BACKTRACE=1` environment variable to display a backtrace"
modelset/raw-data/repo-ecore-all/data/harendra-kumar/twouse/west.twouse.tests.models2010-2/Metamodels/ecorePrimitiveTypes.ecore,false,false,false,"parse: failed to parse modelset/raw-data/repo-ecore-all/data/harendra-kumar/twouse/west.twouse.tests.models2010-2/Metamodels/ecorePrimitiveTypes.ecore: unexpected class content failed to parse class `EeList` line 19, column 5 current parser state: | `<eTypeParameters name=""E""/>` | `  </eClassifiers>` parsing failed"
modelset/raw-data/repo-ecore-all/data/harveyalferez/harveyalferez.github.io/dynamicevolutionservcomp/models/bpmn.ecore,false,false,false,"parse: failed to parse modelset/raw-data/repo-ecore-all/data/harveyalferez/harveyalferez.github.io/dynamicevolutionservcomp/models/bpmn.ecore: unknown builtit class URL `http://www.eclipse.org/emf/2002/Ecore#//EFeatureMapEntry` failed to parse structural features failed to parse class `Activity` line 12, column 106 current parser state: | `` | `      <eAnnotations source=""http:///org/eclipse/emf/ecore/util/ExtendedMetaData"">` parsing failed"
modelset/raw-data/repo-ecore-all/data/hasanmasud/eclipse-plugins/emf-demo1/model/library.ecore,true,true,true,
modelset/raw-data/repo-ecore-all/data/hasanmasud/eclipse-plugins/library/model/library.ecore,true,true,true,
modelset/raw-data/repo-ecore-all/data/hash88/BankingSystem/metamodel/bank.ecore,true,true,true,
modelset/raw-data/repo-ecore-all/data/haslab/echo/examples/pt.uminho.haslab.echo.examples/metamodels/family_flatten/Family.ecore,false,false,false,"parse: failed to parse modelset/raw-data/repo-ecore-all/data/haslab/echo/examples/pt.uminho.haslab.echo.examples/metamodels/family_flatten/Family.ecore: unsupported `eType` path `ecore:EClass #//Family` failed to parse structural features failed to parse class `Geneology` line 7, column 61 current parser state: | `` | `  </eClassifiers>` parsing failed"
modelset/raw-data/repo-ecore-all/data/haslab/echo/examples/pt.uminho.haslab.echo.examples/metamodels/hsm2nhsm/HSM.ecore,false,false,false,"parse: failed to parse modelset/raw-data/repo-ecore-all/data/haslab/echo/examples/pt.uminho.haslab.echo.examples/metamodels/hsm2nhsm/HSM.ecore: unsupported `eType` path `ecore:EClass #//State` failed to parse structural features failed to parse class `StateMachine` line 19, column 58 current parser state: | `` | `    <eStructuralFeatures xsi:type=""ecore:EReference"" name=""transitions"" upperBound=""-1""` parsing failed"
modelset/raw-data/repo-ecore-all/data/haslab/echo/examples/pt.uminho.haslab.echo.examples/metamodels/hsm2nhsm/NHSM.ecore,false,false,false,"parse: failed to parse modelset/raw-data/repo-ecore-all/data/haslab/echo/examples/pt.uminho.haslab.echo.examples/metamodels/hsm2nhsm/NHSM.ecore: unsupported `eType` path `ecore:EClass #//State` failed to parse structural features failed to parse class `StateMachine` line 7, column 58 current parser state: | `` | `    <eStructuralFeatures xsi:type=""ecore:EReference"" name=""transitions"" upperBound=""-1""` parsing failed"
modelset/raw-data/repo-ecore-all/data/haslab/echo/examples/pt.uminho.haslab.echo.examples/metamodels/multiplicities/B_attributes.ecore,false,false,false,"parse: failed to parse modelset/raw-data/repo-ecore-all/data/haslab/echo/examples/pt.uminho.haslab.echo.examples/metamodels/multiplicities/B_attributes.ecore: unsupported `eType` path `ecore:EClass #//RootB` failed to parse structural features failed to parse class `B` line 7, column 34 current parser state: | `` | `    <eStructuralFeatures xsi:type=""ecore:EReference"" name=""y"" lowerBound=""1"" eType=""ecore:EClass #//Y""/>` parsing failed"
modelset/raw-data/repo-ecore-all/data/haslab/echo/examples/pt.uminho.haslab.echo.examples/metamodels/multiplicities/B_base.ecore,false,false,false,"parse: failed to parse modelset/raw-data/repo-ecore-all/data/haslab/echo/examples/pt.uminho.haslab.echo.examples/metamodels/multiplicities/B_base.ecore: unsupported `eType` path `ecore:EClass #//RootB` failed to parse structural features failed to parse class `B` line 6, column 34 current parser state: | `` | `  </eClassifiers>` parsing failed"
modelset/raw-data/repo-ecore-all/data/haslab/echo/examples/pt.uminho.haslab.echo.examples/metamodels/multiplicities/B_keys.ecore,true,true,true,
modelset/raw-data/repo-ecore-all/data/hassansartaj/mdse-demos/DSL_Demo/dsml.tree/model/tree.ecore,true,true,true,
modelset/raw-data/repo-ecore-all/data/havvagulay/safetyDsl/nl.wur.inf.safetyDsl/model/generated/SafetyDSL.ecore,true,true,true,
modelset/raw-data/repo-ecore-all/data/hayasamaana/MDE/BehaviourOO/behaviour.ecore,true,true,true,
modelset/raw-data/repo-ecore-all/data/hayasamaana/shapelang/Families.ecore,true,true,true,
modelset/raw-data/repo-ecore-all/data/hayasamaana/shapelang/Persons.ecore,true,true,true,
modelset/raw-data/repo-ecore-all/data/hayasamaana/wasp-turtle-dsl/CodeFrame/se.chalmers.turtlebotmission/model/turtlebotmission.ecore,true,true,true,
modelset/raw-data/repo-ecore-all/data/hbcesar/istart-to-archi-atl-transformation/Metamodels/archimate.ecore,true,true,true,
modelset/raw-data/repo-ecore-all/data/hckkid/eTrice/plugins/org.eclipse.etrice.core.room/src-gen/org/eclipse/etrice/core/Room.ecore,true,true,true,
modelset/raw-data/repo-ecore-all/data/hegyibalint/BScThesisCode/hu.bme.mit.inf.qea.model/model/EventAutomatonModel.ecore,false,false,false,"parse: failed to parse modelset/raw-data/repo-ecore-all/data/hegyibalint/BScThesisCode/hu.bme.mit.inf.qea.model/model/EventAutomatonModel.ecore: unknown builtit class URL `http://www.eclipse.org/emf/2003/XMLType#//Boolean` failed to parse structural features failed to parse class `State` line 52, column 84 current parser state: | `` | `    <eStructuralFeatures xsi:type=""ecore:EAttribute"" name=""id"" lowerBound=""1"" eType=""ecore:EDataType http://www.eclipse.org/emf/2002/Ecore#//EInt""/>` parsing failed"
modelset/raw-data/repo-ecore-all/data/hegyibalint/VIATRA/plugins/org.eclipse.viatra.cep.core.metamodels/models/Cep.ecore,false,false,false,"parse: failed to parse modelset/raw-data/repo-ecore-all/data/hegyibalint/VIATRA/plugins/org.eclipse.viatra.cep.core.metamodels/models/Cep.ecore: unsupported `eType` path `ecore:EClass Automaton.ecore#//Automaton` failed to parse structural features failed to parse class `EventPattern` line 11, column 121 current parser state: | `` | `    <eStructuralFeatures xsi:type=""ecore:EAttribute"" name=""id"" eType=""ecore:EDataType http://www.eclipse.org/emf/2002/Ecore#//EString""/>` parsing failed"
modelset/raw-data/repo-ecore-all/data/hellspawn14/WebPicture-Samples/Archimate/Descriptors/archimateR3.ecore,true,false,false,"generate: timeout after 120s: /arachne/target/debug/arachne generate modelset/raw-data/repo-ecore-all/data/hellspawn14/WebPicture-Samples/Archimate/Descriptors/archimateR3.ecore -o /var/folders/24/3kt9vzrj6qzd_r760kn9ybsm0000gn/T/arachne-modelset-omcite9_/generated-00853 -p modelset-00853-ea137181 [INFO  arachne] Starting code generation [INFO  arachne_codegen] Validating configuration [INFO  arachne_codegen] Parsing ecore metamodel: ""modelset/raw-data/repo-ecore-all/data/hellspawn14/WebPicture-Samples/Archimate/Descriptors/archimateR3.ecore"" [WARN  ecore_rs::parser::raw] `eOpposite` attributes are currently not supported, ignoring [WARN  ecore_rs::parser::raw] `eOpposite` attributes are currently not supported, ignoring [INFO  arachne_codegen] Generating Rust tokens [INFO  arachne_codegen] Generating classifiers... [INFO  arachne_codegen] Generating reference manager..."
modelset/raw-data/repo-ecore-all/data/hellspawn14/WebPicture-Samples/ArchimateV0/Descriptors/archimate2.ecore,false,false,false,"parse: failed to parse modelset/raw-data/repo-ecore-all/data/hellspawn14/WebPicture-Samples/ArchimateV0/Descriptors/archimate2.ecore: unknown builtit class URL `http://www.eclipse.org/emf/2002/Ecore#//EBooleanObject` failed to parse structural features failed to parse class `Product` line 65, column 150 current parser state: | `` | `    <eStructuralFeatures xsi:type=""ecore:EReference"" name=""associatedWithValueProduct""` parsing failed"
modelset/raw-data/repo-ecore-all/data/hergin/DelTaEMF/src/metamodel/CD.ecore,true,true,true,
modelset/raw-data/repo-ecore-all/data/heutelbeck/sapl-policy-engine/sapl-core/src/main/model/custom/SAPL.ecore,false,false,false,"parse: failed to parse modelset/raw-data/repo-ecore-all/data/heutelbeck/sapl-policy-engine/sapl-core/src/main/model/custom/SAPL.ecore: unexpected operation attribute `eExceptions` failed to parse class operation failed to parse class `SAPL` line 22, column 109 current parser state: | `>` | `      <eAnnotations source=""http://www.eclipse.org/emf/2002/GenModel"">` parsing failed"
modelset/raw-data/repo-ecore-all/data/hhoussem/smalluml/SmallUML/model/smalluml.ecore,true,true,true,
modelset/raw-data/repo-ecore-all/data/hoenninger/openxma/org.openxma.dsl.dom/src/org/openxma/dsl/dom/DomDsl.ecore,false,false,false,"parse: failed to parse modelset/raw-data/repo-ecore-all/data/hoenninger/openxma/org.openxma.dsl.dom/src/org/openxma/dsl/dom/DomDsl.ecore: unsupported `eType` path `../../../../../../org.openxma.dsl.core/src/org/openxma/dsl/core/CoreDsl.ecore#//ModelElement` line 10, column 18 current parser state: | `` | `  <eClassifiers xsi:type=""ecore:EClass"" name=""Service"" eSuperTypes=""../../../../../../org.openxma.dsl.core/src/org/openxma/dsl/core/CoreDsl.ecore#//ModelElement #//Dependant"">` parsing failed"
modelset/raw-data/repo-ecore-all/data/hogoww/Master-S3/metaprog/emf2/org.eclipse.emf.ecore/model/Ecore.ecore,false,false,false,"parse: failed to parse modelset/raw-data/repo-ecore-all/data/hogoww/Master-S3/metaprog/emf2/org.eclipse.emf.ecore/model/Ecore.ecore: Missing attribute `eType` in structural feature `instanceClass` failed to parse structural features failed to parse class `EClassifier` line 121, column 57 current parser state: | `` | `      <eGenericType eClassifier=""#//EJavaClass"">` parsing failed"
modelset/raw-data/repo-ecore-all/data/holzem/xtext-lexertrace/org.example.xtext.lexertrace/model/generated/Lexertrace.ecore,true,true,true,
modelset/raw-data/repo-ecore-all/data/hoycdanny/MyGithub/imac-project/OpenDDS/OpenDDS-3.10/tools/modeling/plugins/org.opendds.modeling.model/model/DCPS.ecore,false,false,false,"parse: failed to parse modelset/raw-data/repo-ecore-all/data/hoycdanny/MyGithub/imac-project/OpenDDS/OpenDDS-3.10/tools/modeling/plugins/org.opendds.modeling.model/model/DCPS.ecore: unsupported `eType` path `Core.ecore#//Entity` line 13, column 18 current parser state: | `` | `  <eClassifiers xsi:type=""ecore:EClass"" name=""DomainParticipant"" eSuperTypes=""Domain.ecore#//DomainEntity"">` parsing failed"
modelset/raw-data/repo-ecore-all/data/hoycdanny/MyGithub/imac-project/OpenDDS/OpenDDS-3.10/tools/modeling/plugins/org.opendds.modeling.model/model/Enumerations.ecore,true,true,true,
modelset/raw-data/repo-ecore-all/data/hsersar/applause/org.applause.applausedsl/src-gen/org/applause/applausedsl/ApplauseDsl.ecore,true,true,true,
modelset/raw-data/repo-ecore-all/data/hubjak/communitymashup/core/CommunityMashupCore/model/application.ecore,false,false,false,"parse: failed to parse modelset/raw-data/repo-ecore-all/data/hubjak/communitymashup/core/CommunityMashupCore/model/application.ecore: unknown builtit class URL `http://www.eclipse.org/emf/2002/Ecore#//EIntegerObject` failed to parse class operation failed to parse class `Source` line 11, column 125 current parser state: | `` | `    <eOperations name=""start""/>` parsing failed"
modelset/raw-data/repo-ecore-all/data/hubjak/communitymashup/core/CommunityMashupCore/model/data.ecore,false,false,false,"parse: failed to parse modelset/raw-data/repo-ecore-all/data/hubjak/communitymashup/core/CommunityMashupCore/model/data.ecore: unknown builtit class URL `http://www.eclipse.org/emf/2002/Ecore#//EDate` failed to parse structural features failed to parse class `Person` line 30, column 144 current parser state: | `` | `    <eStructuralFeatures xsi:type=""ecore:EReference"" name=""persons"" upperBound=""-1""` parsing failed"
modelset/raw-data/repo-ecore-all/data/hugo-a-garcia/rodinia/source/be.kuleuven.rodinia.dsl.datatypes/src-gen/be/kuleuven/rodinia/dsl/datatypes/Datatypes.ecore,true,true,true,
modelset/raw-data/repo-ecore-all/data/huibo-shi/webEditorFontIssue/org.xtext.example.webFontIssue/model/generated/Font.ecore,true,true,true,
modelset/raw-data/repo-ecore-all/data/hungngo-quoc/moliz/org.modelexecution.xmof.diff.test/model/petrinet1/petrinet.ecore,true,true,true,
modelset/raw-data/repo-ecore-all/data/huybuidac20593/yakindu/BASE/branches/Array Extensions/org.yakindu.base.types/model/types.ecore,false,false,false,"parse: failed to parse modelset/raw-data/repo-ecore-all/data/huybuidac20593/yakindu/BASE/branches/Array Extensions/org.yakindu.base.types/model/types.ecore: unsupported `eType` path `base.ecore#//NamedElement` line 7, column 18 current parser state: | `` | `  <eClassifiers xsi:type=""ecore:EClass"" name=""Type"" abstract=""true"" eSuperTypes=""#//PackageMember"">` parsing failed"
modelset/raw-data/repo-ecore-all/data/huybuidac20593/yakindu/BASE/branches/Bugfix_2_3_x/plugins/org.yakindu.base.types/model/types.ecore,false,false,false,"parse: failed to parse modelset/raw-data/repo-ecore-all/data/huybuidac20593/yakindu/BASE/branches/Bugfix_2_3_x/plugins/org.yakindu.base.types/model/types.ecore: unsupported `eType` path `base.ecore#//NamedElement` line 7, column 18 current parser state: | `` | `  <eClassifiers xsi:type=""ecore:EClass"" name=""Type"" abstract=""true"" eSuperTypes=""#//PackageMember"">` parsing failed"
modelset/raw-data/repo-ecore-all/data/huybuidac20593/yakindu/BASE/branches/TYPE_SYSTEM_REFACTORING/plugins/org.yakindu.base.types/model/types.ecore,false,false,false,"parse: failed to parse modelset/raw-data/repo-ecore-all/data/huybuidac20593/yakindu/BASE/branches/TYPE_SYSTEM_REFACTORING/plugins/org.yakindu.base.types/model/types.ecore: unsupported `eType` path `base.ecore#//NamedElement` line 7, column 18 current parser state: | `` | `  <eClassifiers xsi:type=""ecore:EClass"" name=""Feature"" abstract=""true"" eSuperTypes=""#//TypedElement base.ecore#//NamedElement"">` parsing failed"
modelset/raw-data/repo-ecore-all/data/huybuidac20593/yakindu/BASE/branches/Xtext_TS/org.yakindu.base.types/model/types.ecore,false,false,false,"parse: failed to parse modelset/raw-data/repo-ecore-all/data/huybuidac20593/yakindu/BASE/branches/Xtext_TS/org.yakindu.base.types/model/types.ecore: unsupported `eType` path `base.ecore#//NamedElement` line 7, column 18 current parser state: | `` | `  <eClassifiers xsi:type=""ecore:EClass"" name=""Type"" abstract=""true"" eSuperTypes=""#//PackageMember"">` parsing failed"
modelset/raw-data/repo-ecore-all/data/huybuidac20593/yakindu/BASE/tags/22_RELEASE_2_4_0/plugins/org.yakindu.base.types/model/types.ecore,false,false,false,"parse: failed to parse modelset/raw-data/repo-ecore-all/data/huybuidac20593/yakindu/BASE/tags/22_RELEASE_2_4_0/plugins/org.yakindu.base.types/model/types.ecore: unsupported `eType` path `base.ecore#//NamedElement` line 7, column 18 current parser state: | `` | `  <eClassifiers xsi:type=""ecore:EClass"" name=""Type"" abstract=""true"" eSuperTypes=""#//PackageMember"">` parsing failed"
modelset/raw-data/repo-ecore-all/data/huybuidac20593/yakindu/BASE/tags/M_SCT2_05/org.eclipselabs.mscript/plugins/org.eclipselabs.mscript.language/model/Mscript.ecore,false,false,false,"parse: failed to parse modelset/raw-data/repo-ecore-all/data/huybuidac20593/yakindu/BASE/tags/M_SCT2_05/org.eclipselabs.mscript/plugins/org.eclipselabs.mscript.language/model/Mscript.ecore: unsupported `eType` path `ecore:EClass ../../org.eclipselabs.mscript.typesystem/model/TypeSystem.ecore#//PrimitiveType` failed to parse structural features failed to parse class `TypeAliasDefinition` line 24, column 29 current parser state: | `` | `  </eClassifiers>` parsing failed"
modelset/raw-data/repo-ecore-all/data/huybuidac20593/yakindu/BASE/tags/M_SCT2_06/org.eclipselabs.mscript/plugins/org.eclipselabs.mscript.language/model/Mscript.ecore,false,false,false,"parse: failed to parse modelset/raw-data/repo-ecore-all/data/huybuidac20593/yakindu/BASE/tags/M_SCT2_06/org.eclipselabs.mscript/plugins/org.eclipselabs.mscript.language/model/Mscript.ecore: unsupported `eType` path `ecore:EClass ../../org.eclipselabs.mscript.typesystem/model/TypeSystem.ecore#//PrimitiveType` failed to parse structural features failed to parse class `TypeAliasDefinition` line 24, column 29 current parser state: | `` | `  </eClassifiers>` parsing failed"
modelset/raw-data/repo-ecore-all/data/huybuidac20593/yakindu/BASE/tags/M_SCT2_06/org.eclipselabs.mscript/plugins/org.eclipselabs.mscript.typesystem/model/TypeSystem.ecore,true,true,true,
modelset/raw-data/repo-ecore-all/data/huybuidac20593/yakindu/BASE/tags/M_SCT2_07/org.eclipselabs.mscript/plugins/org.eclipselabs.mscript.language/model/Mscript.ecore,false,false,false,"parse: failed to parse modelset/raw-data/repo-ecore-all/data/huybuidac20593/yakindu/BASE/tags/M_SCT2_07/org.eclipselabs.mscript/plugins/org.eclipselabs.mscript.language/model/Mscript.ecore: unsupported `eType` path `ecore:EClass ../../org.eclipselabs.mscript.typesystem/model/TypeSystem.ecore#//PrimitiveType` failed to parse structural features failed to parse class `TypeAliasDefinition` line 24, column 29 current parser state: | `` | `  </eClassifiers>` parsing failed"
modelset/raw-data/repo-ecore-all/data/huybuidac20593/yakindu/BASE/tags/M_SCT2_07/org.eclipselabs.mscript/plugins/org.eclipselabs.mscript.typesystem/model/TypeSystem.ecore,true,true,true,
modelset/raw-data/repo-ecore-all/data/huybuidac20593/yakindu/BASE/tags/M_SCT_16_RC1/plugins/org.yakindu.base.types/model/types.ecore,false,false,false,"parse: failed to parse modelset/raw-data/repo-ecore-all/data/huybuidac20593/yakindu/BASE/tags/M_SCT_16_RC1/plugins/org.yakindu.base.types/model/types.ecore: unsupported `eType` path `base.ecore#//NamedElement` line 18, column 18 current parser state: | `` | `  <eClassifiers xsi:type=""ecore:EClass"" name=""Feature"" abstract=""true"" eSuperTypes=""#//TypedElement base.ecore#//NamedElement"">` parsing failed"
modelset/raw-data/repo-ecore-all/data/huybuidac20593/yakindu/BASE/trunk/plugins/org.yakindu.base.types/model/types.ecore,false,false,false,"parse: failed to parse modelset/raw-data/repo-ecore-all/data/huybuidac20593/yakindu/BASE/trunk/plugins/org.yakindu.base.types/model/types.ecore: unsupported `eType` path `base.ecore#//NamedElement` line 9, column 18 current parser state: | `` | `  <eClassifiers xsi:type=""ecore:EClass"" name=""Type"" abstract=""true"" eSuperTypes=""#//PackageMember"">` parsing failed"
modelset/raw-data/repo-ecore-all/data/huybuidac20593/yakindu/archive/SCT1/tags/SCT_1.1.0_RELEASE/com.yakindu.statechart.model/plugins/org.mda4e.statemachine.model/src/org/mda4e/statemachine/model/statemachine.ecore,true,true,true,
modelset/raw-data/repo-ecore-all/data/i-BP/boem/tests/fr.ibp.odv.boem.mm.test/model/BoemTest.ecore,true,true,true,
modelset/raw-data/repo-ecore-all/data/iFadi/MBSE/miniProject2/plugins/de.luh.se.mbse.network/model/network.ecore,true,true,true,
modelset/raw-data/repo-ecore-all/data/iFadi/MBSE/miniProject2/plugins/de.luh.se.mbse.network.Interpreter/model/network.ecore,true,true,true,
modelset/raw-data/repo-ecore-all/data/iFadi/MBSE/miniProject2/plugins/de.luh.se.mbse.network.textualeditor/model/generated/Amf.ecore,true,true,true,
modelset/raw-data/repo-ecore-all/data/iLabrys/iLabrysOSGi/es.itecban.deployment.model.environment/model/genmodel/graph.ecore,false,false,false,"parse: failed to parse modelset/raw-data/repo-ecore-all/data/iLabrys/iLabrysOSGi/es.itecban.deployment.model.environment/model/genmodel/graph.ecore: unknown builtit class URL `http://www.eclipse.org/emf/2003/XMLType#//String` failed to parse structural features failed to parse class `Cause` line 26, column 139 current parser state: | `` | `      <eAnnotations source=""http:///org/eclipse/emf/ecore/util/ExtendedMetaData"">` parsing failed"
modelset/raw-data/repo-ecore-all/data/iLabrys/iLabrysOSGi/es.itecban.deployment.model.software/model/genmodel/graph.ecore,false,false,false,"parse: failed to parse modelset/raw-data/repo-ecore-all/data/iLabrys/iLabrysOSGi/es.itecban.deployment.model.software/model/genmodel/graph.ecore: unknown builtit class URL `http://www.eclipse.org/emf/2003/XMLType#//String` failed to parse structural features failed to parse class `Cause` line 26, column 139 current parser state: | `` | `      <eAnnotations source=""http:///org/eclipse/emf/ecore/util/ExtendedMetaData"">` parsing failed"
modelset/raw-data/repo-ecore-all/data/ibmwlu/Browsing/org.eclipse.epf.uma/model/1.0.2/uma.ecore,false,false,false,"parse: failed to parse modelset/raw-data/repo-ecore-all/data/ibmwlu/Browsing/org.eclipse.epf.uma/model/1.0.2/uma.ecore: unknown builtit class URL `http://www.eclipse.org/emf/2002/Ecore#//EBooleanObject` failed to parse structural features failed to parse class `MethodElement` line 81, column 37 current parser state: | `` | `      <eAnnotations source=""http://www.eclipse.org/emf/2002/GenModel"">` parsing failed"
modelset/raw-data/repo-ecore-all/data/idobrusin/RocLang/RocLang/robotcontrol.parent/robotcontrol/model/generated/Roc.ecore,false,false,false,"parse: failed to parse modelset/raw-data/repo-ecore-all/data/idobrusin/RocLang/RocLang/robotcontrol.parent/robotcontrol/model/generated/Roc.ecore: unsupported `eType` path `ecore:EClass http://www.eclipse.org/emf/2002/Ecore#//EObject` failed to parse structural features failed to parse class `Action` line 22, column 29 current parser state: | `` | `    <eStructuralFeatures xsi:type=""ecore:EAttribute"" name=""intensity"" eType=""#//Intensity""/>` parsing failed"
modelset/raw-data/repo-ecore-all/data/idrissasey/IDM/idm.tp1/model/tp1.ecore,true,true,true,
modelset/raw-data/repo-ecore-all/data/ifu-lobuntu/jbpm-designer-extensions/jbpm-designer-extensions-emf/models/DI.ecore,false,false,false,"parse: failed to parse modelset/raw-data/repo-ecore-all/data/ifu-lobuntu/jbpm-designer-extensions/jbpm-designer-extensions-emf/models/DI.ecore: unsupported `eType` path `ecore:EClass http://www.eclipse.org/emf/2002/Ecore#//EObject` failed to parse structural features failed to parse class `DiagramElement` line 16, column 94 current parser state: | `` | `    <eStructuralFeatures xsi:type=""ecore:EAttribute"" name=""id"" eType=""ecore:EDataType http://www.eclipse.org/emf/2002/Ecore#//EString""` parsing failed"
modelset/raw-data/repo-ecore-all/data/ifu-lobuntu/jbpm-designer-extensions/jbpm-designer-extensions-emf/models/PrimitiveTypes.ecore,true,true,true,
modelset/raw-data/repo-ecore-all/data/igorventorim/mdc-metamodel/model/mdc.ecore,false,false,false,"parse: failed to parse modelset/raw-data/repo-ecore-all/data/igorventorim/mdc-metamodel/model/mdc.ecore: unknown builtit class URL `http://www.eclipse.org/emf/2002/Ecore#//EEList` failed to parse class operation failed to parse class `State` line 13, column 108 current parser state: | `` | `    <eStructuralFeatures xsi:type=""ecore:EAttribute"" name=""name"" eType=""ecore:EDataType http://www.eclipse.org/emf/2002/Ecore#//EString""/>` parsing failed"
modelset/raw-data/repo-ecore-all/data/igorventorim/modeldrivenchatbot/br.ufes.inf.mdc/model/mdc.ecore,false,false,false,"parse: failed to parse modelset/raw-data/repo-ecore-all/data/igorventorim/modeldrivenchatbot/br.ufes.inf.mdc/model/mdc.ecore: unknown builtit class URL `http://www.eclipse.org/emf/2002/Ecore#//EEList` failed to parse class operation failed to parse class `State` line 18, column 108 current parser state: | `` | `    <eOperations name=""sincMessages""/>` parsing failed"
modelset/raw-data/repo-ecore-all/data/iivanoo/FLYAQ/backend/it.univaq.flyaq.behaviour/model/behaviour.ecore,true,true,true,
modelset/raw-data/repo-ecore-all/data/iivanoo/FLYAQ/backend/it.univaq.flyaq.drone/model/drone.ecore,true,true,true,
modelset/raw-data/repo-ecore-all/data/iivanoo/FLYAQ/backend/it.univaq.flyaq.mission/model/mission.ecore,true,true,true,
modelset/raw-data/repo-ecore-all/data/iivanoo/FLYAQ/runtime/it.univaq.flyaq.topics/model/behaviour.ecore,true,true,true,
modelset/raw-data/repo-ecore-all/data/imace/de.cau.cs.kieler/plugins/de.cau.cs.kieler.kiml.graphviz.dot/src-gen/de/cau/cs/kieler/kiml/graphviz/dot/GraphvizDot.ecore,true,true,true,
modelset/raw-data/repo-ecore-all/data/imace/de.cau.cs.kieler/plugins/de.cau.cs.kieler.synccharts/model/synccharts.ecore,false,false,false,"parse: failed to parse modelset/raw-data/repo-ecore-all/data/imace/de.cau.cs.kieler/plugins/de.cau.cs.kieler.synccharts/model/synccharts.ecore: unsupported `eType` path `ecore:EClass ../../de.cau.cs.kieler.core.kexpressions/model/kexpressions.ecore#//Expression` failed to parse structural features failed to parse class `Action` line 13, column 29 current parser state: | `` | `    <eStructuralFeatures xsi:type=""ecore:EAttribute"" name=""delay"" eType=""ecore:EDataType http://www.eclipse.org/emf/2002/Ecore#//EInt""` parsing failed"
modelset/raw-data/repo-ecore-all/data/imace/de.cau.cs.kieler/plugins/de.cau.cs.kieler.synccharts.codegen.dependencies/model/synccharts.ecore,false,false,false,"parse: failed to parse modelset/raw-data/repo-ecore-all/data/imace/de.cau.cs.kieler/plugins/de.cau.cs.kieler.synccharts.codegen.dependencies/model/synccharts.ecore: unsupported `eType` path `ecore:EClass kexpressions.ecore#//Expression` failed to parse structural features failed to parse class `Action` line 13, column 29 current parser state: | `` | `    <eStructuralFeatures xsi:type=""ecore:EAttribute"" name=""delay"" eType=""ecore:EDataType http://www.eclipse.org/emf/2002/Ecore#//EInt""` parsing failed"
modelset/raw-data/repo-ecore-all/data/imbur/EIQ-LS-dev/plugins/org.eclipse.incquery.viewmodel/model/traceability.ecore,false,false,false,"parse: failed to parse modelset/raw-data/repo-ecore-all/data/imbur/EIQ-LS-dev/plugins/org.eclipse.incquery.viewmodel/model/traceability.ecore: unsupported `eType` path `ecore:EClass http://www.eclipse.org/emf/2002/Ecore#//EObject` failed to parse structural features failed to parse class `Trace` line 12, column 95 current parser state: | `` | `    <eStructuralFeatures xsi:type=""ecore:EAttribute"" name=""id"" eType=""ecore:EDataType http://www.eclipse.org/emf/2002/Ecore#//EString""/>` parsing failed"
modelset/raw-data/repo-ecore-all/data/imbur/szoftverarchitekturak/emfnotification-test/model/model.ecore,true,true,true,
modelset/raw-data/repo-ecore-all/data/ipa320/bride/bride_plugin_source/src/org.best_of_robotics.model.datatypes/model/DataTypes.ecore,true,true,true,
modelset/raw-data/repo-ecore-all/data/iremfidandan/MvcLangv2/CodeGenerationPrototype/com.eryaz.prototype.ryz/model/ryz.ecore,false,false,false,"parse: failed to parse modelset/raw-data/repo-ecore-all/data/iremfidandan/MvcLangv2/CodeGenerationPrototype/com.eryaz.prototype.ryz/model/ryz.ecore: unknown builtit class URL `http://www.eclipse.org/emf/2003/XMLType#//String` failed to parse structural features failed to parse class `Choice` line 236, column 155 current parser state: | `` | `    <eStructuralFeatures xsi:type=""ecore:EAttribute"" name=""value"" lowerBound=""1"" eType=""ecore:EDataType http://www.eclipse.org/emf/2003/XMLType#//String""/>` parsing failed"
modelset/raw-data/repo-ecore-all/data/irish3725/ESOF_use/4hw/PurchaseOrder/model/purchaseOrder.ecore,true,false,false,"generate: [INFO  arachne] Starting code generation [INFO  arachne_codegen] Validating configuration [INFO  arachne_codegen] Parsing ecore metamodel: ""modelset/raw-data/repo-ecore-all/data/irish3725/ESOF_use/4hw/PurchaseOrder/model/purchaseOrder.ecore"" [INFO  arachne_codegen] Generating Rust tokens [INFO  arachne_codegen] Generating classifiers...  thread 'main' (358378) panicked at arachne-codegen/src/codegen/feature/attribute.rs:65:37: Failed to parse type: Date note: run with `RUST_BACKTRACE=1` environment variable to display a backtrace"
modelset/raw-data/repo-ecore-all/data/isakovarseniy/tura/examples/org.tura.metamodel.migration/model/domain.ecore,false,false,false,"parse: failed to parse modelset/raw-data/repo-ecore-all/data/isakovarseniy/tura/examples/org.tura.metamodel.migration/model/domain.ecore: expected tag `>` failed to parse package annotation line 4, column 29 current parser state: | `/>` | `  <eClassifiers xsi:type=""ecore:EClass"" name=""Domain"">` parsing failed"
modelset/raw-data/repo-ecore-all/data/isakovarseniy/tura/sirius/plugins/org.tura.metamodel/model/application.ecore,false,false,false,"parse: failed to parse modelset/raw-data/repo-ecore-all/data/isakovarseniy/tura/sirius/plugins/org.tura.metamodel/model/application.ecore: unsupported `eType` path `ecore:EClass infrastructure.ecore#//EnterpriseInfrastructure` failed to parse structural features failed to parse class `ApplicationInfrastructureLayer` line 42, column 98 current parser state: | `` | `  </eClassifiers>` parsing failed"
modelset/raw-data/repo-ecore-all/data/isakovarseniy/tura/sirius/plugins/org.tura.metamodel/model/messages.ecore,false,false,false,"parse: failed to parse modelset/raw-data/repo-ecore-all/data/isakovarseniy/tura/sirius/plugins/org.tura.metamodel/model/messages.ecore: unsupported `eType` path `artifact.ecore#//Categorized` line 10, column 18 current parser state: | `` | `  <eClassifiers xsi:type=""ecore:EClass"" name=""Message"">` parsing failed"
modelset/raw-data/repo-ecore-all/data/isakovarseniy/tura/sirius/plugins/org.tura.metamodel/model/style.ecore,true,true,true,
modelset/raw-data/repo-ecore-all/data/isakovarseniy/tura/sirius/plugins/org.tura.metamodel/model/type.ecore,false,false,false,"parse: failed to parse modelset/raw-data/repo-ecore-all/data/isakovarseniy/tura/sirius/plugins/org.tura.metamodel/model/type.ecore: unsupported `eType` path `artifact.ecore#//Categorized` line 27, column 18 current parser state: | `` | `  <eClassifiers xsi:type=""ecore:EClass"" name=""References"" eSuperTypes=""#//Relationship""/>` parsing failed"
modelset/raw-data/repo-ecore-all/data/italolins/CompiladorPascal/ufcg.compiladores.pascal/model/generated/Pascal.ecore,false,false,false,"parse: failed to parse modelset/raw-data/repo-ecore-all/data/italolins/CompiladorPascal/ufcg.compiladores.pascal/model/generated/Pascal.ecore: unsupported `eType` path `ecore:EClass http://www.eclipse.org/emf/2002/Ecore#//EObject` failed to parse structural features failed to parse class `simple_expression` line 242, column 98 current parser state: | `` | `    <eStructuralFeatures xsi:type=""ecore:EAttribute"" name=""operators"" unique=""false""` parsing failed"
modelset/raw-data/repo-ecore-all/data/itemis/xtext-generator-vscode/examples/org.xtext.example.entities.parent/org.xtext.example.entities/model/generated/EntitiesDsl.ecore,true,true,true,
modelset/raw-data/repo-ecore-all/data/ivanjimenez/tsoo_mswin/M1/UML/model/UML.ecore,true,true,true,
modelset/raw-data/repo-ecore-all/data/ivanjimenez/tsoo_mswin/M1_tema4/UML/model/ER.ecore,true,true,true,
modelset/raw-data/repo-ecore-all/data/ivanjimenez/tsoo_mswin/M1_tema4/UML/model/UML.ecore,true,true,true,
modelset/raw-data/repo-ecore-all/data/ivarkrabol/tdt4250/model/tdt4250case.ecore,false,false,false,"parse: failed to parse modelset/raw-data/repo-ecore-all/data/ivarkrabol/tdt4250/model/tdt4250case.ecore: expected tag `>` failed to parse package annotation line 5, column 63 current parser state: | `/>` | `  <eClassifiers xsi:type=""ecore:EClass"" name=""Course"">` parsing failed"
modelset/raw-data/repo-ecore-all/data/izsob/TTC13-PN2SC-EIQ/metamodel/PetriNets/model/PetriNets.ecore,true,true,true,
modelset/raw-data/repo-ecore-all/data/j-mortara/S9_IDM/smart_house/SmartHome/model/smartHome.ecore,true,true,true,
modelset/raw-data/repo-ecore-all/data/j-mortara/S9_LBS/SmartHome/model/smartHome.ecore,true,true,true,
modelset/raw-data/repo-ecore-all/data/jachinte/xcore-gradle-example/model-gen/Example.ecore,true,true,true,
modelset/raw-data/repo-ecore-all/data/jacksyv/TDT4250-Assignment1/University/model/study.ecore,true,true,true,
modelset/raw-data/repo-ecore-all/data/jacquesklein2302/geko-model-weaver/examples/lts/lu.uni.geko.examples.lts/metamodel/lts.ecore,false,false,false,"parse: failed to parse modelset/raw-data/repo-ecore-all/data/jacquesklein2302/geko-model-weaver/examples/lts/lu.uni.geko.examples.lts/metamodel/lts.ecore: expected tag `source` failed to parse package annotation line 16, column 16 current parser state: | `/>` | `  <eClassifiers xsi:type=""ecore:EClass"" name=""LTS"">` parsing failed"
modelset/raw-data/repo-ecore-all/data/jacquesklein2302/geko-model-weaver/examples/lts/lu.uni.geko.examples.lts/metamodel/lts_advice.ecore,false,false,false,"parse: failed to parse modelset/raw-data/repo-ecore-all/data/jacquesklein2302/geko-model-weaver/examples/lts/lu.uni.geko.examples.lts/metamodel/lts_advice.ecore: expected tag `source` failed to parse package annotation line 6, column 16 current parser state: | `/>` | `  <eClassifiers xsi:type=""ecore:EClass"" name=""LTS"">` parsing failed"
modelset/raw-data/repo-ecore-all/data/jacquesklein2302/geko-model-weaver/examples/pcm/edu.kit.ipd.sdq.mdsd.geko.examples.pcm/metamodel/Units.ecore,true,true,true,
modelset/raw-data/repo-ecore-all/data/jacquesklein2302/geko-model-weaver/examples/pcm/edu.kit.ipd.sdq.mdsd.geko.examples.pcm/metamodel/Units_advice.ecore,false,false,false,"parse: failed to parse modelset/raw-data/repo-ecore-all/data/jacquesklein2302/geko-model-weaver/examples/pcm/edu.kit.ipd.sdq.mdsd.geko.examples.pcm/metamodel/Units_advice.ecore: unsupported `eType` path `ecore:EClass http://www.eclipse.org/emf/2002/Ecore#//EObject` failed to parse structural features failed to parse class `Advice` line 48, column 98 current parser state: | `` | `  </eClassifiers>` parsing failed"
modelset/raw-data/repo-ecore-all/data/jacquesklein2302/geko-model-weaver/examples/pcm/edu.kit.ipd.sdq.mdsd.geko.examples.pcm/metamodel/Units_advice_pointcut.ecore,false,false,false,"parse: failed to parse modelset/raw-data/repo-ecore-all/data/jacquesklein2302/geko-model-weaver/examples/pcm/edu.kit.ipd.sdq.mdsd.geko.examples.pcm/metamodel/Units_advice_pointcut.ecore: unsupported `eType` path `ecore:EClass http://www.eclipse.org/emf/2002/Ecore#//EObject` failed to parse structural features failed to parse class `Advice` line 49, column 98 current parser state: | `` | `  </eClassifiers>` parsing failed"
modelset/raw-data/repo-ecore-all/data/jacquesklein2302/geko-model-weaver/examples/pcm/edu.kit.ipd.sdq.mdsd.geko.examples.pcm/metamodel/Units_pointcut_pointcut.ecore,false,false,false,"parse: failed to parse modelset/raw-data/repo-ecore-all/data/jacquesklein2302/geko-model-weaver/examples/pcm/edu.kit.ipd.sdq.mdsd.geko.examples.pcm/metamodel/Units_pointcut_pointcut.ecore: unsupported `eType` path `ecore:EClass http://www.eclipse.org/emf/2002/Ecore#//EObject` failed to parse structural features failed to parse class `PointcutPointcut` line 49, column 98 current parser state: | `` | `  </eClassifiers>` parsing failed"
modelset/raw-data/repo-ecore-all/data/jacquesklein2302/geko-model-weaver/examples/pcm/edu.kit.ipd.sdq.mdsd.geko.examples.pcm/metamodel/pcm_pointcut.ecore,false,false,false,"parse: failed to parse modelset/raw-data/repo-ecore-all/data/jacquesklein2302/geko-model-weaver/examples/pcm/edu.kit.ipd.sdq.mdsd.geko.examples.pcm/metamodel/pcm_pointcut.ecore: unsupported `eType` path `ecore:EClass http://www.eclipse.org/emf/2002/Ecore#//EObject` failed to parse structural features failed to parse class `Pointcut` line 11, column 98 current parser state: | `` | `  </eClassifiers>` parsing failed"
modelset/raw-data/repo-ecore-all/data/jacquesklein2302/geko-model-weaver/examples/pcm/edu.kit.ipd.sdq.mdsd.geko.examples.pcm/metamodel/pcm_pointcut_advice.ecore,false,false,false,"parse: failed to parse modelset/raw-data/repo-ecore-all/data/jacquesklein2302/geko-model-weaver/examples/pcm/edu.kit.ipd.sdq.mdsd.geko.examples.pcm/metamodel/pcm_pointcut_advice.ecore: unsupported `eType` path `ecore:EClass http://www.eclipse.org/emf/2002/Ecore#//EObject` failed to parse structural features failed to parse class `Pointcut` line 11, column 98 current parser state: | `` | `  </eClassifiers>` parsing failed"
modelset/raw-data/repo-ecore-all/data/jagalindo/ViViD-2.0/fr.inria.lang.vm/model/generated/VM.ecore,true,false,false,"generate: timeout after 120s: /arachne/target/debug/arachne generate modelset/raw-data/repo-ecore-all/data/jagalindo/ViViD-2.0/fr.inria.lang.vm/model/generated/VM.ecore -o /var/folders/24/3kt9vzrj6qzd_r760kn9ybsm0000gn/T/arachne-modelset-omcite9_/generated-00931 -p modelset-00931-44d26578 [INFO  arachne] Starting code generation [INFO  arachne_codegen] Validating configuration [INFO  arachne_codegen] Parsing ecore metamodel: ""modelset/raw-data/repo-ecore-all/data/jagalindo/ViViD-2.0/fr.inria.lang.vm/model/generated/VM.ecore"" [INFO  arachne_codegen] Generating Rust tokens"
modelset/raw-data/repo-ecore-all/data/jalmenUAL/ATL-TESTING/ATL-machine-BaseX/EXAMPLES/StateMachineCaseStudy/metamodels/SimpleHierarchicalStateMachine.ecore,true,true,true,
modelset/raw-data/repo-ecore-all/data/jalmenUAL/ATL-TESTING/ATL-machine-BaseX/EXAMPLES/StateMachineCaseStudy/metamodels/SimpleNonHierarchicalStateMachine.ecore,true,true,true,
modelset/raw-data/repo-ecore-all/data/janjve/Itu.Shared/Source/7 Domain Specific Languages/Week 3 - Meta models/Sql/model/SqlQueries.ecore,true,true,true,
modelset/raw-data/repo-ecore-all/data/janjve/Itu.Shared/Source/7 Domain Specific Languages/Week 3 - Meta models/StateMachine/model/StateMachine.ecore,true,true,true,
modelset/raw-data/repo-ecore-all/data/jasonbrianhall/Jaspersoft-Studio/com.jaspersoft.studio.data.sql/src-gen/com/jaspersoft/studio/data/Sql.ecore,false,false,false,"parse: failed to parse modelset/raw-data/repo-ecore-all/data/jasonbrianhall/Jaspersoft-Studio/com.jaspersoft.studio.data.sql/src-gen/com/jaspersoft/studio/data/Sql.ecore: unknown builtit class URL `http://www.eclipse.org/emf/2002/Ecore#//ELongObject` failed to parse structural features failed to parse class `Offset` line 18, column 145 current parser state: | `` | `  </eClassifiers>` parsing failed"
modelset/raw-data/repo-ecore-all/data/javitroya/AME_ATL_MUT_Testing/Examples_In_Slides/Public2Private_AME/metamodel/UMLSimp.ecore,true,true,true,
modelset/raw-data/repo-ecore-all/data/javitroya/AME_ATL_MUT_Testing/Mutation_Testing/mutations/metamodels/ATL.ecore,false,false,false,"parse: failed to parse modelset/raw-data/repo-ecore-all/data/javitroya/AME_ATL_MUT_Testing/Mutation_Testing/mutations/metamodels/ATL.ecore: unexpected content at package level line 2, column 1 current parser state: | `<xmi:XMI xmi:version=""2.0"" xmlns:xmi=""http://www.omg.org/XMI"" xmlns:xsi=""http://www.w3.org/2001/XMLSchema-instance""` | `    xmlns:ecore=""http://www.eclipse.org/emf/2002/Ecore"">` parsing failed"
modelset/raw-data/repo-ecore-all/data/javitroya/AME_ATL_MUT_Testing/Mutation_Testing/mutations/transformation/AddBindingTarget.ecore,true,true,true,
modelset/raw-data/repo-ecore-all/data/javitroya/AME_ATL_MUT_Testing/Mutation_Testing/mutations/transformation/PetriNet.ecore,true,true,true,
modelset/raw-data/repo-ecore-all/data/javitroya/ATL2DSLTrans/ATL2DSLTrans/ATL.ecore,false,false,false,"parse: failed to parse modelset/raw-data/repo-ecore-all/data/javitroya/ATL2DSLTrans/ATL2DSLTrans/ATL.ecore: unexpected content at package level line 2, column 1 current parser state: | `<xmi:XMI xmi:version=""2.0"" xmlns:xmi=""http://www.omg.org/XMI"" xmlns:xsi=""http://www.w3.org/2001/XMLSchema-instance""` | `    xmlns:ecore=""http://www.eclipse.org/emf/2002/Ecore"">` parsing failed"
modelset/raw-data/repo-ecore-all/data/javitroya/ATL2DSLTrans/ATL2DSLTrans/testData_EC/Ecore.ecore,false,false,false,"parse: failed to parse modelset/raw-data/repo-ecore-all/data/javitroya/ATL2DSLTrans/ATL2DSLTrans/testData_EC/Ecore.ecore: Missing attribute `eType` in structural feature `instanceClass` failed to parse structural features failed to parse class `EClassifier` line 120, column 57 current parser state: | `` | `      <eGenericType eClassifier=""#//EJavaClass"">` parsing failed"
modelset/raw-data/repo-ecore-all/data/javitroya/ATL2DSLTrans/ATL2DSLTrans/testData_F2P/Household.ecore,true,true,true,
modelset/raw-data/repo-ecore-all/data/javitroya/ATL2DSLTrans/ATL2DSLTrans/testData_F2P_Extended/Persons_Extended.ecore,true,true,true,
modelset/raw-data/repo-ecore-all/data/javitroya/ATL2DSLTrans/ruleTypeExtraction/Example/ERCopier/ER_MM.ecore,true,true,true,
modelset/raw-data/repo-ecore-all/data/javitroya/ATL2DSLTrans/ruleTypeExtraction/Example/Ecore2Use/Ecore.ecore,false,false,false,"parse: failed to parse modelset/raw-data/repo-ecore-all/data/javitroya/ATL2DSLTrans/ruleTypeExtraction/Example/Ecore2Use/Ecore.ecore: Missing attribute `eType` in structural feature `instanceClass` failed to parse structural features failed to parse class `EClassifier` line 108, column 57 current parser state: | `` | `      <eGenericType eClassifier=""#//EJavaClass"">` parsing failed"
modelset/raw-data/repo-ecore-all/data/javitroya/ATL2DSLTrans/ruleTypeExtraction/Example/Ecore2Use/USE.ecore,false,false,false,"parse: failed to parse modelset/raw-data/repo-ecore-all/data/javitroya/ATL2DSLTrans/ruleTypeExtraction/Example/Ecore2Use/USE.ecore: unexpected package content line 103, column 1 current parser state: | `</ecore:EPackage>` parsing failed"
modelset/raw-data/repo-ecore-all/data/javitroya/ATL2DSLTrans/ruleTypeExtraction/Example/EcoreCopier/ER_in.ecore,false,false,false,"parse: failed to parse modelset/raw-data/repo-ecore-all/data/javitroya/ATL2DSLTrans/ruleTypeExtraction/Example/EcoreCopier/ER_in.ecore: expected tag `>` failed to parse class annotation failed to parse class `ERModel` line 7, column 35 current parser state: | `/>` | `    <eStructuralFeatures xsi:type=""ecore:EReference"" name=""entities"" upperBound=""-1""` parsing failed"
modelset/raw-data/repo-ecore-all/data/javitroya/ATL2DSLTrans/ruleTypeExtraction/Example/EcoreCopier_modified/ER_out.ecore,false,false,false,"parse: failed to parse modelset/raw-data/repo-ecore-all/data/javitroya/ATL2DSLTrans/ruleTypeExtraction/Example/EcoreCopier_modified/ER_out.ecore: expected tag `>` failed to parse class annotation failed to parse class `ERModel` line 5, column 35 current parser state: | `/>` | `    <eStructuralFeatures xsi:type=""ecore:EReference"" name=""entities"" upperBound=""-1""` parsing failed"
modelset/raw-data/repo-ecore-all/data/javitroya/ATL2DSLTrans/ruleTypeExtraction/Example/EcoreCopier_modified/Ecore2.ecore,false,false,false,"parse: failed to parse modelset/raw-data/repo-ecore-all/data/javitroya/ATL2DSLTrans/ruleTypeExtraction/Example/EcoreCopier_modified/Ecore2.ecore: unexpected `eClassifiers` attribute `serializable` line 233, column 27 current parser state: | `/>` | `  <eClassifiers xsi:type=""ecore:EDataType"" name=""EDouble"" instanceClassName=""double""/>` parsing failed"
modelset/raw-data/repo-ecore-all/data/javitroya/ATL2DSLTrans/ruleTypeExtraction/Example/F2P_Extended/Persons_Extended.ecore,true,true,true,
modelset/raw-data/repo-ecore-all/data/javitroya/SBFL_MT/Spectrum-based_FaultLoc_MT/SpecBased_FaultLoc_MT/models_BibTexML2DocBook/BibTex_DocBook_JointMM.ecore,false,false,false,"parse: failed to parse modelset/raw-data/repo-ecore-all/data/javitroya/SBFL_MT/Spectrum-based_FaultLoc_MT/SpecBased_FaultLoc_MT/models_BibTexML2DocBook/BibTex_DocBook_JointMM.ecore: unexpected content at package level line 2, column 1 current parser state: | `<xmi:XMI xmi:version=""2.0"" xmlns:xmi=""http://www.omg.org/XMI"" xmlns:xsi=""http://www.w3.org/2001/XMLSchema-instance""` | `    xmlns:ecore=""http://www.eclipse.org/emf/2002/Ecore"">` parsing failed"
modelset/raw-data/repo-ecore-all/data/javitroya/SBFL_MT/Spectrum-based_FaultLoc_MT/SpecBased_FaultLoc_MT/models_BibTexML2DocBook/JointMM.ecore,false,false,false,"parse: failed to parse modelset/raw-data/repo-ecore-all/data/javitroya/SBFL_MT/Spectrum-based_FaultLoc_MT/SpecBased_FaultLoc_MT/models_BibTexML2DocBook/JointMM.ecore: unexpected content at package level line 2, column 1 current parser state: | `<xmi:XMI xmi:version=""2.0"" xmlns:xmi=""http://www.omg.org/XMI"" xmlns:xsi=""http://www.w3.org/2001/XMLSchema-instance""` | `    xmlns:ecore=""http://www.eclipse.org/emf/2002/Ecore"">` parsing failed"
modelset/raw-data/repo-ecore-all/data/javitroya/SBFL_MT/Spectrum-based_FaultLoc_MT/SpecBased_FaultLoc_MT/models_BibTexML2DocBook/JointMM_BibTeX2DocBook.ecore,false,false,false,"parse: failed to parse modelset/raw-data/repo-ecore-all/data/javitroya/SBFL_MT/Spectrum-based_FaultLoc_MT/SpecBased_FaultLoc_MT/models_BibTexML2DocBook/JointMM_BibTeX2DocBook.ecore: unexpected content at package level line 2, column 1 current parser state: | `<xmi:XMI xmi:version=""2.0"" xmlns:xmi=""http://www.omg.org/XMI"" xmlns:xsi=""http://www.w3.org/2001/XMLSchema-instance""` | `    xmlns:ecore=""http://www.eclipse.org/emf/2002/Ecore"">` parsing failed"
modelset/raw-data/repo-ecore-all/data/javitroya/SBFL_MT/Spectrum-based_FaultLoc_MT/SpecBased_FaultLoc_MT/models_CPL2SPL/JointMM_CPL2SPL.ecore,false,false,false,"parse: failed to parse modelset/raw-data/repo-ecore-all/data/javitroya/SBFL_MT/Spectrum-based_FaultLoc_MT/SpecBased_FaultLoc_MT/models_CPL2SPL/JointMM_CPL2SPL.ecore: unexpected content at package level line 2, column 1 current parser state: | `<xmi:XMI xmi:version=""2.0"" xmlns:xmi=""http://www.omg.org/XMI"" xmlns:xsi=""http://www.w3.org/2001/XMLSchema-instance""` | `    xmlns:ecore=""http://www.eclipse.org/emf/2002/Ecore"">` parsing failed"
modelset/raw-data/repo-ecore-all/data/javitroya/SBFL_MT/Spectrum-based_FaultLoc_MT/SpecBased_FaultLoc_MT/models_Ecore2Maude/JointMM_Ecore2Maude.ecore,true,true,true,
modelset/raw-data/repo-ecore-all/data/javitroya/SBFL_MT/Spectrum-based_FaultLoc_MT/SpecBased_FaultLoc_MT/models_Ecore2Maude/JointMM_Ecore2Maude2.ecore,true,true,true,
modelset/raw-data/repo-ecore-all/data/javitroya/SBFL_MT/Spectrum-based_FaultLoc_MT/SpecBased_FaultLoc_MT/models_Ecore2Maude/Maude.ecore,true,true,true,
modelset/raw-data/repo-ecore-all/data/javitroya/SBFL_MT/Spectrum-based_FaultLoc_MT/SpecBased_FaultLoc_MT/models_Ecore2Maude/ecore.ecore,false,false,false,"parse: failed to parse modelset/raw-data/repo-ecore-all/data/javitroya/SBFL_MT/Spectrum-based_FaultLoc_MT/SpecBased_FaultLoc_MT/models_Ecore2Maude/ecore.ecore: Missing attribute `eType` in structural feature `instanceClass` failed to parse structural features failed to parse class `EClassifier` line 77, column 57 current parser state: | `` | `      <eGenericType eClassifier=""#//EJavaClass"">` parsing failed"
modelset/raw-data/repo-ecore-all/data/javitroya/SBFL_MT/Spectrum-based_FaultLoc_MT/SpecBased_FaultLoc_MT/models_UML2ER/JointMM_UML2ER.ecore,false,false,false,"parse: failed to parse modelset/raw-data/repo-ecore-all/data/javitroya/SBFL_MT/Spectrum-based_FaultLoc_MT/SpecBased_FaultLoc_MT/models_UML2ER/JointMM_UML2ER.ecore: unexpected content at package level line 2, column 1 current parser state: | `<xmi:XMI xmi:version=""2.0"" xmlns:xmi=""http://www.omg.org/XMI"" xmlns:xsi=""http://www.w3.org/2001/XMLSchema-instance""` | `    xmlns:ecore=""http://www.eclipse.org/emf/2002/Ecore"">` parsing failed"
modelset/raw-data/repo-ecore-all/data/javitroya/test-case-gen-mutation-analysis/Mutation_Analysis/analysis_Grafcet2PetriNet/JointMM_Grafcet2PetriNet.ecore,true,true,true,
modelset/raw-data/repo-ecore-all/data/javitroya/test-case-gen-mutation-analysis/Mutation_Analysis/analysis_Grafcet2PetriNet/PetriNet.ecore,true,true,true,
modelset/raw-data/repo-ecore-all/data/javitroya/test-case-gen-mutation-analysis/Mutation_Analysis/analysis_HSM2FSM/FSM.ecore,true,true,true,
modelset/raw-data/repo-ecore-all/data/javitroya/test-case-gen-mutation-analysis/Mutation_Analysis/analysis_HSM2FSM/HSM.ecore,true,true,true,
modelset/raw-data/repo-ecore-all/data/javitroya/test-case-gen-mutation-analysis/Mutation_Analysis/analysis_HSM2FSM/JointMM_HSM2FSM.ecore,false,false,false,"parse: failed to parse modelset/raw-data/repo-ecore-all/data/javitroya/test-case-gen-mutation-analysis/Mutation_Analysis/analysis_HSM2FSM/JointMM_HSM2FSM.ecore: unexpected content at package level line 2, column 1 current parser state: | `<xmi:XMI xmi:version=""2.0"" xmlns:xmi=""http://www.omg.org/XMI"" xmlns:xsi=""http://www.w3.org/2001/XMLSchema-instance""` | `    xmlns:ecore=""http://www.eclipse.org/emf/2002/Ecore"">` parsing failed"
modelset/raw-data/repo-ecore-all/data/javitroya/test-case-gen-mutation-analysis/Mutation_Analysis/analysis_PetriNet2PNML/JointMM_PetriNet2PNML.ecore,true,true,true,
modelset/raw-data/repo-ecore-all/data/javitroya/test-case-gen-mutation-analysis/Mutation_Analysis/analysis_UML2ER/SimpleUml.ecore,true,true,true,
modelset/raw-data/repo-ecore-all/data/jblomer/GrGen.NET/engine-net-2/examples/HelloWorld-TTC2011/graph2.ecore,true,true,true,
modelset/raw-data/repo-ecore-all/data/jblomer/GrGen.NET/engine-net-2/examples/ModelMigration-TTC2010/minimal_evolved/evolved_minimal_metamodel.ecore,true,true,true,
modelset/raw-data/repo-ecore-all/data/jblomer/GrGen.NET/engine-net-2/examples/Reengineering-TTC-2011/StateMachine.ecore,true,true,true,
modelset/raw-data/repo-ecore-all/data/jcb/these-jcb/code/simplepdltopetrinet/metamodels/SimplePDLSemantics_updated.ecore,false,false,false,"parse: failed to parse modelset/raw-data/repo-ecore-all/data/jcb/these-jcb/code/simplepdltopetrinet/metamodels/SimplePDLSemantics_updated.ecore: unexpected package content line 6, column 3 current parser state: | `<eSubpackages name=""DDMMSimplePDL"" nsURI=""simplepdl.ddmm"" nsPrefix=""simplepdl.ddmm"">` | `    <eClassifiers xsi:type=""ecore:EEnum"" name=""WorkSequenceType"">` parsing failed"
modelset/raw-data/repo-ecore-all/data/jck1307/SIDE-Labs/S-IDE/MetaModel/Requirements/legacy/com.bluexml.side.Requirements.interpretation/src/documentation/documentation.ecore,true,true,true,
modelset/raw-data/repo-ecore-all/data/jconlon/tracker/tracker/branches/TRY-JEC-emf-refactoring/com.verticon.tracker/model/tracker.ecore,false,false,false,"parse: failed to parse modelset/raw-data/repo-ecore-all/data/jconlon/tracker/tracker/branches/TRY-JEC-emf-refactoring/com.verticon.tracker/model/tracker.ecore: expected identifier failed to parse class operation failed to parse class `Animal` line 16, column 40 current parser state: | `>` | `        <eGenericType eClassifier=""ecore:EDataType http://www.eclipse.org/emf/2002/Ecore#//EEList"">` parsing failed"
modelset/raw-data/repo-ecore-all/data/jconlon/tracker/tracker/tags/REL-0.1.0/com.verticon.tracker/model/tracker.ecore,false,false,false,"parse: failed to parse modelset/raw-data/repo-ecore-all/data/jconlon/tracker/tracker/tags/REL-0.1.0/com.verticon.tracker/model/tracker.ecore: expected identifier failed to parse class operation failed to parse class `Animal` line 16, column 40 current parser state: | `>` | `        <eGenericType eClassifier=""ecore:EDataType http://www.eclipse.org/emf/2002/Ecore#//EEList"">` parsing failed"
modelset/raw-data/repo-ecore-all/data/jconlon/tracker/tracker/tags/REL-0.2.9/com.verticon.tracker/model/tracker.ecore,false,false,false,"parse: failed to parse modelset/raw-data/repo-ecore-all/data/jconlon/tracker/tracker/tags/REL-0.2.9/com.verticon.tracker/model/tracker.ecore: expected identifier failed to parse class operation failed to parse class `Animal` line 9, column 40 current parser state: | `>` | `        <eGenericType eClassifier=""ecore:EDataType http://www.eclipse.org/emf/2002/Ecore#//EEList"">` parsing failed"
modelset/raw-data/repo-ecore-all/data/jconlon/tracker/tracker/tags/REL-0.2.9/com.verticon.tracker.fair/model/fair.ecore,false,false,false,"parse: failed to parse modelset/raw-data/repo-ecore-all/data/jconlon/tracker/tracker/tags/REL-0.2.9/com.verticon.tracker.fair/model/fair.ecore: unsupported `eType` path `ecore:EClass ../../com.verticon.tracker/model/tracker.ecore#//Premises` failed to parse structural features failed to parse class `Fair` line 14, column 89 current parser state: | `` | `    <eStructuralFeatures xsi:type=""ecore:EReference"" name=""people"" upperBound=""-1""` parsing failed"
modelset/raw-data/repo-ecore-all/data/jconlon/tracker/tracker/tags/REL-0.3.5/com.verticon.tracker.fair/model/fair.ecore,false,false,false,"parse: failed to parse modelset/raw-data/repo-ecore-all/data/jconlon/tracker/tracker/tags/REL-0.3.5/com.verticon.tracker.fair/model/fair.ecore: unsupported `eType` path `ecore:EClass ../../com.verticon.tracker/model/tracker.ecore#//Premises` failed to parse structural features failed to parse class `Fair` line 14, column 89 current parser state: | `` | `    <eStructuralFeatures xsi:type=""ecore:EReference"" name=""people"" upperBound=""-1""` parsing failed"
modelset/raw-data/repo-ecore-all/data/jconlon/tracker/tracker/tags/REL-0.3.6/com.verticon.tracker/model/tracker.ecore,false,false,false,"parse: failed to parse modelset/raw-data/repo-ecore-all/data/jconlon/tracker/tracker/tags/REL-0.3.6/com.verticon.tracker/model/tracker.ecore: expected identifier failed to parse class operation failed to parse class `Animal` line 9, column 40 current parser state: | `>` | `        <eGenericType eClassifier=""ecore:EDataType http://www.eclipse.org/emf/2002/Ecore#//EEList"">` parsing failed"
modelset/raw-data/repo-ecore-all/data/jconlon/tracker/tracker/tags/REL-1.0.0a5/com.verticon.tracker/model/tracker.ecore,false,false,false,"parse: failed to parse modelset/raw-data/repo-ecore-all/data/jconlon/tracker/tracker/tags/REL-1.0.0a5/com.verticon.tracker/model/tracker.ecore: unknown builtit class URL `http://www.eclipse.org/emf/2002/Ecore#//EBigInteger` failed to parse structural features failed to parse class `Animal` line 15, column 77 current parser state: | `` | `    <eStructuralFeatures xsi:type=""ecore:EAttribute"" name=""breed"" eType=""ecore:EDataType http://www.eclipse.org/emf/2002/Ecore#//EString""` parsing failed"
modelset/raw-data/repo-ecore-all/data/jconlon/tracker/tracker/tags/REL-desktop.beta.0.7/com.verticon.oasis.xal.core.model/model/xal.ecore,false,false,false,"parse: failed to parse modelset/raw-data/repo-ecore-all/data/jconlon/tracker/tracker/tags/REL-desktop.beta.0.7/com.verticon.oasis.xal.core.model/model/xal.ecore: unknown builtit class URL `http://www.eclipse.org/emf/2002/Ecore#//EFeatureMapEntry` failed to parse structural features failed to parse class `Address` line 15, column 90 current parser state: | `` | `      <eAnnotations source=""http:///org/eclipse/emf/ecore/util/ExtendedMetaData"">` parsing failed"
modelset/raw-data/repo-ecore-all/data/jconlon/tracker/tracker/tags/REL-desktop.beta.0.8/com.verticon.tracker.fair/model/fair.ecore,false,false,false,"parse: failed to parse modelset/raw-data/repo-ecore-all/data/jconlon/tracker/tracker/tags/REL-desktop.beta.0.8/com.verticon.tracker.fair/model/fair.ecore: unsupported `eType` path `ecore:EClass ../../com.verticon.tracker/model/tracker.ecore#//Premises` failed to parse structural features failed to parse class `Fair` line 14, column 89 current parser state: | `` | `    <eStructuralFeatures xsi:type=""ecore:EReference"" name=""people"" upperBound=""-1""` parsing failed"
modelset/raw-data/repo-ecore-all/data/jconlon/tracker/tracker/tags/REL-report.generator.1.0/com.verticon.location.core.model/model/location.ecore,false,false,false,"parse: failed to parse modelset/raw-data/repo-ecore-all/data/jconlon/tracker/tracker/tags/REL-report.generator.1.0/com.verticon.location.core.model/model/location.ecore: unexpected operation attribute `eExceptions` failed to parse class operation failed to parse class `Location` line 10, column 46 current parser state: | `>` | `      <eParameters name=""point"" eType=""ecore:EDataType http://www.eclipse.org/emf/2002/Ecore#//EString""/>` parsing failed"
modelset/raw-data/repo-ecore-all/data/jconlon/tracker/tracker/trunk/com.verticon.location.core.model/model/location.ecore,false,false,false,"parse: failed to parse modelset/raw-data/repo-ecore-all/data/jconlon/tracker/tracker/trunk/com.verticon.location.core.model/model/location.ecore: unexpected operation attribute `eExceptions` failed to parse class operation failed to parse class `Location` line 8, column 46 current parser state: | `>` | `      <eParameters name=""point"" eType=""ecore:EDataType http://www.eclipse.org/emf/2002/Ecore#//EString""/>` parsing failed"
modelset/raw-data/repo-ecore-all/data/jconlon/tracker/tracker/trunk/com.verticon.mongo.json.query/src-gen/org/json/MongoQuery.ecore,true,true,true,
modelset/raw-data/repo-ecore-all/data/jconlon/tracker/tracker/trunk/org.usaha.ecvi.core.model/model/ecvi.ecore,false,false,false,"parse: failed to parse modelset/raw-data/repo-ecore-all/data/jconlon/tracker/tracker/trunk/org.usaha.ecvi.core.model/model/ecvi.ecore: expected tag `""` parsing a value for xml attribute `value` failed to parse package annotation line 5, column 394 current parser state: | `f""/>` | `  </eAnnotations>` parsing failed"
modelset/raw-data/repo-ecore-all/data/jdeantoni/gemocAtModels/solutions/language_concurrentV1/org.gemoc.sample.legacyfsm.xsfsm/model-gen/XSFSMMT.ecore,false,false,false,"parse: failed to parse modelset/raw-data/repo-ecore-all/data/jdeantoni/gemocAtModels/solutions/language_concurrentV1/org.gemoc.sample.legacyfsm.xsfsm/model-gen/XSFSMMT.ecore: expected tag `>` failed to parse operation annotation failed to parse class operation failed to parse class `StateMachine` line 8, column 36 current parser state: | `/>` | `    </eOperations>` parsing failed"
modelset/raw-data/repo-ecore-all/data/jdeantoni/gemocAtModels/solutions/language_concurrentV1/org.gemoc.sample.legacyfsm.xsfsm.xsfsm/model/XSFSM.ecore,false,false,false,"parse: failed to parse modelset/raw-data/repo-ecore-all/data/jdeantoni/gemocAtModels/solutions/language_concurrentV1/org.gemoc.sample.legacyfsm.xsfsm.xsfsm/model/XSFSM.ecore: expected tag `>` failed to parse operation annotation failed to parse class operation failed to parse class `StateMachine` line 8, column 36 current parser state: | `/>` | `    </eOperations>` parsing failed"
modelset/raw-data/repo-ecore-all/data/jdeantoni/gemocAtModels/solutions/language_sequentialV1/org.gemoc.sample.legacyfsm.fsm.model/model/fsm.ecore,false,false,false,"parse: failed to parse modelset/raw-data/repo-ecore-all/data/jdeantoni/gemocAtModels/solutions/language_sequentialV1/org.gemoc.sample.legacyfsm.fsm.model/model/fsm.ecore: unsupported `eType` path `//State` failed to parse structural features failed to parse class `StateMachine` line 7, column 155 current parser state: | `` | `    <eStructuralFeatures xsi:type=""ecore:EReference"" name=""initialState"" lowerBound=""1"" eType=""//State""/>` parsing failed"
modelset/raw-data/repo-ecore-all/data/jdeantoni/gemocAtModels/solutions/language_sequentialV1/org.gemoc.sample.legacyfsm.xsfsm/model-gen/XSFSMMT.ecore,false,false,false,"parse: failed to parse modelset/raw-data/repo-ecore-all/data/jdeantoni/gemocAtModels/solutions/language_sequentialV1/org.gemoc.sample.legacyfsm.xsfsm/model-gen/XSFSMMT.ecore: expected tag `>` failed to parse operation annotation failed to parse class operation failed to parse class `StateMachine` line 8, column 36 current parser state: | `/>` | `    </eOperations>` parsing failed"
modelset/raw-data/repo-ecore-all/data/jdeantoni/gemocAtModels/solutions/language_sequentialV1/org.gemoc.sample.legacyfsm.xsfsm.xsfsm/model/XSFSM.ecore,false,false,false,"parse: failed to parse modelset/raw-data/repo-ecore-all/data/jdeantoni/gemocAtModels/solutions/language_sequentialV1/org.gemoc.sample.legacyfsm.xsfsm.xsfsm/model/XSFSM.ecore: expected tag `>` failed to parse operation annotation failed to parse class operation failed to parse class `StateMachine` line 8, column 36 current parser state: | `/>` | `    </eOperations>` parsing failed"
modelset/raw-data/repo-ecore-all/data/jdelara/DSL-tao/src/org.mondo.dsl/patterns/RepresentationGraph.ecore,false,false,false,"parse: failed to parse modelset/raw-data/repo-ecore-all/data/jdelara/DSL-tao/src/org.mondo.dsl/patterns/RepresentationGraph.ecore: unknown builtit class URL `http://www.eclipse.org/emf/2002/Ecore#//EFloatObject` failed to parse structural features failed to parse class `Circle` line 25, column 34 current parser state: | `` | `  </eClassifiers>` parsing failed"
modelset/raw-data/repo-ecore-all/data/jdelara/DSL-tao/src/org.mondo.dsl/patterns/StateMachine.ecore,true,true,true,
modelset/raw-data/repo-ecore-all/data/jdelara/DSL-tao/src/org.mondo.dsl/patterns/StateMachineUnnamed.ecore,false,false,false,"parse: failed to parse modelset/raw-data/repo-ecore-all/data/jdelara/DSL-tao/src/org.mondo.dsl/patterns/StateMachineUnnamed.ecore: unknown builtit class URL `http://www.eclipse.org/emf/2002/Ecore#//EJavaObject` failed to parse structural features failed to parse class `StateVertex` line 12, column 143 current parser state: | `` | `    <eStructuralFeatures xsi:type=""ecore:EReference"" name=""outgoing"" upperBound=""-1""` parsing failed"
modelset/raw-data/repo-ecore-all/data/jdelara/DSL-tao/src/org.mondo.dsl/patterns/TreeOverlapping.ecore,true,true,true,
modelset/raw-data/repo-ecore-all/data/jdinkla/groovy-emf-builder/data/generated_library.ecore,false,false,false,"parse: failed to parse modelset/raw-data/repo-ecore-all/data/jdinkla/groovy-emf-builder/data/generated_library.ecore: Missing attribute `eType` in structural feature `title` failed to parse structural features failed to parse class `Book` line 4, column 67 current parser state: | `` | `      <eType xsi:type=""ecore:EDataType"" href=""http://www.eclipse.org/emf/2002/Ecore#//EString""/>` parsing failed"
modelset/raw-data/repo-ecore-all/data/jdinkla/groovy-emf-builder/model/library.ecore,true,true,true,
modelset/raw-data/repo-ecore-all/data/jeancharles-roger/fr.minibilles.basics/basics-tools-ant/models/ecore/Ecore.ecore,false,false,false,"parse: failed to parse modelset/raw-data/repo-ecore-all/data/jeancharles-roger/fr.minibilles.basics/basics-tools-ant/models/ecore/Ecore.ecore: Missing attribute `eType` in structural feature `instanceClass` failed to parse structural features failed to parse class `EClassifier` line 113, column 57 current parser state: | `` | `      <eGenericType eClassifier=""#//EJavaClass"">` parsing failed"
modelset/raw-data/repo-ecore-all/data/jeancharles-roger/fr.minibilles.basics/basics-tools-ant/models/fiacre/fiacre.ecore,true,false,false,"generate: timeout after 120s: /arachne/target/debug/arachne generate modelset/raw-data/repo-ecore-all/data/jeancharles-roger/fr.minibilles.basics/basics-tools-ant/models/fiacre/fiacre.ecore -o /var/folders/24/3kt9vzrj6qzd_r760kn9ybsm0000gn/T/arachne-modelset-omcite9_/generated-00998 -p modelset-00998-ba7b0366 [INFO  arachne] Starting code generation [INFO  arachne_codegen] Validating configuration [INFO  arachne_codegen] Parsing ecore metamodel: ""modelset/raw-data/repo-ecore-all/data/jeancharles-roger/fr.minibilles.basics/basics-tools-ant/models/fiacre/fiacre.ecore"" [WARN  ecore_rs::parser::raw] XML-level class literal redefinition for `literal` from `1` to `BAND` [WARN  ecore_rs::parser::raw] XML-level class literal redefinition for `literal` from `2` to `BEQ` [WARN  ecore_rs::parser::raw] XML-level class literal redefinition for `literal` from `3` to `BNE` [WARN  ecore_rs::parser::raw] XML-level class literal redefinition for `literal` from `4` to `BLT` [WARN  ecore_rs::parser::raw] XML-level class literal redefinition for `literal` from `5` to `BGT` [WARN  ecore_rs::parser::raw] XML-level class literal redefinition for `literal` from `6` to `BLE` [WARN  ecore_rs::parser::raw] XML-level class literal redefinition for `literal` from `7` to `BGE` [WARN  ecore_rs::parser::raw] XML-level class literal redefinition for `literal` from `8` to `BADD` [WARN  ecore_rs::parser::raw] XML-level class literal redefinition for `literal` from `9` to `BMINUS` [WARN  ecore_rs::parser::raw] XML-level class literal redefinition for `literal` from `10` to `BMUL` [WARN  ecore_rs::parser::raw] XML-level class literal redefinition for `literal` from `11` to `BDIV` [WARN  ecore_rs::parser::raw] XML-level class literal redefinition for `literal` from `12` to `BMOD` [WARN  ecore_rs::parser::raw] XML-level class literal redefinition for `literal` from `13` to `ENQUEUE` [INFO  arachne_codegen] Generating Rust tokens"
modelset/raw-data/repo-ecore-all/data/jesusc/anatlyzer-models17/src/models17.tutorial.java2uml/metamodels/JAVA.ecore,true,true,true,
modelset/raw-data/repo-ecore-all/data/jesusc/atl-tutorial/src/atl.example.autodebug/metamodels/ATL.ecore,false,false,false,"parse: failed to parse modelset/raw-data/repo-ecore-all/data/jesusc/atl-tutorial/src/atl.example.autodebug/metamodels/ATL.ecore: unexpected content at package level line 2, column 1 current parser state: | `<xmi:XMI xmi:version=""2.0"" xmlns:xmi=""http://www.omg.org/XMI"" xmlns:xsi=""http://www.w3.org/2001/XMLSchema-instance""` | `    xmlns:ecore=""http://www.eclipse.org/emf/2002/Ecore"">` parsing failed"
